RecordID,Cement,BlastFurnaceSlag,FlyAsh,Water,Superplasticizer,CoarseAggregate,FineAggregate,Age,Strength,RobustDistance,DistanceCutoff,OutlierFlag,OutlierStatus
1,540.000000,0.000000,0.000000,162.000000,2.500000,1040.000000,676.000000,28,79.986111,5.625821,4.361510,True,Outlier
2,540.000000,0.000000,0.000000,162.000000,2.500000,1055.000000,676.000000,28,61.887366,4.459262,4.361510,True,Outlier
3,332.500000,142.500000,0.000000,228.000000,0.000000,932.000000,594.000000,270,40.269535,13.331359,4.361510,True,Outlier
4,332.500000,142.500000,0.000000,228.000000,0.000000,932.000000,594.000000,365,41.052780,18.450806,4.361510,True,Outlier
5,198.600000,132.400000,0.000000,192.000000,0.000000,978.400000,825.500000,360,44.296075,16.410336,4.361510,True,Outlier
6,266.000000,114.000000,0.000000,228.000000,0.000000,932.000000,670.000000,90,47.029847,3.995314,4.361510,False,Inlier
7,380.000000,95.000000,0.000000,228.000000,0.000000,932.000000,594.000000,365,43.698299,18.363419,4.361510,True,Outlier
8,380.000000,95.000000,0.000000,228.000000,0.000000,932.000000,594.000000,28,36.447770,3.872963,4.361510,False,Inlier
9,266.000000,114.000000,0.000000,228.000000,0.000000,932.000000,670.000000,28,45.854291,4.615995,4.361510,True,Outlier
10,475.000000,0.000000,0.000000,228.000000,0.000000,932.000000,594.000000,28,39.289790,4.667372,4.361510,True,Outlier
11,198.600000,132.400000,0.000000,192.000000,0.000000,978.400000,825.500000,90,38.074244,2.765850,4.361510,False,Inlier
12,198.600000,132.400000,0.000000,192.000000,0.000000,978.400000,825.500000,28,28.021684,1.967947,4.361510,False,Inlier
13,427.500000,47.500000,0.000000,228.000000,0.000000,932.000000,594.000000,270,43.012960,13.489902,4.361510,True,Outlier
14,190.000000,190.000000,0.000000,228.000000,0.000000,932.000000,670.000000,90,42.326932,3.922035,4.361510,False,Inlier
15,304.000000,76.000000,0.000000,228.000000,0.000000,932.000000,670.000000,28,47.813782,4.827386,4.361510,True,Outlier
16,380.000000,0.000000,0.000000,228.000000,0.000000,932.000000,670.000000,90,52.908320,4.713961,4.361510,True,Outlier
17,139.600000,209.400000,0.000000,192.000000,0.000000,1047.000000,806.900000,90,39.358048,4.109899,4.361510,False,Inlier
18,342.000000,38.000000,0.000000,228.000000,0.000000,932.000000,670.000000,365,56.141962,16.224174,4.361510,True,Outlier
19,380.000000,95.000000,0.000000,228.000000,0.000000,932.000000,594.000000,90,40.563252,4.803628,4.361510,True,Outlier
20,475.000000,0.000000,0.000000,228.000000,0.000000,932.000000,594.000000,180,42.620648,9.195154,4.361510,True,Outlier
21,427.500000,47.500000,0.000000,228.000000,0.000000,932.000000,594.000000,180,41.836714,8.933853,4.361510,True,Outlier
22,139.600000,209.400000,0.000000,192.000000,0.000000,1047.000000,806.900000,28,28.237490,3.799485,4.361510,False,Inlier
23,139.600000,209.400000,0.000000,192.000000,0.000000,1047.000000,806.900000,3,8.063422,3.989137,4.361510,False,Inlier
24,139.600000,209.400000,0.000000,192.000000,0.000000,1047.000000,806.900000,180,44.207822,7.159958,4.361510,True,Outlier
25,380.000000,0.000000,0.000000,228.000000,0.000000,932.000000,670.000000,365,52.516697,16.715868,4.361510,True,Outlier
26,380.000000,0.000000,0.000000,228.000000,0.000000,932.000000,670.000000,270,53.300632,11.612340,4.361510,True,Outlier
27,380.000000,95.000000,0.000000,228.000000,0.000000,932.000000,594.000000,270,41.151375,13.438391,4.361510,True,Outlier
28,342.000000,38.000000,0.000000,228.000000,0.000000,932.000000,670.000000,180,52.124386,7.105217,4.361510,True,Outlier
29,427.500000,47.500000,0.000000,228.000000,0.000000,932.000000,594.000000,28,37.427515,4.217757,4.361510,False,Inlier
30,475.000000,0.000000,0.000000,228.000000,0.000000,932.000000,594.000000,7,38.603761,4.859364,4.361510,True,Outlier
31,304.000000,76.000000,0.000000,228.000000,0.000000,932.000000,670.000000,365,55.260122,16.153096,4.361510,True,Outlier
32,266.000000,114.000000,0.000000,228.000000,0.000000,932.000000,670.000000,365,52.908320,16.233675,4.361510,True,Outlier
33,198.600000,132.400000,0.000000,192.000000,0.000000,978.400000,825.500000,180,41.719503,6.789894,4.361510,True,Outlier
34,475.000000,0.000000,0.000000,228.000000,0.000000,932.000000,594.000000,270,42.131120,13.844078,4.361510,True,Outlier
35,190.000000,190.000000,0.000000,228.000000,0.000000,932.000000,670.000000,365,53.692254,15.972992,4.361510,True,Outlier
36,237.500000,237.500000,0.000000,228.000000,0.000000,932.000000,594.000000,270,38.407950,13.247749,4.361510,True,Outlier
37,237.500000,237.500000,0.000000,228.000000,0.000000,932.000000,594.000000,28,30.079769,3.584984,4.361510,False,Inlier
38,332.500000,142.500000,0.000000,228.000000,0.000000,932.000000,594.000000,90,37.721921,4.697905,4.361510,True,Outlier
39,475.000000,0.000000,0.000000,228.000000,0.000000,932.000000,594.000000,90,42.229026,5.505462,4.361510,True,Outlier
40,237.500000,237.500000,0.000000,228.000000,0.000000,932.000000,594.000000,180,36.251959,8.690035,4.361510,True,Outlier
41,342.000000,38.000000,0.000000,228.000000,0.000000,932.000000,670.000000,90,50.459301,4.388332,4.361510,True,Outlier
42,427.500000,47.500000,0.000000,228.000000,0.000000,932.000000,594.000000,365,43.698299,18.571153,4.361510,True,Outlier
43,237.500000,237.500000,0.000000,228.000000,0.000000,932.000000,594.000000,365,38.995384,18.387792,4.361510,True,Outlier
44,380.000000,0.000000,0.000000,228.000000,0.000000,932.000000,670.000000,180,53.104131,7.284217,4.361510,True,Outlier
45,427.500000,47.500000,0.000000,228.000000,0.000000,932.000000,594.000000,90,41.542997,5.106922,4.361510,True,Outlier
46,427.500000,47.500000,0.000000,228.000000,0.000000,932.000000,594.000000,7,35.076402,4.353851,4.361510,False,Inlier
47,349.000000,0.000000,0.000000,192.000000,0.000000,1047.000000,806.900000,3,15.049193,2.878787,4.361510,False,Inlier
48,380.000000,95.000000,0.000000,228.000000,0.000000,932.000000,594.000000,180,40.759063,8.753067,4.361510,True,Outlier
49,237.500000,237.500000,0.000000,228.000000,0.000000,932.000000,594.000000,7,26.258004,3.675152,4.361510,False,Inlier
50,380.000000,95.000000,0.000000,228.000000,0.000000,932.000000,594.000000,7,32.823194,3.986110,4.361510,False,Inlier
51,332.500000,142.500000,0.000000,228.000000,0.000000,932.000000,594.000000,180,39.779318,8.622639,4.361510,True,Outlier
52,190.000000,190.000000,0.000000,228.000000,0.000000,932.000000,670.000000,180,46.931942,6.936601,4.361510,True,Outlier
53,237.500000,237.500000,0.000000,228.000000,0.000000,932.000000,594.000000,90,33.116911,4.791943,4.361510,True,Outlier
54,304.000000,76.000000,0.000000,228.000000,0.000000,932.000000,670.000000,90,49.185149,4.166874,4.361510,False,Inlier
55,139.600000,209.400000,0.000000,192.000000,0.000000,1047.000000,806.900000,7,14.589312,3.854839,4.361510,False,Inlier
56,198.600000,132.400000,0.000000,192.000000,0.000000,978.400000,825.500000,7,14.638265,1.989365,4.361510,False,Inlier
57,475.000000,0.000000,0.000000,228.000000,0.000000,932.000000,594.000000,365,41.934620,18.984048,4.361510,True,Outlier
58,198.600000,132.400000,0.000000,192.000000,0.000000,978.400000,825.500000,3,9.131420,2.169536,4.361510,False,Inlier
59,304.000000,76.000000,0.000000,228.000000,0.000000,932.000000,670.000000,180,50.948829,6.982108,4.361510,True,Outlier
60,332.500000,142.500000,0.000000,228.000000,0.000000,932.000000,594.000000,28,33.019006,3.615799,4.361510,False,Inlier
61,304.000000,76.000000,0.000000,228.000000,0.000000,932.000000,670.000000,270,54.378283,11.173890,4.361510,True,Outlier
62,266.000000,114.000000,0.000000,228.000000,0.000000,932.000000,670.000000,270,51.732763,11.248170,4.361510,True,Outlier
63,310.000000,0.000000,0.000000,192.000000,0.000000,971.000000,850.600000,3,9.866402,2.241865,4.361510,False,Inlier
64,190.000000,190.000000,0.000000,228.000000,0.000000,932.000000,670.000000,270,50.655112,11.158777,4.361510,True,Outlier
65,266.000000,114.000000,0.000000,228.000000,0.000000,932.000000,670.000000,180,48.695621,6.968948,4.361510,True,Outlier
66,342.000000,38.000000,0.000000,228.000000,0.000000,932.000000,670.000000,270,55.064311,11.283507,4.361510,True,Outlier
67,139.600000,209.400000,0.000000,192.000000,0.000000,1047.000000,806.900000,360,44.698040,16.507798,4.361510,True,Outlier
68,332.500000,142.500000,0.000000,228.000000,0.000000,932.000000,594.000000,7,30.275581,3.727821,4.361510,False,Inlier
69,190.000000,190.000000,0.000000,228.000000,0.000000,932.000000,670.000000,28,40.856969,4.317681,4.361510,False,Inlier
70,485.000000,0.000000,0.000000,146.000000,0.000000,1120.000000,800.000000,28,71.988189,6.075454,4.361510,True,Outlier
71,374.000000,189.200000,0.000000,170.100000,10.100000,926.100000,756.700000,3,34.397958,3.210421,4.361510,False,Inlier
72,313.300000,262.200000,0.000000,175.500000,8.600000,1046.900000,611.800000,3,28.799413,4.522194,4.361510,True,Outlier
73,425.000000,106.300000,0.000000,153.500000,16.500000,852.100000,887.100000,3,33.398217,4.536026,4.361510,True,Outlier
74,425.000000,106.300000,0.000000,151.400000,18.600000,936.000000,803.700000,3,36.300911,4.635227,4.361510,True,Outlier
75,375.000000,93.800000,0.000000,126.600000,23.400000,852.100000,992.600000,3,28.999361,6.576496,4.361510,True,Outlier
76,475.000000,118.800000,0.000000,181.100000,8.900000,852.100000,781.500000,3,37.797074,3.709609,4.361510,False,Inlier
77,469.000000,117.200000,0.000000,137.800000,32.200000,852.100000,840.500000,3,40.196451,8.489267,4.361510,True,Outlier
78,425.000000,106.300000,0.000000,153.500000,16.500000,852.100000,887.100000,3,33.398217,4.536026,4.361510,True,Outlier
79,388.600000,97.100000,0.000000,157.900000,12.100000,852.100000,925.700000,3,28.096147,4.128197,4.361510,False,Inlier
80,531.300000,0.000000,0.000000,141.800000,28.200000,852.100000,893.700000,3,41.299612,7.456912,4.361510,True,Outlier
81,425.000000,106.300000,0.000000,153.500000,16.500000,852.100000,887.100000,3,33.398217,4.536026,4.361510,True,Outlier
82,318.800000,212.500000,0.000000,155.700000,14.300000,852.100000,880.400000,3,25.200348,4.792028,4.361510,True,Outlier
83,401.800000,94.700000,0.000000,147.400000,11.400000,946.800000,852.100000,3,41.099664,3.081446,4.361510,False,Inlier
84,362.600000,189.000000,0.000000,164.900000,11.600000,944.700000,755.800000,3,35.301171,3.208481,4.361510,False,Inlier
85,323.700000,282.800000,0.000000,183.800000,10.300000,942.700000,659.900000,3,28.296095,4.532787,4.361510,True,Outlier
86,379.500000,151.200000,0.000000,153.900000,15.900000,1134.300000,605.000000,3,28.599464,6.349546,4.361510,True,Outlier
87,362.600000,189.000000,0.000000,164.900000,11.600000,944.700000,755.800000,3,35.301171,3.208481,4.361510,False,Inlier
88,286.300000,200.900000,0.000000,144.700000,11.200000,1004.600000,803.700000,3,24.400556,4.267939,4.361510,False,Inlier
89,362.600000,189.000000,0.000000,164.900000,11.600000,944.700000,755.800000,3,35.301171,3.208481,4.361510,False,Inlier
90,439.000000,177.000000,0.000000,186.000000,11.100000,884.900000,707.900000,3,39.300132,3.825061,4.361510,False,Inlier
91,389.900000,189.000000,0.000000,145.900000,22.000000,944.700000,755.800000,3,40.596347,5.520857,4.361510,True,Outlier
92,362.600000,189.000000,0.000000,164.900000,11.600000,944.700000,755.800000,3,35.301171,3.208481,4.361510,False,Inlier
93,337.900000,189.000000,0.000000,174.900000,9.500000,944.700000,755.800000,3,24.097186,3.558781,4.361510,False,Inlier
94,374.000000,189.200000,0.000000,170.100000,10.100000,926.100000,756.700000,7,46.201787,2.603324,4.361510,False,Inlier
95,313.300000,262.200000,0.000000,175.500000,8.600000,1046.900000,611.800000,7,42.795775,3.833142,4.361510,False,Inlier
96,425.000000,106.300000,0.000000,153.500000,16.500000,852.100000,887.100000,7,49.201007,3.731273,4.361510,False,Inlier
97,425.000000,106.300000,0.000000,151.400000,18.600000,936.000000,803.700000,7,46.801631,4.062921,4.361510,False,Inlier
98,375.000000,93.800000,0.000000,126.600000,23.400000,852.100000,992.600000,7,45.698469,5.721250,4.361510,True,Outlier
99,475.000000,118.800000,0.000000,181.100000,8.900000,852.100000,781.500000,7,55.599345,3.347663,4.361510,False,Inlier
100,469.000000,117.200000,0.000000,137.800000,32.200000,852.100000,840.500000,7,54.896079,7.751961,4.361510,True,Outlier
101,425.000000,106.300000,0.000000,153.500000,16.500000,852.100000,887.100000,7,49.201007,3.731273,4.361510,False,Inlier
102,388.600000,97.100000,0.000000,157.900000,12.100000,852.100000,925.700000,7,34.901275,3.736084,4.361510,False,Inlier
103,531.300000,0.000000,0.000000,141.800000,28.200000,852.100000,893.700000,7,46.898158,7.212196,4.361510,True,Outlier
104,425.000000,106.300000,0.000000,153.500000,16.500000,852.100000,887.100000,7,49.201007,3.731273,4.361510,False,Inlier
105,318.800000,212.500000,0.000000,155.700000,14.300000,852.100000,880.400000,7,33.398217,4.182212,4.361510,False,Inlier
106,401.800000,94.700000,0.000000,147.400000,11.400000,946.800000,852.100000,7,54.096287,3.019344,4.361510,False,Inlier
107,362.600000,189.000000,0.000000,164.900000,11.600000,944.700000,755.800000,7,55.895819,2.752440,4.361510,False,Inlier
108,323.700000,282.800000,0.000000,183.800000,10.300000,942.700000,659.900000,7,49.800851,3.554439,4.361510,False,Inlier
109,379.500000,151.200000,0.000000,153.900000,15.900000,1134.300000,605.000000,7,47.098106,5.481442,4.361510,True,Outlier
110,362.600000,189.000000,0.000000,164.900000,11.600000,944.700000,755.800000,7,55.895819,2.752440,4.361510,False,Inlier
111,286.300000,200.900000,0.000000,144.700000,11.200000,1004.600000,803.700000,7,37.997022,3.365365,4.361510,False,Inlier
112,362.600000,189.000000,0.000000,164.900000,11.600000,944.700000,755.800000,7,55.895819,2.752440,4.361510,False,Inlier
113,439.000000,177.000000,0.000000,186.000000,11.100000,884.900000,707.900000,7,56.095767,3.431539,4.361510,False,Inlier
114,389.900000,189.000000,0.000000,145.900000,22.000000,944.700000,755.800000,7,59.094988,4.768070,4.361510,True,Outlier
115,362.600000,189.000000,0.000000,164.900000,11.600000,944.700000,755.800000,7,22.897498,4.519303,4.361510,True,Outlier
116,337.900000,189.000000,0.000000,174.900000,9.500000,944.700000,755.800000,7,35.101223,2.697252,4.361510,False,Inlier
117,374.000000,189.200000,0.000000,170.100000,10.100000,926.100000,756.700000,28,61.094468,2.529706,4.361510,False,Inlier
118,313.300000,262.200000,0.000000,175.500000,8.600000,1046.900000,611.800000,28,59.798253,3.752159,4.361510,False,Inlier
119,425.000000,106.300000,0.000000,153.500000,16.500000,852.100000,887.100000,28,60.294676,3.560340,4.361510,False,Inlier
120,425.000000,106.300000,0.000000,151.400000,18.600000,936.000000,803.700000,28,61.797734,3.768376,4.361510,False,Inlier
121,375.000000,93.800000,0.000000,126.600000,23.400000,852.100000,992.600000,28,56.695611,5.519864,4.361510,True,Outlier
122,475.000000,118.800000,0.000000,181.100000,8.900000,852.100000,781.500000,28,68.299493,3.495317,4.361510,False,Inlier
123,469.000000,117.200000,0.000000,137.800000,32.200000,852.100000,840.500000,28,66.899856,7.501441,4.361510,True,Outlier
124,425.000000,106.300000,0.000000,153.500000,16.500000,852.100000,887.100000,28,60.294676,3.560340,4.361510,False,Inlier
125,388.600000,97.100000,0.000000,157.900000,12.100000,852.100000,925.700000,28,50.697170,3.321685,4.361510,False,Inlier
126,531.300000,0.000000,0.000000,141.800000,28.200000,852.100000,893.700000,28,56.399137,7.013076,4.361510,True,Outlier
127,425.000000,106.300000,0.000000,153.500000,16.500000,852.100000,887.100000,28,60.294676,3.560340,4.361510,False,Inlier
128,318.800000,212.500000,0.000000,155.700000,14.300000,852.100000,880.400000,28,55.495923,3.421177,4.361510,False,Inlier
129,401.800000,94.700000,0.000000,147.400000,11.400000,946.800000,852.100000,28,68.499441,3.346805,4.361510,False,Inlier
130,362.600000,189.000000,0.000000,164.900000,11.600000,944.700000,755.800000,28,71.298713,3.225015,4.361510,False,Inlier
131,323.700000,282.800000,0.000000,183.800000,10.300000,942.700000,659.900000,28,74.697830,4.297883,4.361510,False,Inlier
132,379.500000,151.200000,0.000000,153.900000,15.900000,1134.300000,605.000000,28,52.200228,5.449534,4.361510,True,Outlier
133,362.600000,189.000000,0.000000,164.900000,11.600000,944.700000,755.800000,28,71.298713,3.225015,4.361510,False,Inlier
134,286.300000,200.900000,0.000000,144.700000,11.200000,1004.600000,803.700000,28,67.699648,3.732233,4.361510,False,Inlier
135,362.600000,189.000000,0.000000,164.900000,11.600000,944.700000,755.800000,28,71.298713,3.225015,4.361510,False,Inlier
136,439.000000,177.000000,0.000000,186.000000,11.100000,884.900000,707.900000,28,65.996643,3.401271,4.361510,False,Inlier
137,389.900000,189.000000,0.000000,145.900000,22.000000,944.700000,755.800000,28,74.497882,4.735665,4.361510,True,Outlier
138,362.600000,189.000000,0.000000,164.900000,11.600000,944.700000,755.800000,28,71.298713,3.225015,4.361510,False,Inlier
139,337.900000,189.000000,0.000000,174.900000,9.500000,944.700000,755.800000,28,49.897378,2.223093,4.361510,False,Inlier
140,374.000000,189.200000,0.000000,170.100000,10.100000,926.100000,756.700000,56,63.397318,2.534995,4.361510,False,Inlier
141,313.300000,262.200000,0.000000,175.500000,8.600000,1046.900000,611.800000,56,64.900376,3.772803,4.361510,False,Inlier
142,425.000000,106.300000,0.000000,153.500000,16.500000,852.100000,887.100000,56,64.300532,3.677317,4.361510,False,Inlier
143,425.000000,106.300000,0.000000,151.400000,18.600000,936.000000,803.700000,56,64.900376,3.919870,4.361510,False,Inlier
144,375.000000,93.800000,0.000000,126.600000,23.400000,852.100000,992.600000,56,60.198150,5.689691,4.361510,True,Outlier
145,475.000000,118.800000,0.000000,181.100000,8.900000,852.100000,781.500000,56,72.298453,3.362308,4.361510,False,Inlier
146,469.000000,117.200000,0.000000,137.800000,32.200000,852.100000,840.500000,56,69.299233,7.737462,4.361510,True,Outlier
147,425.000000,106.300000,0.000000,153.500000,16.500000,852.100000,887.100000,56,64.300532,3.677317,4.361510,False,Inlier
148,388.600000,97.100000,0.000000,157.900000,12.100000,852.100000,925.700000,56,55.199449,3.471766,4.361510,False,Inlier
149,531.300000,0.000000,0.000000,141.800000,28.200000,852.100000,893.700000,56,58.798513,7.338671,4.361510,True,Outlier
150,425.000000,106.300000,0.000000,153.500000,16.500000,852.100000,887.100000,56,64.300532,3.677317,4.361510,False,Inlier
151,318.800000,212.500000,0.000000,155.700000,14.300000,852.100000,880.400000,56,66.100064,3.491358,4.361510,False,Inlier
152,401.800000,94.700000,0.000000,147.400000,11.400000,946.800000,852.100000,56,73.698090,3.203939,4.361510,False,Inlier
153,362.600000,189.000000,0.000000,164.900000,11.600000,944.700000,755.800000,56,77.297154,3.084033,4.361510,False,Inlier
154,323.700000,282.800000,0.000000,183.800000,10.300000,942.700000,659.900000,56,80.199848,4.106688,4.361510,False,Inlier
155,379.500000,151.200000,0.000000,153.900000,15.900000,1134.300000,605.000000,56,54.896079,5.744283,4.361510,True,Outlier
156,362.600000,189.000000,0.000000,164.900000,11.600000,944.700000,755.800000,56,77.297154,3.084033,4.361510,False,Inlier
157,286.300000,200.900000,0.000000,144.700000,11.200000,1004.600000,803.700000,56,72.994824,3.568325,4.361510,False,Inlier
158,362.600000,189.000000,0.000000,164.900000,11.600000,944.700000,755.800000,56,77.297154,3.084033,4.361510,False,Inlier
159,439.000000,177.000000,0.000000,186.000000,11.100000,884.900000,707.900000,56,71.698609,3.394999,4.361510,False,Inlier
160,389.900000,189.000000,0.000000,145.900000,22.000000,944.700000,755.800000,56,79.400056,4.719602,4.361510,True,Outlier
161,362.600000,189.000000,0.000000,164.900000,11.600000,944.700000,755.800000,56,77.297154,3.084033,4.361510,False,Inlier
162,337.900000,189.000000,0.000000,174.900000,9.500000,944.700000,755.800000,56,59.894780,2.344453,4.361510,False,Inlier
163,374.000000,189.200000,0.000000,170.100000,10.100000,926.100000,756.700000,91,64.900376,3.472121,4.361510,False,Inlier
164,313.300000,262.200000,0.000000,175.500000,8.600000,1046.900000,611.800000,91,66.596487,4.344292,4.361510,False,Inlier
165,425.000000,106.300000,0.000000,153.500000,16.500000,852.100000,887.100000,91,65.196851,4.537088,4.361510,True,Outlier
166,425.000000,106.300000,0.000000,151.400000,18.600000,936.000000,803.700000,91,66.699908,4.742592,4.361510,True,Outlier
167,375.000000,93.800000,0.000000,126.600000,23.400000,852.100000,992.600000,91,62.500999,6.364076,4.361510,True,Outlier
168,475.000000,118.800000,0.000000,181.100000,8.900000,852.100000,781.500000,91,74.194512,3.793507,4.361510,False,Inlier
169,469.000000,117.200000,0.000000,137.800000,32.200000,852.100000,840.500000,91,70.698869,8.423307,4.361510,True,Outlier
170,425.000000,106.300000,0.000000,153.500000,16.500000,852.100000,887.100000,91,65.196851,4.537088,4.361510,True,Outlier
171,388.600000,97.100000,0.000000,157.900000,12.100000,852.100000,925.700000,91,57.598825,4.318887,4.361510,False,Inlier
172,531.300000,0.000000,0.000000,141.800000,28.200000,852.100000,893.700000,91,59.198409,8.229898,4.361510,True,Outlier
173,425.000000,106.300000,0.000000,153.500000,16.500000,852.100000,887.100000,91,65.196851,4.537088,4.361510,True,Outlier
174,318.800000,212.500000,0.000000,155.700000,14.300000,852.100000,880.400000,91,68.099545,4.072538,4.361510,False,Inlier
175,401.800000,94.700000,0.000000,147.400000,11.400000,946.800000,852.100000,91,75.497622,3.471010,4.361510,False,Inlier
176,362.600000,189.000000,0.000000,164.900000,11.600000,944.700000,755.800000,91,79.296635,3.210927,4.361510,False,Inlier
177,379.500000,151.200000,0.000000,153.900000,15.900000,1134.300000,605.000000,91,56.495663,6.593293,4.361510,True,Outlier
178,362.600000,189.000000,0.000000,164.900000,11.600000,944.700000,755.800000,91,79.296635,3.210927,4.361510,False,Inlier
179,286.300000,200.900000,0.000000,144.700000,11.200000,1004.600000,803.700000,91,76.800732,3.745713,4.361510,False,Inlier
180,362.600000,189.000000,0.000000,164.900000,11.600000,944.700000,755.800000,91,79.296635,3.210927,4.361510,False,Inlier
181,439.000000,177.000000,0.000000,186.000000,11.100000,884.900000,707.900000,91,73.298194,3.925982,4.361510,False,Inlier
182,389.900000,189.000000,0.000000,145.900000,22.000000,944.700000,755.800000,91,82.599225,5.113706,4.361510,True,Outlier
183,362.600000,189.000000,0.000000,164.900000,11.600000,944.700000,755.800000,91,79.296635,3.210927,4.361510,False,Inlier
184,337.900000,189.000000,0.000000,174.900000,9.500000,944.700000,755.800000,91,67.796175,3.011090,4.361510,False,Inlier
185,222.360000,0.000000,96.670000,189.290000,4.460000,967.080000,870.320000,3,11.576302,2.713959,4.361510,False,Inlier
186,222.360000,0.000000,96.670000,189.290000,4.460000,967.080000,870.320000,14,24.448819,2.809036,4.361510,False,Inlier
187,222.360000,0.000000,96.670000,189.290000,4.460000,967.080000,870.320000,28,24.890084,2.506571,4.361510,False,Inlier
188,222.360000,0.000000,96.670000,189.290000,4.460000,967.080000,870.320000,56,29.447520,2.478040,4.361510,False,Inlier
189,222.360000,0.000000,96.670000,189.290000,4.460000,967.080000,870.320000,100,40.713558,3.259326,4.361510,False,Inlier
190,233.810000,0.000000,94.580000,197.890000,4.567000,947.040000,852.160000,3,10.383509,2.915165,4.361510,False,Inlier
191,233.810000,0.000000,94.580000,197.890000,4.567000,947.040000,852.160000,14,22.139074,2.900538,4.361510,False,Inlier
192,233.810000,0.000000,94.580000,197.890000,4.567000,947.040000,852.160000,28,22.835445,2.671595,4.361510,False,Inlier
193,233.810000,0.000000,94.580000,197.890000,4.567000,947.040000,852.160000,56,27.661777,2.696639,4.361510,False,Inlier
194,233.810000,0.000000,94.580000,197.890000,4.567000,947.040000,852.160000,100,34.556537,3.594858,4.361510,False,Inlier
195,194.680000,0.000000,100.520000,165.620000,7.480000,1006.400000,905.900000,3,12.451937,2.459066,4.361510,False,Inlier
196,194.680000,0.000000,100.520000,165.620000,7.480000,1006.400000,905.900000,14,24.986610,2.380760,4.361510,False,Inlier
197,194.680000,0.000000,100.520000,165.620000,7.480000,1006.400000,905.900000,28,25.724350,2.122647,4.361510,False,Inlier
198,194.680000,0.000000,100.520000,165.620000,7.480000,1006.400000,905.900000,56,33.963588,2.177939,4.361510,False,Inlier
199,194.680000,0.000000,100.520000,165.620000,7.480000,1006.400000,905.900000,100,37.342020,3.265190,4.361510,False,Inlier
200,190.680000,0.000000,125.400000,162.140000,7.770000,1090.000000,804.010000,3,15.044366,2.321817,4.361510,False,Inlier
201,190.680000,0.000000,125.400000,162.140000,7.770000,1090.000000,804.010000,14,21.063492,2.113760,4.361510,False,Inlier
202,190.680000,0.000000,125.400000,162.140000,7.770000,1090.000000,804.010000,28,26.400036,1.985232,4.361510,False,Inlier
203,190.680000,0.000000,125.400000,162.140000,7.770000,1090.000000,804.010000,56,35.342540,2.088800,4.361510,False,Inlier
204,190.680000,0.000000,125.400000,162.140000,7.770000,1090.000000,804.010000,100,40.568768,3.194404,4.361510,False,Inlier
205,212.070000,0.000000,121.620000,180.310000,5.690000,1057.600000,779.320000,3,12.472621,2.148895,4.361510,False,Inlier
206,212.070000,0.000000,121.620000,180.310000,5.690000,1057.600000,779.320000,14,20.918702,1.929322,4.361510,False,Inlier
207,212.070000,0.000000,121.620000,180.310000,5.690000,1057.600000,779.320000,28,24.903873,1.773197,4.361510,False,Inlier
208,212.070000,0.000000,121.620000,180.310000,5.690000,1057.600000,779.320000,56,34.204904,1.886007,4.361510,False,Inlier
209,212.070000,0.000000,121.620000,180.310000,5.690000,1057.600000,779.320000,100,39.610396,2.980955,4.361510,False,Inlier
210,229.970000,0.000000,118.310000,195.470000,4.630000,1029.400000,758.590000,3,10.031876,2.693437,4.361510,False,Inlier
211,229.970000,0.000000,118.310000,195.470000,4.630000,1029.400000,758.590000,14,20.084436,2.508589,4.361510,False,Inlier
212,229.970000,0.000000,118.310000,195.470000,4.630000,1029.400000,758.590000,28,24.483293,2.390403,4.361510,False,Inlier
213,229.970000,0.000000,118.310000,195.470000,4.630000,1029.400000,758.590000,56,31.536632,2.432937,4.361510,False,Inlier
214,229.970000,0.000000,118.310000,195.470000,4.630000,1029.400000,758.590000,100,35.342540,3.467292,4.361510,False,Inlier
215,190.340000,0.000000,125.180000,161.850000,9.880000,1088.100000,802.590000,3,9.445821,2.744887,4.361510,False,Inlier
216,190.340000,0.000000,125.180000,161.850000,9.880000,1088.100000,802.590000,14,22.718234,2.226042,4.361510,False,Inlier
217,190.340000,0.000000,125.180000,161.850000,9.880000,1088.100000,802.590000,28,28.468464,2.105622,4.361510,False,Inlier
218,190.340000,0.000000,125.180000,161.850000,9.880000,1088.100000,802.590000,56,38.562393,2.211588,4.361510,False,Inlier
219,190.340000,0.000000,125.180000,161.850000,9.880000,1088.100000,802.590000,100,40.389504,3.304664,4.361510,False,Inlier
220,166.090000,0.000000,163.270000,176.460000,4.490000,1058.600000,780.090000,3,10.762720,2.671744,4.361510,False,Inlier
221,166.090000,0.000000,163.270000,176.460000,4.490000,1058.600000,780.090000,14,25.483033,2.827266,4.361510,False,Inlier
222,166.090000,0.000000,163.270000,176.460000,4.490000,1058.600000,780.090000,28,21.539230,2.409054,4.361510,False,Inlier
223,166.090000,0.000000,163.270000,176.460000,4.490000,1058.600000,780.090000,56,28.627044,2.495597,4.361510,False,Inlier
224,166.090000,0.000000,163.270000,176.460000,4.490000,1058.600000,780.090000,100,33.543007,3.562674,4.361510,False,Inlier
225,167.950000,42.080000,163.830000,121.750000,5.720000,1058.700000,780.110000,3,7.749710,7.981557,4.361510,True,Outlier
226,167.950000,42.080000,163.830000,121.750000,5.720000,1058.700000,780.110000,14,17.822955,7.686002,4.361510,True,Outlier
227,167.950000,42.080000,163.830000,121.750000,5.720000,1058.700000,780.110000,28,24.241976,7.625754,4.361510,True,Outlier
228,167.950000,42.080000,163.830000,121.750000,5.720000,1058.700000,780.110000,56,32.853531,7.736202,4.361510,True,Outlier
229,167.950000,42.080000,163.830000,121.750000,5.720000,1058.700000,780.110000,100,39.231184,8.417956,4.361510,True,Outlier
230,213.720000,98.050000,24.510000,181.710000,6.860000,1065.800000,785.380000,3,17.995324,2.713453,4.361510,False,Inlier
231,213.720000,98.050000,24.510000,181.710000,6.860000,1065.800000,785.380000,14,30.385207,2.733820,4.361510,False,Inlier
232,213.720000,98.050000,24.510000,181.710000,6.860000,1065.800000,785.380000,28,45.705364,3.491047,4.361510,False,Inlier
233,213.720000,98.050000,24.510000,181.710000,6.860000,1065.800000,785.380000,56,50.773013,3.188346,4.361510,False,Inlier
234,213.720000,98.050000,24.510000,181.710000,6.860000,1065.800000,785.380000,100,53.903234,3.310170,4.361510,False,Inlier
235,213.760000,98.060000,24.520000,181.740000,6.650000,1066.000000,785.520000,3,13.182781,2.806705,4.361510,False,Inlier
236,213.760000,98.060000,24.520000,181.740000,6.650000,1066.000000,785.520000,14,17.836744,2.608280,4.361510,False,Inlier
237,213.760000,98.060000,24.520000,181.740000,6.650000,1066.000000,785.520000,28,40.230925,2.962870,4.361510,False,Inlier
238,213.760000,98.060000,24.520000,181.740000,6.650000,1066.000000,785.520000,56,47.132579,2.869670,4.361510,False,Inlier
239,213.760000,98.060000,24.520000,181.740000,6.650000,1066.000000,785.520000,100,49.973220,3.239887,4.361510,False,Inlier
240,229.680000,0.000000,118.160000,195.230000,6.130000,1028.100000,757.630000,3,13.355150,2.762386,4.361510,False,Inlier
241,229.680000,0.000000,118.160000,195.230000,6.130000,1028.100000,757.630000,14,22.318338,2.663341,4.361510,False,Inlier
242,229.680000,0.000000,118.160000,195.230000,6.130000,1028.100000,757.630000,28,24.538451,2.497812,4.361510,False,Inlier
243,229.680000,0.000000,118.160000,195.230000,6.130000,1028.100000,757.630000,56,31.350474,2.539215,4.361510,False,Inlier
244,229.680000,0.000000,118.160000,195.230000,6.130000,1028.100000,757.630000,100,40.858348,3.355263,4.361510,False,Inlier
245,238.050000,0.000000,94.110000,186.660000,7.000000,949.910000,847.010000,3,19.932751,2.047628,4.361510,False,Inlier
246,238.050000,0.000000,94.110000,186.660000,7.000000,949.910000,847.010000,14,25.689876,1.966764,4.361510,False,Inlier
247,238.050000,0.000000,94.110000,186.660000,7.000000,949.910000,847.010000,28,30.233523,1.838817,4.361510,False,Inlier
248,238.050000,0.000000,94.110000,186.660000,7.000000,949.910000,847.010000,56,39.589712,1.989895,4.361510,False,Inlier
249,238.050000,0.000000,94.110000,186.660000,7.000000,949.910000,847.010000,100,44.298833,2.811637,4.361510,False,Inlier
250,250.000000,0.000000,95.690000,187.420000,5.530000,956.860000,861.170000,3,13.817099,2.581774,4.361510,False,Inlier
251,250.000000,0.000000,95.690000,187.420000,5.530000,956.860000,861.170000,14,24.917663,2.488660,4.361510,False,Inlier
252,250.000000,0.000000,95.690000,187.420000,5.530000,956.860000,861.170000,28,29.219993,2.359545,4.361510,False,Inlier
253,250.000000,0.000000,95.690000,187.420000,5.530000,956.860000,861.170000,56,38.327971,2.427961,4.361510,False,Inlier
254,250.000000,0.000000,95.690000,187.420000,5.530000,956.860000,861.170000,100,42.347616,3.194320,4.361510,False,Inlier
255,212.520000,0.000000,100.370000,159.320000,8.710000,1007.800000,903.590000,3,13.541309,2.510306,4.361510,False,Inlier
256,212.520000,0.000000,100.370000,159.320000,8.710000,1007.800000,903.590000,14,26.310404,2.240614,4.361510,False,Inlier
257,212.520000,0.000000,100.370000,159.320000,8.710000,1007.800000,903.590000,28,31.640054,2.138635,4.361510,False,Inlier
258,212.520000,0.000000,100.370000,159.320000,8.710000,1007.800000,903.590000,56,42.547564,2.306713,4.361510,False,Inlier
259,212.520000,0.000000,100.370000,159.320000,8.710000,1007.800000,903.590000,100,42.919881,3.165799,4.361510,False,Inlier
260,212.570000,0.000000,100.390000,159.350000,10.370000,1003.800000,903.790000,3,13.334466,2.600355,4.361510,False,Inlier
261,212.570000,0.000000,100.390000,159.350000,10.370000,1003.800000,903.790000,14,25.372717,2.239056,4.361510,False,Inlier
262,212.570000,0.000000,100.390000,159.350000,10.370000,1003.800000,903.790000,28,37.404073,2.442597,4.361510,False,Inlier
263,212.570000,0.000000,100.390000,159.350000,10.370000,1003.800000,903.790000,56,44.395360,2.377406,4.361510,False,Inlier
264,212.570000,0.000000,100.390000,159.350000,10.370000,1003.800000,903.790000,100,47.739318,3.037635,4.361510,False,Inlier
265,212.000000,0.000000,124.780000,159.000000,7.840000,1085.400000,799.540000,3,19.519066,2.292966,4.361510,False,Inlier
266,212.000000,0.000000,124.780000,159.000000,7.840000,1085.400000,799.540000,14,31.350474,2.331433,4.361510,False,Inlier
267,212.000000,0.000000,124.780000,159.000000,7.840000,1085.400000,799.540000,28,38.500340,2.413023,4.361510,False,Inlier
268,212.000000,0.000000,124.780000,159.000000,7.840000,1085.400000,799.540000,56,45.084836,2.357027,4.361510,False,Inlier
269,212.000000,0.000000,124.780000,159.000000,7.840000,1085.400000,799.540000,100,47.815161,3.073459,4.361510,False,Inlier
270,231.750000,0.000000,121.620000,173.960000,6.720000,1056.400000,778.450000,3,15.437368,2.024126,4.361510,False,Inlier
271,231.750000,0.000000,121.620000,173.960000,6.720000,1056.400000,778.450000,14,26.772353,1.819449,4.361510,False,Inlier
272,231.750000,0.000000,121.620000,173.960000,6.720000,1056.400000,778.450000,28,33.729166,1.813426,4.361510,False,Inlier
273,231.750000,0.000000,121.620000,173.960000,6.720000,1056.400000,778.450000,56,42.699249,1.938535,4.361510,False,Inlier
274,231.750000,0.000000,121.620000,173.960000,6.720000,1056.400000,778.450000,100,45.836364,2.816120,4.361510,False,Inlier
275,251.370000,0.000000,118.270000,188.450000,5.750000,1028.400000,757.730000,3,17.223110,2.289250,4.361510,False,Inlier
276,251.370000,0.000000,118.270000,188.450000,5.750000,1028.400000,757.730000,14,29.930153,2.399372,4.361510,False,Inlier
277,251.370000,0.000000,118.270000,188.450000,5.750000,1028.400000,757.730000,28,29.654363,2.034108,4.361510,False,Inlier
278,251.370000,0.000000,118.270000,188.450000,5.750000,1028.400000,757.730000,56,36.969703,2.086767,4.361510,False,Inlier
279,251.370000,0.000000,118.270000,188.450000,5.750000,1028.400000,757.730000,100,43.581778,3.061936,4.361510,False,Inlier
280,251.370000,0.000000,118.270000,188.450000,6.350000,1028.400000,757.730000,3,13.120728,2.462132,4.361510,False,Inlier
281,251.370000,0.000000,118.270000,188.450000,6.350000,1028.400000,757.730000,14,24.428135,2.195780,4.361510,False,Inlier
282,251.370000,0.000000,118.270000,188.450000,6.350000,1028.400000,757.730000,28,32.660478,2.213118,4.361510,False,Inlier
283,251.370000,0.000000,118.270000,188.450000,6.350000,1028.400000,757.730000,56,36.638755,2.128660,4.361510,False,Inlier
284,251.370000,0.000000,118.270000,188.450000,6.350000,1028.400000,757.730000,100,44.209201,3.080470,4.361510,False,Inlier
285,181.380000,0.000000,167.010000,169.590000,7.560000,1055.600000,777.800000,3,13.624046,2.446705,4.361510,False,Inlier
286,181.380000,0.000000,167.010000,169.590000,7.560000,1055.600000,777.800000,14,21.601283,2.223263,4.361510,False,Inlier
287,181.380000,0.000000,167.010000,169.590000,7.560000,1055.600000,777.800000,28,27.772093,2.124576,4.361510,False,Inlier
288,181.380000,0.000000,167.010000,169.590000,7.560000,1055.600000,777.800000,56,35.570067,2.202562,4.361510,False,Inlier
289,181.380000,0.000000,167.010000,169.590000,7.560000,1055.600000,777.800000,100,45.367521,3.096404,4.361510,False,Inlier
290,182.040000,45.210000,121.970000,170.210000,8.190000,1059.400000,780.650000,3,7.315340,2.630093,4.361510,False,Inlier
291,182.040000,45.210000,121.970000,170.210000,8.190000,1059.400000,780.650000,14,21.504756,1.826150,4.361510,False,Inlier
292,182.040000,45.210000,121.970000,170.210000,8.190000,1059.400000,780.650000,28,31.267737,1.745327,4.361510,False,Inlier
293,182.040000,45.210000,121.970000,170.210000,8.190000,1059.400000,780.650000,56,43.499041,2.042660,4.361510,False,Inlier
294,182.040000,45.210000,121.970000,170.210000,8.190000,1059.400000,780.650000,100,48.670111,2.783727,4.361510,False,Inlier
295,168.880000,42.220000,124.250000,158.330000,10.830000,1080.800000,796.150000,3,7.398077,3.149999,4.361510,False,Inlier
296,168.880000,42.220000,124.250000,158.330000,10.830000,1080.800000,796.150000,14,23.511132,2.309591,4.361510,False,Inlier
297,168.880000,42.220000,124.250000,158.330000,10.830000,1080.800000,796.150000,28,31.116052,2.188698,4.361510,False,Inlier
298,168.880000,42.220000,124.250000,158.330000,10.830000,1080.800000,796.150000,56,39.148447,2.260654,4.361510,False,Inlier
299,168.880000,42.220000,124.250000,158.330000,10.830000,1080.800000,796.150000,100,48.153004,3.153426,4.361510,False,Inlier
300,290.350000,0.000000,96.180000,168.080000,9.410000,961.180000,865.000000,3,22.504497,2.095606,4.361510,False,Inlier
301,290.350000,0.000000,96.180000,168.080000,9.410000,961.180000,865.000000,14,34.673748,1.922535,4.361510,False,Inlier
302,290.350000,0.000000,96.180000,168.080000,9.410000,961.180000,865.000000,28,34.735801,1.650559,4.361510,False,Inlier
303,290.350000,0.000000,96.180000,168.080000,9.410000,961.180000,865.000000,56,45.084836,1.774189,4.361510,False,Inlier
304,290.350000,0.000000,96.180000,168.080000,9.410000,961.180000,865.000000,100,48.973480,2.987164,4.361510,False,Inlier
305,277.050000,0.000000,97.390000,160.600000,11.830000,973.900000,875.610000,3,23.138815,2.249116,4.361510,False,Inlier
306,277.050000,0.000000,97.390000,160.600000,11.830000,973.900000,875.610000,14,41.885667,2.440948,4.361510,False,Inlier
307,277.050000,0.000000,97.390000,160.600000,11.830000,973.900000,875.610000,28,48.284004,2.502889,4.361510,False,Inlier
308,277.050000,0.000000,97.390000,160.600000,11.830000,973.900000,875.610000,56,51.035014,2.090121,4.361510,False,Inlier
309,277.050000,0.000000,97.390000,160.600000,11.830000,973.900000,875.610000,100,55.640713,2.866109,4.361510,False,Inlier
310,295.710000,0.000000,95.640000,171.540000,8.870000,955.140000,859.200000,3,22.945761,2.098071,4.361510,False,Inlier
311,295.710000,0.000000,95.640000,171.540000,8.870000,955.140000,859.200000,14,35.232224,2.001309,4.361510,False,Inlier
312,295.710000,0.000000,95.640000,171.540000,8.870000,955.140000,859.200000,28,39.941345,1.873958,4.361510,False,Inlier
313,295.710000,0.000000,95.640000,171.540000,8.870000,955.140000,859.200000,56,48.718374,1.966062,4.361510,False,Inlier
314,295.710000,0.000000,95.640000,171.540000,8.870000,955.140000,859.200000,100,52.041648,2.863267,4.361510,False,Inlier
315,251.810000,0.000000,99.940000,146.140000,12.350000,1006.000000,899.760000,3,21.022123,2.790300,4.361510,False,Inlier
316,251.810000,0.000000,99.940000,146.140000,12.350000,1006.000000,899.760000,14,33.356849,2.459995,4.361510,False,Inlier
317,251.810000,0.000000,99.940000,146.140000,12.350000,1006.000000,899.760000,28,33.942903,2.352079,4.361510,False,Inlier
318,251.810000,0.000000,99.940000,146.140000,12.350000,1006.000000,899.760000,56,44.140254,2.413188,4.361510,False,Inlier
319,251.810000,0.000000,99.940000,146.140000,12.350000,1006.000000,899.760000,100,45.367521,3.721314,4.361510,False,Inlier
320,249.100000,0.000000,98.750000,158.110000,12.800000,987.760000,889.010000,3,15.361525,2.837771,4.361510,False,Inlier
321,249.100000,0.000000,98.750000,158.110000,12.800000,987.760000,889.010000,14,28.682202,2.258058,4.361510,False,Inlier
322,249.100000,0.000000,98.750000,158.110000,12.800000,987.760000,889.010000,28,30.847156,2.153903,4.361510,False,Inlier
323,249.100000,0.000000,98.750000,158.110000,12.800000,987.760000,889.010000,56,42.030457,2.176630,4.361510,False,Inlier
324,249.100000,0.000000,98.750000,158.110000,12.800000,987.760000,889.010000,100,51.055698,3.111115,4.361510,False,Inlier
325,252.310000,0.000000,98.750000,146.250000,14.170000,987.760000,889.010000,3,21.780547,3.006310,4.361510,False,Inlier
326,252.310000,0.000000,98.750000,146.250000,14.170000,987.760000,889.010000,14,42.292458,2.989635,4.361510,False,Inlier
327,252.310000,0.000000,98.750000,146.250000,14.170000,987.760000,889.010000,28,50.600644,3.188582,4.361510,False,Inlier
328,252.310000,0.000000,98.750000,146.250000,14.170000,987.760000,889.010000,56,55.826872,3.009744,4.361510,False,Inlier
329,252.310000,0.000000,98.750000,146.250000,14.170000,987.760000,889.010000,100,60.949678,3.464017,4.361510,False,Inlier
330,246.830000,0.000000,125.080000,143.300000,11.990000,1086.800000,800.890000,3,23.524921,2.951218,4.361510,False,Inlier
331,246.830000,0.000000,125.080000,143.300000,11.990000,1086.800000,800.890000,14,42.216615,2.956892,4.361510,False,Inlier
332,246.830000,0.000000,125.080000,143.300000,11.990000,1086.800000,800.890000,28,52.503597,3.309152,4.361510,False,Inlier
333,246.830000,0.000000,125.080000,143.300000,11.990000,1086.800000,800.890000,56,60.322255,3.305287,4.361510,False,Inlier
334,246.830000,0.000000,125.080000,143.300000,11.990000,1086.800000,800.890000,100,66.424118,3.574173,4.361510,False,Inlier
335,275.070000,0.000000,121.350000,159.480000,9.900000,1053.600000,777.500000,3,23.800712,2.146447,4.361510,False,Inlier
336,275.070000,0.000000,121.350000,159.480000,9.900000,1053.600000,777.500000,14,38.769235,2.074093,4.361510,False,Inlier
337,275.070000,0.000000,121.350000,159.480000,9.900000,1053.600000,777.500000,28,51.331488,2.684732,4.361510,False,Inlier
338,275.070000,0.000000,121.350000,159.480000,9.900000,1053.600000,777.500000,56,56.847296,2.455515,4.361510,False,Inlier
339,275.070000,0.000000,121.350000,159.480000,9.900000,1053.600000,777.500000,100,58.605460,2.869777,4.361510,False,Inlier
340,297.160000,0.000000,117.540000,174.800000,9.520000,1022.800000,753.450000,3,21.911547,2.172502,4.361510,False,Inlier
341,297.160000,0.000000,117.540000,174.800000,9.520000,1022.800000,753.450000,14,36.990387,1.985518,4.361510,False,Inlier
342,297.160000,0.000000,117.540000,174.800000,9.520000,1022.800000,753.450000,28,47.401475,2.334812,4.361510,False,Inlier
343,297.160000,0.000000,117.540000,174.800000,9.520000,1022.800000,753.450000,56,51.958911,2.075867,4.361510,False,Inlier
344,297.160000,0.000000,117.540000,174.800000,9.520000,1022.800000,753.450000,100,56.743875,2.819979,4.361510,False,Inlier
345,213.740000,0.000000,174.740000,154.790000,10.160000,1053.500000,776.350000,3,17.574743,2.861320,4.361510,False,Inlier
346,213.740000,0.000000,174.740000,154.790000,10.160000,1053.500000,776.350000,14,33.729166,2.579998,4.361510,False,Inlier
347,213.740000,0.000000,174.740000,154.790000,10.160000,1053.500000,776.350000,28,40.148187,2.572038,4.361510,False,Inlier
348,213.740000,0.000000,174.740000,154.790000,10.160000,1053.500000,776.350000,56,46.643051,2.575134,4.361510,False,Inlier
349,213.740000,0.000000,174.740000,154.790000,10.160000,1053.500000,776.350000,100,50.076642,3.428527,4.361510,False,Inlier
350,213.500000,0.000000,174.240000,154.610000,11.660000,1052.300000,775.480000,3,17.367900,2.831717,4.361510,False,Inlier
351,213.500000,0.000000,174.240000,154.610000,11.660000,1052.300000,775.480000,14,33.701587,2.450567,4.361510,False,Inlier
352,213.500000,0.000000,174.240000,154.610000,11.660000,1052.300000,775.480000,28,45.939786,2.802396,4.361510,False,Inlier
353,213.500000,0.000000,174.240000,154.610000,11.660000,1052.300000,775.480000,56,51.434910,2.651462,4.361510,False,Inlier
354,213.500000,0.000000,174.240000,154.610000,11.660000,1052.300000,775.480000,100,59.301831,3.241050,4.361510,False,Inlier
355,277.190000,97.820000,24.460000,160.700000,11.190000,1061.700000,782.460000,3,30.447260,2.727294,4.361510,False,Inlier
356,277.190000,97.820000,24.460000,160.700000,11.190000,1061.700000,782.460000,14,47.711739,3.001981,4.361510,False,Inlier
357,277.190000,97.820000,24.460000,160.700000,11.190000,1061.700000,782.460000,28,63.142212,3.953717,4.361510,False,Inlier
358,277.190000,97.820000,24.460000,160.700000,11.190000,1061.700000,782.460000,56,66.824014,3.488319,4.361510,False,Inlier
359,277.190000,97.820000,24.460000,160.700000,11.190000,1061.700000,782.460000,100,66.948120,3.376444,4.361510,False,Inlier
360,218.230000,54.640000,123.780000,140.750000,11.910000,1075.700000,792.670000,3,27.420461,3.019202,4.361510,False,Inlier
361,218.230000,54.640000,123.780000,140.750000,11.910000,1075.700000,792.670000,14,35.956173,2.835822,4.361510,False,Inlier
362,218.230000,54.640000,123.780000,140.750000,11.910000,1075.700000,792.670000,28,55.509713,3.521338,4.361510,False,Inlier
363,218.230000,54.640000,123.780000,140.750000,11.910000,1075.700000,792.670000,56,61.990787,3.412055,4.361510,False,Inlier
364,218.230000,54.640000,123.780000,140.750000,11.910000,1075.700000,792.670000,100,63.528319,3.610152,4.361510,False,Inlier
365,214.900000,53.800000,121.890000,155.630000,9.610000,1014.300000,780.580000,3,18.016008,2.845926,4.361510,False,Inlier
366,214.900000,53.800000,121.890000,155.630000,9.610000,1014.300000,780.580000,14,38.603761,2.633259,4.361510,False,Inlier
367,214.900000,53.800000,121.890000,155.630000,9.610000,1014.300000,780.580000,28,52.200228,3.312208,4.361510,False,Inlier
368,214.900000,53.800000,121.890000,155.630000,9.610000,1014.300000,780.580000,56,53.958392,2.856070,4.361510,False,Inlier
369,214.900000,53.800000,121.890000,155.630000,9.610000,1014.300000,780.580000,100,56.633559,3.407687,4.361510,False,Inlier
370,218.850000,0.000000,124.130000,158.490000,11.330000,1078.700000,794.910000,3,15.340841,2.652211,4.361510,False,Inlier
371,218.850000,0.000000,124.130000,158.490000,11.330000,1078.700000,794.910000,14,26.048403,2.229497,4.361510,False,Inlier
372,218.850000,0.000000,124.130000,158.490000,11.330000,1078.700000,794.910000,28,30.219733,2.104315,4.361510,False,Inlier
373,218.850000,0.000000,124.130000,158.490000,11.330000,1078.700000,794.910000,56,37.266178,2.224340,4.361510,False,Inlier
374,218.850000,0.000000,124.130000,158.490000,11.330000,1078.700000,794.910000,100,46.229366,3.248614,4.361510,False,Inlier
375,376.000000,0.000000,0.000000,214.600000,0.000000,1003.500000,762.360000,3,16.278528,3.884806,4.361510,False,Inlier
376,376.000000,0.000000,0.000000,214.600000,0.000000,1003.500000,762.360000,14,25.620928,3.822984,4.361510,False,Inlier
377,376.000000,0.000000,0.000000,214.600000,0.000000,1003.500000,762.360000,28,31.971002,3.802975,4.361510,False,Inlier
378,376.000000,0.000000,0.000000,214.600000,0.000000,1003.500000,762.360000,56,36.300911,3.764564,4.361510,False,Inlier
379,376.000000,0.000000,0.000000,214.600000,0.000000,1003.500000,762.360000,100,43.057776,4.391378,4.361510,True,Outlier
380,500.000000,0.000000,0.000000,140.000000,4.000000,966.000000,853.000000,28,67.568648,5.263768,4.361510,True,Outlier
381,475.000000,0.000000,59.000000,142.000000,1.900000,1098.000000,641.000000,28,57.226508,6.462467,4.361510,True,Outlier
382,315.000000,137.000000,0.000000,145.000000,5.900000,1130.000000,745.000000,28,81.751169,5.978668,4.361510,True,Outlier
383,505.000000,0.000000,60.000000,195.000000,0.000000,1030.000000,630.000000,28,64.017847,5.239474,4.361510,True,Outlier
384,451.000000,0.000000,0.000000,165.000000,11.250000,1030.000000,745.000000,28,78.800212,5.177823,4.361510,True,Outlier
385,516.000000,0.000000,0.000000,162.000000,8.200000,801.000000,802.000000,28,41.368560,6.300133,4.361510,True,Outlier
386,520.000000,0.000000,0.000000,170.000000,5.200000,855.000000,855.000000,28,60.280887,3.927359,4.361510,False,Inlier
387,528.000000,0.000000,0.000000,185.000000,6.860000,920.000000,720.000000,28,56.833507,3.239035,4.361510,False,Inlier
388,520.000000,0.000000,0.000000,175.000000,5.200000,870.000000,805.000000,28,51.021224,3.427462,4.361510,False,Inlier
389,385.000000,0.000000,136.000000,158.000000,20.000000,903.000000,768.000000,28,55.551081,3.353320,4.361510,False,Inlier
390,500.100000,0.000000,0.000000,200.000000,3.000000,1124.400000,613.200000,28,44.133359,5.173742,4.361510,True,Outlier
391,450.100000,50.000000,0.000000,200.000000,3.000000,1124.400000,613.200000,28,39.375974,5.021192,4.361510,True,Outlier
392,397.000000,17.200000,158.000000,167.000000,20.800000,967.000000,633.000000,28,55.647608,4.532707,4.361510,True,Outlier
393,333.000000,17.500000,163.000000,167.000000,17.900000,996.000000,652.000000,28,47.277369,3.785127,4.361510,False,Inlier
394,334.000000,17.600000,158.000000,189.000000,15.300000,967.000000,633.000000,28,44.326412,3.972330,4.361510,False,Inlier
395,405.000000,0.000000,0.000000,175.000000,0.000000,1120.000000,695.000000,28,52.303649,3.854306,4.361510,False,Inlier
396,200.000000,200.000000,0.000000,190.000000,0.000000,1145.000000,660.000000,28,49.249271,4.644532,4.361510,True,Outlier
397,516.000000,0.000000,0.000000,162.000000,8.260000,801.000000,802.000000,28,41.368560,6.294173,4.361510,True,Outlier
398,145.000000,116.000000,119.000000,184.000000,5.700000,833.000000,880.000000,28,29.157940,3.213616,4.361510,False,Inlier
399,160.000000,128.000000,122.000000,182.000000,6.400000,824.000000,879.000000,28,39.396659,3.614329,4.361510,False,Inlier
400,234.000000,156.000000,0.000000,189.000000,5.850000,981.000000,760.000000,28,39.300132,1.990931,4.361510,False,Inlier
401,250.000000,180.000000,95.000000,159.000000,9.450000,860.000000,800.000000,28,67.865123,4.319880,4.361510,False,Inlier
402,475.000000,0.000000,0.000000,162.000000,9.500000,1044.000000,662.000000,28,58.522723,4.818794,4.361510,True,Outlier
403,285.000000,190.000000,0.000000,163.000000,7.600000,1031.000000,685.000000,28,53.579180,3.378659,4.361510,False,Inlier
404,356.000000,119.000000,0.000000,160.000000,9.030000,1061.000000,657.000000,28,58.998461,4.205752,4.361510,False,Inlier
405,275.000000,180.000000,120.000000,162.000000,10.350000,830.000000,765.000000,28,76.235361,4.996228,4.361510,True,Outlier
406,500.000000,0.000000,0.000000,151.000000,9.000000,1033.000000,655.000000,28,69.837024,6.175192,4.361510,True,Outlier
407,165.000000,0.020000,143.570000,163.810000,0.000000,1005.600000,900.900000,3,14.396259,4.534810,4.361510,True,Outlier
408,165.000000,128.500000,132.100000,175.060000,8.080000,1005.800000,746.600000,3,19.415644,2.377223,4.361510,False,Inlier
409,178.030000,129.800000,118.600000,179.940000,3.570000,1007.300000,746.800000,3,20.725649,2.764780,4.361510,False,Inlier
410,167.350000,129.900000,128.620000,175.460000,7.790000,1006.300000,746.600000,3,14.940945,2.611529,4.361510,False,Inlier
411,172.380000,13.610000,172.370000,156.760000,4.140000,1006.300000,856.400000,3,21.291019,3.996241,4.361510,False,Inlier
412,173.540000,50.050000,173.530000,164.770000,6.470000,1006.200000,793.500000,3,23.076762,2.976509,4.361510,False,Inlier
413,167.000000,75.400000,167.000000,164.030000,7.910000,1007.300000,770.100000,3,15.520105,2.878047,4.361510,False,Inlier
414,173.810000,93.370000,159.900000,172.340000,9.730000,1007.200000,746.600000,3,15.816579,2.700657,4.361510,False,Inlier
415,190.340000,0.000000,125.180000,166.610000,9.880000,1079.000000,798.900000,3,12.548463,2.497069,4.361510,False,Inlier
416,250.000000,0.000000,95.690000,191.840000,5.330000,948.900000,857.200000,3,8.487450,2.925430,4.361510,False,Inlier
417,213.500000,0.000000,174.240000,159.210000,11.660000,1043.600000,771.900000,3,15.609737,2.769177,4.361510,False,Inlier
418,194.680000,0.000000,100.520000,170.170000,7.480000,998.000000,901.800000,3,12.176146,2.431042,4.361510,False,Inlier
419,251.370000,0.000000,118.270000,192.940000,5.750000,1043.600000,754.300000,3,11.983093,3.175940,4.361510,False,Inlier
420,165.000000,0.020000,143.570000,163.810000,0.000000,1005.600000,900.900000,14,16.878372,4.443333,4.361510,True,Outlier
421,165.000000,128.500000,132.100000,175.060000,8.080000,1005.800000,746.600000,14,33.087953,2.229912,4.361510,False,Inlier
422,178.030000,129.800000,118.600000,179.940000,3.570000,1007.300000,746.800000,14,34.239378,2.906249,4.361510,False,Inlier
423,167.350000,129.900000,128.620000,175.460000,7.790000,1006.300000,746.600000,14,31.812423,2.167039,4.361510,False,Inlier
424,172.380000,13.610000,172.370000,156.760000,4.140000,1006.300000,856.400000,14,29.750889,4.046112,4.361510,False,Inlier
425,173.540000,50.050000,173.530000,164.770000,6.470000,1006.200000,793.500000,14,33.005216,3.059590,4.361510,False,Inlier
426,167.000000,75.400000,167.000000,164.030000,7.910000,1007.300000,770.100000,14,32.901795,2.640260,4.361510,False,Inlier
427,173.810000,93.370000,159.900000,172.340000,9.730000,1007.200000,746.600000,14,29.550941,2.216522,4.361510,False,Inlier
428,190.340000,0.000000,125.180000,166.610000,9.880000,1079.000000,798.900000,14,19.415644,2.216767,4.361510,False,Inlier
429,250.000000,0.000000,95.690000,191.840000,5.330000,948.900000,857.200000,14,24.655662,2.719866,4.361510,False,Inlier
430,213.500000,0.000000,174.240000,159.210000,11.660000,1043.600000,771.900000,14,29.592310,2.243636,4.361510,False,Inlier
431,194.680000,0.000000,100.520000,170.170000,7.480000,998.000000,901.800000,14,24.283345,2.370446,4.361510,False,Inlier
432,251.370000,0.000000,118.270000,192.940000,5.750000,1043.600000,754.300000,14,20.725649,2.947265,4.361510,False,Inlier
433,165.000000,0.020000,143.570000,163.810000,0.000000,1005.600000,900.900000,28,26.200088,4.496448,4.361510,True,Outlier
434,165.000000,128.500000,132.100000,175.060000,8.080000,1005.800000,746.600000,28,46.387945,2.791632,4.361510,False,Inlier
435,178.030000,129.800000,118.600000,179.940000,3.570000,1007.300000,746.800000,28,39.162237,2.855441,4.361510,False,Inlier
436,167.350000,129.900000,128.620000,175.460000,7.790000,1006.300000,746.600000,28,41.203086,2.330316,4.361510,False,Inlier
437,172.380000,13.610000,172.370000,156.760000,4.140000,1006.300000,856.400000,28,33.687797,3.971456,4.361510,False,Inlier
438,173.540000,50.050000,173.530000,164.770000,6.470000,1006.200000,793.500000,28,38.203865,3.023239,4.361510,False,Inlier
439,167.000000,75.400000,167.000000,164.030000,7.910000,1007.300000,770.100000,28,41.409929,2.786367,4.361510,False,Inlier
440,173.810000,93.370000,159.900000,172.340000,9.730000,1007.200000,746.600000,28,37.810864,2.192200,4.361510,False,Inlier
441,190.340000,0.000000,125.180000,166.610000,9.880000,1079.000000,798.900000,28,24.848715,2.064495,4.361510,False,Inlier
442,250.000000,0.000000,95.690000,191.840000,5.330000,948.900000,857.200000,28,27.220512,2.538026,4.361510,False,Inlier
443,213.500000,0.000000,174.240000,159.210000,11.660000,1043.600000,771.900000,28,44.636676,2.637095,4.361510,False,Inlier
444,194.680000,0.000000,100.520000,170.170000,7.480000,998.000000,901.800000,28,37.266178,2.896060,4.361510,False,Inlier
445,251.370000,0.000000,118.270000,192.940000,5.750000,1043.600000,754.300000,28,33.274112,3.050871,4.361510,False,Inlier
446,165.000000,0.020000,143.570000,163.810000,0.000000,1005.600000,900.900000,56,36.562912,4.611520,4.361510,True,Outlier
447,165.000000,128.500000,132.100000,175.060000,8.080000,1005.800000,746.600000,56,53.723970,2.728638,4.361510,False,Inlier
448,178.030000,129.800000,118.600000,179.940000,3.570000,1007.300000,746.800000,56,48.587374,2.985644,4.361510,False,Inlier
449,167.350000,129.900000,128.620000,175.460000,7.790000,1006.300000,746.600000,56,51.724490,2.551538,4.361510,False,Inlier
450,172.380000,13.610000,172.370000,156.760000,4.140000,1006.300000,856.400000,56,35.852752,3.900020,4.361510,False,Inlier
451,173.540000,50.050000,173.530000,164.770000,6.470000,1006.200000,793.500000,56,53.772233,3.587328,4.361510,False,Inlier
452,167.000000,75.400000,167.000000,164.030000,7.910000,1007.300000,770.100000,56,53.461969,3.127604,4.361510,False,Inlier
453,173.810000,93.370000,159.900000,172.340000,9.730000,1007.200000,746.600000,56,48.987270,2.393821,4.361510,False,Inlier
454,190.340000,0.000000,125.180000,166.610000,9.880000,1079.000000,798.900000,56,31.715896,2.176860,4.361510,False,Inlier
455,250.000000,0.000000,95.690000,191.840000,5.330000,948.900000,857.200000,56,39.644870,2.734066,4.361510,False,Inlier
456,213.500000,0.000000,174.240000,159.210000,11.660000,1043.600000,771.900000,56,51.255646,2.553520,4.361510,False,Inlier
457,194.680000,0.000000,100.520000,170.170000,7.480000,998.000000,901.800000,56,43.388725,2.695435,4.361510,False,Inlier
458,251.370000,0.000000,118.270000,192.940000,5.750000,1043.600000,754.300000,56,39.265658,2.959072,4.361510,False,Inlier
459,165.000000,0.020000,143.570000,163.810000,0.000000,1005.600000,900.900000,100,37.955654,4.983263,4.361510,True,Outlier
460,165.000000,128.500000,132.100000,175.060000,8.080000,1005.800000,746.600000,100,55.020185,2.994813,4.361510,False,Inlier
461,178.030000,129.800000,118.600000,179.940000,3.570000,1007.300000,746.800000,100,49.993905,3.447544,4.361510,False,Inlier
462,167.350000,129.900000,128.620000,175.460000,7.790000,1006.300000,746.600000,100,53.655022,2.994085,4.361510,False,Inlier
463,172.380000,13.610000,172.370000,156.760000,4.140000,1006.300000,856.400000,100,37.679863,4.730702,4.361510,True,Outlier
464,173.540000,50.050000,173.530000,164.770000,6.470000,1006.200000,793.500000,100,56.061294,3.640124,4.361510,False,Inlier
465,167.000000,75.400000,167.000000,164.030000,7.910000,1007.300000,770.100000,100,56.812822,3.386947,4.361510,False,Inlier
466,173.810000,93.370000,159.900000,172.340000,9.730000,1007.200000,746.600000,100,50.938487,3.108271,4.361510,False,Inlier
467,190.340000,0.000000,125.180000,166.610000,9.880000,1079.000000,798.900000,100,33.563692,3.668457,4.361510,False,Inlier
468,250.000000,0.000000,95.690000,191.840000,5.330000,948.900000,857.200000,100,41.161717,3.353077,4.361510,False,Inlier
469,213.500000,0.000000,174.240000,159.210000,11.660000,1043.600000,771.900000,100,52.958652,3.126230,4.361510,False,Inlier
470,194.680000,0.000000,100.520000,170.170000,7.480000,998.000000,901.800000,100,44.278149,2.994750,4.361510,False,Inlier
471,251.370000,0.000000,118.270000,192.940000,5.750000,1043.600000,754.300000,100,40.148187,3.690641,4.361510,False,Inlier
472,446.000000,24.000000,79.000000,162.000000,11.610000,967.000000,712.000000,28,57.026560,2.653693,4.361510,False,Inlier
473,446.000000,24.000000,79.000000,162.000000,11.640000,967.000000,712.000000,28,44.422939,3.080325,4.361510,False,Inlier
474,446.000000,24.000000,79.000000,162.000000,11.640000,967.000000,712.000000,28,51.021224,2.727916,4.361510,False,Inlier
475,446.000000,24.000000,79.000000,162.000000,10.300000,967.000000,712.000000,28,53.386127,2.728425,4.361510,False,Inlier
476,446.000000,24.000000,79.000000,162.000000,11.610000,967.000000,712.000000,3,35.363224,3.303729,4.361510,False,Inlier
477,446.000000,24.000000,79.000000,162.000000,11.640000,967.000000,712.000000,3,25.021084,4.240795,4.361510,False,Inlier
478,446.000000,24.000000,79.000000,162.000000,11.640000,967.000000,712.000000,3,23.345657,4.417807,4.361510,True,Outlier
479,446.000000,24.000000,79.000000,162.000000,11.610000,967.000000,712.000000,7,52.007175,2.793752,4.361510,False,Inlier
480,446.000000,24.000000,79.000000,162.000000,11.640000,967.000000,712.000000,7,38.017707,3.168053,4.361510,False,Inlier
481,446.000000,24.000000,79.000000,162.000000,11.640000,967.000000,712.000000,7,39.300132,3.085018,4.361510,False,Inlier
482,446.000000,24.000000,79.000000,162.000000,11.610000,967.000000,712.000000,56,61.066889,2.850864,4.361510,False,Inlier
483,446.000000,24.000000,79.000000,162.000000,11.640000,967.000000,712.000000,56,56.144031,3.042918,4.361510,False,Inlier
484,446.000000,24.000000,79.000000,162.000000,11.640000,967.000000,712.000000,56,55.254607,3.092561,4.361510,False,Inlier
485,446.000000,24.000000,79.000000,162.000000,10.300000,967.000000,712.000000,56,54.765079,3.152070,4.361510,False,Inlier
486,387.000000,20.000000,94.000000,157.000000,14.320000,938.000000,845.000000,28,50.235221,2.699154,4.361510,False,Inlier
487,387.000000,20.000000,94.000000,157.000000,13.930000,938.000000,845.000000,28,46.684420,2.724031,4.361510,False,Inlier
488,387.000000,20.000000,94.000000,157.000000,11.610000,938.000000,845.000000,28,46.684420,2.648782,4.361510,False,Inlier
489,387.000000,20.000000,94.000000,157.000000,14.320000,938.000000,845.000000,3,22.752708,4.108955,4.361510,False,Inlier
490,387.000000,20.000000,94.000000,157.000000,13.930000,938.000000,845.000000,3,25.510612,3.806420,4.361510,False,Inlier
491,387.000000,20.000000,94.000000,157.000000,11.610000,938.000000,845.000000,3,34.770275,3.028108,4.361510,False,Inlier
492,387.000000,20.000000,94.000000,157.000000,14.320000,938.000000,845.000000,7,36.838703,3.090843,4.361510,False,Inlier
493,387.000000,20.000000,94.000000,157.000000,13.930000,938.000000,845.000000,7,45.898417,2.870725,4.361510,False,Inlier
494,387.000000,20.000000,94.000000,157.000000,11.610000,938.000000,845.000000,7,41.665035,2.813740,4.361510,False,Inlier
495,387.000000,20.000000,94.000000,157.000000,14.320000,938.000000,845.000000,56,56.337084,2.781001,4.361510,False,Inlier
496,387.000000,20.000000,94.000000,157.000000,13.930000,938.000000,845.000000,56,47.966845,3.159576,4.361510,False,Inlier
497,387.000000,20.000000,94.000000,157.000000,11.610000,938.000000,845.000000,56,61.459891,2.710357,4.361510,False,Inlier
498,355.000000,19.000000,97.000000,145.000000,13.130000,967.000000,871.000000,28,44.029937,2.726781,4.361510,False,Inlier
499,355.000000,19.000000,97.000000,145.000000,12.250000,967.000000,871.000000,28,55.454555,2.836337,4.361510,False,Inlier
500,491.000000,26.000000,123.000000,210.000000,3.930000,882.000000,699.000000,28,55.551081,6.781405,4.361510,True,Outlier
501,491.000000,26.000000,123.000000,201.000000,3.930000,822.000000,699.000000,28,57.915984,5.292211,4.361510,True,Outlier
502,491.000000,26.000000,123.000000,210.000000,3.930000,882.000000,699.000000,3,25.609109,7.172786,4.361510,True,Outlier
503,491.000000,26.000000,123.000000,210.000000,3.930000,882.000000,699.000000,7,33.488834,6.924614,4.361510,True,Outlier
504,491.000000,26.000000,123.000000,210.000000,3.930000,882.000000,699.000000,56,59.590426,6.734570,4.361510,True,Outlier
505,491.000000,26.000000,123.000000,201.000000,3.930000,822.000000,699.000000,3,29.548971,5.631543,4.361510,True,Outlier
506,491.000000,26.000000,123.000000,201.000000,3.930000,822.000000,699.000000,7,37.921180,5.354172,4.361510,True,Outlier
507,491.000000,26.000000,123.000000,201.000000,3.930000,822.000000,699.000000,56,61.855847,5.288700,4.361510,True,Outlier
508,424.000000,22.000000,132.000000,178.000000,8.480000,822.000000,750.000000,28,62.052840,4.032384,4.361510,False,Inlier
509,424.000000,22.000000,132.000000,178.000000,8.480000,882.000000,750.000000,3,32.011386,3.938598,4.361510,False,Inlier
510,424.000000,22.000000,132.000000,168.000000,8.920000,822.000000,750.000000,28,72.098505,5.033237,4.361510,True,Outlier
511,424.000000,22.000000,132.000000,178.000000,8.480000,822.000000,750.000000,7,39.004642,3.851714,4.361510,False,Inlier
512,424.000000,22.000000,132.000000,178.000000,8.480000,822.000000,750.000000,56,65.697213,3.944813,4.361510,False,Inlier
513,424.000000,22.000000,132.000000,168.000000,8.920000,822.000000,750.000000,3,32.109882,4.703789,4.361510,True,Outlier
514,424.000000,22.000000,132.000000,168.000000,8.920000,822.000000,750.000000,7,40.285098,4.401885,4.361510,True,Outlier
515,424.000000,22.000000,132.000000,168.000000,8.920000,822.000000,750.000000,56,74.364911,4.757167,4.361510,True,Outlier
516,202.000000,11.000000,141.000000,206.000000,1.720000,942.000000,801.000000,28,21.966705,3.331494,4.361510,False,Inlier
517,202.000000,11.000000,141.000000,206.000000,1.720000,942.000000,801.000000,3,9.849657,3.461800,4.361510,False,Inlier
518,202.000000,11.000000,141.000000,206.000000,1.720000,942.000000,801.000000,7,15.069975,3.475209,4.361510,False,Inlier
519,202.000000,11.000000,141.000000,206.000000,1.720000,942.000000,801.000000,56,23.245191,3.331302,4.361510,False,Inlier
520,284.000000,15.000000,141.000000,179.000000,5.460000,842.000000,801.000000,28,43.733463,3.986407,4.361510,False,Inlier
521,284.000000,15.000000,141.000000,179.000000,5.460000,842.000000,801.000000,3,13.395534,4.179352,4.361510,False,Inlier
522,284.000000,15.000000,141.000000,179.000000,5.460000,842.000000,801.000000,7,24.131660,3.804572,4.361510,False,Inlier
523,284.000000,15.000000,141.000000,179.000000,5.460000,842.000000,801.000000,56,44.520450,3.901570,4.361510,False,Inlier
524,359.000000,19.000000,141.000000,154.000000,10.910000,942.000000,801.000000,28,62.935369,3.387544,4.361510,False,Inlier
525,359.000000,19.000000,141.000000,154.000000,10.910000,942.000000,801.000000,28,59.494884,3.146931,4.361510,False,Inlier
526,359.000000,19.000000,141.000000,154.000000,10.910000,942.000000,801.000000,3,25.116626,3.777128,4.361510,False,Inlier
527,359.000000,19.000000,141.000000,154.000000,10.910000,942.000000,801.000000,3,23.639177,3.904204,4.361510,False,Inlier
528,359.000000,19.000000,141.000000,154.000000,10.910000,942.000000,801.000000,7,35.754255,3.121346,4.361510,False,Inlier
529,359.000000,19.000000,141.000000,154.000000,10.910000,942.000000,801.000000,7,38.610656,3.021263,4.361510,False,Inlier
530,359.000000,19.000000,141.000000,154.000000,10.910000,942.000000,801.000000,56,68.750607,3.263301,4.361510,False,Inlier
531,359.000000,19.000000,141.000000,154.000000,10.910000,942.000000,801.000000,56,66.780675,3.149735,4.361510,False,Inlier
532,436.000000,0.000000,0.000000,218.000000,0.000000,838.400000,719.700000,28,23.848975,4.162226,4.361510,False,Inlier
533,289.000000,0.000000,0.000000,192.000000,0.000000,913.200000,895.300000,90,32.068218,3.614828,4.361510,False,Inlier
534,289.000000,0.000000,0.000000,192.000000,0.000000,913.200000,895.300000,3,11.654902,2.811199,4.361510,False,Inlier
535,393.000000,0.000000,0.000000,192.000000,0.000000,940.600000,785.600000,3,19.199149,2.628986,4.361510,False,Inlier
536,393.000000,0.000000,0.000000,192.000000,0.000000,940.600000,785.600000,90,48.846617,3.353536,4.361510,False,Inlier
537,393.000000,0.000000,0.000000,192.000000,0.000000,940.600000,785.600000,28,39.604880,2.624693,4.361510,False,Inlier
538,480.000000,0.000000,0.000000,192.000000,0.000000,936.200000,712.200000,28,43.942374,3.398314,4.361510,False,Inlier
539,480.000000,0.000000,0.000000,192.000000,0.000000,936.200000,712.200000,7,34.569637,3.423185,4.361510,False,Inlier
540,480.000000,0.000000,0.000000,192.000000,0.000000,936.200000,712.200000,90,54.315540,4.269522,4.361510,False,Inlier
541,480.000000,0.000000,0.000000,192.000000,0.000000,936.200000,712.200000,3,24.404692,3.697768,4.361510,False,Inlier
542,333.000000,0.000000,0.000000,192.000000,0.000000,931.200000,842.600000,3,15.615942,2.460898,4.361510,False,Inlier
543,255.000000,0.000000,0.000000,192.000000,0.000000,889.800000,945.000000,90,21.859147,4.362267,4.361510,True,Outlier
544,255.000000,0.000000,0.000000,192.000000,0.000000,889.800000,945.000000,7,10.222171,3.350290,4.361510,False,Inlier
545,289.000000,0.000000,0.000000,192.000000,0.000000,913.200000,895.300000,7,14.596896,2.769906,4.361510,False,Inlier
546,255.000000,0.000000,0.000000,192.000000,0.000000,889.800000,945.000000,28,18.746163,3.271803,4.361510,False,Inlier
547,333.000000,0.000000,0.000000,192.000000,0.000000,931.200000,842.600000,28,31.966865,2.473686,4.361510,False,Inlier
548,333.000000,0.000000,0.000000,192.000000,0.000000,931.200000,842.600000,7,23.404952,2.487708,4.361510,False,Inlier
549,289.000000,0.000000,0.000000,192.000000,0.000000,913.200000,895.300000,28,25.573354,2.761304,4.361510,False,Inlier
550,333.000000,0.000000,0.000000,192.000000,0.000000,931.200000,842.600000,90,41.680203,3.239630,4.361510,False,Inlier
551,393.000000,0.000000,0.000000,192.000000,0.000000,940.600000,785.600000,7,27.742446,2.512177,4.361510,False,Inlier
552,255.000000,0.000000,0.000000,192.000000,0.000000,889.800000,945.000000,3,8.204075,3.386293,4.361510,False,Inlier
553,158.800000,238.200000,0.000000,185.700000,0.000000,1040.600000,734.300000,7,9.617501,3.361333,4.361510,False,Inlier
554,239.600000,359.400000,0.000000,185.700000,0.000000,941.600000,664.300000,7,25.422359,5.134895,4.361510,True,Outlier
555,238.200000,158.800000,0.000000,185.700000,0.000000,1040.600000,734.300000,7,15.691095,2.411931,4.361510,False,Inlier
556,181.900000,272.800000,0.000000,185.700000,0.000000,1012.400000,714.300000,28,27.935499,3.231491,4.361510,False,Inlier
557,193.500000,290.200000,0.000000,185.700000,0.000000,998.200000,704.300000,28,32.626694,3.411870,4.361510,False,Inlier
558,255.500000,170.300000,0.000000,185.700000,0.000000,1026.600000,724.300000,7,17.236211,2.595114,4.361510,False,Inlier
559,272.800000,181.900000,0.000000,185.700000,0.000000,1012.400000,714.300000,7,19.765208,2.771394,4.361510,False,Inlier
560,239.600000,359.400000,0.000000,185.700000,0.000000,941.600000,664.300000,28,39.435269,4.729741,4.361510,True,Outlier
561,220.800000,147.200000,0.000000,185.700000,0.000000,1055.000000,744.300000,28,25.745034,1.957896,4.361510,False,Inlier
562,397.000000,0.000000,0.000000,185.700000,0.000000,1040.600000,734.300000,28,33.082437,2.341675,4.361510,False,Inlier
563,382.500000,0.000000,0.000000,185.700000,0.000000,1047.800000,739.300000,7,24.065470,2.372489,4.361510,False,Inlier
564,210.700000,316.100000,0.000000,185.700000,0.000000,977.000000,689.300000,7,21.819847,4.229620,4.361510,False,Inlier
565,158.800000,238.200000,0.000000,185.700000,0.000000,1040.600000,734.300000,28,21.066250,2.955835,4.361510,False,Inlier
566,295.800000,0.000000,0.000000,185.700000,0.000000,1091.400000,769.300000,7,14.843729,2.321372,4.361510,False,Inlier
567,255.500000,170.300000,0.000000,185.700000,0.000000,1026.600000,724.300000,28,32.051671,2.110732,4.361510,False,Inlier
568,203.500000,135.700000,0.000000,185.700000,0.000000,1076.200000,759.300000,7,11.957582,2.411123,4.361510,False,Inlier
569,397.000000,0.000000,0.000000,185.700000,0.000000,1040.600000,734.300000,7,25.447870,2.459496,4.361510,False,Inlier
570,381.400000,0.000000,0.000000,185.700000,0.000000,1104.600000,784.300000,28,22.489328,3.910504,4.361510,False,Inlier
571,295.800000,0.000000,0.000000,185.700000,0.000000,1091.400000,769.300000,28,25.216895,2.191920,4.361510,False,Inlier
572,228.000000,342.100000,0.000000,185.700000,0.000000,955.800000,674.300000,28,39.699339,4.315496,4.361510,False,Inlier
573,220.800000,147.200000,0.000000,185.700000,0.000000,1055.000000,744.300000,7,13.089012,2.367603,4.361510,False,Inlier
574,316.100000,210.700000,0.000000,185.700000,0.000000,977.000000,689.300000,28,38.700288,3.043305,4.361510,False,Inlier
575,135.700000,203.500000,0.000000,185.700000,0.000000,1076.200000,759.300000,7,7.507015,3.170287,4.361510,False,Inlier
576,238.100000,0.000000,0.000000,185.700000,0.000000,1118.800000,789.300000,28,17.576122,2.564703,4.361510,False,Inlier
577,339.200000,0.000000,0.000000,185.700000,0.000000,1069.200000,754.300000,7,21.179324,2.232776,4.361510,False,Inlier
578,135.700000,203.500000,0.000000,185.700000,0.000000,1076.200000,759.300000,28,18.198719,2.855174,4.361510,False,Inlier
579,193.500000,290.200000,0.000000,185.700000,0.000000,998.200000,704.300000,7,17.200358,3.897353,4.361510,False,Inlier
580,203.500000,135.700000,0.000000,185.700000,0.000000,1076.200000,759.300000,28,22.629981,2.105453,4.361510,False,Inlier
581,290.200000,193.500000,0.000000,185.700000,0.000000,998.200000,704.300000,7,21.859147,3.026000,4.361510,False,Inlier
582,181.900000,272.800000,0.000000,185.700000,0.000000,1012.400000,714.300000,7,12.372647,3.840038,4.361510,False,Inlier
583,170.300000,155.500000,0.000000,185.700000,0.000000,1026.600000,724.300000,28,25.726418,3.326995,4.361510,False,Inlier
584,210.700000,316.100000,0.000000,185.700000,0.000000,977.000000,689.300000,28,37.813622,3.804911,4.361510,False,Inlier
585,228.000000,342.100000,0.000000,185.700000,0.000000,955.800000,674.300000,7,21.917063,4.886813,4.361510,True,Outlier
586,290.200000,193.500000,0.000000,185.700000,0.000000,998.200000,704.300000,28,33.043137,2.670031,4.361510,False,Inlier
587,381.400000,0.000000,0.000000,185.700000,0.000000,1104.600000,784.300000,7,14.541049,4.109689,4.361510,False,Inlier
588,238.200000,158.800000,0.000000,185.700000,0.000000,1040.600000,734.300000,28,26.913696,2.036641,4.361510,False,Inlier
589,186.200000,124.100000,0.000000,185.700000,0.000000,1083.400000,764.300000,7,7.995853,2.488320,4.361510,False,Inlier
590,339.200000,0.000000,0.000000,185.700000,0.000000,1069.200000,754.300000,28,31.899986,2.178718,4.361510,False,Inlier
591,238.100000,0.000000,0.000000,185.700000,0.000000,1118.800000,789.300000,7,10.335935,2.697535,4.361510,False,Inlier
592,252.500000,0.000000,0.000000,185.700000,0.000000,1111.600000,784.300000,28,19.765208,2.446899,4.361510,False,Inlier
593,382.500000,0.000000,0.000000,185.700000,0.000000,1047.800000,739.300000,28,37.437857,2.352629,4.361510,False,Inlier
594,252.500000,0.000000,0.000000,185.700000,0.000000,1111.600000,784.300000,7,11.483912,2.575835,4.361510,False,Inlier
595,316.100000,210.700000,0.000000,185.700000,0.000000,977.000000,689.300000,7,24.437787,3.503442,4.361510,False,Inlier
596,186.200000,124.100000,0.000000,185.700000,0.000000,1083.400000,764.300000,28,17.596806,2.194215,4.361510,False,Inlier
597,170.300000,155.500000,0.000000,185.700000,0.000000,1026.600000,724.300000,7,10.730315,3.442836,4.361510,False,Inlier
598,272.800000,181.900000,0.000000,185.700000,0.000000,1012.400000,714.300000,28,31.381500,2.385010,4.361510,False,Inlier
599,339.000000,0.000000,0.000000,197.000000,0.000000,968.000000,781.000000,3,13.224150,2.387244,4.361510,False,Inlier
600,339.000000,0.000000,0.000000,197.000000,0.000000,968.000000,781.000000,7,20.966965,2.283302,4.361510,False,Inlier
601,339.000000,0.000000,0.000000,197.000000,0.000000,968.000000,781.000000,14,27.041249,2.356107,4.361510,False,Inlier
602,339.000000,0.000000,0.000000,197.000000,0.000000,968.000000,781.000000,28,32.039950,2.350165,4.361510,False,Inlier
603,339.000000,0.000000,0.000000,197.000000,0.000000,968.000000,781.000000,90,35.170171,3.420801,4.361510,False,Inlier
604,339.000000,0.000000,0.000000,197.000000,0.000000,968.000000,781.000000,180,36.445701,7.796067,4.361510,True,Outlier
605,339.000000,0.000000,0.000000,197.000000,0.000000,968.000000,781.000000,365,38.893341,17.750076,4.361510,True,Outlier
606,236.000000,0.000000,0.000000,194.000000,0.000000,968.000000,885.000000,3,6.467285,2.626990,4.361510,False,Inlier
607,236.000000,0.000000,0.000000,194.000000,0.000000,968.000000,885.000000,14,12.838043,2.544759,4.361510,False,Inlier
608,236.000000,0.000000,0.000000,194.000000,0.000000,968.000000,885.000000,28,18.415904,2.514380,4.361510,False,Inlier
609,236.000000,0.000000,0.000000,194.000000,0.000000,968.000000,885.000000,90,21.946021,3.641651,4.361510,False,Inlier
610,236.000000,0.000000,0.000000,193.000000,0.000000,968.000000,885.000000,180,24.104081,7.930146,4.361510,True,Outlier
611,236.000000,0.000000,0.000000,193.000000,0.000000,968.000000,885.000000,365,25.083137,17.996846,4.361510,True,Outlier
612,277.000000,0.000000,0.000000,191.000000,0.000000,968.000000,856.000000,14,21.263440,2.423100,4.361510,False,Inlier
613,277.000000,0.000000,0.000000,191.000000,0.000000,968.000000,856.000000,28,25.965666,2.386369,4.361510,False,Inlier
614,277.000000,0.000000,0.000000,191.000000,0.000000,968.000000,856.000000,3,11.362564,2.381377,4.361510,False,Inlier
615,277.000000,0.000000,0.000000,191.000000,0.000000,968.000000,856.000000,90,31.253947,3.295916,4.361510,False,Inlier
616,277.000000,0.000000,0.000000,191.000000,0.000000,968.000000,856.000000,180,32.329530,7.587236,4.361510,True,Outlier
617,277.000000,0.000000,0.000000,191.000000,0.000000,968.000000,856.000000,360,33.701587,17.345967,4.361510,True,Outlier
618,254.000000,0.000000,0.000000,198.000000,0.000000,968.000000,863.000000,3,9.307926,2.454063,4.361510,False,Inlier
619,254.000000,0.000000,0.000000,198.000000,0.000000,968.000000,863.000000,90,26.944722,3.294101,4.361510,False,Inlier
620,254.000000,0.000000,0.000000,198.000000,0.000000,968.000000,863.000000,180,27.627303,7.621024,4.361510,True,Outlier
621,254.000000,0.000000,0.000000,198.000000,0.000000,968.000000,863.000000,365,29.785363,17.583767,4.361510,True,Outlier
622,307.000000,0.000000,0.000000,193.000000,0.000000,968.000000,812.000000,180,34.487590,7.758468,4.361510,True,Outlier
623,307.000000,0.000000,0.000000,193.000000,0.000000,968.000000,812.000000,365,36.149227,17.760922,4.361510,True,Outlier
624,307.000000,0.000000,0.000000,193.000000,0.000000,968.000000,812.000000,3,12.541568,2.453930,4.361510,False,Inlier
625,307.000000,0.000000,0.000000,193.000000,0.000000,968.000000,812.000000,28,27.530777,2.397321,4.361510,False,Inlier
626,307.000000,0.000000,0.000000,193.000000,0.000000,968.000000,812.000000,90,32.922479,3.478904,4.361510,False,Inlier
627,236.000000,0.000000,0.000000,193.000000,0.000000,968.000000,885.000000,7,9.990507,2.618467,4.361510,False,Inlier
628,200.000000,0.000000,0.000000,180.000000,0.000000,1125.000000,845.000000,7,7.839342,2.906637,4.361510,False,Inlier
629,200.000000,0.000000,0.000000,180.000000,0.000000,1125.000000,845.000000,28,12.245094,2.757650,4.361510,False,Inlier
630,225.000000,0.000000,0.000000,181.000000,0.000000,1113.000000,833.000000,7,11.169511,2.659513,4.361510,False,Inlier
631,225.000000,0.000000,0.000000,181.000000,0.000000,1113.000000,833.000000,28,17.340321,2.497772,4.361510,False,Inlier
632,325.000000,0.000000,0.000000,184.000000,0.000000,1063.000000,783.000000,7,17.540269,2.105311,4.361510,False,Inlier
633,325.000000,0.000000,0.000000,184.000000,0.000000,1063.000000,783.000000,28,30.571366,2.015645,4.361510,False,Inlier
634,275.000000,0.000000,0.000000,183.000000,0.000000,1088.000000,808.000000,7,14.203206,2.241334,4.361510,False,Inlier
635,275.000000,0.000000,0.000000,183.000000,0.000000,1088.000000,808.000000,28,24.497082,2.129827,4.361510,False,Inlier
636,300.000000,0.000000,0.000000,184.000000,0.000000,1075.000000,795.000000,7,15.575263,2.126271,4.361510,False,Inlier
637,300.000000,0.000000,0.000000,184.000000,0.000000,1075.000000,795.000000,28,26.848195,2.003013,4.361510,False,Inlier
638,375.000000,0.000000,0.000000,186.000000,0.000000,1038.000000,758.000000,7,26.062193,2.202551,4.361510,False,Inlier
639,375.000000,0.000000,0.000000,186.000000,0.000000,1038.000000,758.000000,28,38.210760,2.268387,4.361510,False,Inlier
640,400.000000,0.000000,0.000000,187.000000,0.000000,1025.000000,745.000000,28,43.698989,2.613218,4.361510,False,Inlier
641,400.000000,0.000000,0.000000,187.000000,0.000000,1025.000000,745.000000,7,30.143891,2.383523,4.361510,False,Inlier
642,250.000000,0.000000,0.000000,182.000000,0.000000,1100.000000,820.000000,7,12.734622,2.421601,4.361510,False,Inlier
643,250.000000,0.000000,0.000000,182.000000,0.000000,1100.000000,820.000000,28,20.870439,2.281137,4.361510,False,Inlier
644,350.000000,0.000000,0.000000,186.000000,0.000000,1050.000000,770.000000,7,20.277489,2.098697,4.361510,False,Inlier
645,350.000000,0.000000,0.000000,186.000000,0.000000,1050.000000,770.000000,28,34.294536,2.084066,4.361510,False,Inlier
646,203.500000,305.300000,0.000000,203.500000,0.000000,963.400000,630.000000,7,19.539060,3.629402,4.361510,False,Inlier
647,250.200000,166.800000,0.000000,203.500000,0.000000,977.600000,694.100000,90,47.714497,2.900322,4.361510,False,Inlier
648,157.000000,236.000000,0.000000,192.000000,0.000000,935.400000,781.200000,90,43.377004,3.375206,4.361510,False,Inlier
649,141.300000,212.000000,0.000000,203.500000,0.000000,971.800000,748.500000,28,29.892232,2.575056,4.361510,False,Inlier
650,166.800000,250.200000,0.000000,203.500000,0.000000,975.600000,692.600000,3,6.902344,3.183470,4.361510,False,Inlier
651,122.600000,183.900000,0.000000,203.500000,0.000000,958.200000,800.100000,90,33.192064,3.173315,4.361510,False,Inlier
652,183.900000,122.600000,0.000000,203.500000,0.000000,959.200000,800.000000,3,4.903553,2.202941,4.361510,False,Inlier
653,102.000000,153.000000,0.000000,192.000000,0.000000,887.000000,942.000000,3,4.565021,3.762547,4.361510,False,Inlier
654,102.000000,153.000000,0.000000,192.000000,0.000000,887.000000,942.000000,90,25.460970,4.283999,4.361510,False,Inlier
655,122.600000,183.900000,0.000000,203.500000,0.000000,958.200000,800.100000,28,24.290929,2.605758,4.361510,False,Inlier
656,166.800000,250.200000,0.000000,203.500000,0.000000,975.600000,692.600000,28,33.947730,2.681001,4.361510,False,Inlier
657,200.000000,133.000000,0.000000,192.000000,0.000000,965.400000,806.200000,3,11.414275,2.021722,4.361510,False,Inlier
658,108.300000,162.400000,0.000000,203.500000,0.000000,938.200000,849.000000,28,20.593959,2.909372,4.361510,False,Inlier
659,305.300000,203.500000,0.000000,203.500000,0.000000,965.400000,631.000000,7,25.893961,2.881836,4.361510,False,Inlier
660,108.300000,162.400000,0.000000,203.500000,0.000000,938.200000,849.000000,90,29.231714,3.415573,4.361510,False,Inlier
661,116.000000,173.000000,0.000000,192.000000,0.000000,909.800000,891.900000,90,31.023662,3.763031,4.361510,False,Inlier
662,141.300000,212.000000,0.000000,203.500000,0.000000,971.800000,748.500000,7,10.393851,2.457916,4.361510,False,Inlier
663,157.000000,236.000000,0.000000,192.000000,0.000000,935.400000,781.200000,28,33.664355,2.724986,4.361510,False,Inlier
664,133.000000,200.000000,0.000000,192.000000,0.000000,927.400000,839.200000,28,27.874825,2.813438,4.361510,False,Inlier
665,250.200000,166.800000,0.000000,203.500000,0.000000,977.600000,694.100000,7,19.350144,2.053173,4.361510,False,Inlier
666,173.000000,116.000000,0.000000,192.000000,0.000000,946.800000,856.800000,7,11.392212,2.359024,4.361510,False,Inlier
667,192.000000,288.000000,0.000000,192.000000,0.000000,929.800000,716.100000,3,12.788401,3.760783,4.361510,False,Inlier
668,192.000000,288.000000,0.000000,192.000000,0.000000,929.800000,716.100000,28,39.321506,3.113561,4.361510,False,Inlier
669,153.000000,102.000000,0.000000,192.000000,0.000000,888.000000,943.100000,3,4.782206,3.479042,4.361510,False,Inlier
670,288.000000,192.000000,0.000000,192.000000,0.000000,932.000000,717.800000,3,16.109607,3.107015,4.361510,False,Inlier
671,305.300000,203.500000,0.000000,203.500000,0.000000,965.400000,631.000000,28,43.377004,2.762055,4.361510,False,Inlier
672,236.000000,157.000000,0.000000,192.000000,0.000000,972.600000,749.100000,7,20.416074,1.885036,4.361510,False,Inlier
673,173.000000,116.000000,0.000000,192.000000,0.000000,946.800000,856.800000,3,6.940955,2.447190,4.361510,False,Inlier
674,212.000000,141.300000,0.000000,203.500000,0.000000,973.400000,750.000000,7,15.030577,1.822925,4.361510,False,Inlier
675,236.000000,157.000000,0.000000,192.000000,0.000000,972.600000,749.100000,3,13.565440,2.176823,4.361510,False,Inlier
676,183.900000,122.600000,0.000000,203.500000,0.000000,959.200000,800.000000,90,32.532925,2.908390,4.361510,False,Inlier
677,166.800000,250.200000,0.000000,203.500000,0.000000,975.600000,692.600000,7,15.748321,2.713555,4.361510,False,Inlier
678,102.000000,153.000000,0.000000,192.000000,0.000000,887.000000,942.000000,7,7.675936,3.732029,4.361510,False,Inlier
679,288.000000,192.000000,0.000000,192.000000,0.000000,932.000000,717.800000,28,38.804399,2.362905,4.361510,False,Inlier
680,212.000000,141.300000,0.000000,203.500000,0.000000,973.400000,750.000000,28,33.003837,2.190345,4.361510,False,Inlier
681,102.000000,153.000000,0.000000,192.000000,0.000000,887.000000,942.000000,28,17.275511,3.678049,4.361510,False,Inlier
682,173.000000,116.000000,0.000000,192.000000,0.000000,946.800000,856.800000,28,24.281966,2.394821,4.361510,False,Inlier
683,183.900000,122.600000,0.000000,203.500000,0.000000,959.200000,800.000000,28,24.046165,2.063221,4.361510,False,Inlier
684,133.000000,200.000000,0.000000,192.000000,0.000000,927.400000,839.200000,90,36.588423,3.427403,4.361510,False,Inlier
685,192.000000,288.000000,0.000000,192.000000,0.000000,929.800000,716.100000,90,50.732334,3.826329,4.361510,False,Inlier
686,133.000000,200.000000,0.000000,192.000000,0.000000,927.400000,839.200000,7,13.664035,2.752746,4.361510,False,Inlier
687,305.300000,203.500000,0.000000,203.500000,0.000000,965.400000,631.000000,3,14.143911,3.614918,4.361510,False,Inlier
688,236.000000,157.000000,0.000000,192.000000,0.000000,972.600000,749.100000,90,47.782066,2.823673,4.361510,False,Inlier
689,108.300000,162.400000,0.000000,203.500000,0.000000,938.200000,849.000000,3,2.331808,2.894683,4.361510,False,Inlier
690,157.000000,236.000000,0.000000,192.000000,0.000000,935.400000,781.200000,7,16.889404,2.692926,4.361510,False,Inlier
691,288.000000,192.000000,0.000000,192.000000,0.000000,932.000000,717.800000,7,23.523542,2.644464,4.361510,False,Inlier
692,212.000000,141.300000,0.000000,203.500000,0.000000,973.400000,750.000000,3,6.808575,2.179769,4.361510,False,Inlier
693,212.000000,141.300000,0.000000,203.500000,0.000000,973.400000,750.000000,90,39.700028,2.739888,4.361510,False,Inlier
694,153.000000,102.000000,0.000000,192.000000,0.000000,888.000000,943.100000,28,17.964297,3.377569,4.361510,False,Inlier
695,236.000000,157.000000,0.000000,192.000000,0.000000,972.600000,749.100000,28,32.884558,1.824694,4.361510,False,Inlier
696,116.000000,173.000000,0.000000,192.000000,0.000000,909.800000,891.900000,28,22.347986,3.161227,4.361510,False,Inlier
697,183.900000,122.600000,0.000000,203.500000,0.000000,959.200000,800.000000,7,10.787541,2.033614,4.361510,False,Inlier
698,108.300000,162.400000,0.000000,203.500000,0.000000,938.200000,849.000000,7,7.723510,2.837470,4.361510,False,Inlier
699,203.500000,305.300000,0.000000,203.500000,0.000000,963.400000,630.000000,28,41.684340,3.364532,4.361510,False,Inlier
700,203.500000,305.300000,0.000000,203.500000,0.000000,963.400000,630.000000,3,9.561653,4.268980,4.361510,False,Inlier
701,133.000000,200.000000,0.000000,192.000000,0.000000,927.400000,839.200000,3,6.883728,2.916828,4.361510,False,Inlier
702,288.000000,192.000000,0.000000,192.000000,0.000000,932.000000,717.800000,90,50.526870,3.394353,4.361510,False,Inlier
703,200.000000,133.000000,0.000000,192.000000,0.000000,965.400000,806.200000,7,17.165884,1.920056,4.361510,False,Inlier
704,200.000000,133.000000,0.000000,192.000000,0.000000,965.400000,806.200000,28,30.439676,2.071740,4.361510,False,Inlier
705,250.200000,166.800000,0.000000,203.500000,0.000000,977.600000,694.100000,3,9.731264,2.611349,4.361510,False,Inlier
706,122.600000,183.900000,0.000000,203.500000,0.000000,958.200000,800.100000,3,3.319827,2.648602,4.361510,False,Inlier
707,153.000000,102.000000,0.000000,192.000000,0.000000,888.000000,943.100000,90,26.322815,4.063410,4.361510,False,Inlier
708,200.000000,133.000000,0.000000,192.000000,0.000000,965.400000,806.200000,90,43.250829,2.801658,4.361510,False,Inlier
709,116.000000,173.000000,0.000000,192.000000,0.000000,909.800000,891.900000,3,6.280437,3.214571,4.361510,False,Inlier
710,173.000000,116.000000,0.000000,192.000000,0.000000,946.800000,856.800000,90,32.102692,3.179451,4.361510,False,Inlier
711,250.200000,166.800000,0.000000,203.500000,0.000000,977.600000,694.100000,28,36.964187,2.159825,4.361510,False,Inlier
712,305.300000,203.500000,0.000000,203.500000,0.000000,965.400000,631.000000,90,54.598915,3.548046,4.361510,False,Inlier
713,192.000000,288.000000,0.000000,192.000000,0.000000,929.800000,716.100000,7,21.480625,3.290823,4.361510,False,Inlier
714,157.000000,236.000000,0.000000,192.000000,0.000000,935.400000,781.200000,3,9.694722,2.981744,4.361510,False,Inlier
715,153.000000,102.000000,0.000000,192.000000,0.000000,888.000000,943.100000,7,8.374375,3.439063,4.361510,False,Inlier
716,141.300000,212.000000,0.000000,203.500000,0.000000,971.800000,748.500000,90,39.662107,3.104981,4.361510,False,Inlier
717,116.000000,173.000000,0.000000,192.000000,0.000000,909.800000,891.900000,7,10.089792,3.160416,4.361510,False,Inlier
718,141.300000,212.000000,0.000000,203.500000,0.000000,971.800000,748.500000,3,4.827711,2.702714,4.361510,False,Inlier
719,122.600000,183.900000,0.000000,203.500000,0.000000,958.200000,800.100000,7,10.354551,2.503196,4.361510,False,Inlier
720,166.800000,250.200000,0.000000,203.500000,0.000000,975.600000,692.600000,90,43.565231,3.351351,4.361510,False,Inlier
721,203.500000,305.300000,0.000000,203.500000,0.000000,963.400000,630.000000,90,51.863764,3.993738,4.361510,False,Inlier
722,310.000000,0.000000,0.000000,192.000000,0.000000,1012.000000,830.000000,3,11.852092,2.119180,4.361510,False,Inlier
723,310.000000,0.000000,0.000000,192.000000,0.000000,1012.000000,830.000000,7,17.243795,2.014482,4.361510,False,Inlier
724,310.000000,0.000000,0.000000,192.000000,0.000000,1012.000000,830.000000,28,27.827251,1.938762,4.361510,False,Inlier
725,310.000000,0.000000,0.000000,192.000000,0.000000,1012.000000,830.000000,90,35.763120,2.884590,4.361510,False,Inlier
726,310.000000,0.000000,0.000000,192.000000,0.000000,1012.000000,830.000000,120,38.700288,4.037634,4.361510,False,Inlier
727,331.000000,0.000000,0.000000,192.000000,0.000000,1025.000000,821.000000,3,14.306627,2.384562,4.361510,False,Inlier
728,331.000000,0.000000,0.000000,192.000000,0.000000,1025.000000,821.000000,7,17.436848,2.293411,4.361510,False,Inlier
729,331.000000,0.000000,0.000000,192.000000,0.000000,1025.000000,821.000000,28,31.743475,2.293615,4.361510,False,Inlier
730,331.000000,0.000000,0.000000,192.000000,0.000000,1025.000000,821.000000,90,37.914285,3.034749,4.361510,False,Inlier
731,331.000000,0.000000,0.000000,192.000000,0.000000,1025.000000,821.000000,120,39.382869,4.227922,4.361510,False,Inlier
732,349.000000,0.000000,0.000000,192.000000,0.000000,1056.000000,809.000000,3,15.871738,3.129445,4.361510,False,Inlier
733,349.000000,0.000000,0.000000,192.000000,0.000000,1056.000000,809.000000,7,9.011451,3.426529,4.361510,False,Inlier
734,349.000000,0.000000,0.000000,192.000000,0.000000,1056.000000,809.000000,28,33.605060,3.024015,4.361510,False,Inlier
735,349.000000,0.000000,0.000000,192.000000,0.000000,1056.000000,809.000000,90,40.658400,3.528020,4.361510,False,Inlier
736,349.000000,0.000000,0.000000,192.000000,0.000000,1056.000000,809.000000,120,40.858348,4.619010,4.361510,True,Outlier
737,238.000000,0.000000,0.000000,186.000000,0.000000,1119.000000,789.000000,7,12.052040,2.713720,4.361510,False,Inlier
738,238.000000,0.000000,0.000000,186.000000,0.000000,1119.000000,789.000000,28,17.540269,2.564579,4.361510,False,Inlier
739,296.000000,0.000000,0.000000,186.000000,0.000000,1090.000000,769.000000,7,18.912327,2.334338,4.361510,False,Inlier
740,296.000000,0.000000,0.000000,186.000000,0.000000,1090.000000,769.000000,28,25.179664,2.184789,4.361510,False,Inlier
741,297.000000,0.000000,0.000000,186.000000,0.000000,1040.000000,734.000000,7,30.957472,4.307756,4.361510,False,Inlier
742,480.000000,0.000000,0.000000,192.000000,0.000000,936.000000,721.000000,28,43.892042,3.266088,4.361510,False,Inlier
743,480.000000,0.000000,0.000000,192.000000,0.000000,936.000000,721.000000,90,54.275551,4.145014,4.361510,False,Inlier
744,397.000000,0.000000,0.000000,186.000000,0.000000,1040.000000,734.000000,28,36.935229,2.368598,4.361510,False,Inlier
745,281.000000,0.000000,0.000000,186.000000,0.000000,1104.000000,774.000000,7,14.499680,2.402781,4.361510,False,Inlier
746,281.000000,0.000000,0.000000,185.000000,0.000000,1104.000000,774.000000,28,22.435549,2.275077,4.361510,False,Inlier
747,500.000000,0.000000,0.000000,200.000000,0.000000,1125.000000,613.000000,1,12.638095,5.895948,4.361510,True,Outlier
748,500.000000,0.000000,0.000000,200.000000,0.000000,1125.000000,613.000000,3,26.062193,5.207559,4.361510,True,Outlier
749,500.000000,0.000000,0.000000,200.000000,0.000000,1125.000000,613.000000,7,33.212059,5.050295,4.361510,True,Outlier
750,500.000000,0.000000,0.000000,200.000000,0.000000,1125.000000,613.000000,14,36.935229,4.996871,4.361510,True,Outlier
751,500.000000,0.000000,0.000000,200.000000,0.000000,1125.000000,613.000000,28,44.091990,4.951351,4.361510,True,Outlier
752,540.000000,0.000000,0.000000,173.000000,0.000000,1125.000000,613.000000,7,52.613914,4.947678,4.361510,True,Outlier
753,540.000000,0.000000,0.000000,173.000000,0.000000,1125.000000,613.000000,14,59.763780,5.098214,4.361510,True,Outlier
754,540.000000,0.000000,0.000000,173.000000,0.000000,1125.000000,613.000000,28,67.306647,5.237933,4.361510,True,Outlier
755,540.000000,0.000000,0.000000,173.000000,0.000000,1125.000000,613.000000,90,69.657760,5.325254,4.361510,True,Outlier
756,540.000000,0.000000,0.000000,173.000000,0.000000,1125.000000,613.000000,180,71.622767,8.289522,4.361510,True,Outlier
757,540.000000,0.000000,0.000000,173.000000,0.000000,1125.000000,613.000000,270,74.166933,12.453242,4.361510,True,Outlier
758,350.000000,0.000000,0.000000,203.000000,0.000000,974.000000,775.000000,7,18.126324,2.146540,4.361510,False,Inlier
759,350.000000,0.000000,0.000000,203.000000,0.000000,974.000000,775.000000,14,22.532076,2.078890,4.361510,False,Inlier
760,350.000000,0.000000,0.000000,203.000000,0.000000,974.000000,775.000000,28,27.337723,2.018174,4.361510,False,Inlier
761,350.000000,0.000000,0.000000,203.000000,0.000000,974.000000,775.000000,56,29.978416,2.297273,4.361510,False,Inlier
762,350.000000,0.000000,0.000000,203.000000,0.000000,974.000000,775.000000,90,31.350474,3.502541,4.361510,False,Inlier
763,350.000000,0.000000,0.000000,203.000000,0.000000,974.000000,775.000000,180,32.722531,8.029941,4.361510,True,Outlier
764,385.000000,0.000000,0.000000,186.000000,0.000000,966.000000,763.000000,1,6.267337,3.927841,4.361510,False,Inlier
765,385.000000,0.000000,0.000000,186.000000,0.000000,966.000000,763.000000,3,14.699628,3.334479,4.361510,False,Inlier
766,385.000000,0.000000,0.000000,186.000000,0.000000,966.000000,763.000000,7,23.221552,3.023116,4.361510,False,Inlier
767,385.000000,0.000000,0.000000,186.000000,0.000000,966.000000,763.000000,14,27.923778,2.963126,4.361510,False,Inlier
768,385.000000,0.000000,0.000000,186.000000,0.000000,966.000000,763.000000,28,31.350474,2.960306,4.361510,False,Inlier
769,331.000000,0.000000,0.000000,192.000000,0.000000,978.000000,825.000000,180,38.996763,7.356738,4.361510,True,Outlier
770,331.000000,0.000000,0.000000,192.000000,0.000000,978.000000,825.000000,360,41.244454,17.080891,4.361510,True,Outlier
771,349.000000,0.000000,0.000000,192.000000,0.000000,1047.000000,806.000000,3,14.989208,2.858939,4.361510,False,Inlier
772,331.000000,0.000000,0.000000,192.000000,0.000000,978.000000,825.000000,3,13.520624,2.093782,4.361510,False,Inlier
773,382.000000,0.000000,0.000000,186.000000,0.000000,1047.000000,739.000000,7,24.000660,2.365468,4.361510,False,Inlier
774,382.000000,0.000000,0.000000,186.000000,0.000000,1047.000000,739.000000,28,37.424757,2.350407,4.361510,False,Inlier
775,382.000000,0.000000,0.000000,186.000000,0.000000,1111.000000,784.000000,7,11.465986,4.473230,4.361510,True,Outlier
776,281.000000,0.000000,0.000000,186.000000,0.000000,1104.000000,774.000000,28,22.435549,2.259537,4.361510,False,Inlier
777,339.000000,0.000000,0.000000,185.000000,0.000000,1069.000000,754.000000,7,21.160018,2.261979,4.361510,False,Inlier
778,339.000000,0.000000,0.000000,185.000000,0.000000,1069.000000,754.000000,28,31.840002,2.206034,4.361510,False,Inlier
779,295.000000,0.000000,0.000000,185.000000,0.000000,1069.000000,769.000000,7,14.796155,2.470859,4.361510,False,Inlier
780,295.000000,0.000000,0.000000,185.000000,0.000000,1069.000000,769.000000,28,25.179664,2.372913,4.361510,False,Inlier
781,238.000000,0.000000,0.000000,185.000000,0.000000,1118.000000,789.000000,28,17.540269,2.582208,4.361510,False,Inlier
782,296.000000,0.000000,0.000000,192.000000,0.000000,1085.000000,765.000000,7,14.203206,2.311941,4.361510,False,Inlier
783,296.000000,0.000000,0.000000,192.000000,0.000000,1085.000000,765.000000,28,21.649546,2.147937,4.361510,False,Inlier
784,296.000000,0.000000,0.000000,192.000000,0.000000,1085.000000,765.000000,90,29.392362,3.419242,4.361510,False,Inlier
785,331.000000,0.000000,0.000000,192.000000,0.000000,879.000000,825.000000,3,13.520624,4.105355,4.361510,False,Inlier
786,331.000000,0.000000,0.000000,192.000000,0.000000,978.000000,825.000000,7,16.264739,1.991286,4.361510,False,Inlier
787,331.000000,0.000000,0.000000,192.000000,0.000000,978.000000,825.000000,28,31.447000,2.000424,4.361510,False,Inlier
788,331.000000,0.000000,0.000000,192.000000,0.000000,978.000000,825.000000,90,37.231704,2.988696,4.361510,False,Inlier
789,349.000000,0.000000,0.000000,192.000000,0.000000,1047.000000,806.000000,7,18.126324,2.763860,4.361510,False,Inlier
790,349.000000,0.000000,0.000000,192.000000,0.000000,1047.000000,806.000000,28,32.722531,2.691315,4.361510,False,Inlier
791,349.000000,0.000000,0.000000,192.000000,0.000000,1047.000000,806.000000,90,39.486291,3.356688,4.361510,False,Inlier
792,349.000000,0.000000,0.000000,192.000000,0.000000,1047.000000,806.000000,180,41.051401,7.412644,4.361510,True,Outlier
793,349.000000,0.000000,0.000000,192.000000,0.000000,1047.000000,806.000000,360,42.126984,17.130566,4.361510,True,Outlier
794,302.000000,0.000000,0.000000,203.000000,0.000000,974.000000,817.000000,14,18.126324,2.121357,4.361510,False,Inlier
795,302.000000,0.000000,0.000000,203.000000,0.000000,974.000000,817.000000,180,26.744774,8.048008,4.361510,True,Outlier
796,525.000000,0.000000,0.000000,189.000000,0.000000,1125.000000,613.000000,180,61.921840,8.482944,4.361510,True,Outlier
797,500.000000,0.000000,0.000000,200.000000,0.000000,1125.000000,613.000000,90,47.222211,5.721039,4.361510,True,Outlier
798,500.000000,0.000000,0.000000,200.000000,0.000000,1125.000000,613.000000,180,51.041908,9.023163,4.361510,True,Outlier
799,500.000000,0.000000,0.000000,200.000000,0.000000,1125.000000,613.000000,270,55.158080,13.151582,4.361510,True,Outlier
800,540.000000,0.000000,0.000000,173.000000,0.000000,1125.000000,613.000000,3,41.637456,4.891972,4.361510,True,Outlier
801,252.000000,0.000000,0.000000,185.000000,0.000000,1111.000000,784.000000,7,13.713678,2.612299,4.361510,False,Inlier
802,252.000000,0.000000,0.000000,185.000000,0.000000,1111.000000,784.000000,28,19.691435,2.471309,4.361510,False,Inlier
803,339.000000,0.000000,0.000000,185.000000,0.000000,1060.000000,754.000000,28,31.646948,2.247957,4.361510,False,Inlier
804,393.000000,0.000000,0.000000,192.000000,0.000000,940.000000,758.000000,3,19.105380,3.142487,4.361510,False,Inlier
805,393.000000,0.000000,0.000000,192.000000,0.000000,940.000000,758.000000,28,39.582817,3.145545,4.361510,False,Inlier
806,393.000000,0.000000,0.000000,192.000000,0.000000,940.000000,758.000000,90,48.794217,3.855558,4.361510,False,Inlier
807,382.000000,0.000000,0.000000,185.000000,0.000000,1047.000000,739.000000,7,24.000660,2.409139,4.361510,False,Inlier
808,382.000000,0.000000,0.000000,185.000000,0.000000,1047.000000,739.000000,28,37.424757,2.387461,4.361510,False,Inlier
809,252.000000,0.000000,0.000000,186.000000,0.000000,1111.000000,784.000000,7,11.465986,2.577384,4.361510,False,Inlier
810,252.000000,0.000000,0.000000,185.000000,0.000000,1111.000000,784.000000,28,19.691435,2.471309,4.361510,False,Inlier
811,310.000000,0.000000,0.000000,192.000000,0.000000,970.000000,850.000000,7,14.989208,2.076978,4.361510,False,Inlier
812,310.000000,0.000000,0.000000,192.000000,0.000000,970.000000,850.000000,28,27.923778,2.034893,4.361510,False,Inlier
813,310.000000,0.000000,0.000000,192.000000,0.000000,970.000000,850.000000,90,34.680643,3.042135,4.361510,False,Inlier
814,310.000000,0.000000,0.000000,192.000000,0.000000,970.000000,850.000000,180,37.328231,7.300108,4.361510,True,Outlier
815,310.000000,0.000000,0.000000,192.000000,0.000000,970.000000,850.000000,360,38.114233,17.148089,4.361510,True,Outlier
816,525.000000,0.000000,0.000000,189.000000,0.000000,1125.000000,613.000000,3,33.798114,4.915405,4.361510,True,Outlier
817,525.000000,0.000000,0.000000,189.000000,0.000000,1125.000000,613.000000,7,42.423458,4.824682,4.361510,True,Outlier
818,525.000000,0.000000,0.000000,189.000000,0.000000,1125.000000,613.000000,14,48.401215,4.837923,4.361510,True,Outlier
819,525.000000,0.000000,0.000000,189.000000,0.000000,1125.000000,613.000000,28,55.944083,4.885949,4.361510,True,Outlier
820,525.000000,0.000000,0.000000,189.000000,0.000000,1125.000000,613.000000,90,58.784724,5.306423,4.361510,True,Outlier
821,525.000000,0.000000,0.000000,189.000000,0.000000,1125.000000,613.000000,270,67.113594,12.493771,4.361510,True,Outlier
822,322.000000,0.000000,0.000000,203.000000,0.000000,974.000000,800.000000,14,20.773912,2.081253,4.361510,False,Inlier
823,322.000000,0.000000,0.000000,203.000000,0.000000,974.000000,800.000000,28,25.179664,2.004865,4.361510,False,Inlier
824,322.000000,0.000000,0.000000,203.000000,0.000000,974.000000,800.000000,180,29.585415,7.993644,4.361510,True,Outlier
825,302.000000,0.000000,0.000000,203.000000,0.000000,974.000000,817.000000,28,21.752968,2.024999,4.361510,False,Inlier
826,397.000000,0.000000,0.000000,185.000000,0.000000,1040.000000,734.000000,28,39.093289,2.476385,4.361510,False,Inlier
827,480.000000,0.000000,0.000000,192.000000,0.000000,936.000000,721.000000,3,24.393661,3.580915,4.361510,False,Inlier
828,522.000000,0.000000,0.000000,146.000000,0.000000,896.000000,896.000000,7,50.511012,6.380749,4.361510,True,Outlier
829,522.000000,0.000000,0.000000,146.000000,0.000000,896.000000,896.000000,28,74.987410,6.980167,4.361510,True,Outlier
830,273.000000,105.000000,82.000000,210.000000,9.000000,904.000000,680.000000,28,37.169651,3.133442,4.361510,False,Inlier
831,162.000000,190.000000,148.000000,179.000000,19.000000,838.000000,741.000000,28,33.756745,4.021332,4.361510,False,Inlier
832,154.000000,144.000000,112.000000,220.000000,10.000000,923.000000,658.000000,28,16.499161,4.537513,4.361510,True,Outlier
833,147.000000,115.000000,89.000000,202.000000,9.000000,860.000000,829.000000,28,19.987909,2.954908,4.361510,False,Inlier
834,152.000000,178.000000,139.000000,168.000000,18.000000,944.000000,695.000000,28,36.349175,3.904694,4.361510,False,Inlier
835,310.000000,143.000000,111.000000,168.000000,22.000000,914.000000,651.000000,28,33.687797,5.784767,4.361510,True,Outlier
836,144.000000,0.000000,175.000000,158.000000,18.000000,943.000000,844.000000,28,15.416683,4.392649,4.361510,True,Outlier
837,304.000000,140.000000,0.000000,214.000000,6.000000,895.000000,722.000000,28,33.418902,3.001874,4.361510,False,Inlier
838,374.000000,0.000000,0.000000,190.000000,7.000000,1013.000000,730.000000,28,39.051921,3.124650,4.361510,False,Inlier
839,159.000000,149.000000,116.000000,175.000000,15.000000,953.000000,720.000000,28,27.675567,3.419168,4.361510,False,Inlier
840,153.000000,239.000000,0.000000,200.000000,6.000000,1002.000000,684.000000,28,26.855090,3.282429,4.361510,False,Inlier
841,310.000000,143.000000,0.000000,168.000000,10.000000,914.000000,804.000000,28,45.298573,2.229335,4.361510,False,Inlier
842,305.000000,0.000000,100.000000,196.000000,10.000000,959.000000,705.000000,28,30.123206,2.941259,4.361510,False,Inlier
843,151.000000,0.000000,184.000000,167.000000,12.000000,991.000000,772.000000,28,15.568368,3.379333,4.361510,False,Inlier
844,142.000000,167.000000,130.000000,174.000000,11.000000,883.000000,785.000000,28,44.609097,2.808501,4.361510,False,Inlier
845,298.000000,137.000000,107.000000,201.000000,6.000000,878.000000,655.000000,28,53.524022,3.274266,4.361510,False,Inlier
846,321.000000,164.000000,0.000000,190.000000,5.000000,870.000000,774.000000,28,57.212718,2.832262,4.361510,False,Inlier
847,366.000000,187.000000,0.000000,191.000000,7.000000,824.000000,757.000000,28,65.907011,3.379130,4.361510,False,Inlier
848,280.000000,129.000000,100.000000,172.000000,9.000000,825.000000,805.000000,28,52.820756,3.072249,4.361510,False,Inlier
849,252.000000,97.000000,76.000000,194.000000,8.000000,835.000000,821.000000,28,33.398217,2.114890,4.361510,False,Inlier
850,165.000000,0.000000,150.000000,182.000000,12.000000,1023.000000,729.000000,28,18.029797,3.500171,4.361510,False,Inlier
851,156.000000,243.000000,0.000000,180.000000,11.000000,1022.000000,698.000000,28,37.362704,4.035013,4.361510,False,Inlier
852,160.000000,188.000000,146.000000,203.000000,11.000000,829.000000,710.000000,28,32.839742,3.297972,4.361510,False,Inlier
853,298.000000,0.000000,107.000000,186.000000,6.000000,879.000000,815.000000,28,42.637196,2.711762,4.361510,False,Inlier
854,318.000000,0.000000,126.000000,210.000000,6.000000,861.000000,737.000000,28,40.058556,3.374305,4.361510,False,Inlier
855,287.000000,121.000000,94.000000,188.000000,9.000000,904.000000,696.000000,28,41.940825,1.895091,4.361510,False,Inlier
856,326.000000,166.000000,0.000000,174.000000,9.000000,882.000000,790.000000,28,61.232364,2.829649,4.361510,False,Inlier
857,356.000000,0.000000,142.000000,193.000000,11.000000,801.000000,778.000000,28,40.865243,3.259606,4.361510,False,Inlier
858,132.000000,207.000000,161.000000,179.000000,5.000000,867.000000,736.000000,28,33.301691,4.158089,4.361510,False,Inlier
859,322.000000,149.000000,0.000000,186.000000,8.000000,951.000000,709.000000,28,52.420860,2.467977,4.361510,False,Inlier
860,164.000000,0.000000,200.000000,181.000000,13.000000,849.000000,846.000000,28,15.085735,3.561250,4.361510,False,Inlier
861,314.000000,0.000000,113.000000,170.000000,10.000000,925.000000,783.000000,28,38.458971,2.193678,4.361510,False,Inlier
862,321.000000,0.000000,128.000000,182.000000,11.000000,870.000000,780.000000,28,37.259283,2.387080,4.361510,False,Inlier
863,140.000000,164.000000,128.000000,237.000000,6.000000,869.000000,656.000000,28,35.225329,5.297555,4.361510,True,Outlier
864,288.000000,121.000000,0.000000,177.000000,7.000000,908.000000,829.000000,28,42.133878,1.906652,4.361510,False,Inlier
865,298.000000,0.000000,107.000000,210.000000,11.000000,880.000000,744.000000,28,31.874475,3.817830,4.361510,False,Inlier
866,265.000000,111.000000,86.000000,195.000000,6.000000,833.000000,790.000000,28,41.540929,2.413474,4.361510,False,Inlier
867,160.000000,250.000000,0.000000,168.000000,12.000000,1049.000000,688.000000,28,39.451817,4.452532,4.361510,True,Outlier
868,166.000000,260.000000,0.000000,183.000000,13.000000,859.000000,827.000000,28,37.914285,3.744358,4.361510,False,Inlier
869,276.000000,116.000000,90.000000,180.000000,9.000000,870.000000,768.000000,28,44.278149,1.827068,4.361510,False,Inlier
870,322.000000,0.000000,116.000000,196.000000,10.000000,818.000000,813.000000,28,31.178105,2.957396,4.361510,False,Inlier
871,149.000000,139.000000,109.000000,193.000000,6.000000,892.000000,780.000000,28,23.690395,2.001086,4.361510,False,Inlier
872,159.000000,187.000000,0.000000,176.000000,11.000000,990.000000,789.000000,28,32.763900,3.522585,4.361510,False,Inlier
873,261.000000,100.000000,78.000000,201.000000,9.000000,864.000000,761.000000,28,32.398477,2.286824,4.361510,False,Inlier
874,237.000000,92.000000,71.000000,247.000000,6.000000,853.000000,695.000000,28,28.627044,5.819334,4.361510,True,Outlier
875,313.000000,0.000000,113.000000,178.000000,8.000000,1002.000000,689.000000,28,36.804229,2.619266,4.361510,False,Inlier
876,155.000000,183.000000,0.000000,193.000000,9.000000,1047.000000,697.000000,28,18.284904,4.396111,4.361510,True,Outlier
877,146.000000,230.000000,0.000000,202.000000,3.000000,827.000000,872.000000,28,33.060374,3.560744,4.361510,False,Inlier
878,296.000000,0.000000,107.000000,221.000000,11.000000,819.000000,778.000000,28,31.419421,4.765719,4.361510,True,Outlier
879,133.000000,210.000000,0.000000,196.000000,3.000000,949.000000,795.000000,28,31.026420,2.575192,4.361510,False,Inlier
880,313.000000,145.000000,0.000000,178.000000,8.000000,867.000000,824.000000,28,44.388465,2.019698,4.361510,False,Inlier
881,152.000000,0.000000,112.000000,184.000000,8.000000,992.000000,816.000000,28,12.176146,2.553524,4.361510,False,Inlier
882,153.000000,145.000000,113.000000,178.000000,8.000000,1002.000000,689.000000,28,25.558875,2.662514,4.361510,False,Inlier
883,140.000000,133.000000,103.000000,200.000000,7.000000,916.000000,753.000000,28,36.438807,2.825299,4.361510,False,Inlier
884,149.000000,236.000000,0.000000,176.000000,13.000000,847.000000,893.000000,28,32.956953,3.971973,4.361510,False,Inlier
885,300.000000,0.000000,120.000000,212.000000,10.000000,878.000000,728.000000,28,23.835185,3.762082,4.361510,False,Inlier
886,153.000000,145.000000,113.000000,178.000000,8.000000,867.000000,824.000000,28,26.227667,2.511468,4.361510,False,Inlier
887,148.000000,0.000000,137.000000,158.000000,16.000000,1002.000000,830.000000,28,17.953955,4.169645,4.361510,False,Inlier
888,326.000000,0.000000,138.000000,199.000000,11.000000,801.000000,792.000000,28,40.679084,3.408611,4.361510,False,Inlier
889,153.000000,145.000000,0.000000,178.000000,8.000000,1000.000000,822.000000,28,19.008853,3.134901,4.361510,False,Inlier
890,262.000000,111.000000,86.000000,195.000000,5.000000,895.000000,733.000000,28,33.715376,1.683385,4.361510,False,Inlier
891,158.000000,0.000000,195.000000,220.000000,11.000000,898.000000,713.000000,28,8.535713,4.912030,4.361510,True,Outlier
892,151.000000,0.000000,185.000000,167.000000,16.000000,1074.000000,678.000000,28,13.458572,5.225004,4.361510,True,Outlier
893,273.000000,0.000000,90.000000,199.000000,11.000000,931.000000,762.000000,28,32.239898,3.300029,4.361510,False,Inlier
894,149.000000,118.000000,92.000000,183.000000,7.000000,953.000000,780.000000,28,23.518026,1.690753,4.361510,False,Inlier
895,143.000000,169.000000,143.000000,191.000000,8.000000,967.000000,643.000000,28,29.723310,2.927447,4.361510,False,Inlier
896,260.000000,101.000000,78.000000,171.000000,10.000000,936.000000,763.000000,28,49.773272,2.241228,4.361510,False,Inlier
897,313.000000,161.000000,0.000000,178.000000,10.000000,917.000000,759.000000,28,52.441545,2.306654,4.361510,False,Inlier
898,284.000000,120.000000,0.000000,168.000000,7.000000,970.000000,794.000000,28,40.934190,2.167635,4.361510,False,Inlier
899,336.000000,0.000000,0.000000,182.000000,3.000000,986.000000,817.000000,28,44.864203,2.910126,4.361510,False,Inlier
900,145.000000,0.000000,134.000000,181.000000,11.000000,979.000000,812.000000,28,13.196571,3.017020,4.361510,False,Inlier
901,150.000000,237.000000,0.000000,174.000000,12.000000,1069.000000,675.000000,28,37.431652,4.769791,4.361510,True,Outlier
902,144.000000,170.000000,133.000000,192.000000,8.000000,814.000000,805.000000,28,29.868100,2.982501,4.361510,False,Inlier
903,331.000000,170.000000,0.000000,195.000000,8.000000,811.000000,802.000000,28,56.612874,3.158058,4.361510,False,Inlier
904,155.000000,0.000000,143.000000,193.000000,9.000000,1047.000000,697.000000,28,12.458831,3.645569,4.361510,False,Inlier
905,155.000000,183.000000,0.000000,193.000000,9.000000,877.000000,868.000000,28,23.786922,3.406481,4.361510,False,Inlier
906,135.000000,0.000000,166.000000,180.000000,10.000000,961.000000,805.000000,28,13.293097,2.786898,4.361510,False,Inlier
907,266.000000,112.000000,87.000000,178.000000,10.000000,910.000000,745.000000,28,39.417343,1.634734,4.361510,False,Inlier
908,314.000000,145.000000,113.000000,179.000000,8.000000,869.000000,690.000000,28,46.229366,2.965205,4.361510,False,Inlier
909,313.000000,145.000000,0.000000,127.000000,8.000000,1000.000000,822.000000,28,44.519465,5.496713,4.361510,True,Outlier
910,146.000000,173.000000,0.000000,182.000000,3.000000,986.000000,817.000000,28,23.738659,2.258713,4.361510,False,Inlier
911,144.000000,136.000000,106.000000,178.000000,7.000000,941.000000,774.000000,28,26.144930,2.052332,4.361510,False,Inlier
912,148.000000,0.000000,182.000000,181.000000,15.000000,839.000000,884.000000,28,15.520105,3.875804,4.361510,False,Inlier
913,277.000000,117.000000,91.000000,191.000000,7.000000,946.000000,666.000000,28,43.574883,2.136787,4.361510,False,Inlier
914,298.000000,0.000000,107.000000,164.000000,13.000000,953.000000,784.000000,28,35.859647,2.639904,4.361510,False,Inlier
915,313.000000,145.000000,0.000000,178.000000,8.000000,1002.000000,689.000000,28,41.051401,2.569692,4.361510,False,Inlier
916,155.000000,184.000000,143.000000,194.000000,9.000000,880.000000,699.000000,28,28.985571,2.760101,4.361510,False,Inlier
917,289.000000,134.000000,0.000000,195.000000,6.000000,924.000000,760.000000,28,46.243155,2.271343,4.361510,False,Inlier
918,148.000000,175.000000,0.000000,171.000000,2.000000,1000.000000,828.000000,28,26.917143,2.941508,4.361510,False,Inlier
919,145.000000,0.000000,179.000000,202.000000,8.000000,824.000000,869.000000,28,10.535193,3.750634,4.361510,False,Inlier
920,313.000000,0.000000,0.000000,178.000000,8.000000,1000.000000,822.000000,28,25.096926,2.929065,4.361510,False,Inlier
921,136.000000,162.000000,126.000000,172.000000,10.000000,923.000000,764.000000,28,29.068308,2.493983,4.361510,False,Inlier
922,155.000000,0.000000,143.000000,193.000000,9.000000,877.000000,868.000000,28,9.735401,3.103627,4.361510,False,Inlier
923,255.000000,99.000000,77.000000,189.000000,6.000000,919.000000,749.000000,28,33.798114,1.208294,4.361510,False,Inlier
924,162.000000,207.000000,172.000000,216.000000,10.000000,822.000000,638.000000,28,39.844818,4.376233,4.361510,True,Outlier
925,136.000000,196.000000,98.000000,199.000000,6.000000,847.000000,783.000000,28,26.965406,2.631877,4.361510,False,Inlier
926,164.000000,163.000000,128.000000,197.000000,8.000000,961.000000,641.000000,28,27.234302,2.867873,4.361510,False,Inlier
927,162.000000,214.000000,164.000000,202.000000,10.000000,820.000000,680.000000,28,30.647208,3.711878,4.361510,False,Inlier
928,157.000000,214.000000,152.000000,200.000000,9.000000,819.000000,704.000000,28,33.053479,3.396634,4.361510,False,Inlier
929,149.000000,153.000000,194.000000,192.000000,8.000000,935.000000,623.000000,28,24.579819,3.809410,4.361510,False,Inlier
930,135.000000,105.000000,193.000000,196.000000,6.000000,965.000000,643.000000,28,21.911547,3.443219,4.361510,False,Inlier
931,159.000000,209.000000,161.000000,201.000000,7.000000,848.000000,669.000000,28,30.881630,3.580532,4.361510,False,Inlier
932,144.000000,15.000000,195.000000,176.000000,6.000000,1021.000000,709.000000,28,15.340841,3.573122,4.361510,False,Inlier
933,154.000000,174.000000,185.000000,228.000000,7.000000,845.000000,612.000000,28,24.338503,4.816429,4.361510,True,Outlier
934,167.000000,187.000000,195.000000,185.000000,7.000000,898.000000,636.000000,28,23.890343,4.643187,4.361510,True,Outlier
935,184.000000,86.000000,190.000000,213.000000,6.000000,923.000000,623.000000,28,22.931972,3.816851,4.361510,False,Inlier
936,156.000000,178.000000,187.000000,221.000000,7.000000,854.000000,614.000000,28,29.413046,4.458845,4.361510,True,Outlier
937,236.900000,91.700000,71.500000,246.900000,6.000000,852.900000,695.400000,28,28.629801,5.811515,4.361510,True,Outlier
938,313.300000,0.000000,113.000000,178.500000,8.000000,1001.900000,688.700000,28,36.804918,2.586445,4.361510,False,Inlier
939,154.800000,183.400000,0.000000,193.300000,9.100000,1047.400000,696.700000,28,18.287661,4.433186,4.361510,True,Outlier
940,145.900000,230.500000,0.000000,202.500000,3.400000,827.000000,871.800000,28,32.720463,3.562301,4.361510,False,Inlier
941,296.000000,0.000000,106.700000,221.400000,10.500000,819.200000,778.400000,28,31.420111,4.689731,4.361510,True,Outlier
942,133.100000,210.200000,0.000000,195.700000,3.100000,949.400000,795.300000,28,28.937997,2.453320,4.361510,False,Inlier
943,313.300000,145.000000,0.000000,178.500000,8.000000,867.200000,824.000000,28,40.925227,1.981987,4.361510,False,Inlier
944,151.600000,0.000000,111.900000,184.400000,7.900000,992.000000,815.900000,28,12.180972,2.534688,4.361510,False,Inlier
945,153.100000,145.000000,113.000000,178.500000,8.000000,1001.900000,688.700000,28,25.559565,2.628931,4.361510,False,Inlier
946,139.900000,132.600000,103.300000,200.300000,7.400000,916.000000,753.400000,28,36.443633,2.873587,4.361510,False,Inlier
947,149.500000,236.000000,0.000000,175.800000,12.600000,846.800000,892.700000,28,32.963848,3.886931,4.361510,False,Inlier
948,299.800000,0.000000,119.800000,211.500000,9.900000,878.200000,727.600000,28,23.835875,3.701986,4.361510,False,Inlier
949,153.100000,145.000000,113.000000,178.500000,8.000000,867.200000,824.000000,28,26.233183,2.473239,4.361510,False,Inlier
950,148.100000,0.000000,136.600000,158.100000,16.100000,1001.800000,830.100000,28,17.959471,4.194268,4.361510,False,Inlier
951,326.500000,0.000000,137.900000,199.000000,10.800000,801.100000,792.500000,28,38.630651,3.347067,4.361510,False,Inlier
952,152.700000,144.700000,0.000000,178.100000,8.000000,999.700000,822.200000,28,19.009543,3.139742,4.361510,False,Inlier
953,261.900000,110.500000,86.100000,195.400000,5.000000,895.200000,732.600000,28,33.718824,1.680639,4.361510,False,Inlier
954,158.400000,0.000000,194.900000,219.700000,11.000000,897.700000,712.900000,28,8.536402,4.890719,4.361510,True,Outlier
955,150.700000,0.000000,185.300000,166.700000,15.600000,1074.500000,678.000000,28,13.461329,5.157017,4.361510,True,Outlier
956,272.600000,0.000000,89.600000,198.700000,10.600000,931.300000,762.200000,28,32.245414,3.176084,4.361510,False,Inlier
957,149.000000,117.600000,91.700000,182.900000,7.100000,953.400000,780.300000,28,23.524232,1.698908,4.361510,False,Inlier
958,143.000000,169.400000,142.700000,190.700000,8.400000,967.400000,643.500000,28,29.726068,2.929802,4.361510,False,Inlier
959,259.900000,100.600000,78.400000,170.600000,10.400000,935.700000,762.900000,28,49.773272,2.268498,4.361510,False,Inlier
960,312.900000,160.500000,0.000000,177.600000,9.600000,916.600000,759.500000,28,52.446371,2.268493,4.361510,False,Inlier
961,284.000000,119.700000,0.000000,168.300000,7.200000,970.400000,794.200000,28,40.934880,2.122900,4.361510,False,Inlier
962,336.500000,0.000000,0.000000,181.900000,3.400000,985.800000,816.800000,28,44.868340,2.878960,4.361510,False,Inlier
963,144.800000,0.000000,133.600000,180.800000,11.100000,979.500000,811.500000,28,13.202086,3.059411,4.361510,False,Inlier
964,150.000000,236.800000,0.000000,173.800000,11.900000,1069.300000,674.800000,28,37.431652,4.755942,4.361510,True,Outlier
965,143.700000,170.200000,132.600000,191.600000,8.500000,814.100000,805.300000,28,29.870858,2.940649,4.361510,False,Inlier
966,330.500000,169.600000,0.000000,194.900000,8.100000,811.000000,802.300000,28,56.619080,3.163113,4.361510,False,Inlier
967,154.800000,0.000000,142.800000,193.300000,9.100000,1047.400000,696.700000,28,12.459521,3.676078,4.361510,False,Inlier
968,154.800000,183.400000,0.000000,193.300000,9.100000,877.200000,867.700000,28,23.786922,3.443695,4.361510,False,Inlier
969,134.700000,0.000000,165.700000,180.200000,10.000000,961.000000,804.900000,28,13.293787,2.788517,4.361510,False,Inlier
970,266.200000,112.300000,87.500000,177.900000,10.400000,909.700000,744.500000,28,39.421480,1.664907,4.361510,False,Inlier
971,314.000000,145.300000,113.200000,178.900000,8.000000,869.100000,690.200000,28,46.234192,2.969123,4.361510,False,Inlier
972,312.700000,144.700000,0.000000,127.300000,8.000000,999.700000,822.200000,28,44.523602,5.462510,4.361510,True,Outlier
973,145.700000,172.600000,0.000000,181.900000,3.400000,985.800000,816.800000,28,23.744174,2.271402,4.361510,False,Inlier
974,143.800000,136.300000,106.200000,178.100000,7.500000,941.500000,774.300000,28,26.147688,1.973722,4.361510,False,Inlier
975,148.100000,0.000000,182.100000,181.400000,15.000000,838.900000,884.300000,28,15.526310,3.873457,4.361510,False,Inlier
976,277.000000,116.800000,91.000000,190.600000,7.000000,946.500000,665.600000,28,43.578331,2.149642,4.361510,False,Inlier
977,298.100000,0.000000,107.500000,163.600000,12.800000,953.200000,784.000000,28,35.865852,2.635488,4.361510,False,Inlier
978,313.300000,145.000000,0.000000,178.500000,8.000000,1001.900000,688.700000,28,41.053469,2.545450,4.361510,False,Inlier
979,155.200000,183.900000,143.200000,193.800000,9.200000,879.600000,698.500000,28,28.991087,2.771692,4.361510,False,Inlier
980,289.000000,133.700000,0.000000,194.900000,5.500000,924.100000,760.100000,28,46.247292,2.215488,4.361510,False,Inlier
981,147.800000,175.100000,0.000000,171.200000,2.200000,1000.000000,828.500000,28,26.922659,2.883544,4.361510,False,Inlier
982,145.400000,0.000000,178.900000,201.700000,7.800000,824.000000,868.700000,28,10.535883,3.732083,4.361510,False,Inlier
983,312.700000,0.000000,0.000000,178.100000,8.000000,999.700000,822.200000,28,25.103821,2.929435,4.361510,False,Inlier
984,136.400000,161.600000,125.800000,171.600000,10.400000,922.600000,764.400000,28,29.073134,2.513168,4.361510,False,Inlier
985,154.800000,0.000000,142.800000,193.300000,9.100000,877.200000,867.700000,28,9.738159,3.120526,4.361510,False,Inlier
986,255.300000,98.800000,77.000000,188.600000,6.500000,919.000000,749.300000,28,33.798803,1.184449,4.361510,False,Inlier
987,272.800000,105.100000,81.800000,209.700000,9.000000,904.000000,679.700000,28,37.171030,3.110374,4.361510,False,Inlier
988,162.000000,190.100000,148.100000,178.800000,18.800000,838.100000,741.400000,28,33.762261,3.965603,4.361510,False,Inlier
989,153.600000,144.200000,112.300000,220.100000,10.100000,923.200000,657.900000,28,16.503987,4.574644,4.361510,True,Outlier
990,146.500000,114.600000,89.300000,201.900000,8.800000,860.000000,829.500000,28,19.987909,2.908177,4.361510,False,Inlier
991,151.800000,178.100000,138.700000,167.500000,18.300000,944.000000,694.600000,28,36.349864,4.006295,4.361510,False,Inlier
992,309.900000,142.800000,111.200000,167.800000,22.100000,913.900000,651.200000,28,38.215586,5.475756,4.361510,True,Outlier
993,143.600000,0.000000,174.900000,158.400000,17.900000,942.700000,844.500000,28,15.423578,4.352501,4.361510,False,Inlier
994,303.600000,139.900000,0.000000,213.500000,6.200000,895.500000,722.500000,28,33.419591,3.011719,4.361510,False,Inlier
995,374.300000,0.000000,0.000000,190.200000,6.700000,1013.200000,730.400000,28,39.056057,3.050086,4.361510,False,Inlier
996,158.600000,148.900000,116.000000,175.100000,15.000000,953.300000,719.700000,28,27.681082,3.424707,4.361510,False,Inlier
997,152.600000,238.700000,0.000000,200.000000,6.300000,1001.800000,683.900000,28,26.859917,3.358970,4.361510,False,Inlier
998,310.000000,142.800000,0.000000,167.900000,10.000000,914.300000,804.000000,28,45.304778,2.235211,4.361510,False,Inlier
999,304.800000,0.000000,99.600000,196.000000,9.800000,959.400000,705.200000,28,30.123206,2.893691,4.361510,False,Inlier
1000,150.900000,0.000000,183.900000,166.600000,11.600000,991.200000,772.200000,28,15.569747,3.391626,4.361510,False,Inlier
1001,141.900000,166.600000,129.700000,173.500000,10.900000,882.600000,785.300000,28,44.611855,2.850886,4.361510,False,Inlier
1002,297.800000,137.200000,106.900000,201.300000,6.000000,878.400000,655.300000,28,53.524711,3.277640,4.361510,False,Inlier
1003,321.300000,164.200000,0.000000,190.500000,4.600000,870.000000,774.000000,28,57.218234,2.879172,4.361510,False,Inlier
1004,366.000000,187.000000,0.000000,191.300000,6.600000,824.300000,756.900000,28,65.909079,3.413332,4.361510,False,Inlier
1005,279.800000,128.900000,100.400000,172.400000,9.500000,825.100000,804.900000,28,52.826962,2.942975,4.361510,False,Inlier
1006,252.100000,97.100000,75.600000,193.800000,8.300000,835.500000,821.400000,28,33.399596,2.125279,4.361510,False,Inlier
1007,164.600000,0.000000,150.400000,181.600000,11.700000,1023.300000,728.900000,28,18.033934,3.439711,4.361510,False,Inlier
1008,155.600000,243.500000,0.000000,180.300000,10.700000,1022.000000,697.700000,28,37.363394,3.967025,4.361510,False,Inlier
1009,160.200000,188.000000,146.400000,203.200000,11.300000,828.700000,709.700000,28,35.314271,3.349896,4.361510,False,Inlier
1010,298.100000,0.000000,107.000000,186.400000,6.100000,879.000000,815.200000,28,42.644091,2.685030,4.361510,False,Inlier
1011,317.900000,0.000000,126.500000,209.700000,5.700000,860.500000,736.600000,28,40.062003,3.363340,4.361510,False,Inlier
1012,287.300000,120.500000,93.900000,187.600000,9.200000,904.400000,695.900000,28,43.798273,1.935340,4.361510,False,Inlier
1013,325.600000,166.400000,0.000000,174.000000,8.900000,881.600000,790.000000,28,61.235811,2.839836,4.361510,False,Inlier
1014,355.900000,0.000000,141.600000,193.300000,11.000000,801.400000,778.400000,28,40.868690,3.257801,4.361510,False,Inlier
1015,132.000000,206.500000,160.900000,178.900000,5.500000,866.900000,735.600000,28,33.306517,4.030428,4.361510,False,Inlier
1016,322.500000,148.600000,0.000000,185.800000,8.500000,951.000000,709.500000,28,52.426376,2.530173,4.361510,False,Inlier
1017,164.200000,0.000000,200.100000,181.200000,12.600000,849.300000,846.000000,28,15.091251,3.524328,4.361510,False,Inlier
1018,313.800000,0.000000,112.600000,169.900000,10.100000,925.300000,782.900000,28,38.461040,2.204234,4.361510,False,Inlier
1019,321.400000,0.000000,127.900000,182.500000,11.500000,870.100000,779.700000,28,37.265488,2.402476,4.361510,False,Inlier
1020,139.700000,163.900000,127.700000,236.700000,5.800000,868.600000,655.600000,28,35.225329,5.230746,4.361510,True,Outlier
1021,288.400000,121.000000,0.000000,177.400000,7.000000,907.900000,829.500000,28,42.140084,1.873050,4.361510,False,Inlier
1022,298.200000,0.000000,107.000000,209.700000,11.100000,879.600000,744.200000,28,31.875165,3.819261,4.361510,False,Inlier
1023,264.500000,111.000000,86.500000,195.500000,5.900000,832.600000,790.400000,28,41.542308,2.448099,4.361510,False,Inlier
1024,159.800000,250.000000,0.000000,168.400000,12.200000,1049.300000,688.200000,28,39.455954,4.474423,4.361510,True,Outlier
1025,166.000000,259.700000,0.000000,183.200000,12.700000,858.800000,826.800000,28,37.917043,3.675765,4.361510,False,Inlier
1026,276.400000,116.000000,90.300000,179.600000,8.900000,870.100000,768.300000,28,44.284354,1.850247,4.361510,False,Inlier
1027,322.200000,0.000000,115.600000,196.000000,10.400000,817.900000,813.400000,28,31.178794,3.002542,4.361510,False,Inlier
1028,148.500000,139.400000,108.600000,192.700000,6.100000,892.400000,780.000000,28,23.696601,1.994898,4.361510,False,Inlier
1029,159.100000,186.700000,0.000000,175.600000,11.300000,989.600000,788.900000,28,32.768036,3.610525,4.361510,False,Inlier
1030,260.900000,100.500000,78.300000,200.600000,8.600000,864.500000,761.500000,28,32.401235,2.170549,4.361510,False,Inlier
