RecordID,Cement,BlastFurnaceSlag,FlyAsh,Water,Superplasticizer,CoarseAggregate,FineAggregate,Age,Strength,LeverageDistance,LeverageCutoff,LeverageFlag,MedianRegressionPrediction,MedianRegressionResidual,ResidualRobustZ,ResidualZCutoff,ResponseOutlierFlag,OutlierClass
1,540.000000,0.000000,0.000000,162.000000,2.500000,1040.000000,676.000000,28,79.986111,4.605134,4.187427,True,54.798117,25.187993,2.808789,3.500000,False,Leverage only
2,540.000000,0.000000,0.000000,162.000000,2.500000,1055.000000,676.000000,28,61.887366,4.492623,4.187427,True,55.218069,6.669297,0.743714,3.500000,False,Leverage only
3,332.500000,142.500000,0.000000,228.000000,0.000000,932.000000,594.000000,270,40.269535,9.500998,4.187427,True,66.626465,-26.356930,2.939141,3.500000,False,Leverage only
4,332.500000,142.500000,0.000000,228.000000,0.000000,932.000000,594.000000,365,41.052780,12.614314,4.187427,True,81.350396,-40.297616,4.493709,3.500000,True,Leverage + response
5,198.600000,132.400000,0.000000,192.000000,0.000000,978.400000,825.500000,360,44.296075,11.660505,4.187427,True,74.969634,-30.673559,3.420502,3.500000,False,Leverage only
6,266.000000,114.000000,0.000000,228.000000,0.000000,932.000000,670.000000,90,47.029847,4.155755,4.187427,False,28.885479,18.144368,2.023334,3.500000,False,Regular
7,380.000000,95.000000,0.000000,228.000000,0.000000,932.000000,594.000000,365,43.698299,12.720472,4.187427,True,82.242626,-38.544327,4.298195,3.500000,True,Leverage + response
8,380.000000,95.000000,0.000000,228.000000,0.000000,932.000000,594.000000,28,36.447770,4.147426,4.187427,False,30.011421,6.436348,0.717737,3.500000,False,Regular
9,266.000000,114.000000,0.000000,228.000000,0.000000,932.000000,670.000000,28,45.854291,3.478507,4.187427,False,19.276177,26.578113,2.963806,3.500000,False,Regular
10,475.000000,0.000000,0.000000,228.000000,0.000000,932.000000,594.000000,28,39.289790,4.966443,4.187427,True,31.795883,7.493907,0.835668,3.500000,False,Leverage only
11,198.600000,132.400000,0.000000,192.000000,0.000000,978.400000,825.500000,90,38.074244,2.732182,4.187427,False,33.122675,4.951569,0.552164,3.500000,False,Regular
12,198.600000,132.400000,0.000000,192.000000,0.000000,978.400000,825.500000,28,28.021684,1.806861,4.187427,False,23.513373,4.508310,0.502735,3.500000,False,Regular
13,427.500000,47.500000,0.000000,228.000000,0.000000,932.000000,594.000000,270,43.012960,9.818786,4.187427,True,68.410927,-25.397966,2.832204,3.500000,False,Leverage only
14,190.000000,190.000000,0.000000,228.000000,0.000000,932.000000,670.000000,90,42.326932,4.104792,4.187427,False,27.457910,14.869021,1.658090,3.500000,False,Regular
15,304.000000,76.000000,0.000000,228.000000,0.000000,932.000000,670.000000,28,47.813782,3.645741,4.187427,False,19.989962,27.823820,3.102718,3.500000,False,Regular
16,380.000000,0.000000,0.000000,228.000000,0.000000,932.000000,670.000000,90,52.908320,4.824383,4.187427,True,31.026833,21.881487,2.440071,3.500000,False,Leverage only
17,139.600000,209.400000,0.000000,192.000000,0.000000,1047.000000,806.900000,90,39.358048,4.149017,4.187427,False,35.385104,3.972944,0.443035,3.500000,False,Regular
18,342.000000,38.000000,0.000000,228.000000,0.000000,932.000000,670.000000,365,56.141962,12.580295,4.187427,True,72.934951,-16.792989,1.872637,3.500000,False,Leverage only
19,380.000000,95.000000,0.000000,228.000000,0.000000,932.000000,594.000000,90,40.563252,4.779427,4.187427,True,39.620723,0.942529,0.105104,3.500000,False,Leverage only
20,475.000000,0.000000,0.000000,228.000000,0.000000,932.000000,594.000000,180,42.620648,7.475996,4.187427,True,55.354171,-12.733522,1.419954,3.500000,False,Leverage only
21,427.500000,47.500000,0.000000,228.000000,0.000000,932.000000,594.000000,180,41.836714,7.163214,4.187427,True,54.461940,-12.625226,1.407877,3.500000,False,Leverage only
22,139.600000,209.400000,0.000000,192.000000,0.000000,1047.000000,806.900000,28,28.237490,3.742593,4.187427,False,25.775802,2.461687,0.274510,3.500000,False,Regular
23,139.600000,209.400000,0.000000,192.000000,0.000000,1047.000000,806.900000,3,8.063422,3.922738,4.187427,False,21.901084,-13.837662,1.543080,3.500000,False,Regular
24,139.600000,209.400000,0.000000,192.000000,0.000000,1047.000000,806.900000,180,44.207822,6.220100,4.187427,True,49.334090,-5.126268,0.571646,3.500000,False,Leverage only
25,380.000000,0.000000,0.000000,228.000000,0.000000,932.000000,670.000000,365,52.516697,12.704215,4.187427,True,73.648736,-21.132038,2.356498,3.500000,False,Leverage only
26,380.000000,0.000000,0.000000,228.000000,0.000000,932.000000,670.000000,270,53.300632,9.625887,4.187427,True,58.924805,-5.624174,0.627169,3.500000,False,Leverage only
27,380.000000,95.000000,0.000000,228.000000,0.000000,932.000000,594.000000,270,41.151375,9.632190,4.187427,True,67.518696,-26.367321,2.940300,3.500000,False,Leverage only
28,342.000000,38.000000,0.000000,228.000000,0.000000,932.000000,670.000000,180,52.124386,6.719634,4.187427,True,44.262035,7.862351,0.876755,3.500000,False,Leverage only
29,427.500000,47.500000,0.000000,228.000000,0.000000,932.000000,594.000000,28,37.427515,4.513720,4.187427,True,30.903652,6.523863,0.727496,3.500000,False,Leverage only
30,475.000000,0.000000,0.000000,228.000000,0.000000,932.000000,594.000000,7,38.603761,4.981800,4.187427,True,28.541119,10.062642,1.122116,3.500000,False,Leverage only
31,304.000000,76.000000,0.000000,228.000000,0.000000,932.000000,670.000000,365,55.260122,12.483869,4.187427,True,72.221167,-16.961044,1.891377,3.500000,False,Leverage only
32,266.000000,114.000000,0.000000,228.000000,0.000000,932.000000,670.000000,365,52.908320,12.415575,4.187427,True,71.507382,-18.599062,2.074038,3.500000,False,Leverage only
33,198.600000,132.400000,0.000000,192.000000,0.000000,978.400000,825.500000,180,41.719503,5.511913,4.187427,True,47.071661,-5.352158,0.596835,3.500000,False,Leverage only
34,475.000000,0.000000,0.000000,228.000000,0.000000,932.000000,594.000000,270,42.131120,10.057703,4.187427,True,69.303157,-27.172037,3.030036,3.500000,False,Leverage only
35,190.000000,190.000000,0.000000,228.000000,0.000000,932.000000,670.000000,365,53.692254,12.365060,4.187427,True,70.079813,-16.387559,1.827426,3.500000,False,Leverage only
36,237.500000,237.500000,0.000000,228.000000,0.000000,932.000000,594.000000,270,38.407950,9.413118,4.187427,True,64.842004,-26.434054,2.947742,3.500000,False,Leverage only
37,237.500000,237.500000,0.000000,228.000000,0.000000,932.000000,594.000000,28,30.079769,3.794690,4.187427,False,27.334730,2.745040,0.306108,3.500000,False,Regular
38,332.500000,142.500000,0.000000,228.000000,0.000000,932.000000,594.000000,90,37.721921,4.546722,4.187427,True,38.728493,-1.006571,0.112246,3.500000,False,Leverage only
39,475.000000,0.000000,0.000000,228.000000,0.000000,932.000000,594.000000,90,42.229026,5.526434,4.187427,True,41.405184,0.823842,0.091869,3.500000,False,Leverage only
40,237.500000,237.500000,0.000000,228.000000,0.000000,932.000000,594.000000,180,36.251959,6.647526,4.187427,True,50.893018,-14.641059,1.632669,3.500000,False,Leverage only
41,342.000000,38.000000,0.000000,228.000000,0.000000,932.000000,670.000000,90,50.459301,4.533964,4.187427,True,30.313048,20.146253,2.246570,3.500000,False,Leverage only
42,427.500000,47.500000,0.000000,228.000000,0.000000,932.000000,594.000000,365,43.698299,12.869315,4.187427,True,83.134857,-39.436557,4.397690,3.500000,True,Leverage + response
43,237.500000,237.500000,0.000000,228.000000,0.000000,932.000000,594.000000,365,38.995384,12.533952,4.187427,True,79.565934,-40.570551,4.524145,3.500000,True,Leverage + response
44,380.000000,0.000000,0.000000,228.000000,0.000000,932.000000,670.000000,180,53.104131,6.928728,4.187427,True,44.975819,8.128312,0.906413,3.500000,False,Leverage only
45,427.500000,47.500000,0.000000,228.000000,0.000000,932.000000,594.000000,90,41.542997,5.111998,4.187427,True,40.512954,1.030044,0.114863,3.500000,False,Leverage only
46,427.500000,47.500000,0.000000,228.000000,0.000000,932.000000,594.000000,7,35.076402,4.534987,4.187427,True,27.648889,7.427514,0.828265,3.500000,False,Leverage only
47,349.000000,0.000000,0.000000,192.000000,0.000000,1047.000000,806.900000,3,15.049193,2.863450,4.187427,False,25.834412,-10.785219,1.202692,3.500000,False,Regular
48,380.000000,95.000000,0.000000,228.000000,0.000000,932.000000,594.000000,180,40.759063,6.917521,4.187427,True,53.569710,-12.810646,1.428554,3.500000,False,Leverage only
49,237.500000,237.500000,0.000000,228.000000,0.000000,932.000000,594.000000,7,26.258004,3.840666,4.187427,False,24.079966,2.178038,0.242880,3.500000,False,Regular
50,380.000000,95.000000,0.000000,228.000000,0.000000,932.000000,594.000000,7,32.823194,4.175312,4.187427,False,26.756658,6.066537,0.676498,3.500000,False,Regular
51,332.500000,142.500000,0.000000,228.000000,0.000000,932.000000,594.000000,180,39.779318,6.746252,4.187427,True,52.677479,-12.898161,1.438313,3.500000,False,Leverage only
52,190.000000,190.000000,0.000000,228.000000,0.000000,932.000000,670.000000,180,46.931942,6.395481,4.187427,True,41.406897,5.525045,0.616115,3.500000,False,Leverage only
53,237.500000,237.500000,0.000000,228.000000,0.000000,932.000000,594.000000,90,33.116911,4.437369,4.187427,True,36.944031,-3.827120,0.426774,3.500000,False,Leverage only
54,304.000000,76.000000,0.000000,228.000000,0.000000,932.000000,670.000000,90,49.185149,4.307595,4.187427,True,29.599264,19.585886,2.184081,3.500000,False,Leverage only
55,139.600000,209.400000,0.000000,192.000000,0.000000,1047.000000,806.900000,7,14.589312,3.881193,4.187427,False,22.521039,-7.931727,0.884491,3.500000,False,Regular
56,198.600000,132.400000,0.000000,192.000000,0.000000,978.400000,825.500000,7,14.638265,1.996284,4.187427,False,20.258610,-5.620345,0.626742,3.500000,False,Regular
57,475.000000,0.000000,0.000000,228.000000,0.000000,932.000000,594.000000,365,41.934620,13.059382,4.187427,True,84.027087,-42.092468,4.693859,3.500000,True,Leverage + response
58,198.600000,132.400000,0.000000,192.000000,0.000000,978.400000,825.500000,3,9.131420,2.060417,4.187427,False,19.638655,-10.507234,1.171694,3.500000,False,Regular
59,304.000000,76.000000,0.000000,228.000000,0.000000,932.000000,670.000000,180,50.948829,6.558664,4.187427,True,43.548250,7.400579,0.825261,3.500000,False,Leverage only
60,332.500000,142.500000,0.000000,228.000000,0.000000,932.000000,594.000000,28,33.019006,3.892039,4.187427,False,29.119191,3.899815,0.434880,3.500000,False,Regular
61,304.000000,76.000000,0.000000,228.000000,0.000000,932.000000,670.000000,270,54.378283,9.348508,4.187427,True,57.497236,-3.118954,0.347804,3.500000,False,Leverage only
62,266.000000,114.000000,0.000000,228.000000,0.000000,932.000000,670.000000,270,51.732763,9.264860,4.187427,True,56.783452,-5.050689,0.563218,3.500000,False,Leverage only
63,310.000000,0.000000,0.000000,192.000000,0.000000,971.000000,850.600000,3,9.866402,2.141880,4.187427,False,19.976488,-10.110086,1.127406,3.500000,False,Regular
64,190.000000,190.000000,0.000000,228.000000,0.000000,932.000000,670.000000,270,50.655112,9.212646,4.187427,True,55.355883,-4.700771,0.524197,3.500000,False,Leverage only
65,266.000000,114.000000,0.000000,228.000000,0.000000,932.000000,670.000000,180,48.695621,6.449423,4.187427,True,42.834466,5.861156,0.653595,3.500000,False,Leverage only
66,342.000000,38.000000,0.000000,228.000000,0.000000,932.000000,670.000000,270,55.064311,9.469317,4.187427,True,58.211021,-3.146710,0.350899,3.500000,False,Leverage only
67,139.600000,209.400000,0.000000,192.000000,0.000000,1047.000000,806.900000,360,44.698040,11.890909,4.187427,True,77.232063,-32.534024,3.627968,3.500000,True,Leverage + response
68,332.500000,142.500000,0.000000,228.000000,0.000000,932.000000,594.000000,7,30.275581,3.926793,4.187427,False,25.864427,4.411153,0.491901,3.500000,False,Regular
69,190.000000,190.000000,0.000000,228.000000,0.000000,932.000000,670.000000,28,40.856969,3.444755,4.187427,False,17.848608,23.008360,2.565732,3.500000,False,Regular
70,485.000000,0.000000,0.000000,146.000000,0.000000,1120.000000,800.000000,28,71.988189,5.684289,4.187427,True,55.664385,16.323805,1.820317,3.500000,False,Leverage only
71,374.000000,189.200000,0.000000,170.100000,10.100000,926.100000,756.700000,3,34.397958,2.511359,4.187427,False,51.324982,-16.927024,1.887584,3.500000,False,Regular
72,313.300000,262.200000,0.000000,175.500000,8.600000,1046.900000,611.800000,3,28.799413,3.757301,4.187427,False,48.150272,-19.350859,2.157873,3.500000,False,Regular
73,425.000000,106.300000,0.000000,153.500000,16.500000,852.100000,887.100000,3,33.398217,3.500975,4.187427,False,54.519270,-21.121053,2.355273,3.500000,False,Regular
74,425.000000,106.300000,0.000000,151.400000,18.600000,936.000000,803.700000,3,36.300911,3.806207,4.187427,False,53.885297,-17.584386,1.960888,3.500000,False,Regular
75,375.000000,93.800000,0.000000,126.600000,23.400000,852.100000,992.600000,3,28.999361,5.422917,4.187427,True,54.164773,-25.165413,2.806271,3.500000,False,Leverage only
76,475.000000,118.800000,0.000000,181.100000,8.900000,852.100000,781.500000,3,37.797074,3.272971,4.187427,False,54.684180,-16.887106,1.883132,3.500000,False,Regular
77,469.000000,117.200000,0.000000,137.800000,32.200000,852.100000,840.500000,3,40.196451,7.489306,4.187427,True,64.355380,-24.158929,2.694035,3.500000,False,Leverage only
78,425.000000,106.300000,0.000000,153.500000,16.500000,852.100000,887.100000,3,33.398217,3.500975,4.187427,False,54.519270,-21.121053,2.355273,3.500000,False,Regular
79,388.600000,97.100000,0.000000,157.900000,12.100000,852.100000,925.700000,3,28.096147,3.350059,4.187427,False,48.635417,-20.539270,2.290396,3.500000,False,Regular
80,531.300000,0.000000,0.000000,141.800000,28.200000,852.100000,893.700000,3,41.299612,6.751291,4.187427,True,59.893924,-18.594311,2.073508,3.500000,False,Leverage only
81,425.000000,106.300000,0.000000,153.500000,16.500000,852.100000,887.100000,3,33.398217,3.500975,4.187427,False,54.519270,-21.121053,2.355273,3.500000,False,Regular
82,318.800000,212.500000,0.000000,155.700000,14.300000,852.100000,880.400000,3,25.200348,3.444276,4.187427,False,51.657621,-26.457273,2.950331,3.500000,False,Regular
83,401.800000,94.700000,0.000000,147.400000,11.400000,946.800000,852.100000,3,41.099664,2.880860,4.187427,False,50.721522,-9.621858,1.072963,3.500000,False,Regular
84,362.600000,189.000000,0.000000,164.900000,11.600000,944.700000,755.800000,3,35.301171,2.522260,4.187427,False,50.927887,-15.626716,1.742582,3.500000,False,Regular
85,323.700000,282.800000,0.000000,183.800000,10.300000,942.700000,659.900000,3,28.296095,3.556709,4.187427,False,50.747897,-22.451802,2.503668,3.500000,False,Regular
86,379.500000,151.200000,0.000000,153.900000,15.900000,1134.300000,605.000000,3,28.599464,5.491371,4.187427,True,49.381939,-20.782474,2.317517,3.500000,False,Leverage only
87,362.600000,189.000000,0.000000,164.900000,11.600000,944.700000,755.800000,3,35.301171,2.522260,4.187427,False,50.927887,-15.626716,1.742582,3.500000,False,Regular
88,286.300000,200.900000,0.000000,144.700000,11.200000,1004.600000,803.700000,3,24.400556,3.220125,4.187427,False,47.204687,-22.804131,2.542958,3.500000,False,Regular
89,362.600000,189.000000,0.000000,164.900000,11.600000,944.700000,755.800000,3,35.301171,2.522260,4.187427,False,50.927887,-15.626716,1.742582,3.500000,False,Regular
90,439.000000,177.000000,0.000000,186.000000,11.100000,884.900000,707.900000,3,39.300132,3.407512,4.187427,False,54.417467,-15.117335,1.685780,3.500000,False,Regular
91,389.900000,189.000000,0.000000,145.900000,22.000000,944.700000,755.800000,3,40.596347,4.737265,4.187427,True,58.475033,-17.878686,1.993706,3.500000,False,Leverage only
92,362.600000,189.000000,0.000000,164.900000,11.600000,944.700000,755.800000,3,35.301171,2.522260,4.187427,False,50.927887,-15.626716,1.742582,3.500000,False,Regular
93,337.900000,189.000000,0.000000,174.900000,9.500000,944.700000,755.800000,3,24.097186,2.366334,4.187427,False,46.022660,-21.925473,2.444976,3.500000,False,Regular
94,374.000000,189.200000,0.000000,170.100000,10.100000,926.100000,756.700000,7,46.201787,2.455845,4.187427,False,51.944937,-5.743150,0.640436,3.500000,False,Regular
95,313.300000,262.200000,0.000000,175.500000,8.600000,1046.900000,611.800000,7,42.795775,3.723438,4.187427,False,48.770227,-5.974451,0.666229,3.500000,False,Regular
96,425.000000,106.300000,0.000000,153.500000,16.500000,852.100000,887.100000,7,49.201007,3.457006,4.187427,False,55.139225,-5.938218,0.662189,3.500000,False,Regular
97,425.000000,106.300000,0.000000,151.400000,18.600000,936.000000,803.700000,7,46.801631,3.766966,4.187427,False,54.505252,-7.703621,0.859054,3.500000,False,Regular
98,375.000000,93.800000,0.000000,126.600000,23.400000,852.100000,992.600000,7,45.698469,5.391768,4.187427,True,54.784728,-9.086259,1.013236,3.500000,False,Leverage only
99,475.000000,118.800000,0.000000,181.100000,8.900000,852.100000,781.500000,7,55.599345,3.231061,4.187427,False,55.304135,0.295209,0.032920,3.500000,False,Regular
100,469.000000,117.200000,0.000000,137.800000,32.200000,852.100000,840.500000,7,54.896079,7.466539,4.187427,True,64.975335,-10.079256,1.123968,3.500000,False,Leverage only
101,425.000000,106.300000,0.000000,153.500000,16.500000,852.100000,887.100000,7,49.201007,3.457006,4.187427,False,55.139225,-5.938218,0.662189,3.500000,False,Regular
102,388.600000,97.100000,0.000000,157.900000,12.100000,852.100000,925.700000,7,34.901275,3.304152,4.187427,False,49.255372,-14.354097,1.600669,3.500000,False,Regular
103,531.300000,0.000000,0.000000,141.800000,28.200000,852.100000,893.700000,7,46.898158,6.726459,4.187427,True,60.513879,-13.615721,1.518330,3.500000,False,Leverage only
104,425.000000,106.300000,0.000000,153.500000,16.500000,852.100000,887.100000,7,49.201007,3.457006,4.187427,False,55.139225,-5.938218,0.662189,3.500000,False,Regular
105,318.800000,212.500000,0.000000,155.700000,14.300000,852.100000,880.400000,7,33.398217,3.399229,4.187427,False,52.277576,-18.879359,2.105295,3.500000,False,Regular
106,401.800000,94.700000,0.000000,147.400000,11.400000,946.800000,852.100000,7,54.096287,2.832628,4.187427,False,51.341477,2.754810,0.307197,3.500000,False,Regular
107,362.600000,189.000000,0.000000,164.900000,11.600000,944.700000,755.800000,7,55.895819,2.466748,4.187427,False,51.547842,4.347978,0.484856,3.500000,False,Regular
108,323.700000,282.800000,0.000000,183.800000,10.300000,942.700000,659.900000,7,49.800851,3.518067,4.187427,False,51.367852,-1.567000,0.174741,3.500000,False,Regular
109,379.500000,151.200000,0.000000,153.900000,15.900000,1134.300000,605.000000,7,47.098106,5.468041,4.187427,True,50.001894,-2.903788,0.323810,3.500000,False,Leverage only
110,362.600000,189.000000,0.000000,164.900000,11.600000,944.700000,755.800000,7,55.895819,2.466748,4.187427,False,51.547842,4.347978,0.484856,3.500000,False,Regular
111,286.300000,200.900000,0.000000,144.700000,11.200000,1004.600000,803.700000,7,37.997022,3.177050,4.187427,False,47.824642,-9.827619,1.095908,3.500000,False,Regular
112,362.600000,189.000000,0.000000,164.900000,11.600000,944.700000,755.800000,7,55.895819,2.466748,4.187427,False,51.547842,4.347978,0.484856,3.500000,False,Regular
113,439.000000,177.000000,0.000000,186.000000,11.100000,884.900000,707.900000,7,56.095767,3.366851,4.187427,False,55.037422,1.058346,0.118019,3.500000,False,Regular
114,389.900000,189.000000,0.000000,145.900000,22.000000,944.700000,755.800000,7,59.094988,4.705738,4.187427,True,59.094988,0.000000,0.000000,3.500000,False,Leverage only
115,362.600000,189.000000,0.000000,164.900000,11.600000,944.700000,755.800000,7,22.897498,2.466748,4.187427,False,51.547842,-28.650344,3.194887,3.500000,False,Regular
116,337.900000,189.000000,0.000000,174.900000,9.500000,944.700000,755.800000,7,35.101223,2.305849,4.187427,False,46.642615,-11.541391,1.287016,3.500000,False,Regular
117,374.000000,189.200000,0.000000,170.100000,10.100000,926.100000,756.700000,28,61.094468,2.286695,4.187427,False,55.199701,5.894768,0.657343,3.500000,False,Regular
118,313.300000,262.200000,0.000000,175.500000,8.600000,1046.900000,611.800000,28,59.798253,3.630362,4.187427,False,52.024990,7.773263,0.866820,3.500000,False,Regular
119,425.000000,106.300000,0.000000,153.500000,16.500000,852.100000,887.100000,28,60.294676,3.315152,4.187427,False,58.393988,1.900688,0.211951,3.500000,False,Regular
120,425.000000,106.300000,0.000000,151.400000,18.600000,936.000000,803.700000,28,61.797734,3.643531,4.187427,False,57.760016,4.037718,0.450258,3.500000,False,Regular
121,375.000000,93.800000,0.000000,126.600000,23.400000,852.100000,992.600000,28,56.695611,5.286594,4.187427,True,58.039492,-1.343880,0.149860,3.500000,False,Leverage only
122,475.000000,118.800000,0.000000,181.100000,8.900000,852.100000,781.500000,28,68.299493,3.107116,4.187427,False,58.558899,9.740594,1.086203,3.500000,False,Regular
123,469.000000,117.200000,0.000000,137.800000,32.200000,852.100000,840.500000,28,66.899856,7.389655,4.187427,True,68.230099,-1.330242,0.148339,3.500000,False,Leverage only
124,425.000000,106.300000,0.000000,153.500000,16.500000,852.100000,887.100000,28,60.294676,3.315152,4.187427,False,58.393988,1.900688,0.211951,3.500000,False,Regular
125,388.600000,97.100000,0.000000,157.900000,12.100000,852.100000,925.700000,28,50.697170,3.155817,4.187427,False,52.510136,-1.812965,0.202169,3.500000,False,Regular
126,531.300000,0.000000,0.000000,141.800000,28.200000,852.100000,893.700000,28,56.399137,6.643316,4.187427,True,63.768642,-7.369505,0.821796,3.500000,False,Leverage only
127,425.000000,106.300000,0.000000,153.500000,16.500000,852.100000,887.100000,28,60.294676,3.315152,4.187427,False,58.393988,1.900688,0.211951,3.500000,False,Regular
128,318.800000,212.500000,0.000000,155.700000,14.300000,852.100000,880.400000,28,55.495923,3.252963,4.187427,False,55.532340,-0.036416,0.004061,3.500000,False,Regular
129,401.800000,94.700000,0.000000,147.400000,11.400000,946.800000,852.100000,28,68.499441,2.687472,4.187427,False,54.596241,13.903200,1.550388,3.500000,False,Regular
130,362.600000,189.000000,0.000000,164.900000,11.600000,944.700000,755.800000,28,71.298713,2.297031,4.187427,False,54.802605,16.496108,1.839531,3.500000,False,Regular
131,323.700000,282.800000,0.000000,183.800000,10.300000,942.700000,659.900000,28,74.697830,3.403973,4.187427,False,54.622615,20.075215,2.238648,3.500000,False,Regular
132,379.500000,151.200000,0.000000,153.900000,15.900000,1134.300000,605.000000,28,52.200228,5.403942,4.187427,True,53.256657,-1.056429,0.117806,3.500000,False,Leverage only
133,362.600000,189.000000,0.000000,164.900000,11.600000,944.700000,755.800000,28,71.298713,2.297031,4.187427,False,54.802605,16.496108,1.839531,3.500000,False,Regular
134,286.300000,200.900000,0.000000,144.700000,11.200000,1004.600000,803.700000,28,67.699648,3.048353,4.187427,False,51.079405,16.620243,1.853374,3.500000,False,Regular
135,362.600000,189.000000,0.000000,164.900000,11.600000,944.700000,755.800000,28,71.298713,2.297031,4.187427,False,54.802605,16.496108,1.839531,3.500000,False,Regular
136,439.000000,177.000000,0.000000,186.000000,11.100000,884.900000,707.900000,28,65.996643,3.245771,4.187427,False,58.292185,7.704458,0.859147,3.500000,False,Regular
137,389.900000,189.000000,0.000000,145.900000,22.000000,944.700000,755.800000,28,74.497882,4.607224,4.187427,True,62.349751,12.148130,1.354675,3.500000,False,Leverage only
138,362.600000,189.000000,0.000000,164.900000,11.600000,944.700000,755.800000,28,71.298713,2.297031,4.187427,False,54.802605,16.496108,1.839531,3.500000,False,Regular
139,337.900000,189.000000,0.000000,174.900000,9.500000,944.700000,755.800000,28,49.897378,2.116311,4.187427,False,49.897378,0.000000,0.000000,3.500000,False,Regular
140,374.000000,189.200000,0.000000,170.100000,10.100000,926.100000,756.700000,56,63.397318,2.417900,4.187427,False,59.539385,3.857933,0.430210,3.500000,False,Regular
141,313.300000,262.200000,0.000000,175.500000,8.600000,1046.900000,611.800000,56,64.900376,3.735475,4.187427,False,56.364675,8.535701,0.951842,3.500000,False,Regular
142,425.000000,106.300000,0.000000,153.500000,16.500000,852.100000,887.100000,56,64.300532,3.375828,4.187427,False,62.733673,1.566859,0.174725,3.500000,False,Regular
143,425.000000,106.300000,0.000000,151.400000,18.600000,936.000000,803.700000,56,64.900376,3.707097,4.187427,False,62.099701,2.800675,0.312312,3.500000,False,Regular
144,375.000000,93.800000,0.000000,126.600000,23.400000,852.100000,992.600000,56,60.198150,5.304478,4.187427,True,62.379176,-2.181027,0.243213,3.500000,False,Leverage only
145,475.000000,118.800000,0.000000,181.100000,8.900000,852.100000,781.500000,56,72.298453,3.208362,4.187427,False,62.898583,9.399870,1.048208,3.500000,False,Regular
146,469.000000,117.200000,0.000000,137.800000,32.200000,852.100000,840.500000,56,69.299233,7.400740,4.187427,True,72.569783,-3.270550,0.364709,3.500000,False,Leverage only
147,425.000000,106.300000,0.000000,153.500000,16.500000,852.100000,887.100000,56,64.300532,3.375828,4.187427,False,62.733673,1.566859,0.174725,3.500000,False,Regular
148,388.600000,97.100000,0.000000,157.900000,12.100000,852.100000,925.700000,56,55.199449,3.219999,4.187427,False,56.849820,-1.650372,0.184038,3.500000,False,Regular
149,531.300000,0.000000,0.000000,141.800000,28.200000,852.100000,893.700000,56,58.798513,6.658707,4.187427,True,68.108327,-9.309814,1.038166,3.500000,False,Leverage only
150,425.000000,106.300000,0.000000,153.500000,16.500000,852.100000,887.100000,56,64.300532,3.375828,4.187427,False,62.733673,1.566859,0.174725,3.500000,False,Regular
151,318.800000,212.500000,0.000000,155.700000,14.300000,852.100000,880.400000,56,66.100064,3.312298,4.187427,False,59.872024,6.228040,0.694508,3.500000,False,Regular
152,401.800000,94.700000,0.000000,147.400000,11.400000,946.800000,852.100000,56,73.698090,2.800179,4.187427,False,58.935925,14.762164,1.646174,3.500000,False,Regular
153,362.600000,189.000000,0.000000,164.900000,11.600000,944.700000,755.800000,56,77.297154,2.425949,4.187427,False,59.142290,18.154864,2.024504,3.500000,False,Regular
154,323.700000,282.800000,0.000000,183.800000,10.300000,942.700000,659.900000,56,80.199848,3.495837,4.187427,False,58.962300,21.237548,2.368263,3.500000,False,Regular
155,379.500000,151.200000,0.000000,153.900000,15.900000,1134.300000,605.000000,56,54.896079,5.473599,4.187427,True,57.596342,-2.700263,0.301114,3.500000,False,Leverage only
156,362.600000,189.000000,0.000000,164.900000,11.600000,944.700000,755.800000,56,77.297154,2.425949,4.187427,False,59.142290,18.154864,2.024504,3.500000,False,Regular
157,286.300000,200.900000,0.000000,144.700000,11.200000,1004.600000,803.700000,56,72.994824,3.148185,4.187427,False,55.419090,17.575734,1.959923,3.500000,False,Regular
158,362.600000,189.000000,0.000000,164.900000,11.600000,944.700000,755.800000,56,77.297154,2.425949,4.187427,False,59.142290,18.154864,2.024504,3.500000,False,Regular
159,439.000000,177.000000,0.000000,186.000000,11.100000,884.900000,707.900000,56,71.698609,3.339814,4.187427,False,62.631870,9.066739,1.011060,3.500000,False,Regular
160,389.900000,189.000000,0.000000,145.900000,22.000000,944.700000,755.800000,56,79.400056,4.657264,4.187427,True,66.689436,12.710620,1.417400,3.500000,False,Leverage only
161,362.600000,189.000000,0.000000,164.900000,11.600000,944.700000,755.800000,56,77.297154,2.425949,4.187427,False,59.142290,18.154864,2.024504,3.500000,False,Regular
162,337.900000,189.000000,0.000000,174.900000,9.500000,944.700000,755.800000,56,59.894780,2.246794,4.187427,False,54.237063,5.657717,0.630909,3.500000,False,Regular
163,374.000000,189.200000,0.000000,170.100000,10.100000,926.100000,756.700000,91,64.900376,3.054318,4.187427,False,64.963991,-0.063615,0.007094,3.500000,False,Regular
164,313.300000,262.200000,0.000000,175.500000,8.600000,1046.900000,611.800000,91,66.596487,4.199122,4.187427,True,61.789281,4.807206,0.536066,3.500000,False,Leverage only
165,425.000000,106.300000,0.000000,153.500000,16.500000,852.100000,887.100000,91,65.196851,3.822922,4.187427,False,68.158279,-2.961428,0.330238,3.500000,False,Regular
166,425.000000,106.300000,0.000000,151.400000,18.600000,936.000000,803.700000,91,66.699908,4.127671,4.187427,False,67.524306,-0.824398,0.091931,3.500000,False,Regular
167,375.000000,93.800000,0.000000,126.600000,23.400000,852.100000,992.600000,91,62.500999,5.575419,4.187427,True,67.803782,-5.302783,0.591329,3.500000,False,Leverage only
168,475.000000,118.800000,0.000000,181.100000,8.900000,852.100000,781.500000,91,74.194512,3.715360,4.187427,False,68.323189,5.871323,0.654729,3.500000,False,Regular
169,469.000000,117.200000,0.000000,137.800000,32.200000,852.100000,840.500000,91,70.698869,7.595190,4.187427,True,77.994389,-7.295520,0.813546,3.500000,False,Leverage only
170,425.000000,106.300000,0.000000,153.500000,16.500000,852.100000,887.100000,91,65.196851,3.822922,4.187427,False,68.158279,-2.961428,0.330238,3.500000,False,Regular
171,388.600000,97.100000,0.000000,157.900000,12.100000,852.100000,925.700000,91,57.598825,3.686590,4.187427,False,62.274426,-4.675601,0.521390,3.500000,False,Regular
172,531.300000,0.000000,0.000000,141.800000,28.200000,852.100000,893.700000,91,59.198409,6.877888,4.187427,True,73.532933,-14.334523,1.598486,3.500000,False,Leverage only
173,425.000000,106.300000,0.000000,153.500000,16.500000,852.100000,887.100000,91,65.196851,3.822922,4.187427,False,68.158279,-2.961428,0.330238,3.500000,False,Regular
174,318.800000,212.500000,0.000000,155.700000,14.300000,852.100000,880.400000,91,68.099545,3.764211,4.187427,False,65.296630,2.802914,0.312561,3.500000,False,Regular
175,401.800000,94.700000,0.000000,147.400000,11.400000,946.800000,852.100000,91,75.497622,3.365288,4.187427,False,64.360531,11.137091,1.241931,3.500000,False,Regular
176,362.600000,189.000000,0.000000,164.900000,11.600000,944.700000,755.800000,91,79.296635,3.058980,4.187427,False,64.566896,14.729739,1.642558,3.500000,False,Regular
177,379.500000,151.200000,0.000000,153.900000,15.900000,1134.300000,605.000000,91,56.495663,5.798141,4.187427,True,63.020948,-6.525284,0.727654,3.500000,False,Leverage only
178,362.600000,189.000000,0.000000,164.900000,11.600000,944.700000,755.800000,91,79.296635,3.058980,4.187427,False,64.566896,14.729739,1.642558,3.500000,False,Regular
179,286.300000,200.900000,0.000000,144.700000,11.200000,1004.600000,803.700000,91,76.800732,3.659968,4.187427,False,60.843696,15.957036,1.779417,3.500000,False,Regular
180,362.600000,189.000000,0.000000,164.900000,11.600000,944.700000,755.800000,91,79.296635,3.058980,4.187427,False,64.566896,14.729739,1.642558,3.500000,False,Regular
181,439.000000,177.000000,0.000000,186.000000,11.100000,884.900000,707.900000,91,73.298194,3.826168,4.187427,False,68.056476,5.241718,0.584520,3.500000,False,Regular
182,389.900000,189.000000,0.000000,145.900000,22.000000,944.700000,755.800000,91,82.599225,4.998062,4.187427,True,72.114042,10.485183,1.169235,3.500000,False,Leverage only
183,362.600000,189.000000,0.000000,164.900000,11.600000,944.700000,755.800000,91,79.296635,3.058980,4.187427,False,64.566896,14.729739,1.642558,3.500000,False,Regular
184,337.900000,189.000000,0.000000,174.900000,9.500000,944.700000,755.800000,91,67.796175,2.910457,4.187427,False,59.661669,8.134506,0.907103,3.500000,False,Regular
185,222.360000,0.000000,96.670000,189.290000,4.460000,967.080000,870.320000,3,11.576302,2.727743,4.187427,False,20.323170,-8.746868,0.975390,3.500000,False,Regular
186,222.360000,0.000000,96.670000,189.290000,4.460000,967.080000,870.320000,14,24.448819,2.573563,4.187427,False,22.028046,2.420773,0.269948,3.500000,False,Regular
187,222.360000,0.000000,96.670000,189.290000,4.460000,967.080000,870.320000,28,24.890084,2.452198,4.187427,False,24.197888,0.692195,0.077189,3.500000,False,Regular
188,222.360000,0.000000,96.670000,189.290000,4.460000,967.080000,870.320000,56,29.447520,2.497852,4.187427,False,28.537573,0.909947,0.101471,3.500000,False,Regular
189,222.360000,0.000000,96.670000,189.290000,4.460000,967.080000,870.320000,100,40.713558,3.238739,4.187427,False,35.357078,5.356480,0.597317,3.500000,False,Regular
190,233.810000,0.000000,94.580000,197.890000,4.567000,947.040000,852.160000,3,10.383509,2.927358,4.187427,False,19.522630,-9.139121,1.019131,3.500000,False,Regular
191,233.810000,0.000000,94.580000,197.890000,4.567000,947.040000,852.160000,14,22.139074,2.785786,4.187427,False,21.227506,0.911569,0.101652,3.500000,False,Regular
192,233.810000,0.000000,94.580000,197.890000,4.567000,947.040000,852.160000,28,22.835445,2.676103,4.187427,False,23.397348,-0.561903,0.062659,3.500000,False,Regular
193,233.810000,0.000000,94.580000,197.890000,4.567000,947.040000,852.160000,56,27.661777,2.721993,4.187427,False,27.737033,-0.075256,0.008392,3.500000,False,Regular
194,233.810000,0.000000,94.580000,197.890000,4.567000,947.040000,852.160000,100,34.556537,3.419586,4.187427,False,34.556537,0.000000,0.000000,3.500000,False,Regular
195,194.680000,0.000000,100.520000,165.620000,7.480000,1006.400000,905.900000,3,12.451937,2.475216,4.187427,False,22.338028,-9.886091,1.102428,3.500000,False,Regular
196,194.680000,0.000000,100.520000,165.620000,7.480000,1006.400000,905.900000,14,24.986610,2.303498,4.187427,False,24.042904,0.943706,0.105236,3.500000,False,Regular
197,194.680000,0.000000,100.520000,165.620000,7.480000,1006.400000,905.900000,28,25.724350,2.166112,4.187427,False,26.212746,-0.488397,0.054463,3.500000,False,Regular
198,194.680000,0.000000,100.520000,165.620000,7.480000,1006.400000,905.900000,56,33.963588,2.215807,4.187427,False,30.552431,3.411157,0.380388,3.500000,False,Regular
199,194.680000,0.000000,100.520000,165.620000,7.480000,1006.400000,905.900000,100,37.342020,3.024407,4.187427,False,37.371935,-0.029915,0.003336,3.500000,False,Regular
200,190.680000,0.000000,125.400000,162.140000,7.770000,1090.000000,804.010000,3,15.044366,2.307444,4.187427,False,23.061409,-8.017042,0.894005,3.500000,False,Regular
201,190.680000,0.000000,125.400000,162.140000,7.770000,1090.000000,804.010000,14,21.063492,2.137365,4.187427,False,24.766285,-3.702793,0.412910,3.500000,False,Regular
202,190.680000,0.000000,125.400000,162.140000,7.770000,1090.000000,804.010000,28,26.400036,2.009107,4.187427,False,26.936127,-0.536091,0.059781,3.500000,False,Regular
203,190.680000,0.000000,125.400000,162.140000,7.770000,1090.000000,804.010000,56,35.342540,2.102085,4.187427,False,31.275812,4.066728,0.453493,3.500000,False,Regular
204,190.680000,0.000000,125.400000,162.140000,7.770000,1090.000000,804.010000,100,40.568768,2.985713,4.187427,False,38.095316,2.473452,0.275822,3.500000,False,Regular
205,212.070000,0.000000,121.620000,180.310000,5.690000,1057.600000,779.320000,3,12.472621,2.083328,4.187427,False,21.527581,-9.054960,1.009746,3.500000,False,Regular
206,212.070000,0.000000,121.620000,180.310000,5.690000,1057.600000,779.320000,14,20.918702,1.892622,4.187427,False,23.232457,-2.313755,0.258014,3.500000,False,Regular
207,212.070000,0.000000,121.620000,180.310000,5.690000,1057.600000,779.320000,28,24.903873,1.745657,4.187427,False,25.402299,-0.498426,0.055581,3.500000,False,Regular
208,212.070000,0.000000,121.620000,180.310000,5.690000,1057.600000,779.320000,56,34.204904,1.850351,4.187427,False,29.741984,4.462920,0.497674,3.500000,False,Regular
209,212.070000,0.000000,121.620000,180.310000,5.690000,1057.600000,779.320000,100,39.610396,2.812552,4.187427,False,36.561489,3.048908,0.339993,3.500000,False,Regular
210,229.970000,0.000000,118.310000,195.470000,4.630000,1029.400000,758.590000,3,10.031876,2.653848,4.187427,False,20.308632,-10.276756,1.145992,3.500000,False,Regular
211,229.970000,0.000000,118.310000,195.470000,4.630000,1029.400000,758.590000,14,20.084436,2.504786,4.187427,False,22.013508,-1.929072,0.215117,3.500000,False,Regular
212,229.970000,0.000000,118.310000,195.470000,4.630000,1029.400000,758.590000,28,24.483293,2.392823,4.187427,False,24.183351,0.299942,0.033447,3.500000,False,Regular
213,229.970000,0.000000,118.310000,195.470000,4.630000,1029.400000,758.590000,56,31.536632,2.464707,4.187427,False,28.523035,3.013597,0.336055,3.500000,False,Regular
214,229.970000,0.000000,118.310000,195.470000,4.630000,1029.400000,758.590000,100,35.342540,3.243229,4.187427,False,35.342540,0.000000,0.000000,3.500000,False,Regular
215,190.340000,0.000000,125.180000,161.850000,9.880000,1088.100000,802.590000,3,9.445821,2.434561,4.187427,False,23.245387,-13.799566,1.538831,3.500000,False,Regular
216,190.340000,0.000000,125.180000,161.850000,9.880000,1088.100000,802.590000,14,22.718234,2.268271,4.187427,False,24.950263,-2.232029,0.248900,3.500000,False,Regular
217,190.340000,0.000000,125.180000,161.850000,9.880000,1088.100000,802.590000,28,28.468464,2.140108,4.187427,False,27.120105,1.348359,0.150360,3.500000,False,Regular
218,190.340000,0.000000,125.180000,161.850000,9.880000,1088.100000,802.590000,56,38.562393,2.212683,4.187427,False,31.459790,7.102603,0.792033,3.500000,False,Regular
219,190.340000,0.000000,125.180000,161.850000,9.880000,1088.100000,802.590000,100,40.389504,3.047527,4.187427,False,38.279294,2.110210,0.235316,3.500000,False,Regular
220,166.090000,0.000000,163.270000,176.460000,4.490000,1058.600000,780.090000,3,10.762720,2.639208,4.187427,False,20.017555,-9.254834,1.032035,3.500000,False,Regular
221,166.090000,0.000000,163.270000,176.460000,4.490000,1058.600000,780.090000,14,25.483033,2.494004,4.187427,False,21.722431,3.760602,0.419356,3.500000,False,Regular
222,166.090000,0.000000,163.270000,176.460000,4.490000,1058.600000,780.090000,28,21.539230,2.387830,4.187427,False,23.892273,-2.353043,0.262395,3.500000,False,Regular
223,166.090000,0.000000,163.270000,176.460000,4.490000,1058.600000,780.090000,56,28.627044,2.472039,4.187427,False,28.231958,0.395086,0.044057,3.500000,False,Regular
224,166.090000,0.000000,163.270000,176.460000,4.490000,1058.600000,780.090000,100,33.543007,3.263297,4.187427,False,35.051462,-1.508455,0.168212,3.500000,False,Regular
225,167.950000,42.080000,163.830000,121.750000,5.720000,1058.700000,780.110000,3,7.749710,7.659312,4.187427,True,31.412300,-23.662590,2.638687,3.500000,False,Leverage only
226,167.950000,42.080000,163.830000,121.750000,5.720000,1058.700000,780.110000,14,17.822955,7.636757,4.187427,True,33.117177,-15.294222,1.705505,3.500000,False,Leverage only
227,167.950000,42.080000,163.830000,121.750000,5.720000,1058.700000,780.110000,28,24.241976,7.636183,4.187427,True,35.287019,-11.045043,1.231666,3.500000,False,Leverage only
228,167.950000,42.080000,163.830000,121.750000,5.720000,1058.700000,780.110000,56,32.853531,7.729143,4.187427,True,39.626704,-6.773172,0.755297,3.500000,False,Leverage only
229,167.950000,42.080000,163.830000,121.750000,5.720000,1058.700000,780.110000,100,39.231184,8.116604,4.187427,True,46.446208,-7.215024,0.804569,3.500000,False,Leverage only
230,213.720000,98.050000,24.510000,181.710000,6.860000,1065.800000,785.380000,3,17.995324,2.694181,4.187427,False,23.275436,-5.280113,0.588801,3.500000,False,Regular
231,213.720000,98.050000,24.510000,181.710000,6.860000,1065.800000,785.380000,14,30.385207,2.547776,4.187427,False,24.980312,5.404895,0.602716,3.500000,False,Regular
232,213.720000,98.050000,24.510000,181.710000,6.860000,1065.800000,785.380000,28,45.705364,2.438182,4.187427,False,27.150155,18.555209,2.069148,3.500000,False,Regular
233,213.720000,98.050000,24.510000,181.710000,6.860000,1065.800000,785.380000,56,50.773013,2.509533,4.187427,False,31.489839,19.283173,2.150325,3.500000,False,Regular
234,213.720000,98.050000,24.510000,181.710000,6.860000,1065.800000,785.380000,100,53.903234,3.278345,4.187427,False,38.309344,15.593890,1.738922,3.500000,False,Regular
235,213.760000,98.060000,24.520000,181.740000,6.650000,1066.000000,785.520000,3,13.182781,2.645609,4.187427,False,23.258010,-10.075228,1.123519,3.500000,False,Regular
236,213.760000,98.060000,24.520000,181.740000,6.650000,1066.000000,785.520000,14,17.836744,2.496870,4.187427,False,24.962886,-7.126142,0.794658,3.500000,False,Regular
237,213.760000,98.060000,24.520000,181.740000,6.650000,1066.000000,785.520000,28,40.230925,2.385621,4.187427,False,27.132728,13.098197,1.460620,3.500000,False,Regular
238,213.760000,98.060000,24.520000,181.740000,6.650000,1066.000000,785.520000,56,47.132579,2.459824,4.187427,False,31.472413,15.660167,1.746313,3.500000,False,Regular
239,213.760000,98.060000,24.520000,181.740000,6.650000,1066.000000,785.520000,100,49.973220,3.242033,4.187427,False,38.291917,11.681303,1.302618,3.500000,False,Regular
240,229.680000,0.000000,118.160000,195.230000,6.130000,1028.100000,757.630000,3,13.355150,2.803524,4.187427,False,20.440245,-7.085095,0.790080,3.500000,False,Regular
241,229.680000,0.000000,118.160000,195.230000,6.130000,1028.100000,757.630000,14,22.318338,2.659391,4.187427,False,22.145121,0.173217,0.019316,3.500000,False,Regular
242,229.680000,0.000000,118.160000,195.230000,6.130000,1028.100000,757.630000,28,24.538451,2.549619,4.187427,False,24.314964,0.223487,0.024922,3.500000,False,Regular
243,229.680000,0.000000,118.160000,195.230000,6.130000,1028.100000,757.630000,56,31.350474,2.608225,4.187427,False,28.654648,2.695826,0.300620,3.500000,False,Regular
244,229.680000,0.000000,118.160000,195.230000,6.130000,1028.100000,757.630000,100,40.858348,3.342588,4.187427,False,35.474153,5.384195,0.600408,3.500000,False,Regular
245,238.050000,0.000000,94.110000,186.660000,7.000000,949.910000,847.010000,3,19.932751,2.007450,4.187427,False,21.486070,-1.553319,0.173215,3.500000,False,Regular
246,238.050000,0.000000,94.110000,186.660000,7.000000,949.910000,847.010000,14,25.689876,1.812324,4.187427,False,23.190946,2.498930,0.278663,3.500000,False,Regular
247,238.050000,0.000000,94.110000,186.660000,7.000000,949.910000,847.010000,28,30.233523,1.663199,4.187427,False,25.360789,4.872734,0.543373,3.500000,False,Regular
248,238.050000,0.000000,94.110000,186.660000,7.000000,949.910000,847.010000,56,39.589712,1.782004,4.187427,False,29.700473,9.889239,1.102779,3.500000,False,Regular
249,238.050000,0.000000,94.110000,186.660000,7.000000,949.910000,847.010000,100,44.298833,2.777369,4.187427,False,36.519978,7.778855,0.867444,3.500000,False,Regular
250,250.000000,0.000000,95.690000,187.420000,5.530000,956.860000,861.170000,3,13.817099,2.572010,4.187427,False,23.858972,-10.041873,1.119800,3.500000,False,Regular
251,250.000000,0.000000,95.690000,187.420000,5.530000,956.860000,861.170000,14,24.917663,2.409706,4.187427,False,25.563848,-0.646186,0.072058,3.500000,False,Regular
252,250.000000,0.000000,95.690000,187.420000,5.530000,956.860000,861.170000,28,29.219993,2.282092,4.187427,False,27.733691,1.486302,0.165742,3.500000,False,Regular
253,250.000000,0.000000,95.690000,187.420000,5.530000,956.860000,861.170000,56,38.327971,2.335883,4.187427,False,32.073375,6.254595,0.697469,3.500000,False,Regular
254,250.000000,0.000000,95.690000,187.420000,5.530000,956.860000,861.170000,100,42.347616,3.121176,4.187427,False,38.892880,3.454736,0.385248,3.500000,False,Regular
255,212.520000,0.000000,100.370000,159.320000,8.710000,1007.800000,903.590000,3,13.541309,2.438267,4.187427,False,25.663441,-12.122132,1.351776,3.500000,False,Regular
256,212.520000,0.000000,100.370000,159.320000,8.710000,1007.800000,903.590000,14,26.310404,2.266337,4.187427,False,27.368317,-1.057913,0.117971,3.500000,False,Regular
257,212.520000,0.000000,100.370000,159.320000,8.710000,1007.800000,903.590000,28,31.640054,2.130059,4.187427,False,29.538159,2.101895,0.234389,3.500000,False,Regular
258,212.520000,0.000000,100.370000,159.320000,8.710000,1007.800000,903.590000,56,42.547564,2.187412,4.187427,False,33.877844,8.669720,0.966787,3.500000,False,Regular
259,212.520000,0.000000,100.370000,159.320000,8.710000,1007.800000,903.590000,100,42.919881,3.011466,4.187427,False,40.697348,2.222533,0.247841,3.500000,False,Regular
260,212.570000,0.000000,100.390000,159.350000,10.370000,1003.800000,903.790000,3,13.334466,2.448766,4.187427,False,25.835158,-12.500692,1.393990,3.500000,False,Regular
261,212.570000,0.000000,100.390000,159.350000,10.370000,1003.800000,903.790000,14,25.372717,2.272853,4.187427,False,27.540034,-2.167317,0.241684,3.500000,False,Regular
262,212.570000,0.000000,100.390000,159.350000,10.370000,1003.800000,903.790000,28,37.404073,2.130507,4.187427,False,29.709876,7.694197,0.858003,3.500000,False,Regular
263,212.570000,0.000000,100.390000,159.350000,10.370000,1003.800000,903.790000,56,44.395360,2.175165,4.187427,False,34.049561,10.345799,1.153691,3.500000,False,Regular
264,212.570000,0.000000,100.390000,159.350000,10.370000,1003.800000,903.790000,100,47.739318,2.988067,4.187427,False,40.869065,6.870253,0.766123,3.500000,False,Regular
265,212.000000,0.000000,124.780000,159.000000,7.840000,1085.400000,799.540000,3,19.519066,2.316019,4.187427,False,26.058400,-6.539334,0.729221,3.500000,False,Regular
266,212.000000,0.000000,124.780000,159.000000,7.840000,1085.400000,799.540000,14,31.350474,2.151371,4.187427,False,27.763276,3.587198,0.400019,3.500000,False,Regular
267,212.000000,0.000000,124.780000,159.000000,7.840000,1085.400000,799.540000,28,38.500340,2.030411,4.187427,False,29.933118,8.567222,0.955357,3.500000,False,Regular
268,212.000000,0.000000,124.780000,159.000000,7.840000,1085.400000,799.540000,56,45.084836,2.134665,4.187427,False,34.272803,10.812033,1.205683,3.500000,False,Regular
269,212.000000,0.000000,124.780000,159.000000,7.840000,1085.400000,799.540000,100,47.815161,3.022283,4.187427,False,41.092307,6.722853,0.749686,3.500000,False,Regular
270,231.750000,0.000000,121.620000,173.960000,6.720000,1056.400000,778.450000,3,15.437368,1.931588,4.187427,False,25.094861,-9.657494,1.076936,3.500000,False,Regular
271,231.750000,0.000000,121.620000,173.960000,6.720000,1056.400000,778.450000,14,26.772353,1.728413,4.187427,False,26.799738,-0.027384,0.003054,3.500000,False,Regular
272,231.750000,0.000000,121.620000,173.960000,6.720000,1056.400000,778.450000,28,33.729166,1.572041,4.187427,False,28.969580,4.759586,0.530756,3.500000,False,Regular
273,231.750000,0.000000,121.620000,173.960000,6.720000,1056.400000,778.450000,56,42.699249,1.698529,4.187427,False,33.309265,9.389984,1.047106,3.500000,False,Regular
274,231.750000,0.000000,121.620000,173.960000,6.720000,1056.400000,778.450000,100,45.836364,2.725824,4.187427,False,40.128769,5.707595,0.636471,3.500000,False,Regular
275,251.370000,0.000000,118.270000,188.450000,5.750000,1028.400000,757.730000,3,17.223110,2.297008,4.187427,False,24.207076,-6.983966,0.778803,3.500000,False,Regular
276,251.370000,0.000000,118.270000,188.450000,5.750000,1028.400000,757.730000,14,29.930153,2.126819,4.187427,False,25.911953,4.018201,0.448082,3.500000,False,Regular
277,251.370000,0.000000,118.270000,188.450000,5.750000,1028.400000,757.730000,28,29.654363,1.998866,4.187427,False,28.081795,1.572568,0.175362,3.500000,False,Regular
278,251.370000,0.000000,118.270000,188.450000,5.750000,1028.400000,757.730000,56,36.969703,2.094173,4.187427,False,32.421480,4.548224,0.507186,3.500000,False,Regular
279,251.370000,0.000000,118.270000,188.450000,5.750000,1028.400000,757.730000,100,43.581778,2.982216,4.187427,False,39.240984,4.340794,0.484055,3.500000,False,Regular
280,251.370000,0.000000,118.270000,188.450000,6.350000,1028.400000,757.730000,3,13.120728,2.365795,4.187427,False,24.304245,-11.183516,1.247108,3.500000,False,Regular
281,251.370000,0.000000,118.270000,188.450000,6.350000,1028.400000,757.730000,14,24.428135,2.198419,4.187427,False,26.009121,-1.580986,0.176301,3.500000,False,Regular
282,251.370000,0.000000,118.270000,188.450000,6.350000,1028.400000,757.730000,28,32.660478,2.071491,4.187427,False,28.178963,4.481515,0.499747,3.500000,False,Regular
283,251.370000,0.000000,118.270000,188.450000,6.350000,1028.400000,757.730000,56,36.638755,2.157087,4.187427,False,32.518648,4.120107,0.459446,3.500000,False,Regular
284,251.370000,0.000000,118.270000,188.450000,6.350000,1028.400000,757.730000,100,44.209201,3.019411,4.187427,False,39.338152,4.871049,0.543185,3.500000,False,Regular
285,181.380000,0.000000,167.010000,169.590000,7.560000,1055.600000,777.800000,3,13.624046,2.384102,4.187427,False,23.661488,-10.037443,1.119306,3.500000,False,Regular
286,181.380000,0.000000,167.010000,169.590000,7.560000,1055.600000,777.800000,14,21.601283,2.219448,4.187427,False,25.366365,-3.765081,0.419856,3.500000,False,Regular
287,181.380000,0.000000,167.010000,169.590000,7.560000,1055.600000,777.800000,28,27.772093,2.095605,4.187427,False,27.536207,0.235886,0.026304,3.500000,False,Regular
288,181.380000,0.000000,167.010000,169.590000,7.560000,1055.600000,777.800000,56,35.570067,2.183728,4.187427,False,31.875892,3.694175,0.411949,3.500000,False,Regular
289,181.380000,0.000000,167.010000,169.590000,7.560000,1055.600000,777.800000,100,45.367521,3.042417,4.187427,False,38.695396,6.672125,0.744029,3.500000,False,Regular
290,182.040000,45.210000,121.970000,170.210000,8.190000,1059.400000,780.650000,3,7.315340,2.020732,4.187427,False,24.442728,-17.127387,1.909927,3.500000,False,Regular
291,182.040000,45.210000,121.970000,170.210000,8.190000,1059.400000,780.650000,14,21.504756,1.822186,4.187427,False,26.147604,-4.642848,0.517738,3.500000,False,Regular
292,182.040000,45.210000,121.970000,170.210000,8.190000,1059.400000,780.650000,28,31.267737,1.667213,4.187427,False,28.317446,2.950290,0.328996,3.500000,False,Regular
293,182.040000,45.210000,121.970000,170.210000,8.190000,1059.400000,780.650000,56,43.499041,1.773123,4.187427,False,32.657131,10.841910,1.209014,3.500000,False,Regular
294,182.040000,45.210000,121.970000,170.210000,8.190000,1059.400000,780.650000,100,48.670111,2.758908,4.187427,False,39.476635,9.193475,1.025192,3.500000,False,Regular
295,168.880000,42.220000,124.250000,158.330000,10.830000,1080.800000,796.150000,3,7.398077,2.521125,4.187427,False,25.355728,-17.957651,2.002512,3.500000,False,Regular
296,168.880000,42.220000,124.250000,158.330000,10.830000,1080.800000,796.150000,14,23.511132,2.361709,4.187427,False,27.060604,-3.549473,0.395812,3.500000,False,Regular
297,168.880000,42.220000,124.250000,158.330000,10.830000,1080.800000,796.150000,28,31.116052,2.239934,4.187427,False,29.230447,1.885605,0.210270,3.500000,False,Regular
298,168.880000,42.220000,124.250000,158.330000,10.830000,1080.800000,796.150000,56,39.148447,2.311375,4.187427,False,33.570131,5.578316,0.622055,3.500000,False,Regular
299,168.880000,42.220000,124.250000,158.330000,10.830000,1080.800000,796.150000,100,48.153004,3.122251,4.187427,False,40.389636,7.763368,0.865717,3.500000,False,Regular
300,290.350000,0.000000,96.180000,168.080000,9.410000,961.180000,865.000000,3,22.504497,2.012065,4.187427,False,32.593919,-10.089423,1.125102,3.500000,False,Regular
301,290.350000,0.000000,96.180000,168.080000,9.410000,961.180000,865.000000,14,34.673748,1.806012,4.187427,False,34.298795,0.374953,0.041812,3.500000,False,Regular
302,290.350000,0.000000,96.180000,168.080000,9.410000,961.180000,865.000000,28,34.735801,1.640340,4.187427,False,36.468638,-1.732837,0.193234,3.500000,False,Regular
303,290.350000,0.000000,96.180000,168.080000,9.410000,961.180000,865.000000,56,45.084836,1.730513,4.187427,False,40.808322,4.276513,0.476887,3.500000,False,Regular
304,290.350000,0.000000,96.180000,168.080000,9.410000,961.180000,865.000000,100,48.973480,2.714289,4.187427,False,47.627827,1.345653,0.150058,3.500000,False,Regular
305,277.050000,0.000000,97.390000,160.600000,11.830000,973.900000,875.610000,3,23.138815,2.137022,4.187427,False,32.796655,-9.657840,1.076975,3.500000,False,Regular
306,277.050000,0.000000,97.390000,160.600000,11.830000,973.900000,875.610000,14,41.885667,1.939229,4.187427,False,34.501531,7.384136,0.823427,3.500000,False,Regular
307,277.050000,0.000000,97.390000,160.600000,11.830000,973.900000,875.610000,28,48.284004,1.778985,4.187427,False,36.671373,11.612631,1.294960,3.500000,False,Regular
308,277.050000,0.000000,97.390000,160.600000,11.830000,973.900000,875.610000,56,51.035014,1.849064,4.187427,False,41.011058,10.023956,1.117802,3.500000,False,Regular
309,277.050000,0.000000,97.390000,160.600000,11.830000,973.900000,875.610000,100,55.640713,2.777339,4.187427,False,47.830562,7.810151,0.870934,3.500000,False,Regular
310,295.710000,0.000000,95.640000,171.540000,8.870000,955.140000,859.200000,3,22.945761,2.044683,4.187427,False,32.440594,-9.494833,1.058798,3.500000,False,Regular
311,295.710000,0.000000,95.640000,171.540000,8.870000,955.140000,859.200000,14,35.232224,1.842997,4.187427,False,34.145470,1.086754,0.121187,3.500000,False,Regular
312,295.710000,0.000000,95.640000,171.540000,8.870000,955.140000,859.200000,28,39.941345,1.681971,4.187427,False,36.315312,3.626032,0.404350,3.500000,False,Regular
313,295.710000,0.000000,95.640000,171.540000,8.870000,955.140000,859.200000,56,48.718374,1.771916,4.187427,False,40.654997,8.063377,0.899172,3.500000,False,Regular
314,295.710000,0.000000,95.640000,171.540000,8.870000,955.140000,859.200000,100,52.041648,2.742793,4.187427,False,47.474501,4.567147,0.509296,3.500000,False,Regular
315,251.810000,0.000000,99.940000,146.140000,12.350000,1006.000000,899.760000,3,21.022123,2.662529,4.187427,False,32.971648,-11.949525,1.332528,3.500000,False,Regular
316,251.810000,0.000000,99.940000,146.140000,12.350000,1006.000000,899.760000,14,33.356849,2.508167,4.187427,False,34.676524,-1.319675,0.147161,3.500000,False,Regular
317,251.810000,0.000000,99.940000,146.140000,12.350000,1006.000000,899.760000,28,33.942903,2.388596,4.187427,False,36.846366,-2.903463,0.323774,3.500000,False,Regular
318,251.810000,0.000000,99.940000,146.140000,12.350000,1006.000000,899.760000,56,44.140254,2.445456,4.187427,False,41.186051,2.954203,0.329432,3.500000,False,Regular
319,251.810000,0.000000,99.940000,146.140000,12.350000,1006.000000,899.760000,100,45.367521,3.210486,4.187427,False,48.005555,-2.638035,0.294175,3.500000,False,Regular
320,249.100000,0.000000,98.750000,158.110000,12.800000,987.760000,889.010000,3,15.361525,2.441942,4.187427,False,30.321318,-14.959793,1.668212,3.500000,False,Regular
321,249.100000,0.000000,98.750000,158.110000,12.800000,987.760000,889.010000,14,28.682202,2.264750,4.187427,False,32.026194,-3.343992,0.372899,3.500000,False,Regular
322,249.100000,0.000000,98.750000,158.110000,12.800000,987.760000,889.010000,28,30.847156,2.120843,4.187427,False,34.196036,-3.348880,0.373444,3.500000,False,Regular
323,249.100000,0.000000,98.750000,158.110000,12.800000,987.760000,889.010000,56,42.030457,2.163708,4.187427,False,38.535721,3.494736,0.389709,3.500000,False,Regular
324,249.100000,0.000000,98.750000,158.110000,12.800000,987.760000,889.010000,100,51.055698,2.977460,4.187427,False,45.355225,5.700472,0.635677,3.500000,False,Regular
325,252.310000,0.000000,98.750000,146.250000,14.170000,987.760000,889.010000,3,21.780547,2.878923,4.187427,False,32.222381,-10.441834,1.164401,3.500000,False,Regular
326,252.310000,0.000000,98.750000,146.250000,14.170000,987.760000,889.010000,14,42.292458,2.745032,4.187427,False,33.927257,8.365201,0.932829,3.500000,False,Regular
327,252.310000,0.000000,98.750000,146.250000,14.170000,987.760000,889.010000,28,50.600644,2.647105,4.187427,False,36.097099,14.503544,1.617334,3.500000,False,Regular
328,252.310000,0.000000,98.750000,146.250000,14.170000,987.760000,889.010000,56,55.826872,2.719738,4.187427,False,40.436784,15.390088,1.716195,3.500000,False,Regular
329,252.310000,0.000000,98.750000,146.250000,14.170000,987.760000,889.010000,100,60.949678,3.450300,4.187427,False,47.256289,13.693390,1.526991,3.500000,False,Regular
330,246.830000,0.000000,125.080000,143.300000,11.990000,1086.800000,800.890000,3,23.524921,2.878811,4.187427,False,33.463419,-9.938498,1.108272,3.500000,False,Regular
331,246.830000,0.000000,125.080000,143.300000,11.990000,1086.800000,800.890000,14,42.216615,2.749309,4.187427,False,35.168295,7.048320,0.785980,3.500000,False,Regular
332,246.830000,0.000000,125.080000,143.300000,11.990000,1086.800000,800.890000,28,52.503597,2.657327,4.187427,False,37.338137,15.165460,1.691146,3.500000,False,Regular
333,246.830000,0.000000,125.080000,143.300000,11.990000,1086.800000,800.890000,56,60.322255,2.740923,4.187427,False,41.677822,18.644433,2.079097,3.500000,False,Regular
334,246.830000,0.000000,125.080000,143.300000,11.990000,1086.800000,800.890000,100,66.424118,3.480925,4.187427,False,48.497327,17.926791,1.999071,3.500000,False,Regular
335,275.070000,0.000000,121.350000,159.480000,9.900000,1053.600000,777.500000,3,23.800712,2.049435,4.187427,False,33.152011,-9.351299,1.042792,3.500000,False,Regular
336,275.070000,0.000000,121.350000,159.480000,9.900000,1053.600000,777.500000,14,38.769235,1.864101,4.187427,False,34.856887,3.912349,0.436278,3.500000,False,Regular
337,275.070000,0.000000,121.350000,159.480000,9.900000,1053.600000,777.500000,28,51.331488,1.726868,4.187427,False,37.026729,14.304759,1.595167,3.500000,False,Regular
338,275.070000,0.000000,121.350000,159.480000,9.900000,1053.600000,777.500000,56,56.847296,1.855361,4.187427,False,41.366414,15.480882,1.726320,3.500000,False,Regular
339,275.070000,0.000000,121.350000,159.480000,9.900000,1053.600000,777.500000,100,58.605460,2.839140,4.187427,False,48.185918,10.419542,1.161915,3.500000,False,Regular
340,297.160000,0.000000,117.540000,174.800000,9.520000,1022.800000,753.450000,3,21.911547,2.038598,4.187427,False,32.355276,-10.443728,1.164612,3.500000,False,Regular
341,297.160000,0.000000,117.540000,174.800000,9.520000,1022.800000,753.450000,14,36.990387,1.848467,4.187427,False,34.060152,2.930236,0.326759,3.500000,False,Regular
342,297.160000,0.000000,117.540000,174.800000,9.520000,1022.800000,753.450000,28,47.401475,1.704859,4.187427,False,36.229994,11.171481,1.245766,3.500000,False,Regular
343,297.160000,0.000000,117.540000,174.800000,9.520000,1022.800000,753.450000,56,51.958911,1.825337,4.187427,False,40.569679,11.389233,1.270048,3.500000,False,Regular
344,297.160000,0.000000,117.540000,174.800000,9.520000,1022.800000,753.450000,100,56.743875,2.809847,4.187427,False,47.389183,9.354692,1.043170,3.500000,False,Regular
345,213.740000,0.000000,174.740000,154.790000,10.160000,1053.500000,776.350000,3,17.574743,2.676513,4.187427,False,31.010829,-13.436086,1.498299,3.500000,False,Regular
346,213.740000,0.000000,174.740000,154.790000,10.160000,1053.500000,776.350000,14,33.729166,2.536361,4.187427,False,32.715705,1.013461,0.113014,3.500000,False,Regular
347,213.740000,0.000000,174.740000,154.790000,10.160000,1053.500000,776.350000,28,40.148187,2.435897,4.187427,False,34.885548,5.262640,0.586853,3.500000,False,Regular
348,213.740000,0.000000,174.740000,154.790000,10.160000,1053.500000,776.350000,56,46.643051,2.525950,4.187427,False,39.225232,7.417819,0.827184,3.500000,False,Regular
349,213.740000,0.000000,174.740000,154.790000,10.160000,1053.500000,776.350000,100,50.076642,3.313249,4.187427,False,46.044737,4.031905,0.449610,3.500000,False,Regular
350,213.500000,0.000000,174.240000,154.610000,11.660000,1052.300000,775.480000,3,17.367900,2.584204,4.187427,False,31.109616,-13.741715,1.532380,3.500000,False,Regular
351,213.500000,0.000000,174.240000,154.610000,11.660000,1052.300000,775.480000,14,33.701587,2.434930,4.187427,False,32.814492,0.887095,0.098923,3.500000,False,Regular
352,213.500000,0.000000,174.240000,154.610000,11.660000,1052.300000,775.480000,28,45.939786,2.325006,4.187427,False,34.984334,10.955452,1.221676,3.500000,False,Regular
353,213.500000,0.000000,174.240000,154.610000,11.660000,1052.300000,775.480000,56,51.434910,2.409372,4.187427,False,39.324019,12.110891,1.350522,3.500000,False,Regular
354,213.500000,0.000000,174.240000,154.610000,11.660000,1052.300000,775.480000,100,59.301831,3.213685,4.187427,False,46.143523,13.158307,1.467323,3.500000,False,Regular
355,277.190000,97.820000,24.460000,160.700000,11.190000,1061.700000,782.460000,3,30.447260,2.677833,4.187427,False,34.952435,-4.505175,0.502386,3.500000,False,Regular
356,277.190000,97.820000,24.460000,160.700000,11.190000,1061.700000,782.460000,14,47.711739,2.537400,4.187427,False,36.657311,11.054428,1.232713,3.500000,False,Regular
357,277.190000,97.820000,24.460000,160.700000,11.190000,1061.700000,782.460000,28,63.142212,2.436512,4.187427,False,38.827154,24.315058,2.711446,3.500000,False,Regular
358,277.190000,97.820000,24.460000,160.700000,11.190000,1061.700000,782.460000,56,66.824014,2.525639,4.187427,False,43.166838,23.657176,2.638083,3.500000,False,Regular
359,277.190000,97.820000,24.460000,160.700000,11.190000,1061.700000,782.460000,100,66.948120,3.311931,4.187427,False,49.986343,16.961777,1.891459,3.500000,False,Regular
360,218.230000,54.640000,123.780000,140.750000,11.910000,1075.700000,792.670000,3,27.420461,3.036795,4.187427,False,35.605308,-8.184847,0.912717,3.500000,False,Regular
361,218.230000,54.640000,123.780000,140.750000,11.910000,1075.700000,792.670000,14,35.956173,2.916951,4.187427,False,37.310184,-1.354010,0.150990,3.500000,False,Regular
362,218.230000,54.640000,123.780000,140.750000,11.910000,1075.700000,792.670000,28,55.509713,2.833867,4.187427,False,39.480026,16.029687,1.787519,3.500000,False,Regular
363,218.230000,54.640000,123.780000,140.750000,11.910000,1075.700000,792.670000,56,61.990787,2.919092,4.187427,False,43.819711,18.171076,2.026312,3.500000,False,Regular
364,218.230000,54.640000,123.780000,140.750000,11.910000,1075.700000,792.670000,100,63.528319,3.631335,4.187427,False,50.639215,12.889103,1.437303,3.500000,False,Regular
365,214.900000,53.800000,121.890000,155.630000,9.610000,1014.300000,780.580000,3,18.016008,2.595107,4.187427,False,30.671040,-12.655032,1.411201,3.500000,False,Regular
366,214.900000,53.800000,121.890000,155.630000,9.610000,1014.300000,780.580000,14,38.603761,2.474625,4.187427,False,32.375916,6.227845,0.694486,3.500000,False,Regular
367,214.900000,53.800000,121.890000,155.630000,9.610000,1014.300000,780.580000,28,52.200228,2.403476,4.187427,False,34.545758,17.654470,1.968703,3.500000,False,Regular
368,214.900000,53.800000,121.890000,155.630000,9.610000,1014.300000,780.580000,56,53.958392,2.555082,4.187427,False,38.885443,15.072949,1.680830,3.500000,False,Regular
369,214.900000,53.800000,121.890000,155.630000,9.610000,1014.300000,780.580000,100,56.633559,3.406582,4.187427,False,45.704947,10.928611,1.218683,3.500000,False,Regular
370,218.850000,0.000000,124.130000,158.490000,11.330000,1078.700000,794.910000,3,15.340841,2.439742,4.187427,False,27.197768,-11.856927,1.322202,3.500000,False,Regular
371,218.850000,0.000000,124.130000,158.490000,11.330000,1078.700000,794.910000,14,26.048403,2.275624,4.187427,False,28.902644,-2.854241,0.318285,3.500000,False,Regular
372,218.850000,0.000000,124.130000,158.490000,11.330000,1078.700000,794.910000,28,30.219733,2.150316,4.187427,False,31.072487,-0.852754,0.095093,3.500000,False,Regular
373,218.850000,0.000000,124.130000,158.490000,11.330000,1078.700000,794.910000,56,37.266178,2.227225,4.187427,False,35.412171,1.854006,0.206746,3.500000,False,Regular
374,218.850000,0.000000,124.130000,158.490000,11.330000,1078.700000,794.910000,100,46.229366,3.063435,4.187427,False,42.231676,3.997690,0.445795,3.500000,False,Regular
375,376.000000,0.000000,0.000000,214.600000,0.000000,1003.500000,762.360000,3,16.278528,3.961193,4.187427,False,24.268845,-7.990316,0.891024,3.500000,False,Regular
376,376.000000,0.000000,0.000000,214.600000,0.000000,1003.500000,762.360000,14,25.620928,3.869239,4.187427,False,25.973721,-0.352793,0.039341,3.500000,False,Regular
377,376.000000,0.000000,0.000000,214.600000,0.000000,1003.500000,762.360000,28,31.971002,3.805906,4.187427,False,28.143563,3.827439,0.426809,3.500000,False,Regular
378,376.000000,0.000000,0.000000,214.600000,0.000000,1003.500000,762.360000,56,36.300911,3.867638,4.187427,False,32.483248,3.817664,0.425719,3.500000,False,Regular
379,376.000000,0.000000,0.000000,214.600000,0.000000,1003.500000,762.360000,100,43.057776,4.426970,4.187427,True,39.302752,3.755024,0.418734,3.500000,False,Leverage only
380,500.000000,0.000000,0.000000,140.000000,4.000000,966.000000,853.000000,28,67.568648,5.233981,4.187427,True,57.014491,10.554157,1.176926,3.500000,False,Leverage only
381,475.000000,0.000000,59.000000,142.000000,1.900000,1098.000000,641.000000,28,57.226508,6.603885,4.187427,True,54.404811,2.821697,0.314656,3.500000,False,Leverage only
382,315.000000,137.000000,0.000000,145.000000,5.900000,1130.000000,745.000000,28,81.751169,3.688812,4.187427,False,47.370114,34.381056,3.833936,3.500000,True,Response only
383,505.000000,0.000000,60.000000,195.000000,0.000000,1030.000000,630.000000,28,64.017847,4.861843,4.187427,True,50.687946,13.329900,1.486458,3.500000,False,Leverage only
384,451.000000,0.000000,0.000000,165.000000,11.250000,1030.000000,745.000000,28,78.800212,3.237228,4.187427,False,45.810471,32.989741,3.678786,3.500000,True,Response only
385,516.000000,0.000000,0.000000,162.000000,8.200000,801.000000,802.000000,28,41.368560,5.970375,4.187427,True,50.939960,-9.571400,1.067336,3.500000,False,Leverage only
386,520.000000,0.000000,0.000000,170.000000,5.200000,855.000000,855.000000,28,60.280887,3.823141,4.187427,False,53.965042,6.315844,0.704299,3.500000,False,Regular
387,528.000000,0.000000,0.000000,185.000000,6.860000,920.000000,720.000000,28,56.833507,3.238764,4.187427,False,49.928290,6.905217,0.770022,3.500000,False,Regular
388,520.000000,0.000000,0.000000,175.000000,5.200000,870.000000,805.000000,28,51.021224,3.458050,4.187427,False,51.749190,-0.727966,0.081178,3.500000,False,Regular
389,385.000000,0.000000,136.000000,158.000000,20.000000,903.000000,768.000000,28,55.551081,3.477963,4.187427,False,51.628776,3.922306,0.437388,3.500000,False,Regular
390,500.100000,0.000000,0.000000,200.000000,3.000000,1124.400000,613.200000,28,44.133359,5.259416,4.187427,True,44.956347,-0.822988,0.091774,3.500000,False,Leverage only
391,450.100000,50.000000,0.000000,200.000000,3.000000,1124.400000,613.200000,28,39.375974,5.052406,4.187427,True,44.017156,-4.641182,0.517552,3.500000,False,Leverage only
392,397.000000,17.200000,158.000000,167.000000,20.800000,967.000000,633.000000,28,55.647608,4.825005,4.187427,True,53.295934,2.351674,0.262242,3.500000,False,Leverage only
393,333.000000,17.500000,163.000000,167.000000,17.900000,996.000000,652.000000,28,47.277369,4.036463,4.187427,False,45.895074,1.382296,0.154144,3.500000,False,Regular
394,334.000000,17.600000,158.000000,189.000000,15.300000,967.000000,633.000000,28,44.326412,4.333951,4.187427,True,41.171638,3.154774,0.351798,3.500000,False,Leverage only
395,405.000000,0.000000,0.000000,175.000000,0.000000,1120.000000,695.000000,28,52.303649,3.274468,4.187427,False,36.771478,15.532171,1.732040,3.500000,False,Regular
396,200.000000,200.000000,0.000000,190.000000,0.000000,1145.000000,660.000000,28,49.249271,3.652510,4.187427,False,29.971082,19.278188,2.149769,3.500000,False,Regular
397,516.000000,0.000000,0.000000,162.000000,8.260000,801.000000,802.000000,28,41.368560,5.962364,4.187427,True,50.949677,-9.581117,1.068419,3.500000,False,Leverage only
398,145.000000,116.000000,119.000000,184.000000,5.700000,833.000000,880.000000,28,29.157940,3.170717,4.187427,False,27.533385,1.624555,0.181159,3.500000,False,Regular
399,160.000000,128.000000,122.000000,182.000000,6.400000,824.000000,879.000000,28,39.396659,3.293618,4.187427,False,31.545373,7.851285,0.875521,3.500000,False,Regular
400,234.000000,156.000000,0.000000,189.000000,5.850000,981.000000,760.000000,28,39.300132,1.773875,4.187427,False,30.067719,9.232413,1.029534,3.500000,False,Regular
401,250.000000,180.000000,95.000000,159.000000,9.450000,860.000000,800.000000,28,67.865123,3.316226,4.187427,False,48.297338,19.567784,2.182063,3.500000,False,Regular
402,475.000000,0.000000,0.000000,162.000000,9.500000,1044.000000,662.000000,28,58.522723,4.843786,4.187427,True,46.142166,12.380557,1.380593,3.500000,False,Leverage only
403,285.000000,190.000000,0.000000,163.000000,7.600000,1031.000000,685.000000,28,53.579180,3.270268,4.187427,False,42.774721,10.804459,1.204838,3.500000,False,Regular
404,356.000000,119.000000,0.000000,160.000000,9.030000,1061.000000,657.000000,28,58.998461,4.075346,4.187427,False,44.300214,14.698247,1.639046,3.500000,False,Regular
405,275.000000,180.000000,120.000000,162.000000,10.350000,830.000000,765.000000,28,76.235361,3.657182,4.187427,False,52.277545,23.957816,2.671609,3.500000,False,Regular
406,500.000000,0.000000,0.000000,151.000000,9.000000,1033.000000,655.000000,28,69.837024,6.000617,4.187427,True,50.167120,19.669904,2.193451,3.500000,False,Leverage only
407,165.000000,0.020000,143.570000,163.810000,0.000000,1005.600000,900.900000,3,14.396259,4.787412,4.187427,True,21.804232,-7.407973,0.826086,3.500000,False,Leverage only
408,165.000000,128.500000,132.100000,175.060000,8.080000,1005.800000,746.600000,3,19.415644,2.272756,4.187427,False,30.073007,-10.657363,1.188435,3.500000,False,Regular
409,178.030000,129.800000,118.600000,179.940000,3.570000,1007.300000,746.800000,3,20.725649,2.786040,4.187427,False,29.359205,-8.633557,0.962754,3.500000,False,Regular
410,167.350000,129.900000,128.620000,175.460000,7.790000,1006.300000,746.600000,3,14.940945,2.259104,4.187427,False,30.107547,-15.166602,1.691274,3.500000,False,Regular
411,172.380000,13.610000,172.370000,156.760000,4.140000,1006.300000,856.400000,3,21.291019,4.174052,4.187427,False,27.405629,-6.114611,0.681859,3.500000,False,Regular
412,173.540000,50.050000,173.530000,164.770000,6.470000,1006.200000,793.500000,3,23.076762,3.038254,4.187427,False,29.121024,-6.044263,0.674014,3.500000,False,Regular
413,167.000000,75.400000,167.000000,164.030000,7.910000,1007.300000,770.100000,3,15.520105,2.685500,4.187427,False,29.931063,-14.410958,1.607010,3.500000,False,Regular
414,173.810000,93.370000,159.900000,172.340000,9.730000,1007.200000,746.600000,3,15.816579,2.390545,4.187427,False,30.761835,-14.945256,1.666591,3.500000,False,Regular
415,190.340000,0.000000,125.180000,166.610000,9.880000,1079.000000,798.900000,3,12.548463,2.411053,4.187427,False,22.344574,-9.796110,1.092394,3.500000,False,Regular
416,250.000000,0.000000,95.690000,191.840000,5.330000,948.900000,857.200000,3,8.487450,2.777206,4.187427,False,22.980766,-14.493317,1.616194,3.500000,False,Regular
417,213.500000,0.000000,174.240000,159.210000,11.660000,1043.600000,771.900000,3,15.609737,2.445523,4.187427,False,30.241121,-14.631385,1.631590,3.500000,False,Regular
418,194.680000,0.000000,100.520000,170.170000,7.480000,998.000000,901.800000,3,12.176146,2.436444,4.187427,False,21.461008,-9.284862,1.035383,3.500000,False,Regular
419,251.370000,0.000000,118.270000,192.940000,5.750000,1043.600000,754.300000,3,11.983093,3.106191,4.187427,False,24.025380,-12.042288,1.342872,3.500000,False,Regular
420,165.000000,0.020000,143.570000,163.810000,0.000000,1005.600000,900.900000,14,16.878372,4.711672,4.187427,True,23.509108,-6.630736,0.739413,3.500000,False,Leverage only
421,165.000000,128.500000,132.100000,175.060000,8.080000,1005.800000,746.600000,14,33.087953,2.103008,4.187427,False,31.777883,1.310070,0.146090,3.500000,False,Regular
422,178.030000,129.800000,118.600000,179.940000,3.570000,1007.300000,746.800000,14,34.239378,2.658148,4.187427,False,31.064081,3.175297,0.354087,3.500000,False,Regular
423,167.350000,129.900000,128.620000,175.460000,7.790000,1006.300000,746.600000,14,31.812423,2.089032,4.187427,False,31.812423,-0.000000,0.000000,3.500000,False,Regular
424,172.380000,13.610000,172.370000,156.760000,4.140000,1006.300000,856.400000,14,29.750889,4.087312,4.187427,False,29.110506,0.640384,0.071411,3.500000,False,Regular
425,173.540000,50.050000,173.530000,164.770000,6.470000,1006.200000,793.500000,14,33.005216,2.916436,4.187427,False,30.825900,2.179316,0.243022,3.500000,False,Regular
426,167.000000,75.400000,167.000000,164.030000,7.910000,1007.300000,770.100000,14,32.901795,2.551675,4.187427,False,31.635939,1.265855,0.141159,3.500000,False,Regular
427,173.810000,93.370000,159.900000,172.340000,9.730000,1007.200000,746.600000,14,29.550941,2.223698,4.187427,False,32.466711,-2.915770,0.325146,3.500000,False,Regular
428,190.340000,0.000000,125.180000,166.610000,9.880000,1079.000000,798.900000,14,19.415644,2.240528,4.187427,False,24.049450,-4.633805,0.516730,3.500000,False,Regular
429,250.000000,0.000000,95.690000,191.840000,5.330000,948.900000,857.200000,14,24.655662,2.626414,4.187427,False,24.685642,-0.029981,0.003343,3.500000,False,Regular
430,213.500000,0.000000,174.240000,159.210000,11.660000,1043.600000,771.900000,14,29.592310,2.284812,4.187427,False,31.945998,-2.353688,0.262467,3.500000,False,Regular
431,194.680000,0.000000,100.520000,170.170000,7.480000,998.000000,901.800000,14,24.283345,2.259638,4.187427,False,23.165885,1.117460,0.124611,3.500000,False,Regular
432,251.370000,0.000000,118.270000,192.940000,5.750000,1043.600000,754.300000,14,20.725649,2.970881,4.187427,False,25.730257,-5.004608,0.558079,3.500000,False,Regular
433,165.000000,0.020000,143.570000,163.810000,0.000000,1005.600000,900.900000,28,26.200088,4.659882,4.187427,True,25.678951,0.521137,0.058114,3.500000,False,Leverage only
434,165.000000,128.500000,132.100000,175.060000,8.080000,1005.800000,746.600000,28,46.387945,1.976768,4.187427,False,33.947726,12.440220,1.387247,3.500000,False,Regular
435,178.030000,129.800000,118.600000,179.940000,3.570000,1007.300000,746.800000,28,39.162237,2.570975,4.187427,False,33.233924,5.928313,0.661084,3.500000,False,Regular
436,167.350000,129.900000,128.620000,175.460000,7.790000,1006.300000,746.600000,28,41.203086,1.962958,4.187427,False,33.982265,7.220821,0.805216,3.500000,False,Regular
437,172.380000,13.610000,172.370000,156.760000,4.140000,1006.300000,856.400000,28,33.687797,4.027953,4.187427,False,31.280348,2.407449,0.268462,3.500000,False,Regular
438,173.540000,50.050000,173.530000,164.770000,6.470000,1006.200000,793.500000,28,38.203865,2.830670,4.187427,False,32.995743,5.208122,0.580774,3.500000,False,Regular
439,167.000000,75.400000,167.000000,164.030000,7.910000,1007.300000,770.100000,28,41.409929,2.459545,4.187427,False,33.805782,7.604147,0.847961,3.500000,False,Regular
440,173.810000,93.370000,159.900000,172.340000,9.730000,1007.200000,746.600000,28,37.810864,2.096501,4.187427,False,34.636553,3.174310,0.353977,3.500000,False,Regular
441,190.340000,0.000000,125.180000,166.610000,9.880000,1079.000000,798.900000,28,24.848715,2.107307,4.187427,False,26.219292,-1.370577,0.152837,3.500000,False,Regular
442,250.000000,0.000000,95.690000,191.840000,5.330000,948.900000,857.200000,28,27.220512,2.508251,4.187427,False,26.855485,0.365028,0.040705,3.500000,False,Regular
443,213.500000,0.000000,174.240000,159.210000,11.660000,1043.600000,771.900000,28,44.636676,2.164057,4.187427,False,34.115840,10.520836,1.173210,3.500000,False,Regular
444,194.680000,0.000000,100.520000,170.170000,7.480000,998.000000,901.800000,28,37.266178,2.116495,4.187427,False,25.335727,11.930451,1.330401,3.500000,False,Regular
445,251.370000,0.000000,118.270000,192.940000,5.750000,1043.600000,754.300000,28,33.274112,2.865293,4.187427,False,27.900099,5.374013,0.599272,3.500000,False,Regular
446,165.000000,0.020000,143.570000,163.810000,0.000000,1005.600000,900.900000,56,36.562912,4.710593,4.187427,True,30.018635,6.544277,0.729772,3.500000,False,Leverage only
447,165.000000,128.500000,132.100000,175.060000,8.080000,1005.800000,746.600000,56,53.723970,2.079288,4.187427,False,38.287410,15.436560,1.721378,3.500000,False,Regular
448,178.030000,129.800000,118.600000,179.940000,3.570000,1007.300000,746.800000,56,48.587374,2.672848,4.187427,False,37.573608,11.013765,1.228178,3.500000,False,Regular
449,167.350000,129.900000,128.620000,175.460000,7.790000,1006.300000,746.600000,56,51.724490,2.068185,4.187427,False,38.321950,13.402540,1.494558,3.500000,False,Regular
450,172.380000,13.610000,172.370000,156.760000,4.140000,1006.300000,856.400000,56,35.852752,4.087404,4.187427,False,35.620033,0.232719,0.025951,3.500000,False,Regular
451,173.540000,50.050000,173.530000,164.770000,6.470000,1006.200000,793.500000,56,53.772233,2.910803,4.187427,False,37.335427,16.436806,1.832918,3.500000,False,Regular
452,167.000000,75.400000,167.000000,164.030000,7.910000,1007.300000,770.100000,56,53.461969,2.563568,4.187427,False,38.145466,15.316503,1.707990,3.500000,False,Regular
453,173.810000,93.370000,159.900000,172.340000,9.730000,1007.200000,746.600000,56,48.987270,2.177651,4.187427,False,38.976238,10.011032,1.116360,3.500000,False,Regular
454,190.340000,0.000000,125.180000,166.610000,9.880000,1079.000000,798.900000,56,31.715896,2.174441,4.187427,False,30.558977,1.156919,0.129012,3.500000,False,Regular
455,250.000000,0.000000,95.690000,191.840000,5.330000,948.900000,857.200000,56,39.644870,2.554166,4.187427,False,31.195169,8.449701,0.942252,3.500000,False,Regular
456,213.500000,0.000000,174.240000,159.210000,11.660000,1043.600000,771.900000,56,51.255646,2.248239,4.187427,False,38.455525,12.800121,1.427380,3.500000,False,Regular
457,194.680000,0.000000,100.520000,170.170000,7.480000,998.000000,901.800000,56,43.388725,2.161622,4.187427,False,29.675412,13.713313,1.529213,3.500000,False,Regular
458,251.370000,0.000000,118.270000,192.940000,5.750000,1043.600000,754.300000,56,39.265658,2.902298,4.187427,False,32.239784,7.025875,0.783477,3.500000,False,Regular
459,165.000000,0.020000,143.570000,163.810000,0.000000,1005.600000,900.900000,100,37.955654,5.179908,4.187427,True,36.838140,1.117514,0.124617,3.500000,False,Leverage only
460,165.000000,128.500000,132.100000,175.060000,8.080000,1005.800000,746.600000,100,55.020185,2.978577,4.187427,False,45.106915,9.913270,1.105459,3.500000,False,Regular
461,178.030000,129.800000,118.600000,179.940000,3.570000,1007.300000,746.800000,100,49.993905,3.446538,4.187427,False,44.393113,5.600792,0.624561,3.500000,False,Regular
462,167.350000,129.900000,128.620000,175.460000,7.790000,1006.300000,746.600000,100,53.655022,2.973046,4.187427,False,45.141454,8.513568,0.949374,3.500000,False,Regular
463,172.380000,13.610000,172.370000,156.760000,4.140000,1006.300000,856.400000,100,37.679863,4.621696,4.187427,True,42.439537,-4.759674,0.530766,3.500000,False,Leverage only
464,173.540000,50.050000,173.530000,164.770000,6.470000,1006.200000,793.500000,100,56.061294,3.618120,4.187427,False,44.154932,11.906362,1.327714,3.500000,False,Regular
465,167.000000,75.400000,167.000000,164.030000,7.910000,1007.300000,770.100000,100,56.812822,3.359765,4.187427,False,44.964971,11.847852,1.321190,3.500000,False,Regular
466,173.810000,93.370000,159.900000,172.340000,9.730000,1007.200000,746.600000,100,50.938487,3.030224,4.187427,False,45.795743,5.142744,0.573483,3.500000,False,Regular
467,190.340000,0.000000,125.180000,166.610000,9.880000,1079.000000,798.900000,100,33.563692,3.012463,4.187427,False,37.378481,-3.814789,0.425399,3.500000,False,Regular
468,250.000000,0.000000,95.690000,191.840000,5.330000,948.900000,857.200000,100,41.161717,3.283910,4.187427,False,38.014674,3.147043,0.350936,3.500000,False,Regular
469,213.500000,0.000000,174.240000,159.210000,11.660000,1043.600000,771.900000,100,52.958652,3.087606,4.187427,False,45.275029,7.683623,0.856824,3.500000,False,Regular
470,194.680000,0.000000,100.520000,170.170000,7.480000,998.000000,901.800000,100,44.278149,2.978427,4.187427,False,36.494916,7.783233,0.867932,3.500000,False,Regular
471,251.370000,0.000000,118.270000,192.940000,5.750000,1043.600000,754.300000,100,40.148187,3.557213,4.187427,False,39.059288,1.088900,0.121426,3.500000,False,Regular
472,446.000000,24.000000,79.000000,162.000000,11.610000,967.000000,712.000000,28,57.026560,2.652490,4.187427,False,54.409711,2.616849,0.291813,3.500000,False,Regular
473,446.000000,24.000000,79.000000,162.000000,11.640000,967.000000,712.000000,28,44.422939,2.651888,4.187427,False,54.414569,-9.991630,1.114197,3.500000,False,Regular
474,446.000000,24.000000,79.000000,162.000000,11.640000,967.000000,712.000000,28,51.021224,2.651888,4.187427,False,54.414569,-3.393345,0.378402,3.500000,False,Regular
475,446.000000,24.000000,79.000000,162.000000,10.300000,967.000000,712.000000,28,53.386127,2.733336,4.187427,False,54.197560,-0.811433,0.090485,3.500000,False,Regular
476,446.000000,24.000000,79.000000,162.000000,11.610000,967.000000,712.000000,3,35.363224,2.813868,4.187427,False,50.534992,-15.171768,1.691850,3.500000,False,Regular
477,446.000000,24.000000,79.000000,162.000000,11.640000,967.000000,712.000000,3,25.021084,2.813524,4.187427,False,50.539851,-25.518767,2.845675,3.500000,False,Regular
478,446.000000,24.000000,79.000000,162.000000,11.640000,967.000000,712.000000,3,23.345657,2.813524,4.187427,False,50.539851,-27.194193,3.032507,3.500000,False,Regular
479,446.000000,24.000000,79.000000,162.000000,11.610000,967.000000,712.000000,7,52.007175,2.770096,4.187427,False,51.154947,0.852228,0.095034,3.500000,False,Regular
480,446.000000,24.000000,79.000000,162.000000,11.640000,967.000000,712.000000,7,38.017707,2.769710,4.187427,False,51.159806,-13.142099,1.465515,3.500000,False,Regular
481,446.000000,24.000000,79.000000,162.000000,11.640000,967.000000,712.000000,7,39.300132,2.769710,4.187427,False,51.159806,-11.859674,1.322508,3.500000,False,Regular
482,446.000000,24.000000,79.000000,162.000000,11.610000,967.000000,712.000000,56,61.066889,2.805756,4.187427,False,58.749395,2.317494,0.258431,3.500000,False,Regular
483,446.000000,24.000000,79.000000,162.000000,11.640000,967.000000,712.000000,56,56.144031,2.804936,4.187427,False,58.754254,-2.610223,0.291074,3.500000,False,Regular
484,446.000000,24.000000,79.000000,162.000000,11.640000,967.000000,712.000000,56,55.254607,2.804936,4.187427,False,58.754254,-3.499647,0.390256,3.500000,False,Regular
485,446.000000,24.000000,79.000000,162.000000,10.300000,967.000000,712.000000,56,54.765079,2.892947,4.187427,False,58.537245,-3.772166,0.420646,3.500000,False,Regular
486,387.000000,20.000000,94.000000,157.000000,14.320000,938.000000,845.000000,28,50.235221,2.605075,4.187427,False,52.981374,-2.746153,0.306232,3.500000,False,Regular
487,387.000000,20.000000,94.000000,157.000000,13.930000,938.000000,845.000000,28,46.684420,2.576857,4.187427,False,52.918215,-6.233795,0.695149,3.500000,False,Regular
488,387.000000,20.000000,94.000000,157.000000,11.610000,938.000000,845.000000,28,46.684420,2.613620,4.187427,False,52.542497,-5.858077,0.653252,3.500000,False,Regular
489,387.000000,20.000000,94.000000,157.000000,14.320000,938.000000,845.000000,3,22.752708,2.877328,4.187427,False,49.106656,-26.353948,2.938809,3.500000,False,Regular
490,387.000000,20.000000,94.000000,157.000000,13.930000,938.000000,845.000000,3,25.510612,2.848940,4.187427,False,49.043496,-23.532884,2.624223,3.500000,False,Regular
491,387.000000,20.000000,94.000000,157.000000,11.610000,938.000000,845.000000,3,34.770275,2.865326,4.187427,False,48.667779,-13.897504,1.549753,3.500000,False,Regular
492,387.000000,20.000000,94.000000,157.000000,14.320000,938.000000,845.000000,7,36.838703,2.817254,4.187427,False,49.726611,-12.887908,1.437170,3.500000,False,Regular
493,387.000000,20.000000,94.000000,157.000000,13.930000,938.000000,845.000000,7,45.898417,2.788724,4.187427,False,49.663451,-3.765034,0.419850,3.500000,False,Regular
494,387.000000,20.000000,94.000000,157.000000,11.610000,938.000000,845.000000,7,41.665035,2.808232,4.187427,False,49.287734,-7.622699,0.850030,3.500000,False,Regular
495,387.000000,20.000000,94.000000,157.000000,14.320000,938.000000,845.000000,56,56.337084,2.634249,4.187427,False,57.321059,-0.983975,0.109726,3.500000,False,Regular
496,387.000000,20.000000,94.000000,157.000000,13.930000,938.000000,845.000000,56,47.966845,2.609856,4.187427,False,57.257899,-9.291054,1.036074,3.500000,False,Regular
497,387.000000,20.000000,94.000000,157.000000,11.610000,938.000000,845.000000,56,61.459891,2.666647,4.187427,False,56.882182,4.577709,0.510474,3.500000,False,Regular
498,355.000000,19.000000,97.000000,145.000000,13.130000,967.000000,871.000000,28,44.029937,2.628818,4.187427,False,51.577789,-7.547852,0.841684,3.500000,False,Regular
499,355.000000,19.000000,97.000000,145.000000,12.250000,967.000000,871.000000,28,55.454555,2.727589,4.187427,False,51.435276,4.019279,0.448202,3.500000,False,Regular
500,491.000000,26.000000,123.000000,210.000000,3.930000,882.000000,699.000000,28,55.551081,6.966639,4.187427,True,57.074524,-1.523443,0.169884,3.500000,False,Leverage only
501,491.000000,26.000000,123.000000,201.000000,3.930000,822.000000,699.000000,28,57.915984,5.424812,4.187427,True,56.320177,1.595807,0.177953,3.500000,False,Leverage only
502,491.000000,26.000000,123.000000,210.000000,3.930000,882.000000,699.000000,3,25.609109,7.071221,4.187427,True,53.199806,-27.590697,3.076722,3.500000,False,Leverage only
503,491.000000,26.000000,123.000000,210.000000,3.930000,882.000000,699.000000,7,33.488834,7.047268,4.187427,True,53.819761,-20.330926,2.267163,3.500000,False,Leverage only
504,491.000000,26.000000,123.000000,210.000000,3.930000,882.000000,699.000000,56,59.590426,6.979567,4.187427,True,61.414209,-1.823783,0.203376,3.500000,False,Leverage only
505,491.000000,26.000000,123.000000,201.000000,3.930000,822.000000,699.000000,3,29.548971,5.510713,4.187427,True,52.445459,-22.896488,2.553257,3.500000,False,Leverage only
506,491.000000,26.000000,123.000000,201.000000,3.930000,822.000000,699.000000,7,37.921180,5.487657,4.187427,True,53.065414,-15.144234,1.688779,3.500000,False,Leverage only
507,491.000000,26.000000,123.000000,201.000000,3.930000,822.000000,699.000000,56,61.855847,5.495548,4.187427,True,60.659862,1.195985,0.133368,3.500000,False,Leverage only
508,424.000000,22.000000,132.000000,178.000000,8.480000,822.000000,750.000000,28,62.052840,3.786116,4.187427,False,52.534417,9.518423,1.061428,3.500000,False,Regular
509,424.000000,22.000000,132.000000,178.000000,8.480000,882.000000,750.000000,3,32.011386,3.754148,4.187427,False,50.339503,-18.328118,2.043824,3.500000,False,Regular
510,424.000000,22.000000,132.000000,168.000000,8.920000,822.000000,750.000000,28,72.098505,4.326394,4.187427,True,53.633961,18.464545,2.059037,3.500000,False,Leverage only
511,424.000000,22.000000,132.000000,178.000000,8.480000,822.000000,750.000000,7,39.004642,3.858280,4.187427,False,49.279654,-10.275011,1.145798,3.500000,False,Regular
512,424.000000,22.000000,132.000000,178.000000,8.480000,822.000000,750.000000,56,65.697213,3.909731,4.187427,False,56.874102,8.823111,0.983892,3.500000,False,Regular
513,424.000000,22.000000,132.000000,168.000000,8.920000,822.000000,750.000000,3,32.109882,4.393442,4.187427,True,49.759242,-17.649360,1.968134,3.500000,False,Leverage only
514,424.000000,22.000000,132.000000,168.000000,8.920000,822.000000,750.000000,7,40.285098,4.370985,4.187427,True,50.379197,-10.094099,1.125624,3.500000,False,Leverage only
515,424.000000,22.000000,132.000000,168.000000,8.920000,822.000000,750.000000,56,74.364911,4.459535,4.187427,True,57.973645,16.391266,1.827840,3.500000,False,Leverage only
516,202.000000,11.000000,141.000000,206.000000,1.720000,942.000000,801.000000,28,21.966705,3.304167,4.187427,False,21.966705,-0.000000,0.000000,3.500000,False,Regular
517,202.000000,11.000000,141.000000,206.000000,1.720000,942.000000,801.000000,3,9.849657,3.496746,4.187427,False,18.091987,-8.242330,0.919127,3.500000,False,Regular
518,202.000000,11.000000,141.000000,206.000000,1.720000,942.000000,801.000000,7,15.069975,3.451725,4.187427,False,18.711942,-3.641966,0.406127,3.500000,False,Regular
519,202.000000,11.000000,141.000000,206.000000,1.720000,942.000000,801.000000,56,23.245191,3.357859,4.187427,False,26.306390,-3.061199,0.341364,3.500000,False,Regular
520,284.000000,15.000000,141.000000,179.000000,5.460000,842.000000,801.000000,28,43.733463,3.744675,4.187427,False,34.788495,8.944967,0.997480,3.500000,False,Regular
521,284.000000,15.000000,141.000000,179.000000,5.460000,842.000000,801.000000,3,13.395534,3.830086,4.187427,False,30.913777,-17.518243,1.953512,3.500000,False,Regular
522,284.000000,15.000000,141.000000,179.000000,5.460000,842.000000,801.000000,7,24.131660,3.802994,4.187427,False,31.533732,-7.402072,0.825427,3.500000,False,Regular
523,284.000000,15.000000,141.000000,179.000000,5.460000,842.000000,801.000000,56,44.520450,3.888774,4.187427,False,39.128180,5.392270,0.601308,3.500000,False,Regular
524,359.000000,19.000000,141.000000,154.000000,10.910000,942.000000,801.000000,28,62.935369,2.896255,4.187427,False,52.278560,10.656809,1.188373,3.500000,False,Regular
525,359.000000,19.000000,141.000000,154.000000,10.910000,942.000000,801.000000,28,59.494884,2.896255,4.187427,False,52.278560,7.216324,0.804714,3.500000,False,Regular
526,359.000000,19.000000,141.000000,154.000000,10.910000,942.000000,801.000000,3,25.116626,3.095688,4.187427,False,48.403842,-23.287216,2.596828,3.500000,False,Regular
527,359.000000,19.000000,141.000000,154.000000,10.910000,942.000000,801.000000,3,23.639177,3.095688,4.187427,False,48.403842,-24.764665,2.761583,3.500000,False,Regular
528,359.000000,19.000000,141.000000,154.000000,10.910000,942.000000,801.000000,7,35.754255,3.047755,4.187427,False,49.023797,-13.269541,1.479727,3.500000,False,Regular
529,359.000000,19.000000,141.000000,154.000000,10.910000,942.000000,801.000000,7,38.610656,3.047755,4.187427,False,49.023797,-10.413141,1.161201,3.500000,False,Regular
530,359.000000,19.000000,141.000000,154.000000,10.910000,942.000000,801.000000,56,68.750607,2.979006,4.187427,False,56.618245,12.132362,1.352916,3.500000,False,Regular
531,359.000000,19.000000,141.000000,154.000000,10.910000,942.000000,801.000000,56,66.780675,2.979006,4.187427,False,56.618245,10.162430,1.133243,3.500000,False,Regular
532,436.000000,0.000000,0.000000,218.000000,0.000000,838.400000,719.700000,28,23.848975,4.153539,4.187427,False,29.953025,-6.104050,0.680681,3.500000,False,Regular
533,289.000000,0.000000,0.000000,192.000000,0.000000,913.200000,895.300000,90,32.068218,3.416364,4.187427,False,30.732020,1.336198,0.149003,3.500000,False,Regular
534,289.000000,0.000000,0.000000,192.000000,0.000000,913.200000,895.300000,3,11.654902,2.800617,4.187427,False,17.248000,-5.593098,0.623703,3.500000,False,Regular
535,393.000000,0.000000,0.000000,192.000000,0.000000,940.600000,785.600000,3,19.199149,2.586625,4.187427,False,28.252195,-9.053046,1.009533,3.500000,False,Regular
536,393.000000,0.000000,0.000000,192.000000,0.000000,940.600000,785.600000,90,48.846617,3.356305,4.187427,False,41.736215,7.110401,0.792902,3.500000,False,Regular
537,393.000000,0.000000,0.000000,192.000000,0.000000,940.600000,785.600000,28,39.604880,2.469681,4.187427,False,32.126914,7.477967,0.833891,3.500000,False,Regular
538,480.000000,0.000000,0.000000,192.000000,0.000000,936.200000,712.200000,28,43.942374,3.496682,4.187427,False,41.346867,2.595507,0.289433,3.500000,False,Regular
539,480.000000,0.000000,0.000000,192.000000,0.000000,936.200000,712.200000,7,34.569637,3.527887,4.187427,False,38.092104,-3.522466,0.392801,3.500000,False,Regular
540,480.000000,0.000000,0.000000,192.000000,0.000000,936.200000,712.200000,90,54.315540,4.231619,4.187427,True,50.956169,3.359372,0.374614,3.500000,False,Leverage only
541,480.000000,0.000000,0.000000,192.000000,0.000000,936.200000,712.200000,3,24.404692,3.551153,4.187427,False,37.472149,-13.067456,1.457192,3.500000,False,Regular
542,333.000000,0.000000,0.000000,192.000000,0.000000,931.200000,842.600000,3,15.615942,2.459043,4.187427,False,21.816176,-6.200234,0.691407,3.500000,False,Regular
543,255.000000,0.000000,0.000000,192.000000,0.000000,889.800000,945.000000,90,21.859147,3.860245,4.187427,False,27.317286,-5.458139,0.608654,3.500000,False,Regular
544,255.000000,0.000000,0.000000,192.000000,0.000000,889.800000,945.000000,7,10.222171,3.334376,4.187427,False,14.453221,-4.231049,0.471817,3.500000,False,Regular
545,289.000000,0.000000,0.000000,192.000000,0.000000,913.200000,895.300000,7,14.596896,2.758853,4.187427,False,17.867955,-3.271059,0.364766,3.500000,False,Regular
546,255.000000,0.000000,0.000000,192.000000,0.000000,889.800000,945.000000,28,18.746163,3.236435,4.187427,False,17.707984,1.038179,0.115770,3.500000,False,Regular
547,333.000000,0.000000,0.000000,192.000000,0.000000,931.200000,842.600000,28,31.966865,2.310589,4.187427,False,25.690894,6.275971,0.699853,3.500000,False,Regular
548,333.000000,0.000000,0.000000,192.000000,0.000000,931.200000,842.600000,7,23.404952,2.414607,4.187427,False,22.436131,0.968821,0.108036,3.500000,False,Regular
549,289.000000,0.000000,0.000000,192.000000,0.000000,913.200000,895.300000,28,25.573354,2.652879,4.187427,False,21.122718,4.450636,0.496304,3.500000,False,Regular
550,333.000000,0.000000,0.000000,192.000000,0.000000,931.200000,842.600000,90,41.680203,3.196045,4.187427,False,35.300196,6.380007,0.711454,3.500000,False,Regular
551,393.000000,0.000000,0.000000,192.000000,0.000000,940.600000,785.600000,7,27.742446,2.548086,4.187427,False,28.872150,-1.129704,0.125977,3.500000,False,Regular
552,255.000000,0.000000,0.000000,192.000000,0.000000,889.800000,945.000000,3,8.204075,3.370993,4.187427,False,13.833266,-5.629191,0.627728,3.500000,False,Regular
553,158.800000,238.200000,0.000000,185.700000,0.000000,1040.600000,734.300000,7,9.617501,2.911473,4.187427,False,26.241290,-16.623789,1.853769,3.500000,False,Regular
554,239.600000,359.400000,0.000000,185.700000,0.000000,941.600000,664.300000,7,25.422359,4.752149,4.187427,True,47.147550,-21.725191,2.422642,3.500000,False,Leverage only
555,238.200000,158.800000,0.000000,185.700000,0.000000,1040.600000,734.300000,7,15.691095,2.147473,4.187427,False,27.732724,-12.041629,1.342799,3.500000,False,Regular
556,181.900000,272.800000,0.000000,185.700000,0.000000,1012.400000,714.300000,28,27.935499,3.166097,4.187427,False,35.470162,-7.534662,0.840213,3.500000,False,Regular
557,193.500000,290.200000,0.000000,185.700000,0.000000,998.200000,704.300000,28,32.626694,3.420761,4.187427,False,38.474016,-5.847322,0.652053,3.500000,False,Regular
558,255.500000,170.300000,0.000000,185.700000,0.000000,1026.600000,724.300000,7,17.236211,2.273127,4.187427,False,30.824364,-13.588154,1.515256,3.500000,False,Regular
559,272.800000,181.900000,0.000000,185.700000,0.000000,1012.400000,714.300000,7,19.765208,2.466676,4.187427,False,33.922846,-14.157637,1.578761,3.500000,False,Regular
560,239.600000,359.400000,0.000000,185.700000,0.000000,941.600000,664.300000,28,39.435269,4.696866,4.187427,True,50.402313,-10.967044,1.222968,3.500000,False,Leverage only
561,220.800000,147.200000,0.000000,185.700000,0.000000,1055.000000,744.300000,28,25.745034,1.948756,4.187427,False,27.880286,-2.135252,0.238108,3.500000,False,Regular
562,397.000000,0.000000,0.000000,185.700000,0.000000,1040.600000,734.300000,28,33.082437,2.407148,4.187427,False,33.970355,-0.887918,0.099014,3.500000,False,Regular
563,382.500000,0.000000,0.000000,185.700000,0.000000,1047.800000,739.300000,7,24.065470,2.406708,4.187427,False,29.053045,-4.987575,0.556180,3.500000,False,Regular
564,210.700000,316.100000,0.000000,185.700000,0.000000,977.000000,689.300000,7,21.819847,3.930791,4.187427,False,39.674314,-17.854467,1.991006,3.500000,False,Regular
565,158.800000,238.200000,0.000000,185.700000,0.000000,1040.600000,734.300000,28,21.066250,2.794211,4.187427,False,29.496054,-8.429804,0.940033,3.500000,False,Regular
566,295.800000,0.000000,0.000000,185.700000,0.000000,1091.400000,769.300000,7,14.843729,2.304903,4.187427,False,19.131921,-4.288192,0.478189,3.500000,False,Regular
567,255.500000,170.300000,0.000000,185.700000,0.000000,1026.600000,724.300000,28,32.051671,2.142344,4.187427,False,34.079128,-2.027457,0.226088,3.500000,False,Regular
568,203.500000,135.700000,0.000000,185.700000,0.000000,1076.200000,759.300000,7,11.957582,2.251953,4.187427,False,21.947625,-9.990043,1.114020,3.500000,False,Regular
569,397.000000,0.000000,0.000000,185.700000,0.000000,1040.600000,734.300000,7,25.447870,2.502913,4.187427,False,30.715592,-5.267722,0.587420,3.500000,False,Regular
570,381.400000,0.000000,0.000000,185.700000,0.000000,1104.600000,784.300000,28,22.489328,3.784223,4.187427,False,35.650006,-13.160678,1.467587,3.500000,False,Regular
571,295.800000,0.000000,0.000000,185.700000,0.000000,1091.400000,769.300000,28,25.216895,2.170926,4.187427,False,22.386684,2.830211,0.315605,3.500000,False,Regular
572,228.000000,342.100000,0.000000,185.700000,0.000000,955.800000,674.300000,28,39.699339,4.348514,4.187427,True,47.410899,-7.711561,0.859940,3.500000,False,Leverage only
573,220.800000,147.200000,0.000000,185.700000,0.000000,1055.000000,744.300000,7,13.089012,2.104026,4.187427,False,24.625523,-11.536510,1.286471,3.500000,False,Regular
574,316.100000,210.700000,0.000000,185.700000,0.000000,977.000000,689.300000,28,38.700288,3.077010,4.187427,False,44.908890,-6.208603,0.692340,3.500000,False,Regular
575,135.700000,203.500000,0.000000,185.700000,0.000000,1076.200000,759.300000,7,7.507015,2.923993,4.187427,False,20.674083,-13.167069,1.468300,3.500000,False,Regular
576,238.100000,0.000000,0.000000,185.700000,0.000000,1118.800000,789.300000,28,17.576122,2.557938,4.187427,False,15.740260,1.835863,0.204723,3.500000,False,Regular
577,339.200000,0.000000,0.000000,185.700000,0.000000,1069.200000,754.300000,7,21.179324,2.246873,4.187427,False,24.088444,-2.909120,0.324405,3.500000,False,Regular
578,135.700000,203.500000,0.000000,185.700000,0.000000,1076.200000,759.300000,28,18.198719,2.788546,4.187427,False,23.928847,-5.730128,0.638984,3.500000,False,Regular
579,193.500000,290.200000,0.000000,185.700000,0.000000,998.200000,704.300000,7,17.200358,3.508329,4.187427,False,35.219253,-18.018895,2.009342,3.500000,False,Regular
580,203.500000,135.700000,0.000000,185.700000,0.000000,1076.200000,759.300000,28,22.629981,2.086659,4.187427,False,25.202389,-2.572407,0.286857,3.500000,False,Regular
581,290.200000,193.500000,0.000000,185.700000,0.000000,998.200000,704.300000,7,21.859147,2.715237,4.187427,False,37.035646,-15.176499,1.692377,3.500000,False,Regular
582,181.900000,272.800000,0.000000,185.700000,0.000000,1012.400000,714.300000,7,12.372647,3.263687,4.187427,False,32.215398,-19.842751,2.212725,3.500000,False,Regular
583,170.300000,155.500000,0.000000,185.700000,0.000000,1026.600000,724.300000,28,25.726418,3.333723,4.187427,False,20.037891,5.688527,0.634345,3.500000,False,Regular
584,210.700000,316.100000,0.000000,185.700000,0.000000,977.000000,689.300000,28,37.813622,3.856986,4.187427,False,42.929078,-5.115456,0.570440,3.500000,False,Regular
585,228.000000,342.100000,0.000000,185.700000,0.000000,955.800000,674.300000,7,21.917063,4.410561,4.187427,True,44.156136,-22.239073,2.479946,3.500000,False,Leverage only
586,290.200000,193.500000,0.000000,185.700000,0.000000,998.200000,704.300000,28,33.043137,2.616575,4.187427,False,40.290410,-7.247273,0.808165,3.500000,False,Regular
587,381.400000,0.000000,0.000000,185.700000,0.000000,1104.600000,784.300000,7,14.541049,3.915433,4.187427,False,32.395242,-17.854194,1.990975,3.500000,False,Regular
588,238.200000,158.800000,0.000000,185.700000,0.000000,1040.600000,734.300000,28,26.913696,2.002215,4.187427,False,30.987488,-4.073792,0.454281,3.500000,False,Regular
589,186.200000,124.100000,0.000000,185.700000,0.000000,1083.400000,764.300000,7,7.995853,2.267309,4.187427,False,18.441000,-10.445147,1.164770,3.500000,False,Regular
590,339.200000,0.000000,0.000000,185.700000,0.000000,1069.200000,754.300000,28,31.899986,2.122778,4.187427,False,27.343207,4.556779,0.508140,3.500000,False,Regular
591,238.100000,0.000000,0.000000,185.700000,0.000000,1118.800000,789.300000,7,10.335935,2.685031,4.187427,False,12.485496,-2.149561,0.239704,3.500000,False,Regular
592,252.500000,0.000000,0.000000,185.700000,0.000000,1111.600000,784.300000,28,19.765208,2.433173,4.187427,False,17.388487,2.376721,0.265035,3.500000,False,Regular
593,382.500000,0.000000,0.000000,185.700000,0.000000,1047.800000,739.300000,28,37.437857,2.303028,4.187427,False,32.307808,5.130049,0.572067,3.500000,False,Regular
594,252.500000,0.000000,0.000000,185.700000,0.000000,1111.600000,784.300000,7,11.483912,2.562865,4.187427,False,14.133724,-2.649811,0.295488,3.500000,False,Regular
595,316.100000,210.700000,0.000000,185.700000,0.000000,977.000000,689.300000,7,24.437787,3.155119,4.187427,False,41.654127,-17.216340,1.919846,3.500000,False,Regular
596,186.200000,124.100000,0.000000,185.700000,0.000000,1083.400000,764.300000,28,17.596806,2.111704,4.187427,False,21.695764,-4.098957,0.457087,3.500000,False,Regular
597,170.300000,155.500000,0.000000,185.700000,0.000000,1026.600000,724.300000,7,10.730315,3.372260,4.187427,False,16.783128,-6.052813,0.674967,3.500000,False,Regular
598,272.800000,181.900000,0.000000,185.700000,0.000000,1012.400000,714.300000,28,31.381500,2.352208,4.187427,False,37.177609,-5.796109,0.646342,3.500000,False,Regular
599,339.000000,0.000000,0.000000,197.000000,0.000000,968.000000,781.000000,3,13.224150,2.342969,4.187427,False,20.577582,-7.353432,0.820004,3.500000,False,Regular
600,339.000000,0.000000,0.000000,197.000000,0.000000,968.000000,781.000000,7,20.966965,2.299240,4.187427,False,21.197537,-0.230572,0.025712,3.500000,False,Regular
601,339.000000,0.000000,0.000000,197.000000,0.000000,968.000000,781.000000,14,27.041249,2.241859,4.187427,False,22.282458,4.758791,0.530667,3.500000,False,Regular
602,339.000000,0.000000,0.000000,197.000000,0.000000,968.000000,781.000000,28,32.039950,2.205959,4.187427,False,24.452300,7.587649,0.846122,3.500000,False,Regular
603,339.000000,0.000000,0.000000,197.000000,0.000000,968.000000,781.000000,90,35.170171,3.154758,4.187427,False,34.061602,1.108569,0.123620,3.500000,False,Regular
604,339.000000,0.000000,0.000000,197.000000,0.000000,968.000000,781.000000,180,36.445701,5.844249,4.187427,True,48.010589,-11.564887,1.289636,3.500000,False,Leverage only
605,339.000000,0.000000,0.000000,197.000000,0.000000,968.000000,781.000000,365,38.893341,12.101897,4.187427,True,76.683505,-37.790164,4.214096,3.500000,True,Leverage + response
606,236.000000,0.000000,0.000000,194.000000,0.000000,968.000000,885.000000,3,6.467285,2.613757,4.187427,False,10.550307,-4.083022,0.455310,3.500000,False,Regular
607,236.000000,0.000000,0.000000,194.000000,0.000000,968.000000,885.000000,14,12.838043,2.499972,4.187427,False,12.255183,0.582860,0.064996,3.500000,False,Regular
608,236.000000,0.000000,0.000000,194.000000,0.000000,968.000000,885.000000,28,18.415904,2.437134,4.187427,False,14.425025,3.990879,0.445035,3.500000,False,Regular
609,236.000000,0.000000,0.000000,194.000000,0.000000,968.000000,885.000000,90,21.946021,3.218556,4.187427,False,24.034327,-2.088306,0.232873,3.500000,False,Regular
610,236.000000,0.000000,0.000000,193.000000,0.000000,968.000000,885.000000,180,24.104081,5.819954,4.187427,True,38.086142,-13.982061,1.559182,3.500000,False,Leverage only
611,236.000000,0.000000,0.000000,193.000000,0.000000,968.000000,885.000000,365,25.083137,12.014198,4.187427,True,66.759059,-41.675922,4.647408,3.500000,True,Leverage + response
612,277.000000,0.000000,0.000000,191.000000,0.000000,968.000000,856.000000,14,21.263440,2.262102,4.187427,False,17.203993,4.059447,0.452681,3.500000,False,Regular
613,277.000000,0.000000,0.000000,191.000000,0.000000,968.000000,856.000000,28,25.965666,2.206720,4.187427,False,19.373836,6.591831,0.735075,3.500000,False,Regular
614,277.000000,0.000000,0.000000,191.000000,0.000000,968.000000,856.000000,3,11.362564,2.376905,4.187427,False,15.499117,-4.136553,0.461280,3.500000,False,Regular
615,277.000000,0.000000,0.000000,191.000000,0.000000,968.000000,856.000000,90,31.253947,3.093048,4.187427,False,28.983137,2.270810,0.253225,3.500000,False,Regular
616,277.000000,0.000000,0.000000,191.000000,0.000000,968.000000,856.000000,180,32.329530,5.762391,4.187427,True,42.932124,-10.602594,1.182327,3.500000,False,Leverage only
617,277.000000,0.000000,0.000000,191.000000,0.000000,968.000000,856.000000,360,33.701587,11.842086,4.187427,True,70.830097,-37.128510,4.140313,3.500000,True,Leverage + response
618,254.000000,0.000000,0.000000,198.000000,0.000000,968.000000,863.000000,3,9.307926,2.431850,4.187427,False,11.782924,-2.474998,0.275995,3.500000,False,Regular
619,254.000000,0.000000,0.000000,198.000000,0.000000,968.000000,863.000000,90,26.944722,3.072022,4.187427,False,25.266945,1.677777,0.187094,3.500000,False,Regular
620,254.000000,0.000000,0.000000,198.000000,0.000000,968.000000,863.000000,180,27.627303,5.715601,4.187427,True,39.215931,-11.588628,1.292283,3.500000,False,Leverage only
621,254.000000,0.000000,0.000000,198.000000,0.000000,968.000000,863.000000,365,29.785363,11.957040,4.187427,True,67.888848,-38.103484,4.249035,3.500000,True,Leverage + response
622,307.000000,0.000000,0.000000,193.000000,0.000000,968.000000,812.000000,180,34.487590,5.880608,4.187427,True,45.155177,-10.667587,1.189575,3.500000,False,Leverage only
623,307.000000,0.000000,0.000000,193.000000,0.000000,968.000000,812.000000,365,36.149227,12.116718,4.187427,True,73.828093,-37.678867,4.201685,3.500000,True,Leverage + response
624,307.000000,0.000000,0.000000,193.000000,0.000000,968.000000,812.000000,3,12.541568,2.445455,4.187427,False,17.722170,-5.180602,0.577705,3.500000,False,Regular
625,307.000000,0.000000,0.000000,193.000000,0.000000,968.000000,812.000000,28,27.530777,2.312553,4.187427,False,21.596889,5.933888,0.661706,3.500000,False,Regular
626,307.000000,0.000000,0.000000,193.000000,0.000000,968.000000,812.000000,90,32.922479,3.226697,4.187427,False,31.206190,1.716289,0.191389,3.500000,False,Regular
627,236.000000,0.000000,0.000000,193.000000,0.000000,968.000000,885.000000,7,9.990507,2.591503,4.187427,False,11.273091,-1.282583,0.143025,3.500000,False,Regular
628,200.000000,0.000000,0.000000,180.000000,0.000000,1125.000000,845.000000,7,7.839342,2.908682,4.187427,False,10.153099,-2.313757,0.258014,3.500000,False,Regular
629,200.000000,0.000000,0.000000,180.000000,0.000000,1125.000000,845.000000,28,12.245094,2.768570,4.187427,False,13.407863,-1.162769,0.129664,3.500000,False,Regular
630,225.000000,0.000000,0.000000,181.000000,0.000000,1113.000000,833.000000,7,11.169511,2.645918,4.187427,False,12.784920,-1.615409,0.180139,3.500000,False,Regular
631,225.000000,0.000000,0.000000,181.000000,0.000000,1113.000000,833.000000,28,17.340321,2.497216,4.187427,False,16.039684,1.300637,0.145038,3.500000,False,Regular
632,325.000000,0.000000,0.000000,184.000000,0.000000,1063.000000,783.000000,7,17.540269,2.103205,4.187427,False,23.274174,-5.733904,0.639405,3.500000,False,Regular
633,325.000000,0.000000,0.000000,184.000000,0.000000,1063.000000,783.000000,28,30.571366,1.954515,4.187427,False,26.528937,4.042428,0.450783,3.500000,False,Regular
634,275.000000,0.000000,0.000000,183.000000,0.000000,1088.000000,808.000000,7,14.203206,2.239943,4.187427,False,17.978133,-3.774927,0.420954,3.500000,False,Regular
635,275.000000,0.000000,0.000000,183.000000,0.000000,1088.000000,808.000000,28,24.497082,2.079498,4.187427,False,21.232896,3.264186,0.363999,3.500000,False,Regular
636,300.000000,0.000000,0.000000,184.000000,0.000000,1075.000000,795.000000,7,15.575263,2.122917,4.187427,False,20.539524,-4.964261,0.553580,3.500000,False,Regular
637,300.000000,0.000000,0.000000,184.000000,0.000000,1075.000000,795.000000,28,26.848195,1.963376,4.187427,False,23.794288,3.053908,0.340551,3.500000,False,Regular
638,375.000000,0.000000,0.000000,186.000000,0.000000,1038.000000,758.000000,7,26.062193,2.245220,4.187427,False,28.467386,-2.405193,0.268210,3.500000,False,Regular
639,375.000000,0.000000,0.000000,186.000000,0.000000,1038.000000,758.000000,28,38.210760,2.123543,4.187427,False,31.722150,6.488610,0.723565,3.500000,False,Regular
640,400.000000,0.000000,0.000000,187.000000,0.000000,1025.000000,745.000000,28,43.698989,2.315780,4.187427,False,34.283541,9.415448,1.049945,3.500000,False,Regular
641,400.000000,0.000000,0.000000,187.000000,0.000000,1025.000000,745.000000,7,30.143891,2.419363,4.187427,False,31.028778,-0.884887,0.098676,3.500000,False,Regular
642,250.000000,0.000000,0.000000,182.000000,0.000000,1100.000000,820.000000,7,12.734622,2.415670,4.187427,False,15.346312,-2.611690,0.291237,3.500000,False,Regular
643,250.000000,0.000000,0.000000,182.000000,0.000000,1100.000000,820.000000,28,20.870439,2.260922,4.187427,False,18.601075,2.269363,0.253064,3.500000,False,Regular
644,350.000000,0.000000,0.000000,186.000000,0.000000,1050.000000,770.000000,7,20.277489,2.115272,4.187427,False,25.732736,-5.455247,0.608331,3.500000,False,Regular
645,350.000000,0.000000,0.000000,186.000000,0.000000,1050.000000,770.000000,28,34.294536,1.973373,4.187427,False,28.987500,5.307036,0.591804,3.500000,False,Regular
646,203.500000,305.300000,0.000000,203.500000,0.000000,963.400000,630.000000,7,19.539060,3.344986,4.187427,False,32.572322,-13.033262,1.453379,3.500000,False,Regular
647,250.200000,166.800000,0.000000,203.500000,0.000000,977.600000,694.100000,90,47.714497,2.929915,4.187427,False,38.010406,9.704091,1.082133,3.500000,False,Regular
648,157.000000,236.000000,0.000000,192.000000,0.000000,935.400000,781.200000,90,43.377004,3.364698,4.187427,False,36.970949,6.406055,0.714359,3.500000,False,Regular
649,141.300000,212.000000,0.000000,203.500000,0.000000,971.800000,748.500000,28,29.892232,2.262357,4.187427,False,20.576708,9.315524,1.038802,3.500000,False,Regular
650,166.800000,250.200000,0.000000,203.500000,0.000000,975.600000,692.600000,3,6.902344,2.656995,4.187427,False,22.840174,-15.937829,1.777276,3.500000,False,Regular
651,122.600000,183.900000,0.000000,203.500000,0.000000,958.200000,800.100000,90,33.192064,3.160890,4.187427,False,25.821229,7.370835,0.821944,3.500000,False,Regular
652,183.900000,122.600000,0.000000,203.500000,0.000000,959.200000,800.000000,3,4.903553,2.089769,4.187427,False,13.512409,-8.608856,0.960000,3.500000,False,Regular
653,102.000000,153.000000,0.000000,192.000000,0.000000,887.000000,942.000000,3,4.565021,3.789471,4.187427,False,10.753653,-6.188633,0.690113,3.500000,False,Regular
654,102.000000,153.000000,0.000000,192.000000,0.000000,887.000000,942.000000,90,25.460970,4.182665,4.187427,False,24.237674,1.223296,0.136413,3.500000,False,Regular
655,122.600000,183.900000,0.000000,203.500000,0.000000,958.200000,800.100000,28,24.290929,2.365294,4.187427,False,16.211927,8.079002,0.900914,3.500000,False,Regular
656,166.800000,250.200000,0.000000,203.500000,0.000000,975.600000,692.600000,28,33.947730,2.514789,4.187427,False,26.714892,7.232838,0.806556,3.500000,False,Regular
657,200.000000,133.000000,0.000000,192.000000,0.000000,965.400000,806.200000,3,11.414275,1.965625,4.187427,False,18.730851,-7.316575,0.815894,3.500000,False,Regular
658,108.300000,162.400000,0.000000,203.500000,0.000000,938.200000,849.000000,28,20.593959,2.698507,4.187427,False,13.004541,7.589418,0.846319,3.500000,False,Regular
659,305.300000,203.500000,0.000000,203.500000,0.000000,965.400000,631.000000,7,25.893961,2.797553,4.187427,False,34.582940,-8.688979,0.968934,3.500000,False,Regular
660,108.300000,162.400000,0.000000,203.500000,0.000000,938.200000,849.000000,90,29.231714,3.392234,4.187427,False,22.613842,6.617872,0.737979,3.500000,False,Regular
661,116.000000,173.000000,0.000000,192.000000,0.000000,909.800000,891.900000,90,31.023662,3.711032,4.187427,False,27.242961,3.780701,0.421597,3.500000,False,Regular
662,141.300000,212.000000,0.000000,203.500000,0.000000,971.800000,748.500000,7,10.393851,2.389080,4.187427,False,17.321944,-6.928094,0.772573,3.500000,False,Regular
663,157.000000,236.000000,0.000000,192.000000,0.000000,935.400000,781.200000,28,33.664355,2.567226,4.187427,False,27.361647,6.302708,0.702834,3.500000,False,Regular
664,133.000000,200.000000,0.000000,192.000000,0.000000,927.400000,839.200000,28,27.874825,2.657343,4.187427,False,21.683474,6.191352,0.690416,3.500000,False,Regular
665,250.200000,166.800000,0.000000,203.500000,0.000000,977.600000,694.100000,7,19.350144,2.021625,4.187427,False,25.146341,-5.796197,0.646352,3.500000,False,Regular
666,173.000000,116.000000,0.000000,192.000000,0.000000,946.800000,856.800000,7,11.392212,2.359932,4.187427,False,14.996046,-3.603834,0.401875,3.500000,False,Regular
667,192.000000,288.000000,0.000000,192.000000,0.000000,929.800000,716.100000,3,12.788401,3.192916,4.187427,False,32.048724,-19.260323,2.147777,3.500000,False,Regular
668,192.000000,288.000000,0.000000,192.000000,0.000000,929.800000,716.100000,28,39.321506,3.087704,4.187427,False,35.923442,3.398063,0.378928,3.500000,False,Regular
669,153.000000,102.000000,0.000000,192.000000,0.000000,888.000000,943.100000,3,4.782206,3.483098,4.187427,False,11.786301,-7.004095,0.781048,3.500000,False,Regular
670,288.000000,192.000000,0.000000,192.000000,0.000000,932.000000,717.800000,3,16.109607,2.522644,4.187427,False,33.985698,-17.876092,1.993417,3.500000,False,Regular
671,305.300000,203.500000,0.000000,203.500000,0.000000,965.400000,631.000000,28,43.377004,2.733138,4.187427,False,37.837703,5.539300,0.617704,3.500000,False,Regular
672,236.000000,157.000000,0.000000,192.000000,0.000000,972.600000,749.100000,7,20.416074,1.866597,4.187427,False,25.270177,-4.854104,0.541296,3.500000,False,Regular
673,173.000000,116.000000,0.000000,192.000000,0.000000,946.800000,856.800000,3,6.940955,2.409996,4.187427,False,14.376091,-7.435137,0.829115,3.500000,False,Regular
674,212.000000,141.300000,0.000000,203.500000,0.000000,973.400000,750.000000,7,15.030577,1.823223,4.187427,False,18.758404,-3.727827,0.415701,3.500000,False,Regular
675,236.000000,157.000000,0.000000,192.000000,0.000000,972.600000,749.100000,3,13.565440,1.922485,4.187427,False,24.650222,-11.084782,1.236098,3.500000,False,Regular
676,183.900000,122.600000,0.000000,203.500000,0.000000,959.200000,800.000000,90,32.532925,2.838532,4.187427,False,26.996429,5.536496,0.617391,3.500000,False,Regular
677,166.800000,250.200000,0.000000,203.500000,0.000000,975.600000,692.600000,7,15.748321,2.615085,4.187427,False,23.460129,-7.711807,0.859967,3.500000,False,Regular
678,102.000000,153.000000,0.000000,192.000000,0.000000,887.000000,942.000000,7,7.675936,3.754466,4.187427,False,11.373608,-3.697672,0.412339,3.500000,False,Regular
679,288.000000,192.000000,0.000000,192.000000,0.000000,932.000000,717.800000,28,38.804399,2.403000,4.187427,False,37.860417,0.943982,0.105266,3.500000,False,Regular
680,212.000000,141.300000,0.000000,203.500000,0.000000,973.400000,750.000000,28,33.003837,1.666610,4.187427,False,22.013167,10.990670,1.225603,3.500000,False,Regular
681,102.000000,153.000000,0.000000,192.000000,0.000000,887.000000,942.000000,28,17.275511,3.654465,4.187427,False,14.628372,2.647139,0.295190,3.500000,False,Regular
682,173.000000,116.000000,0.000000,192.000000,0.000000,946.800000,856.800000,28,24.281966,2.227343,4.187427,False,18.250810,6.031156,0.672552,3.500000,False,Regular
683,183.900000,122.600000,0.000000,203.500000,0.000000,959.200000,800.000000,28,24.046165,1.876646,4.187427,False,17.387128,6.659037,0.742569,3.500000,False,Regular
684,133.000000,200.000000,0.000000,192.000000,0.000000,927.400000,839.200000,90,36.588423,3.399232,4.187427,False,31.292775,5.295648,0.590534,3.500000,False,Regular
685,192.000000,288.000000,0.000000,192.000000,0.000000,929.800000,716.100000,90,50.732334,3.811435,4.187427,False,45.532744,5.199589,0.579822,3.500000,False,Regular
686,133.000000,200.000000,0.000000,192.000000,0.000000,927.400000,839.200000,7,13.664035,2.771743,4.187427,False,18.428710,-4.764675,0.531323,3.500000,False,Regular
687,305.300000,203.500000,0.000000,203.500000,0.000000,965.400000,631.000000,3,14.143911,2.831450,4.187427,False,33.962985,-19.819074,2.210085,3.500000,False,Regular
688,236.000000,157.000000,0.000000,192.000000,0.000000,972.600000,749.100000,90,47.782066,2.822811,4.187427,False,38.134243,9.647823,1.075858,3.500000,False,Regular
689,108.300000,162.400000,0.000000,203.500000,0.000000,938.200000,849.000000,3,2.331808,2.872687,4.187427,False,9.129822,-6.798014,0.758067,3.500000,False,Regular
690,157.000000,236.000000,0.000000,192.000000,0.000000,935.400000,781.200000,7,16.889404,2.670464,4.187427,False,24.106884,-7.217480,0.804843,3.500000,False,Regular
691,288.000000,192.000000,0.000000,192.000000,0.000000,932.000000,717.800000,7,23.523542,2.483176,4.187427,False,34.605653,-11.082111,1.235800,3.500000,False,Regular
692,212.000000,141.300000,0.000000,203.500000,0.000000,973.400000,750.000000,3,6.808575,1.884462,4.187427,False,18.138449,-11.329873,1.263428,3.500000,False,Regular
693,212.000000,141.300000,0.000000,203.500000,0.000000,973.400000,750.000000,90,39.700028,2.736958,4.187427,False,31.622469,8.077559,0.900753,3.500000,False,Regular
694,153.000000,102.000000,0.000000,192.000000,0.000000,888.000000,943.100000,28,17.964297,3.341343,4.187427,False,15.661019,2.303278,0.256846,3.500000,False,Regular
695,236.000000,157.000000,0.000000,192.000000,0.000000,972.600000,749.100000,28,32.884558,1.737213,4.187427,False,28.524941,4.359617,0.486154,3.500000,False,Regular
696,116.000000,173.000000,0.000000,192.000000,0.000000,909.800000,891.900000,28,22.347986,3.075643,4.187427,False,17.633659,4.714327,0.525709,3.500000,False,Regular
697,183.900000,122.600000,0.000000,203.500000,0.000000,959.200000,800.000000,7,10.787541,2.031896,4.187427,False,14.132364,-3.344823,0.372991,3.500000,False,Regular
698,108.300000,162.400000,0.000000,203.500000,0.000000,938.200000,849.000000,7,7.723510,2.827329,4.187427,False,9.749777,-2.026267,0.225955,3.500000,False,Regular
699,203.500000,305.300000,0.000000,203.500000,0.000000,963.400000,630.000000,28,41.684340,3.280677,4.187427,False,35.827085,5.857255,0.653160,3.500000,False,Regular
700,203.500000,305.300000,0.000000,203.500000,0.000000,963.400000,630.000000,3,9.561653,3.375358,4.187427,False,31.952367,-22.390714,2.496856,3.500000,False,Regular
701,133.000000,200.000000,0.000000,192.000000,0.000000,927.400000,839.200000,3,6.883728,2.814926,4.187427,False,17.808755,-10.925027,1.218283,3.500000,False,Regular
702,288.000000,192.000000,0.000000,192.000000,0.000000,932.000000,717.800000,90,50.526870,3.308290,4.187427,False,47.469718,3.057151,0.340912,3.500000,False,Regular
703,200.000000,133.000000,0.000000,192.000000,0.000000,965.400000,806.200000,7,17.165884,1.906559,4.187427,False,19.350806,-2.184922,0.243647,3.500000,False,Regular
704,200.000000,133.000000,0.000000,192.000000,0.000000,965.400000,806.200000,28,30.439676,1.754908,4.187427,False,22.605569,7.834107,0.873605,3.500000,False,Regular
705,250.200000,166.800000,0.000000,203.500000,0.000000,977.600000,694.100000,3,9.731264,2.073183,4.187427,False,24.526386,-14.795122,1.649849,3.500000,False,Regular
706,122.600000,183.900000,0.000000,203.500000,0.000000,958.200000,800.100000,3,3.319827,2.548714,4.187427,False,12.337209,-9.017382,1.005556,3.500000,False,Regular
707,153.000000,102.000000,0.000000,192.000000,0.000000,888.000000,943.100000,90,26.322815,3.923943,4.187427,False,25.270321,1.052494,0.117367,3.500000,False,Regular
708,200.000000,133.000000,0.000000,192.000000,0.000000,965.400000,806.200000,90,43.250829,2.786994,4.187427,False,32.214871,11.035959,1.230653,3.500000,False,Regular
709,116.000000,173.000000,0.000000,192.000000,0.000000,909.800000,891.900000,3,6.280437,3.224119,4.187427,False,13.758940,-7.478504,0.833951,3.500000,False,Regular
710,173.000000,116.000000,0.000000,192.000000,0.000000,946.800000,856.800000,90,32.102692,3.080963,4.187427,False,27.860112,4.242580,0.473103,3.500000,False,Regular
711,250.200000,166.800000,0.000000,203.500000,0.000000,977.600000,694.100000,28,36.964187,1.903699,4.187427,False,28.401104,8.563083,0.954895,3.500000,False,Regular
712,305.300000,203.500000,0.000000,203.500000,0.000000,965.400000,631.000000,90,54.598915,3.570044,4.187427,False,47.447005,7.151910,0.797531,3.500000,False,Regular
713,192.000000,288.000000,0.000000,192.000000,0.000000,929.800000,716.100000,7,21.480625,3.160017,4.187427,False,32.668679,-11.188054,1.247614,3.500000,False,Regular
714,157.000000,236.000000,0.000000,192.000000,0.000000,935.400000,781.200000,3,9.694722,2.712438,4.187427,False,23.486929,-13.792207,1.538011,3.500000,False,Regular
715,153.000000,102.000000,0.000000,192.000000,0.000000,888.000000,943.100000,7,8.374375,3.445854,4.187427,False,12.406256,-4.031880,0.449607,3.500000,False,Regular
716,141.300000,212.000000,0.000000,203.500000,0.000000,971.800000,748.500000,90,39.662107,3.115282,4.187427,False,30.186009,9.476097,1.056708,3.500000,False,Regular
717,116.000000,173.000000,0.000000,192.000000,0.000000,909.800000,891.900000,7,10.089792,3.184652,4.187427,False,14.378895,-4.289104,0.478291,3.500000,False,Regular
718,141.300000,212.000000,0.000000,203.500000,0.000000,971.800000,748.500000,3,4.827711,2.437812,4.187427,False,16.701989,-11.874278,1.324137,3.500000,False,Regular
719,122.600000,183.900000,0.000000,203.500000,0.000000,958.200000,800.100000,7,10.354551,2.499691,4.187427,False,12.957164,-2.602613,0.290225,3.500000,False,Regular
720,166.800000,250.200000,0.000000,203.500000,0.000000,975.600000,692.600000,90,43.565231,3.336485,4.187427,False,36.324194,7.241037,0.807470,3.500000,False,Regular
721,203.500000,305.300000,0.000000,203.500000,0.000000,963.400000,630.000000,90,51.863764,3.978926,4.187427,False,45.436387,6.427376,0.716736,3.500000,False,Regular
722,310.000000,0.000000,0.000000,192.000000,0.000000,1012.000000,830.000000,3,11.852092,2.085115,4.187427,False,20.250230,-8.398138,0.936502,3.500000,False,Regular
723,310.000000,0.000000,0.000000,192.000000,0.000000,1012.000000,830.000000,7,17.243795,2.021333,4.187427,False,20.870185,-3.626391,0.404390,3.500000,False,Regular
724,310.000000,0.000000,0.000000,192.000000,0.000000,1012.000000,830.000000,28,27.827251,1.831995,4.187427,False,24.124949,3.702303,0.412855,3.500000,False,Regular
725,310.000000,0.000000,0.000000,192.000000,0.000000,1012.000000,830.000000,90,35.763120,2.743936,4.187427,False,33.734251,2.028870,0.226245,3.500000,False,Regular
726,310.000000,0.000000,0.000000,192.000000,0.000000,1012.000000,830.000000,120,38.700288,3.597467,4.187427,False,38.383913,0.316375,0.035280,3.500000,False,Regular
727,331.000000,0.000000,0.000000,192.000000,0.000000,1025.000000,821.000000,3,14.306627,2.379570,4.187427,False,23.239329,-8.932702,0.996113,3.500000,False,Regular
728,331.000000,0.000000,0.000000,192.000000,0.000000,1025.000000,821.000000,7,17.436848,2.320843,4.187427,False,23.859284,-6.422436,0.716185,3.500000,False,Regular
729,331.000000,0.000000,0.000000,192.000000,0.000000,1025.000000,821.000000,28,31.743475,2.140701,4.187427,False,27.114047,4.629428,0.516242,3.500000,False,Regular
730,331.000000,0.000000,0.000000,192.000000,0.000000,1025.000000,821.000000,90,37.914285,2.921767,4.187427,False,36.723349,1.190936,0.132805,3.500000,False,Regular
731,331.000000,0.000000,0.000000,192.000000,0.000000,1025.000000,821.000000,120,39.382869,3.720673,4.187427,False,41.373011,-1.990142,0.221927,3.500000,False,Regular
732,349.000000,0.000000,0.000000,192.000000,0.000000,1056.000000,809.000000,3,15.871738,3.140020,4.187427,False,26.175492,-10.303755,1.149003,3.500000,False,Regular
733,349.000000,0.000000,0.000000,192.000000,0.000000,1056.000000,809.000000,7,9.011451,3.091672,4.187427,False,26.795447,-17.783996,1.983147,3.500000,False,Regular
734,349.000000,0.000000,0.000000,192.000000,0.000000,1056.000000,809.000000,28,33.605060,2.936350,4.187427,False,30.050211,3.554849,0.396412,3.500000,False,Regular
735,349.000000,0.000000,0.000000,192.000000,0.000000,1056.000000,809.000000,90,40.658400,3.490681,4.187427,False,39.659513,0.998887,0.111389,3.500000,False,Regular
736,349.000000,0.000000,0.000000,192.000000,0.000000,1056.000000,809.000000,120,40.858348,4.159586,4.187427,False,44.309175,-3.450827,0.384812,3.500000,False,Regular
737,238.000000,0.000000,0.000000,186.000000,0.000000,1119.000000,789.000000,7,12.052040,2.684902,4.187427,False,12.433198,-0.381157,0.042504,3.500000,False,Regular
738,238.000000,0.000000,0.000000,186.000000,0.000000,1119.000000,789.000000,28,17.540269,2.556962,4.187427,False,15.687961,1.852308,0.206557,3.500000,False,Regular
739,296.000000,0.000000,0.000000,186.000000,0.000000,1090.000000,769.000000,7,18.912327,2.297978,4.187427,False,19.077785,-0.165459,0.018451,3.500000,False,Regular
740,296.000000,0.000000,0.000000,186.000000,0.000000,1090.000000,769.000000,28,25.179664,2.164109,4.187427,False,22.332549,2.847115,0.317490,3.500000,False,Regular
741,297.000000,0.000000,0.000000,186.000000,0.000000,1040.000000,734.000000,7,30.957472,3.890870,4.187427,False,16.335978,14.621494,1.630487,3.500000,False,Regular
742,480.000000,0.000000,0.000000,192.000000,0.000000,936.000000,721.000000,28,43.892042,3.370568,4.187427,False,41.714680,2.177362,0.242804,3.500000,False,Regular
743,480.000000,0.000000,0.000000,192.000000,0.000000,936.000000,721.000000,90,54.275551,4.110299,4.187427,False,51.323982,2.951569,0.329138,3.500000,False,Regular
744,397.000000,0.000000,0.000000,186.000000,0.000000,1040.000000,734.000000,28,36.935229,2.399817,4.187427,False,33.909979,3.025251,0.337355,3.500000,False,Regular
745,281.000000,0.000000,0.000000,186.000000,0.000000,1104.000000,774.000000,7,14.499680,2.387065,4.187427,False,17.534020,-3.034340,0.338368,3.500000,False,Regular
746,281.000000,0.000000,0.000000,185.000000,0.000000,1104.000000,774.000000,28,22.435549,2.267545,4.187427,False,20.891612,1.543937,0.172169,3.500000,False,Regular
747,500.000000,0.000000,0.000000,200.000000,0.000000,1125.000000,613.000000,1,12.638095,5.161839,4.187427,True,40.279801,-27.641706,3.082410,3.500000,False,Leverage only
748,500.000000,0.000000,0.000000,200.000000,0.000000,1125.000000,613.000000,3,26.062193,5.147557,4.187427,True,40.589779,-14.527586,1.620015,3.500000,False,Leverage only
749,500.000000,0.000000,0.000000,200.000000,0.000000,1125.000000,613.000000,7,33.212059,5.121753,4.187427,True,41.209734,-7.997675,0.891845,3.500000,False,Leverage only
750,500.000000,0.000000,0.000000,200.000000,0.000000,1125.000000,613.000000,14,36.935229,5.085598,4.187427,True,42.294655,-5.359426,0.597646,3.500000,False,Leverage only
751,500.000000,0.000000,0.000000,200.000000,0.000000,1125.000000,613.000000,28,44.091990,5.048434,4.187427,True,44.464497,-0.372507,0.041539,3.500000,False,Leverage only
752,540.000000,0.000000,0.000000,173.000000,0.000000,1125.000000,613.000000,7,52.613914,4.967321,4.187427,True,49.713803,2.900111,0.323400,3.500000,False,Leverage only
753,540.000000,0.000000,0.000000,173.000000,0.000000,1125.000000,613.000000,14,59.763780,4.942239,4.187427,True,50.798724,8.965056,0.999721,3.500000,False,Leverage only
754,540.000000,0.000000,0.000000,173.000000,0.000000,1125.000000,613.000000,28,67.306647,4.928498,4.187427,True,52.968566,14.338081,1.598883,3.500000,False,Leverage only
755,540.000000,0.000000,0.000000,173.000000,0.000000,1125.000000,613.000000,90,69.657760,5.429805,4.187427,True,62.577868,7.079892,0.789500,3.500000,False,Leverage only
756,540.000000,0.000000,0.000000,173.000000,0.000000,1125.000000,613.000000,180,71.622767,7.337579,4.187427,True,76.526854,-4.904088,0.546870,3.500000,False,Leverage only
757,540.000000,0.000000,0.000000,173.000000,0.000000,1125.000000,613.000000,270,74.166933,9.905310,4.187427,True,90.475841,-16.308908,1.818656,3.500000,False,Leverage only
758,350.000000,0.000000,0.000000,203.000000,0.000000,974.000000,775.000000,7,18.126324,2.202684,4.187427,False,22.069062,-3.942738,0.439667,3.500000,False,Regular
759,350.000000,0.000000,0.000000,203.000000,0.000000,974.000000,775.000000,14,22.532076,2.132173,4.187427,False,23.153983,-0.621908,0.069351,3.500000,False,Regular
760,350.000000,0.000000,0.000000,203.000000,0.000000,974.000000,775.000000,28,27.337723,2.072758,4.187427,False,25.323826,2.013898,0.224576,3.500000,False,Regular
761,350.000000,0.000000,0.000000,203.000000,0.000000,974.000000,775.000000,56,29.978416,2.289659,4.187427,False,29.663510,0.314906,0.035116,3.500000,False,Regular
762,350.000000,0.000000,0.000000,203.000000,0.000000,974.000000,775.000000,90,31.350474,2.997213,4.187427,False,34.933128,-3.582654,0.399513,3.500000,False,Regular
763,350.000000,0.000000,0.000000,203.000000,0.000000,974.000000,775.000000,180,32.722531,5.710204,4.187427,True,48.882114,-16.159583,1.802004,3.500000,False,Leverage only
764,385.000000,0.000000,0.000000,186.000000,0.000000,966.000000,763.000000,1,6.267337,3.087533,4.187427,False,27.165778,-20.898441,2.330448,3.500000,False,Regular
765,385.000000,0.000000,0.000000,186.000000,0.000000,966.000000,763.000000,3,14.699628,3.071266,4.187427,False,27.475755,-12.776127,1.424705,3.500000,False,Regular
766,385.000000,0.000000,0.000000,186.000000,0.000000,966.000000,763.000000,7,23.221552,3.043321,4.187427,False,28.095710,-4.874159,0.543532,3.500000,False,Regular
767,385.000000,0.000000,0.000000,186.000000,0.000000,966.000000,763.000000,14,27.923778,3.009560,4.187427,False,29.180631,-1.256853,0.140156,3.500000,False,Regular
768,385.000000,0.000000,0.000000,186.000000,0.000000,966.000000,763.000000,28,31.350474,3.001703,4.187427,False,31.350474,0.000000,0.000000,3.500000,False,Regular
769,331.000000,0.000000,0.000000,192.000000,0.000000,978.000000,825.000000,180,38.996763,5.594976,4.187427,True,49.526221,-10.529459,1.174172,3.500000,False,Leverage only
770,331.000000,0.000000,0.000000,192.000000,0.000000,978.000000,825.000000,360,41.244454,11.742147,4.187427,True,77.424194,-36.179740,4.034512,3.500000,True,Leverage + response
771,349.000000,0.000000,0.000000,192.000000,0.000000,1047.000000,806.000000,3,14.989208,2.840605,4.187427,False,25.796222,-10.807014,1.205123,3.500000,False,Regular
772,331.000000,0.000000,0.000000,192.000000,0.000000,978.000000,825.000000,3,13.520624,2.048487,4.187427,False,22.093215,-8.572590,0.955956,3.500000,False,Regular
773,382.000000,0.000000,0.000000,186.000000,0.000000,1047.000000,739.000000,7,24.000660,2.399573,4.187427,False,28.915473,-4.914813,0.548066,3.500000,False,Regular
774,382.000000,0.000000,0.000000,186.000000,0.000000,1047.000000,739.000000,28,37.424757,2.295928,4.187427,False,32.170236,5.254521,0.585948,3.500000,False,Regular
775,382.000000,0.000000,0.000000,186.000000,0.000000,1111.000000,784.000000,7,11.465986,4.129925,4.187427,False,32.616759,-21.150773,2.358587,3.500000,False,Regular
776,281.000000,0.000000,0.000000,186.000000,0.000000,1104.000000,774.000000,28,22.435549,2.247697,4.187427,False,20.788784,1.646765,0.183636,3.500000,False,Regular
777,339.000000,0.000000,0.000000,185.000000,0.000000,1069.000000,754.000000,7,21.160018,2.277470,4.187427,False,24.113456,-2.953438,0.329347,3.500000,False,Regular
778,339.000000,0.000000,0.000000,185.000000,0.000000,1069.000000,754.000000,28,31.840002,2.158806,4.187427,False,27.368220,4.471782,0.498662,3.500000,False,Regular
779,295.000000,0.000000,0.000000,185.000000,0.000000,1069.000000,769.000000,7,14.796155,2.469970,4.187427,False,18.449490,-3.653335,0.407394,3.500000,False,Regular
780,295.000000,0.000000,0.000000,185.000000,0.000000,1069.000000,769.000000,28,25.179664,2.371366,4.187427,False,21.704253,3.475410,0.387554,3.500000,False,Regular
781,238.000000,0.000000,0.000000,185.000000,0.000000,1118.000000,789.000000,28,17.540269,2.579376,4.187427,False,15.762793,1.777476,0.198212,3.500000,False,Regular
782,296.000000,0.000000,0.000000,192.000000,0.000000,1085.000000,765.000000,7,14.203206,2.298405,4.187427,False,18.151097,-3.947891,0.440241,3.500000,False,Regular
783,296.000000,0.000000,0.000000,192.000000,0.000000,1085.000000,765.000000,28,21.649546,2.150397,4.187427,False,21.405860,0.243686,0.027174,3.500000,False,Regular
784,296.000000,0.000000,0.000000,192.000000,0.000000,1085.000000,765.000000,90,29.392362,3.001195,4.187427,False,31.015162,-1.622800,0.180963,3.500000,False,Regular
785,331.000000,0.000000,0.000000,192.000000,0.000000,879.000000,825.000000,3,13.520624,4.072108,4.187427,False,19.321537,-5.800912,0.646877,3.500000,False,Regular
786,331.000000,0.000000,0.000000,192.000000,0.000000,978.000000,825.000000,7,16.264739,1.989494,4.187427,False,22.713170,-6.448431,0.719084,3.500000,False,Regular
787,331.000000,0.000000,0.000000,192.000000,0.000000,978.000000,825.000000,28,31.447000,1.831107,4.187427,False,25.967933,5.479067,0.610987,3.500000,False,Regular
788,331.000000,0.000000,0.000000,192.000000,0.000000,978.000000,825.000000,90,37.231704,2.809512,4.187427,False,35.577235,1.654469,0.184495,3.500000,False,Regular
789,349.000000,0.000000,0.000000,192.000000,0.000000,1047.000000,806.000000,7,18.126324,2.789103,4.187427,False,26.416177,-8.289853,0.924427,3.500000,False,Regular
790,349.000000,0.000000,0.000000,192.000000,0.000000,1047.000000,806.000000,28,32.722531,2.627242,4.187427,False,29.670940,3.051590,0.340292,3.500000,False,Regular
791,349.000000,0.000000,0.000000,192.000000,0.000000,1047.000000,806.000000,90,39.486291,3.262060,4.187427,False,39.280242,0.206048,0.022977,3.500000,False,Regular
792,349.000000,0.000000,0.000000,192.000000,0.000000,1047.000000,806.000000,180,41.051401,5.734770,4.187427,True,53.229229,-12.177828,1.357986,3.500000,False,Leverage only
793,349.000000,0.000000,0.000000,192.000000,0.000000,1047.000000,806.000000,360,42.126984,11.710429,4.187427,True,81.127201,-39.000218,4.349033,3.500000,True,Leverage + response
794,302.000000,0.000000,0.000000,203.000000,0.000000,974.000000,817.000000,14,18.126324,2.115702,4.187427,False,18.062944,0.063380,0.007068,3.500000,False,Regular
795,302.000000,0.000000,0.000000,203.000000,0.000000,974.000000,817.000000,180,26.744774,5.639063,4.187427,True,43.791075,-17.046301,1.900885,3.500000,False,Leverage only
796,525.000000,0.000000,0.000000,189.000000,0.000000,1125.000000,613.000000,180,61.921840,7.165354,4.187427,True,72.733710,-10.811871,1.205664,3.500000,False,Leverage only
797,500.000000,0.000000,0.000000,200.000000,0.000000,1125.000000,613.000000,90,47.222211,5.441707,4.187427,True,54.073799,-6.851588,0.764041,3.500000,False,Leverage only
798,500.000000,0.000000,0.000000,200.000000,0.000000,1125.000000,613.000000,180,51.041908,7.240185,4.187427,True,68.022786,-16.980877,1.893589,3.500000,False,Leverage only
799,500.000000,0.000000,0.000000,200.000000,0.000000,1125.000000,613.000000,270,55.158080,9.754291,4.187427,True,81.971772,-26.813692,2.990076,3.500000,False,Leverage only
800,540.000000,0.000000,0.000000,173.000000,0.000000,1125.000000,613.000000,3,41.637456,4.987024,4.187427,True,49.093848,-7.456392,0.831485,3.500000,False,Leverage only
801,252.000000,0.000000,0.000000,185.000000,0.000000,1111.000000,784.000000,7,13.713678,2.587065,4.187427,False,14.104579,-0.390902,0.043591,3.500000,False,Regular
802,252.000000,0.000000,0.000000,185.000000,0.000000,1111.000000,784.000000,28,19.691435,2.462435,4.187427,False,17.359343,2.332092,0.260059,3.500000,False,Regular
803,339.000000,0.000000,0.000000,185.000000,0.000000,1060.000000,754.000000,28,31.646948,2.212374,4.187427,False,27.116249,4.530700,0.505232,3.500000,False,Regular
804,393.000000,0.000000,0.000000,192.000000,0.000000,940.000000,758.000000,3,19.105380,3.097826,4.187427,False,27.064241,-7.958861,0.887517,3.500000,False,Regular
805,393.000000,0.000000,0.000000,192.000000,0.000000,940.000000,758.000000,28,39.582817,3.032611,4.187427,False,30.938959,8.643858,0.963903,3.500000,False,Regular
806,393.000000,0.000000,0.000000,192.000000,0.000000,940.000000,758.000000,90,48.794217,3.851900,4.187427,False,40.548261,8.245956,0.919531,3.500000,False,Regular
807,382.000000,0.000000,0.000000,185.000000,0.000000,1047.000000,739.000000,7,24.000660,2.441176,4.187427,False,29.018301,-5.017642,0.559532,3.500000,False,Regular
808,382.000000,0.000000,0.000000,185.000000,0.000000,1047.000000,739.000000,28,37.424757,2.343204,4.187427,False,32.273065,5.151692,0.574481,3.500000,False,Regular
809,252.000000,0.000000,0.000000,186.000000,0.000000,1111.000000,784.000000,7,11.465986,2.564632,4.187427,False,14.001751,-2.535765,0.282771,3.500000,False,Regular
810,252.000000,0.000000,0.000000,185.000000,0.000000,1111.000000,784.000000,28,19.691435,2.462435,4.187427,False,17.359343,2.332092,0.260059,3.500000,False,Regular
811,310.000000,0.000000,0.000000,192.000000,0.000000,970.000000,850.000000,7,14.989208,2.082418,4.187427,False,20.542986,-5.553778,0.619319,3.500000,False,Regular
812,310.000000,0.000000,0.000000,192.000000,0.000000,970.000000,850.000000,28,27.923778,1.921011,4.187427,False,23.797749,4.126029,0.460106,3.500000,False,Regular
813,310.000000,0.000000,0.000000,192.000000,0.000000,970.000000,850.000000,90,34.680643,2.847717,4.187427,False,33.407051,1.273592,0.142022,3.500000,False,Regular
814,310.000000,0.000000,0.000000,192.000000,0.000000,970.000000,850.000000,180,37.328231,5.598568,4.187427,True,47.356038,-10.027807,1.118231,3.500000,False,Leverage only
815,310.000000,0.000000,0.000000,192.000000,0.000000,970.000000,850.000000,360,38.114233,11.728869,4.187427,True,75.254010,-37.139777,4.141569,3.500000,True,Leverage + response
816,525.000000,0.000000,0.000000,189.000000,0.000000,1125.000000,613.000000,3,33.798114,4.939948,4.187427,True,45.300704,-11.502590,1.282689,3.500000,False,Leverage only
817,525.000000,0.000000,0.000000,189.000000,0.000000,1125.000000,613.000000,7,42.423458,4.915392,4.187427,True,45.920659,-3.497200,0.389983,3.500000,False,Leverage only
818,525.000000,0.000000,0.000000,189.000000,0.000000,1125.000000,613.000000,14,48.401215,4.881825,4.187427,True,47.005580,1.395636,0.155632,3.500000,False,Leverage only
819,525.000000,0.000000,0.000000,189.000000,0.000000,1125.000000,613.000000,28,55.944083,4.851390,4.187427,True,49.175422,6.768661,0.754794,3.500000,False,Leverage only
820,525.000000,0.000000,0.000000,189.000000,0.000000,1125.000000,613.000000,90,58.784724,5.293151,4.187427,True,58.784724,0.000000,0.000000,3.500000,False,Leverage only
821,525.000000,0.000000,0.000000,189.000000,0.000000,1125.000000,613.000000,270,67.113594,9.725480,4.187427,True,86.682697,-19.569103,2.182210,3.500000,False,Leverage only
822,322.000000,0.000000,0.000000,203.000000,0.000000,974.000000,800.000000,14,20.773912,2.080208,4.187427,False,20.205427,0.568485,0.063393,3.500000,False,Regular
823,322.000000,0.000000,0.000000,203.000000,0.000000,974.000000,800.000000,28,25.179664,2.009786,4.187427,False,22.375269,2.804394,0.312726,3.500000,False,Regular
824,322.000000,0.000000,0.000000,203.000000,0.000000,974.000000,800.000000,180,29.585415,5.651082,4.187427,True,45.933558,-16.348142,1.823031,3.500000,False,Leverage only
825,302.000000,0.000000,0.000000,203.000000,0.000000,974.000000,817.000000,28,21.752968,2.040628,4.187427,False,20.232787,1.520181,0.169520,3.500000,False,Regular
826,397.000000,0.000000,0.000000,185.000000,0.000000,1040.000000,734.000000,28,39.093289,2.446070,4.187427,False,34.012807,5.080482,0.566540,3.500000,False,Regular
827,480.000000,0.000000,0.000000,192.000000,0.000000,936.000000,721.000000,3,24.393661,3.435622,4.187427,False,37.839961,-13.446301,1.499438,3.500000,False,Regular
828,522.000000,0.000000,0.000000,146.000000,0.000000,896.000000,896.000000,7,50.511012,6.787043,4.187427,True,55.510055,-4.999043,0.557458,3.500000,False,Leverage only
829,522.000000,0.000000,0.000000,146.000000,0.000000,896.000000,896.000000,28,74.987410,6.758533,4.187427,True,58.764818,16.222592,1.809030,3.500000,False,Leverage only
830,273.000000,105.000000,82.000000,210.000000,9.000000,904.000000,680.000000,28,37.169651,3.458614,4.187427,False,31.580993,5.588658,0.623208,3.500000,False,Regular
831,162.000000,190.000000,148.000000,179.000000,19.000000,838.000000,741.000000,28,33.756745,4.147975,4.187427,False,39.434005,-5.677260,0.633089,3.500000,False,Regular
832,154.000000,144.000000,112.000000,220.000000,10.000000,923.000000,658.000000,28,16.499161,4.859448,4.187427,True,21.590939,-5.091778,0.567800,3.500000,False,Leverage only
833,147.000000,115.000000,89.000000,202.000000,9.000000,860.000000,829.000000,28,19.987909,3.120851,4.187427,False,21.504854,-1.516945,0.169159,3.500000,False,Regular
834,152.000000,178.000000,139.000000,168.000000,18.000000,944.000000,695.000000,28,36.349175,4.154059,4.187427,False,37.454325,-1.105150,0.123239,3.500000,False,Regular
835,310.000000,143.000000,111.000000,168.000000,22.000000,914.000000,651.000000,28,33.687797,5.133678,4.187427,True,50.430465,-16.742667,1.867026,3.500000,False,Leverage only
836,144.000000,0.000000,175.000000,158.000000,18.000000,943.000000,844.000000,28,15.416683,4.239033,4.187427,True,25.645900,-10.229216,1.140691,3.500000,False,Leverage only
837,304.000000,140.000000,0.000000,214.000000,6.000000,895.000000,722.000000,28,33.418902,3.241028,4.187427,False,31.534041,1.884861,0.210187,3.500000,False,Regular
838,374.000000,0.000000,0.000000,190.000000,7.000000,1013.000000,730.000000,28,39.051921,3.244749,4.187427,False,30.413224,8.638696,0.963327,3.500000,False,Regular
839,159.000000,149.000000,116.000000,175.000000,15.000000,953.000000,720.000000,28,27.675567,3.514767,4.187427,False,32.298841,-4.623274,0.515555,3.500000,False,Regular
840,153.000000,239.000000,0.000000,200.000000,6.000000,1002.000000,684.000000,28,26.855090,3.462909,4.187427,False,25.051233,1.803857,0.201154,3.500000,False,Regular
841,310.000000,143.000000,0.000000,168.000000,10.000000,914.000000,804.000000,28,45.298573,2.191928,4.187427,False,42.155788,3.142785,0.350461,3.500000,False,Regular
842,305.000000,0.000000,100.000000,196.000000,10.000000,959.000000,705.000000,28,30.123206,3.262084,4.187427,False,29.381950,0.741257,0.082660,3.500000,False,Regular
843,151.000000,0.000000,184.000000,167.000000,12.000000,991.000000,772.000000,28,15.568368,3.215727,4.187427,False,24.079510,-8.511142,0.949103,3.500000,False,Regular
844,142.000000,167.000000,130.000000,174.000000,11.000000,883.000000,785.000000,28,44.609097,2.521191,4.187427,False,33.974741,10.634356,1.185869,3.500000,False,Regular
845,298.000000,137.000000,107.000000,201.000000,6.000000,878.000000,655.000000,28,53.524022,2.870490,4.187427,False,40.680944,12.843078,1.432171,3.500000,False,Regular
846,321.000000,164.000000,0.000000,190.000000,5.000000,870.000000,774.000000,28,57.212718,1.738682,4.187427,False,40.766665,16.446053,1.833949,3.500000,False,Regular
847,366.000000,187.000000,0.000000,191.000000,7.000000,824.000000,757.000000,28,65.907011,2.400897,4.187427,False,48.283570,17.623441,1.965243,3.500000,False,Regular
848,280.000000,129.000000,100.000000,172.000000,9.000000,825.000000,805.000000,28,52.820756,2.814235,4.187427,False,44.648543,8.172214,0.911308,3.500000,False,Regular
849,252.000000,97.000000,76.000000,194.000000,8.000000,835.000000,821.000000,28,33.398217,2.156545,4.187427,False,32.420135,0.978083,0.109069,3.500000,False,Regular
850,165.000000,0.000000,150.000000,182.000000,12.000000,1023.000000,729.000000,28,18.029797,3.751073,4.187427,False,19.685095,-1.655297,0.184587,3.500000,False,Regular
851,156.000000,243.000000,0.000000,180.000000,11.000000,1022.000000,698.000000,28,37.362704,4.264221,4.187427,True,29.998753,7.363951,0.821177,3.500000,False,Leverage only
852,160.000000,188.000000,146.000000,203.000000,11.000000,829.000000,710.000000,28,32.839742,3.524210,4.187427,False,33.336883,-0.497141,0.055438,3.500000,False,Regular
853,298.000000,0.000000,107.000000,186.000000,6.000000,879.000000,815.000000,28,42.637196,2.205350,4.187427,False,31.996709,10.640487,1.186553,3.500000,False,Regular
854,318.000000,0.000000,126.000000,210.000000,6.000000,861.000000,737.000000,28,40.058556,3.258599,4.187427,False,30.773966,9.284590,1.035353,3.500000,False,Regular
855,287.000000,121.000000,94.000000,188.000000,9.000000,904.000000,696.000000,28,41.940825,2.044556,4.187427,False,39.903719,2.037106,0.227164,3.500000,False,Regular
856,326.000000,166.000000,0.000000,174.000000,9.000000,882.000000,790.000000,28,61.232364,1.962383,4.187427,False,45.039384,16.192980,1.805728,3.500000,False,Regular
857,356.000000,0.000000,142.000000,193.000000,11.000000,801.000000,778.000000,28,40.865243,3.388510,4.187427,False,40.681501,0.183742,0.020490,3.500000,False,Regular
858,132.000000,207.000000,161.000000,179.000000,5.000000,867.000000,736.000000,28,33.301691,4.177433,4.187427,False,37.087522,-3.785831,0.422170,3.500000,False,Regular
859,322.000000,149.000000,0.000000,186.000000,8.000000,951.000000,709.000000,28,52.420860,2.196375,4.187427,False,39.450464,12.970397,1.446368,3.500000,False,Regular
860,164.000000,0.000000,200.000000,181.000000,13.000000,849.000000,846.000000,28,15.085735,3.389389,4.187427,False,25.676320,-10.590585,1.180988,3.500000,False,Regular
861,314.000000,0.000000,113.000000,170.000000,10.000000,925.000000,783.000000,28,38.458971,2.250856,4.187427,False,37.203989,1.254983,0.139947,3.500000,False,Regular
862,321.000000,0.000000,128.000000,182.000000,11.000000,870.000000,780.000000,28,37.259283,2.503568,4.187427,False,37.200135,0.059148,0.006596,3.500000,False,Regular
863,140.000000,164.000000,128.000000,237.000000,6.000000,869.000000,656.000000,28,35.225329,5.199337,4.187427,True,19.930296,15.295033,1.705596,3.500000,False,Leverage only
864,288.000000,121.000000,0.000000,177.000000,7.000000,908.000000,829.000000,28,42.133878,1.742832,4.187427,False,35.750118,6.383760,0.711872,3.500000,False,Regular
865,298.000000,0.000000,107.000000,210.000000,11.000000,880.000000,744.000000,28,31.874475,4.188550,4.187427,True,27.353796,4.520680,0.504115,3.500000,False,Leverage only
866,265.000000,111.000000,86.000000,195.000000,6.000000,833.000000,790.000000,28,41.540929,2.221689,4.187427,False,35.380488,6.160441,0.686969,3.500000,False,Regular
867,160.000000,250.000000,0.000000,168.000000,12.000000,1049.000000,688.000000,28,39.451817,4.657848,4.187427,True,33.169854,6.281963,0.700521,3.500000,False,Leverage only
868,166.000000,260.000000,0.000000,183.000000,13.000000,859.000000,827.000000,28,37.914285,3.853453,4.187427,False,34.471444,3.442842,0.383922,3.500000,False,Regular
869,276.000000,116.000000,90.000000,180.000000,9.000000,870.000000,768.000000,28,44.278149,1.785919,4.187427,False,40.170379,4.107770,0.458070,3.500000,False,Regular
870,322.000000,0.000000,116.000000,196.000000,10.000000,818.000000,813.000000,28,31.178105,3.050141,4.187427,False,34.299910,-3.121805,0.348122,3.500000,False,Regular
871,149.000000,139.000000,109.000000,193.000000,6.000000,892.000000,780.000000,28,23.690395,2.024479,4.187427,False,26.343887,-2.653492,0.295899,3.500000,False,Regular
872,159.000000,187.000000,0.000000,176.000000,11.000000,990.000000,789.000000,28,32.763900,3.717842,4.187427,False,26.838290,5.925609,0.660783,3.500000,False,Regular
873,261.000000,100.000000,78.000000,201.000000,9.000000,864.000000,761.000000,28,32.398477,2.506319,4.187427,False,32.021208,0.377270,0.042070,3.500000,False,Regular
874,237.000000,92.000000,71.000000,247.000000,6.000000,853.000000,695.000000,28,28.627044,6.120953,4.187427,True,18.456112,10.170932,1.134191,3.500000,False,Leverage only
875,313.000000,0.000000,113.000000,178.000000,8.000000,1002.000000,689.000000,28,36.804229,2.727525,4.187427,False,34.081302,2.722927,0.303642,3.500000,False,Regular
876,155.000000,183.000000,0.000000,193.000000,9.000000,1047.000000,697.000000,28,18.284904,4.521281,4.187427,True,21.387865,-3.102962,0.346021,3.500000,False,Leverage only
877,146.000000,230.000000,0.000000,202.000000,3.000000,827.000000,872.000000,28,33.060374,3.321856,4.187427,False,25.315721,7.744653,0.863630,3.500000,False,Regular
878,296.000000,0.000000,107.000000,221.000000,11.000000,819.000000,778.000000,28,31.419421,5.094690,4.187427,True,25.671223,5.748199,0.640999,3.500000,False,Leverage only
879,133.000000,210.000000,0.000000,196.000000,3.000000,949.000000,795.000000,28,31.026420,2.336415,4.187427,False,21.731268,9.295152,1.036531,3.500000,False,Regular
880,313.000000,145.000000,0.000000,178.000000,8.000000,867.000000,824.000000,28,44.388465,1.917192,4.187427,False,41.014819,3.373646,0.376206,3.500000,False,Regular
881,152.000000,0.000000,112.000000,184.000000,8.000000,992.000000,816.000000,28,12.176146,2.635478,4.187427,False,15.403879,-3.227733,0.359934,3.500000,False,Regular
882,153.000000,145.000000,113.000000,178.000000,8.000000,1002.000000,689.000000,28,25.558875,2.624748,4.187427,False,29.209765,-3.650889,0.407122,3.500000,False,Regular
883,140.000000,133.000000,103.000000,200.000000,7.000000,916.000000,753.000000,28,36.438807,2.342533,4.187427,False,22.583909,13.854897,1.545002,3.500000,False,Regular
884,149.000000,236.000000,0.000000,176.000000,13.000000,847.000000,893.000000,28,32.956953,4.013276,4.187427,False,32.235799,0.721154,0.080418,3.500000,False,Regular
885,300.000000,0.000000,120.000000,212.000000,10.000000,878.000000,728.000000,28,23.835185,4.046416,4.187427,False,28.039513,-4.204328,0.468837,3.500000,False,Regular
886,153.000000,145.000000,113.000000,178.000000,8.000000,867.000000,824.000000,28,26.227667,2.464414,4.187427,False,31.158686,-4.931019,0.549873,3.500000,False,Regular
887,148.000000,0.000000,137.000000,158.000000,16.000000,1002.000000,830.000000,28,17.953955,4.269260,4.187427,True,22.562460,-4.608505,0.513908,3.500000,False,Leverage only
888,326.000000,0.000000,138.000000,199.000000,11.000000,801.000000,792.000000,28,40.679084,3.510241,4.187427,False,35.900711,4.778373,0.532851,3.500000,False,Regular
889,153.000000,145.000000,0.000000,178.000000,8.000000,1000.000000,822.000000,28,19.008853,3.154797,4.187427,False,21.742741,-2.733887,0.304864,3.500000,False,Regular
890,262.000000,111.000000,86.000000,195.000000,5.000000,895.000000,733.000000,28,33.715376,1.749528,4.187427,False,34.106070,-0.390694,0.043567,3.500000,False,Regular
891,158.000000,0.000000,195.000000,220.000000,11.000000,898.000000,713.000000,28,8.535713,5.216089,4.187427,True,15.633540,-7.097827,0.791500,3.500000,False,Leverage only
892,151.000000,0.000000,185.000000,167.000000,16.000000,1074.000000,678.000000,28,13.458572,5.134877,4.187427,True,23.177835,-9.719264,1.083825,3.500000,False,Leverage only
893,273.000000,0.000000,90.000000,199.000000,11.000000,931.000000,762.000000,28,32.239898,3.600380,4.187427,False,25.132760,7.107138,0.792538,3.500000,False,Regular
894,149.000000,118.000000,92.000000,183.000000,7.000000,953.000000,780.000000,28,23.518026,1.762343,4.187427,False,24.665369,-1.147343,0.127944,3.500000,False,Regular
895,143.000000,169.000000,143.000000,191.000000,8.000000,967.000000,643.000000,28,29.723310,3.031721,4.187427,False,29.960896,-0.237586,0.026494,3.500000,False,Regular
896,260.000000,101.000000,78.000000,171.000000,10.000000,936.000000,763.000000,28,49.773272,1.804090,4.187427,False,37.349863,12.423409,1.385372,3.500000,False,Regular
897,313.000000,161.000000,0.000000,178.000000,10.000000,917.000000,759.000000,28,52.441545,2.106254,4.187427,False,41.970929,10.470615,1.167610,3.500000,False,Regular
898,284.000000,120.000000,0.000000,168.000000,7.000000,970.000000,794.000000,28,40.934190,2.162432,4.187427,False,36.229034,4.705156,0.524686,3.500000,False,Regular
899,336.000000,0.000000,0.000000,182.000000,3.000000,986.000000,817.000000,28,44.864203,1.964319,4.187427,False,28.082531,16.781672,1.871375,3.500000,False,Regular
900,145.000000,0.000000,134.000000,181.000000,11.000000,979.000000,812.000000,28,13.196571,3.141831,4.187427,False,17.203782,-4.007211,0.446856,3.500000,False,Regular
901,150.000000,237.000000,0.000000,174.000000,12.000000,1069.000000,675.000000,28,37.431652,5.026246,4.187427,True,29.511950,7.919702,0.883150,3.500000,False,Leverage only
902,144.000000,170.000000,133.000000,192.000000,8.000000,814.000000,805.000000,28,29.868100,3.012917,4.187427,False,31.561066,-1.692965,0.188788,3.500000,False,Regular
903,331.000000,170.000000,0.000000,195.000000,8.000000,811.000000,802.000000,28,56.612874,2.530160,4.187427,False,42.453060,14.159815,1.579004,3.500000,False,Regular
904,155.000000,0.000000,143.000000,193.000000,9.000000,1047.000000,697.000000,28,12.458831,3.848810,4.187427,False,15.141579,-2.682748,0.299161,3.500000,False,Regular
905,155.000000,183.000000,0.000000,193.000000,9.000000,877.000000,868.000000,28,23.786922,3.486353,4.187427,False,23.884495,-0.097573,0.010881,3.500000,False,Regular
906,135.000000,0.000000,166.000000,180.000000,10.000000,961.000000,805.000000,28,13.293097,2.810002,4.187427,False,18.608657,-5.315560,0.592754,3.500000,False,Regular
907,266.000000,112.000000,87.000000,178.000000,10.000000,910.000000,745.000000,28,39.417343,1.735945,4.187427,False,38.405748,1.011594,0.112806,3.500000,False,Regular
908,314.000000,145.000000,113.000000,179.000000,8.000000,869.000000,690.000000,28,46.229366,2.983250,4.187427,False,48.479773,-2.250407,0.250950,3.500000,False,Regular
909,313.000000,145.000000,0.000000,127.000000,8.000000,1000.000000,822.000000,28,44.519465,5.552127,4.187427,True,49.897782,-5.378317,0.599752,3.500000,False,Leverage only
910,146.000000,173.000000,0.000000,182.000000,3.000000,986.000000,817.000000,28,23.738659,2.302704,4.187427,False,22.398663,1.339995,0.149427,3.500000,False,Regular
911,144.000000,136.000000,106.000000,178.000000,7.000000,941.000000,774.000000,28,26.144930,2.079845,4.187427,False,27.729735,-1.584805,0.176726,3.500000,False,Regular
912,148.000000,0.000000,182.000000,181.000000,15.000000,839.000000,884.000000,28,15.520105,3.899033,4.187427,False,22.962130,-7.442025,0.829883,3.500000,False,Regular
913,277.000000,117.000000,91.000000,191.000000,7.000000,946.000000,666.000000,28,43.574883,2.145695,4.187427,False,36.898065,6.676818,0.744552,3.500000,False,Regular
914,298.000000,0.000000,107.000000,164.000000,13.000000,953.000000,784.000000,28,35.859647,2.734382,4.187427,False,36.148899,-0.289252,0.032255,3.500000,False,Regular
915,313.000000,145.000000,0.000000,178.000000,8.000000,1002.000000,689.000000,28,41.051401,2.643811,4.187427,False,39.065898,1.985503,0.221410,3.500000,False,Regular
916,155.000000,184.000000,143.000000,194.000000,9.000000,880.000000,699.000000,28,28.985571,2.806391,4.187427,False,33.339336,-4.353765,0.485502,3.500000,False,Regular
917,289.000000,134.000000,0.000000,195.000000,6.000000,924.000000,760.000000,28,46.243155,1.743374,4.187427,False,33.017816,13.225339,1.474798,3.500000,False,Regular
918,148.000000,175.000000,0.000000,171.000000,2.000000,1000.000000,828.000000,28,26.917143,3.023947,4.187427,False,24.761753,2.155390,0.240354,3.500000,False,Regular
919,145.000000,0.000000,179.000000,202.000000,8.000000,824.000000,869.000000,28,10.535193,3.756734,4.187427,False,17.836488,-7.301295,0.814190,3.500000,False,Regular
920,313.000000,0.000000,0.000000,178.000000,8.000000,1000.000000,822.000000,28,25.096926,2.935028,4.187427,False,26.614278,-1.517351,0.169204,3.500000,False,Regular
921,136.000000,162.000000,126.000000,172.000000,10.000000,923.000000,764.000000,28,29.068308,2.504922,4.187427,False,32.303915,-3.235607,0.360812,3.500000,False,Regular
922,155.000000,0.000000,143.000000,193.000000,9.000000,877.000000,868.000000,28,9.735401,3.036781,4.187427,False,17.638209,-7.902808,0.881266,3.500000,False,Regular
923,255.000000,99.000000,77.000000,189.000000,6.000000,919.000000,749.000000,28,33.798114,1.282678,4.187427,False,32.700842,1.097271,0.122360,3.500000,False,Regular
924,162.000000,207.000000,172.000000,216.000000,10.000000,822.000000,638.000000,28,39.844818,4.574151,4.187427,True,34.240867,5.603951,0.624914,3.500000,False,Leverage only
925,136.000000,196.000000,98.000000,199.000000,6.000000,847.000000,783.000000,28,26.965406,2.671755,4.187427,False,28.553342,-1.587936,0.177076,3.500000,False,Regular
926,164.000000,163.000000,128.000000,197.000000,8.000000,961.000000,641.000000,28,27.234302,2.994583,4.187427,False,29.618748,-2.384446,0.265897,3.500000,False,Regular
927,162.000000,214.000000,164.000000,202.000000,10.000000,820.000000,680.000000,28,30.647208,3.753790,4.187427,False,37.353306,-6.706098,0.747817,3.500000,False,Regular
928,157.000000,214.000000,152.000000,200.000000,9.000000,819.000000,704.000000,28,33.053479,3.481649,4.187427,False,36.285121,-3.231641,0.360370,3.500000,False,Regular
929,149.000000,153.000000,194.000000,192.000000,8.000000,935.000000,623.000000,28,24.579819,3.678881,4.187427,False,32.874044,-8.294225,0.924914,3.500000,False,Regular
930,135.000000,105.000000,193.000000,196.000000,6.000000,965.000000,643.000000,28,21.911547,3.434957,4.187427,False,25.735570,-3.824022,0.426428,3.500000,False,Regular
931,159.000000,209.000000,161.000000,201.000000,7.000000,848.000000,669.000000,28,30.881630,3.604646,4.187427,False,35.889234,-5.007604,0.558413,3.500000,False,Regular
932,144.000000,15.000000,195.000000,176.000000,6.000000,1021.000000,709.000000,28,15.340841,3.408895,4.187427,False,22.483568,-7.142727,0.796507,3.500000,False,Regular
933,154.000000,174.000000,185.000000,228.000000,7.000000,845.000000,612.000000,28,24.338503,5.058809,4.187427,True,28.312584,-3.974081,0.443162,3.500000,False,Leverage only
934,167.000000,187.000000,195.000000,185.000000,7.000000,898.000000,636.000000,28,23.890343,4.164845,4.187427,False,39.870532,-15.980188,1.781999,3.500000,False,Regular
935,184.000000,86.000000,190.000000,213.000000,6.000000,923.000000,623.000000,28,22.931972,3.964828,4.187427,False,26.269035,-3.337063,0.372126,3.500000,False,Regular
936,156.000000,178.000000,187.000000,221.000000,7.000000,854.000000,614.000000,28,29.413046,4.665937,4.187427,True,30.384296,-0.971250,0.108307,3.500000,False,Leverage only
937,236.900000,91.700000,71.500000,246.900000,6.000000,852.900000,695.400000,28,28.629801,6.111505,4.187427,True,18.486690,10.143111,1.131089,3.500000,False,Leverage only
938,313.300000,0.000000,113.000000,178.500000,8.000000,1001.900000,688.700000,28,36.804918,2.697298,4.187427,False,34.057315,2.747603,0.306394,3.500000,False,Regular
939,154.800000,183.400000,0.000000,193.300000,9.100000,1047.400000,696.700000,28,18.287661,4.562391,4.187427,True,21.392805,-3.105144,0.346264,3.500000,False,Leverage only
940,145.900000,230.500000,0.000000,202.500000,3.400000,827.000000,871.800000,28,32.720463,3.348899,4.187427,False,25.368484,7.351978,0.819841,3.500000,False,Regular
941,296.000000,0.000000,106.700000,221.400000,10.500000,819.200000,778.400000,28,31.420111,4.997734,4.187427,True,25.537032,5.883079,0.656040,3.500000,False,Leverage only
942,133.100000,210.200000,0.000000,195.700000,3.100000,949.400000,795.300000,28,28.937997,2.339908,4.187427,False,21.841441,7.096556,0.791358,3.500000,False,Regular
943,313.300000,145.000000,0.000000,178.500000,8.000000,867.200000,824.000000,28,40.925227,1.885540,4.187427,False,41.011961,-0.086734,0.009672,3.500000,False,Regular
944,151.600000,0.000000,111.900000,184.400000,7.900000,992.000000,815.900000,28,12.180972,2.621002,4.187427,False,15.273480,-3.092508,0.344855,3.500000,False,Regular
945,153.100000,145.000000,113.000000,178.500000,8.000000,1001.900000,688.700000,28,25.559565,2.595270,4.187427,False,29.157140,-3.597575,0.401177,3.500000,False,Regular
946,139.900000,132.600000,103.300000,200.300000,7.400000,916.000000,753.400000,28,36.443633,2.435857,4.187427,False,22.605389,13.838244,1.543145,3.500000,False,Regular
947,149.500000,236.000000,0.000000,175.800000,12.600000,846.800000,892.700000,28,32.963848,3.922102,4.187427,False,32.244852,0.718995,0.080177,3.500000,False,Regular
948,299.800000,0.000000,119.800000,211.500000,9.900000,878.200000,727.600000,28,23.835875,3.982337,4.187427,False,28.011615,-4.175740,0.465649,3.500000,False,Regular
949,153.100000,145.000000,113.000000,178.500000,8.000000,867.200000,824.000000,28,26.233183,2.428154,4.187427,False,31.127190,-4.894007,0.545746,3.500000,False,Regular
950,148.100000,0.000000,136.600000,158.100000,16.100000,1001.800000,830.100000,28,17.959471,4.297877,4.187427,True,22.535124,-4.575653,0.510245,3.500000,False,Leverage only
951,326.500000,0.000000,137.900000,199.000000,10.800000,801.100000,792.500000,28,38.630651,3.486195,4.187427,False,35.952381,2.678270,0.298662,3.500000,False,Regular
952,152.700000,144.700000,0.000000,178.100000,8.000000,999.700000,822.200000,28,19.009543,3.163953,4.187427,False,21.652265,-2.642722,0.294698,3.500000,False,Regular
953,261.900000,110.500000,86.100000,195.400000,5.000000,895.200000,732.600000,28,33.718824,1.749986,4.187427,False,33.988594,-0.269770,0.030083,3.500000,False,Regular
954,158.400000,0.000000,194.900000,219.700000,11.000000,897.700000,712.900000,28,8.536402,5.190640,4.187427,True,15.697470,-7.161068,0.798552,3.500000,False,Leverage only
955,150.700000,0.000000,185.300000,166.700000,15.600000,1074.500000,678.000000,28,13.461329,5.053283,4.187427,True,23.149604,-9.688275,1.080369,3.500000,False,Leverage only
956,272.600000,0.000000,89.600000,198.700000,10.600000,931.300000,762.200000,28,32.245414,3.458691,4.187427,False,25.012228,7.233186,0.806594,3.500000,False,Regular
957,149.000000,117.600000,91.700000,182.900000,7.100000,953.400000,780.300000,28,23.524232,1.774936,4.187427,False,24.631354,-1.107122,0.123459,3.500000,False,Regular
958,143.000000,169.400000,142.700000,190.700000,8.400000,967.400000,643.500000,28,29.726068,3.046970,4.187427,False,30.104044,-0.377975,0.042149,3.500000,False,Regular
959,259.900000,100.600000,78.400000,170.600000,10.400000,935.700000,762.900000,28,49.773272,1.879661,4.187427,False,37.425260,12.348013,1.376964,3.500000,False,Regular
960,312.900000,160.500000,0.000000,177.600000,9.600000,916.600000,759.500000,28,52.446371,2.041128,4.187427,False,41.880776,10.565595,1.178201,3.500000,False,Regular
961,284.000000,119.700000,0.000000,168.300000,7.200000,970.400000,794.200000,28,40.934880,2.116345,4.187427,False,36.212938,4.721942,0.526558,3.500000,False,Regular
962,336.500000,0.000000,0.000000,181.900000,3.400000,985.800000,816.800000,28,44.868340,1.960965,4.187427,False,28.215103,16.653237,1.857053,3.500000,False,Regular
963,144.800000,0.000000,133.600000,180.800000,11.100000,979.500000,811.500000,28,13.202086,3.188487,4.187427,False,17.158475,-3.956388,0.441189,3.500000,False,Regular
964,150.000000,236.800000,0.000000,173.800000,11.900000,1069.300000,674.800000,28,37.431652,5.009744,4.187427,True,29.491352,7.940300,0.885447,3.500000,False,Leverage only
965,143.700000,170.200000,132.600000,191.600000,8.500000,814.100000,805.300000,28,29.870858,2.978161,4.187427,False,31.634413,-1.763555,0.196659,3.500000,False,Regular
966,330.500000,169.600000,0.000000,194.900000,8.100000,811.000000,802.300000,28,56.619080,2.535490,4.187427,False,42.370908,14.248172,1.588857,3.500000,False,Regular
967,154.800000,0.000000,142.800000,193.300000,9.100000,1047.400000,696.700000,28,12.459521,3.887711,4.187427,False,15.073650,-2.614129,0.291509,3.500000,False,Regular
968,154.800000,183.400000,0.000000,193.300000,9.100000,877.200000,867.700000,28,23.786922,3.526406,4.187427,False,23.883836,-0.096914,0.010807,3.500000,False,Regular
969,134.700000,0.000000,165.700000,180.200000,10.000000,961.000000,804.900000,28,13.293787,2.817630,4.187427,False,18.506232,-5.212445,0.581256,3.500000,False,Regular
970,266.200000,112.300000,87.500000,177.900000,10.400000,909.700000,744.500000,28,39.421480,1.776307,4.187427,False,38.574919,0.846560,0.094403,3.500000,False,Regular
971,314.000000,145.300000,113.200000,178.900000,8.000000,869.100000,690.200000,28,46.234192,2.986391,4.187427,False,48.561771,-2.327578,0.259555,3.500000,False,Regular
972,312.700000,144.700000,0.000000,127.300000,8.000000,999.700000,822.200000,28,44.523602,5.519295,4.187427,True,49.786741,-5.263138,0.586909,3.500000,False,Leverage only
973,145.700000,172.600000,0.000000,181.900000,3.400000,985.800000,816.800000,28,23.744174,2.319563,4.187427,False,22.366918,1.377256,0.153582,3.500000,False,Regular
974,143.800000,136.300000,106.200000,178.100000,7.500000,941.500000,774.300000,28,26.147688,2.008883,4.187427,False,27.858943,-1.711256,0.190827,3.500000,False,Regular
975,148.100000,0.000000,182.100000,181.400000,15.000000,838.900000,884.300000,28,15.526310,3.899906,4.187427,False,22.956800,-7.430490,0.828597,3.500000,False,Regular
976,277.000000,116.800000,91.000000,190.600000,7.000000,946.500000,665.600000,28,43.578331,2.159820,4.187427,False,36.911340,6.666991,0.743456,3.500000,False,Regular
977,298.100000,0.000000,107.500000,163.600000,12.800000,953.200000,784.000000,28,35.865852,2.721402,4.187427,False,36.235324,-0.369472,0.041201,3.500000,False,Regular
978,313.300000,145.000000,0.000000,178.500000,8.000000,1001.900000,688.700000,28,41.053469,2.622012,4.187427,False,39.041911,2.011558,0.224315,3.500000,False,Regular
979,155.200000,183.900000,143.200000,193.800000,9.200000,879.600000,698.500000,28,28.991087,2.820081,4.187427,False,33.399179,-4.408092,0.491560,3.500000,False,Regular
980,289.000000,133.700000,0.000000,194.900000,5.500000,924.100000,760.100000,28,46.247292,1.613561,4.187427,False,32.916846,13.330447,1.486519,3.500000,False,Regular
981,147.800000,175.100000,0.000000,171.200000,2.200000,1000.000000,828.500000,28,26.922659,2.963818,4.187427,False,24.778596,2.144063,0.239091,3.500000,False,Regular
982,145.400000,0.000000,178.900000,201.700000,7.800000,824.000000,868.700000,28,10.535883,3.731296,4.187427,False,17.867941,-7.332059,0.817620,3.500000,False,Regular
983,312.700000,0.000000,0.000000,178.100000,8.000000,999.700000,822.200000,28,25.103821,2.938024,4.187427,False,26.561125,-1.457303,0.162508,3.500000,False,Regular
984,136.400000,161.600000,125.800000,171.600000,10.400000,922.600000,764.400000,28,29.073134,2.525880,4.187427,False,32.400008,-3.326874,0.370990,3.500000,False,Regular
985,154.800000,0.000000,142.800000,193.300000,9.100000,877.200000,867.700000,28,9.738159,3.062257,4.187427,False,17.564680,-7.826521,0.872759,3.500000,False,Regular
986,255.300000,98.800000,77.000000,188.600000,6.500000,919.000000,749.300000,28,33.798803,1.280253,4.187427,False,32.853753,0.945050,0.105385,3.500000,False,Regular
987,272.800000,105.100000,81.800000,209.700000,9.000000,904.000000,679.700000,28,37.171030,3.437541,4.187427,False,31.559808,5.611222,0.625724,3.500000,False,Regular
988,162.000000,190.100000,148.100000,178.800000,18.800000,838.100000,741.400000,28,33.762261,4.083504,4.187427,False,39.465948,-5.703687,0.636035,3.500000,False,Regular
989,153.600000,144.200000,112.300000,220.100000,10.100000,923.200000,657.900000,28,16.503987,4.899574,4.187427,True,21.600470,-5.096483,0.568324,3.500000,False,Leverage only
990,146.500000,114.600000,89.300000,201.900000,8.800000,860.000000,829.500000,28,19.987909,3.068927,4.187427,False,21.417263,-1.429354,0.159392,3.500000,False,Regular
991,151.800000,178.100000,138.700000,167.500000,18.300000,944.000000,694.600000,28,36.349864,4.260095,4.187427,True,37.486494,-1.136630,0.126749,3.500000,False,Leverage only
992,309.900000,142.800000,111.200000,167.800000,22.100000,913.900000,651.200000,28,38.215586,5.161039,4.187427,True,50.456817,-12.241230,1.365057,3.500000,False,Leverage only
993,143.600000,0.000000,174.900000,158.400000,17.900000,942.700000,844.500000,28,15.423578,4.205712,4.187427,True,25.532561,-10.108983,1.127283,3.500000,False,Leverage only
994,303.600000,139.900000,0.000000,213.500000,6.200000,895.500000,722.500000,28,33.419591,3.253398,4.187427,False,31.583342,1.836249,0.204766,3.500000,False,Regular
995,374.300000,0.000000,0.000000,190.200000,6.700000,1013.200000,730.400000,28,39.056057,3.155253,4.187427,False,30.409605,8.646453,0.964192,3.500000,False,Regular
996,158.600000,148.900000,116.000000,175.100000,15.000000,953.300000,719.700000,28,27.681082,3.526212,4.187427,False,32.214509,-4.533427,0.505536,3.500000,False,Regular
997,152.600000,238.700000,0.000000,200.000000,6.300000,1001.800000,683.900000,28,26.859917,3.550488,4.187427,False,24.995375,1.864542,0.207921,3.500000,False,Regular
998,310.000000,142.800000,0.000000,167.900000,10.000000,914.300000,804.000000,28,45.304778,2.198307,4.187427,False,42.149589,3.155190,0.351845,3.500000,False,Regular
999,304.800000,0.000000,99.600000,196.000000,9.800000,959.400000,705.200000,28,30.123206,3.210619,4.187427,False,29.294396,0.828810,0.092423,3.500000,False,Regular
1000,150.900000,0.000000,183.900000,166.600000,11.600000,991.200000,772.200000,28,15.569747,3.221754,4.187427,False,24.044076,-8.474329,0.944998,3.500000,False,Regular
1001,141.900000,166.600000,129.700000,173.500000,10.900000,882.600000,785.300000,28,44.611855,2.566323,4.187427,False,33.912751,10.699105,1.193090,3.500000,False,Regular
1002,297.800000,137.200000,106.900000,201.300000,6.000000,878.400000,655.300000,28,53.524711,2.869509,4.187427,False,40.658714,12.865997,1.434726,3.500000,False,Regular
1003,321.300000,164.200000,0.000000,190.500000,4.600000,870.000000,774.000000,28,57.218234,1.771873,4.187427,False,40.718312,16.499923,1.839956,3.500000,False,Regular
1004,366.000000,187.000000,0.000000,191.300000,6.600000,824.300000,756.900000,28,65.909079,2.414724,4.187427,False,48.192098,17.716981,1.975674,3.500000,False,Regular
1005,279.800000,128.900000,100.400000,172.400000,9.500000,825.100000,804.900000,28,52.826962,2.677401,4.187427,False,44.692073,8.134889,0.907146,3.500000,False,Regular
1006,252.100000,97.100000,75.600000,193.800000,8.300000,835.500000,821.400000,28,33.399596,2.174953,4.187427,False,32.500805,0.898791,0.100227,3.500000,False,Regular
1007,164.600000,0.000000,150.400000,181.600000,11.700000,1023.300000,728.900000,28,18.033934,3.677894,4.187427,False,19.670732,-1.636798,0.182524,3.500000,False,Regular
1008,155.600000,243.500000,0.000000,180.300000,10.700000,1022.000000,697.700000,28,37.363394,4.186759,4.187427,False,29.911518,7.451876,0.830981,3.500000,False,Regular
1009,160.200000,188.000000,146.400000,203.200000,11.300000,828.700000,709.700000,28,35.314271,3.586211,4.187427,False,33.418622,1.895649,0.211390,3.500000,False,Regular
1010,298.100000,0.000000,107.000000,186.400000,6.100000,879.000000,815.200000,28,42.644091,2.171250,4.187427,False,31.994578,10.649513,1.187559,3.500000,False,Regular
1011,317.900000,0.000000,126.500000,209.700000,5.700000,860.500000,736.600000,28,40.062003,3.230526,4.187427,False,30.768703,9.293300,1.036324,3.500000,False,Regular
1012,287.300000,120.500000,93.900000,187.600000,9.200000,904.400000,695.900000,28,43.798273,2.066499,4.187427,False,39.953396,3.844877,0.428754,3.500000,False,Regular
1013,325.600000,166.400000,0.000000,174.000000,8.900000,881.600000,790.000000,28,61.235811,1.968646,4.187427,False,45.004477,16.231334,1.810005,3.500000,False,Regular
1014,355.900000,0.000000,141.600000,193.300000,11.000000,801.400000,778.400000,28,40.868690,3.388093,4.187427,False,40.618294,0.250396,0.027922,3.500000,False,Regular
1015,132.000000,206.500000,160.900000,178.900000,5.500000,866.900000,735.600000,28,33.306517,4.043848,4.187427,False,37.085248,-3.778731,0.421378,3.500000,False,Regular
1016,322.500000,148.600000,0.000000,185.800000,8.500000,951.000000,709.500000,28,52.426376,2.306816,4.187427,False,39.595052,12.831324,1.430860,3.500000,False,Regular
1017,164.200000,0.000000,200.100000,181.200000,12.600000,849.300000,846.000000,28,15.091251,3.349805,4.187427,False,25.639566,-10.548315,1.176275,3.500000,False,Regular
1018,313.800000,0.000000,112.600000,169.900000,10.100000,925.300000,782.900000,28,38.461040,2.263927,4.187427,False,37.159772,1.301267,0.145108,3.500000,False,Regular
1019,321.400000,0.000000,127.900000,182.500000,11.500000,870.100000,779.700000,28,37.265488,2.536667,4.187427,False,37.265488,-0.000000,0.000000,3.500000,False,Regular
1020,139.700000,163.900000,127.700000,236.700000,5.800000,868.600000,655.600000,28,35.225329,5.115896,4.187427,True,19.810526,15.414803,1.718951,3.500000,False,Leverage only
1021,288.400000,121.000000,0.000000,177.400000,7.000000,907.900000,829.500000,28,42.140084,1.700503,4.187427,False,35.784681,6.355403,0.708710,3.500000,False,Regular
1022,298.200000,0.000000,107.000000,209.700000,11.100000,879.600000,744.200000,28,31.875165,4.193468,4.187427,True,27.426765,4.448400,0.496055,3.500000,False,Leverage only
1023,264.500000,111.000000,86.500000,195.500000,5.900000,832.600000,790.400000,28,41.542308,2.248803,4.187427,False,35.304822,6.237486,0.695561,3.500000,False,Regular
1024,159.800000,250.000000,0.000000,168.400000,12.200000,1049.300000,688.200000,28,39.455954,4.684775,4.187427,True,33.149359,6.306595,0.703267,3.500000,False,Leverage only
1025,166.000000,259.700000,0.000000,183.200000,12.700000,858.800000,826.800000,28,37.917043,3.779293,4.187427,False,34.350885,3.566158,0.397673,3.500000,False,Regular
1026,276.400000,116.000000,90.300000,179.600000,8.900000,870.100000,768.300000,28,44.284354,1.808724,4.187427,False,40.302781,3.981573,0.443997,3.500000,False,Regular
1027,322.200000,0.000000,115.600000,196.000000,10.400000,817.900000,813.400000,28,31.178794,3.101567,4.187427,False,34.361290,-3.182495,0.354890,3.500000,False,Regular
1028,148.500000,139.400000,108.600000,192.700000,6.100000,892.400000,780.000000,28,23.696601,2.019557,4.187427,False,26.334085,-2.637485,0.294114,3.500000,False,Regular
1029,159.100000,186.700000,0.000000,175.600000,11.300000,989.600000,788.900000,28,32.768036,3.815210,4.187427,False,26.889561,5.878476,0.655527,3.500000,False,Regular
1030,260.900000,100.500000,78.300000,200.600000,8.600000,864.500000,761.500000,28,32.401235,2.373959,4.187427,False,32.115319,0.285917,0.031883,3.500000,False,Regular
