Dataset,Model,ContaminationRate,ContaminationPercent,Repetition,Rows,ContaminatedRows,NoiseSD,CleanSAE,CleanSSE,CleanMAE,CleanRMSE,CleanMedianAbsoluteError,CleanR2,ContaminatedTrainingMAE,ContaminatedTrainingRMSE,PredictionRMSEFromCleanFit,StandardizedSlopeL2Shift
Boston Housing,OLS,0,0,1,357,0,69,843.9809236,3379.185215,2.364092223,3.076606053,1.860084881,0.7978827838,2.364092223,3.076606053,0,0
Boston Housing,LAD,0,0,1,357,0,69,821.5300185,3500.351783,2.301204534,3.131278805,1.708094829,0.7906355191,2.301204534,3.131278805,0,0
Boston Housing,OLS,0,0,2,357,0,69,843.9809236,3379.185215,2.364092223,3.076606053,1.860084881,0.7978827838,2.364092223,3.076606053,0,0
Boston Housing,LAD,0,0,2,357,0,69,821.5300185,3500.351783,2.301204534,3.131278805,1.708094829,0.7906355191,2.301204534,3.131278805,0,0
Boston Housing,OLS,0,0,3,357,0,69,843.9809236,3379.185215,2.364092223,3.076606053,1.860084881,0.7978827838,2.364092223,3.076606053,0,0
Boston Housing,LAD,0,0,3,357,0,69,821.5300185,3500.351783,2.301204534,3.131278805,1.708094829,0.7906355191,2.301204534,3.131278805,0,0
Boston Housing,OLS,0,0,4,357,0,69,843.9809236,3379.185215,2.364092223,3.076606053,1.860084881,0.7978827838,2.364092223,3.076606053,0,0
Boston Housing,LAD,0,0,4,357,0,69,821.5300185,3500.351783,2.301204534,3.131278805,1.708094829,0.7906355191,2.301204534,3.131278805,0,0
Boston Housing,OLS,0,0,5,357,0,69,843.9809236,3379.185215,2.364092223,3.076606053,1.860084881,0.7978827838,2.364092223,3.076606053,0,0
Boston Housing,LAD,0,0,5,357,0,69,821.5300185,3500.351783,2.301204534,3.131278805,1.708094829,0.7906355191,2.301204534,3.131278805,0,0
Boston Housing,OLS,0,0,6,357,0,69,843.9809236,3379.185215,2.364092223,3.076606053,1.860084881,0.7978827838,2.364092223,3.076606053,0,0
Boston Housing,LAD,0,0,6,357,0,69,821.5300185,3500.351783,2.301204534,3.131278805,1.708094829,0.7906355191,2.301204534,3.131278805,0,0
Boston Housing,OLS,0,0,7,357,0,69,843.9809236,3379.185215,2.364092223,3.076606053,1.860084881,0.7978827838,2.364092223,3.076606053,0,0
Boston Housing,LAD,0,0,7,357,0,69,821.5300185,3500.351783,2.301204534,3.131278805,1.708094829,0.7906355191,2.301204534,3.131278805,0,0
Boston Housing,OLS,0,0,8,357,0,69,843.9809236,3379.185215,2.364092223,3.076606053,1.860084881,0.7978827838,2.364092223,3.076606053,0,0
Boston Housing,LAD,0,0,8,357,0,69,821.5300185,3500.351783,2.301204534,3.131278805,1.708094829,0.7906355191,2.301204534,3.131278805,0,0
Boston Housing,OLS,0,0,9,357,0,69,843.9809236,3379.185215,2.364092223,3.076606053,1.860084881,0.7978827838,2.364092223,3.076606053,0,0
Boston Housing,LAD,0,0,9,357,0,69,821.5300185,3500.351783,2.301204534,3.131278805,1.708094829,0.7906355191,2.301204534,3.131278805,0,0
Boston Housing,OLS,0,0,10,357,0,69,843.9809236,3379.185215,2.364092223,3.076606053,1.860084881,0.7978827838,2.364092223,3.076606053,0,0
Boston Housing,LAD,0,0,10,357,0,69,821.5300185,3500.351783,2.301204534,3.131278805,1.708094829,0.7906355191,2.301204534,3.131278805,0,0
Boston Housing,OLS,0,0,11,357,0,69,843.9809236,3379.185215,2.364092223,3.076606053,1.860084881,0.7978827838,2.364092223,3.076606053,0,0
Boston Housing,LAD,0,0,11,357,0,69,821.5300185,3500.351783,2.301204534,3.131278805,1.708094829,0.7906355191,2.301204534,3.131278805,0,0
Boston Housing,OLS,0,0,12,357,0,69,843.9809236,3379.185215,2.364092223,3.076606053,1.860084881,0.7978827838,2.364092223,3.076606053,0,0
Boston Housing,LAD,0,0,12,357,0,69,821.5300185,3500.351783,2.301204534,3.131278805,1.708094829,0.7906355191,2.301204534,3.131278805,0,0
Boston Housing,OLS,0,0,13,357,0,69,843.9809236,3379.185215,2.364092223,3.076606053,1.860084881,0.7978827838,2.364092223,3.076606053,0,0
Boston Housing,LAD,0,0,13,357,0,69,821.5300185,3500.351783,2.301204534,3.131278805,1.708094829,0.7906355191,2.301204534,3.131278805,0,0
Boston Housing,OLS,0,0,14,357,0,69,843.9809236,3379.185215,2.364092223,3.076606053,1.860084881,0.7978827838,2.364092223,3.076606053,0,0
Boston Housing,LAD,0,0,14,357,0,69,821.5300185,3500.351783,2.301204534,3.131278805,1.708094829,0.7906355191,2.301204534,3.131278805,0,0
Boston Housing,OLS,0,0,15,357,0,69,843.9809236,3379.185215,2.364092223,3.076606053,1.860084881,0.7978827838,2.364092223,3.076606053,0,0
Boston Housing,LAD,0,0,15,357,0,69,821.5300185,3500.351783,2.301204534,3.131278805,1.708094829,0.7906355191,2.301204534,3.131278805,0,0
Boston Housing,OLS,0,0,16,357,0,69,843.9809236,3379.185215,2.364092223,3.076606053,1.860084881,0.7978827838,2.364092223,3.076606053,0,0
Boston Housing,LAD,0,0,16,357,0,69,821.5300185,3500.351783,2.301204534,3.131278805,1.708094829,0.7906355191,2.301204534,3.131278805,0,0
Boston Housing,OLS,0,0,17,357,0,69,843.9809236,3379.185215,2.364092223,3.076606053,1.860084881,0.7978827838,2.364092223,3.076606053,0,0
Boston Housing,LAD,0,0,17,357,0,69,821.5300185,3500.351783,2.301204534,3.131278805,1.708094829,0.7906355191,2.301204534,3.131278805,0,0
Boston Housing,OLS,0,0,18,357,0,69,843.9809236,3379.185215,2.364092223,3.076606053,1.860084881,0.7978827838,2.364092223,3.076606053,0,0
Boston Housing,LAD,0,0,18,357,0,69,821.5300185,3500.351783,2.301204534,3.131278805,1.708094829,0.7906355191,2.301204534,3.131278805,0,0
Boston Housing,OLS,0,0,19,357,0,69,843.9809236,3379.185215,2.364092223,3.076606053,1.860084881,0.7978827838,2.364092223,3.076606053,0,0
Boston Housing,LAD,0,0,19,357,0,69,821.5300185,3500.351783,2.301204534,3.131278805,1.708094829,0.7906355191,2.301204534,3.131278805,0,0
Boston Housing,OLS,0,0,20,357,0,69,843.9809236,3379.185215,2.364092223,3.076606053,1.860084881,0.7978827838,2.364092223,3.076606053,0,0
Boston Housing,LAD,0,0,20,357,0,69,821.5300185,3500.351783,2.301204534,3.131278805,1.708094829,0.7906355191,2.301204534,3.131278805,0,0
Boston Housing,OLS,0,0,21,357,0,69,843.9809236,3379.185215,2.364092223,3.076606053,1.860084881,0.7978827838,2.364092223,3.076606053,0,0
Boston Housing,LAD,0,0,21,357,0,69,821.5300185,3500.351783,2.301204534,3.131278805,1.708094829,0.7906355191,2.301204534,3.131278805,0,0
Boston Housing,OLS,0,0,22,357,0,69,843.9809236,3379.185215,2.364092223,3.076606053,1.860084881,0.7978827838,2.364092223,3.076606053,0,0
Boston Housing,LAD,0,0,22,357,0,69,821.5300185,3500.351783,2.301204534,3.131278805,1.708094829,0.7906355191,2.301204534,3.131278805,0,0
Boston Housing,OLS,0,0,23,357,0,69,843.9809236,3379.185215,2.364092223,3.076606053,1.860084881,0.7978827838,2.364092223,3.076606053,0,0
Boston Housing,LAD,0,0,23,357,0,69,821.5300185,3500.351783,2.301204534,3.131278805,1.708094829,0.7906355191,2.301204534,3.131278805,0,0
Boston Housing,OLS,0,0,24,357,0,69,843.9809236,3379.185215,2.364092223,3.076606053,1.860084881,0.7978827838,2.364092223,3.076606053,0,0
Boston Housing,LAD,0,0,24,357,0,69,821.5300185,3500.351783,2.301204534,3.131278805,1.708094829,0.7906355191,2.301204534,3.131278805,0,0
Boston Housing,OLS,0,0,25,357,0,69,843.9809236,3379.185215,2.364092223,3.076606053,1.860084881,0.7978827838,2.364092223,3.076606053,0,0
Boston Housing,LAD,0,0,25,357,0,69,821.5300185,3500.351783,2.301204534,3.131278805,1.708094829,0.7906355191,2.301204534,3.131278805,0,0
Boston Housing,OLS,0,0,26,357,0,69,843.9809236,3379.185215,2.364092223,3.076606053,1.860084881,0.7978827838,2.364092223,3.076606053,0,0
Boston Housing,LAD,0,0,26,357,0,69,821.5300185,3500.351783,2.301204534,3.131278805,1.708094829,0.7906355191,2.301204534,3.131278805,0,0
Boston Housing,OLS,0,0,27,357,0,69,843.9809236,3379.185215,2.364092223,3.076606053,1.860084881,0.7978827838,2.364092223,3.076606053,0,0
Boston Housing,LAD,0,0,27,357,0,69,821.5300185,3500.351783,2.301204534,3.131278805,1.708094829,0.7906355191,2.301204534,3.131278805,0,0
Boston Housing,OLS,0,0,28,357,0,69,843.9809236,3379.185215,2.364092223,3.076606053,1.860084881,0.7978827838,2.364092223,3.076606053,0,0
Boston Housing,LAD,0,0,28,357,0,69,821.5300185,3500.351783,2.301204534,3.131278805,1.708094829,0.7906355191,2.301204534,3.131278805,0,0
Boston Housing,OLS,0,0,29,357,0,69,843.9809236,3379.185215,2.364092223,3.076606053,1.860084881,0.7978827838,2.364092223,3.076606053,0,0
Boston Housing,LAD,0,0,29,357,0,69,821.5300185,3500.351783,2.301204534,3.131278805,1.708094829,0.7906355191,2.301204534,3.131278805,0,0
Boston Housing,OLS,0,0,30,357,0,69,843.9809236,3379.185215,2.364092223,3.076606053,1.860084881,0.7978827838,2.364092223,3.076606053,0,0
Boston Housing,LAD,0,0,30,357,0,69,821.5300185,3500.351783,2.301204534,3.131278805,1.708094829,0.7906355191,2.301204534,3.131278805,0,0
Boston Housing,OLS,0.05,5,1,357,18,69,1046.480439,4915.374884,2.931317757,3.710600638,2.455566088,0.7059995753,4.810299026,11.81655251,2.074379978,0.8122345684
Boston Housing,LAD,0.05,5,1,357,18,69,823.41849,3530.110706,2.30649437,3.144561223,1.672377113,0.7888555662,4.336051333,12.0034687,0.2870164193,0.1084388664
Boston Housing,OLS,0.05,5,2,357,18,69,1478.344555,9534.731734,4.141021163,5.167971752,3.522566188,0.4297047031,6.198304161,14.30519888,4.152400176,3.804614264
Boston Housing,LAD,0.05,5,2,357,18,69,824.2095891,3624.658638,2.308710334,3.186393797,1.661617524,0.7832004264,4.842730311,14.84915066,0.4012698889,0.182161806
Boston Housing,OLS,0.05,5,3,357,18,69,1007.636884,5468.819083,2.82251228,3.91392654,1.929215344,0.6728967432,4.785043001,12.10551535,2.419362758,1.570327721
Boston Housing,LAD,0.05,5,3,357,18,69,824.3896195,3585.756188,2.30921462,3.16924833,1.646067539,0.7855272758,4.355296682,12.27666249,0.3357631816,0.2782936433
Boston Housing,OLS,0.05,5,4,357,18,69,1042.04346,5097.41146,2.918889243,3.778685416,2.314979623,0.6951115287,4.862796648,12.94609071,2.193845635,1.093422429
Boston Housing,LAD,0.05,5,4,357,18,69,826.5692022,3690.474548,2.315319894,3.215192641,1.660938165,0.7792638181,4.295617315,13.12939963,0.4671380476,0.2235142856
Boston Housing,OLS,0.05,5,5,357,18,69,1247.338111,7577.870685,3.493944288,4.607225687,2.724570404,0.5467492811,6.030116216,17.85962366,3.429434899,2.343804218
Boston Housing,LAD,0.05,5,5,357,18,69,826.4803291,3639.69661,2.31507095,3.192996806,1.695683866,0.782300969,5.053647751,18.09340853,0.5414248143,0.2462851574
Boston Housing,OLS,0.05,5,6,357,18,69,1131.270278,6067.959266,3.168824309,4.122752088,2.413139482,0.6370607241,4.673469242,10.64068146,2.744372419,0.8710638902
Boston Housing,LAD,0.05,5,6,357,18,69,823.0864671,3512.022372,2.305564334,3.136494489,1.66542635,0.7899374731,3.985888394,10.99971023,0.2173440267,0.1166415602
Boston Housing,OLS,0.05,5,7,357,18,69,1148.7556,6386.004087,3.217802801,4.229416819,2.634952197,0.6180376964,5.518717159,13.37649653,2.902147796,4.449711866
Boston Housing,LAD,0.05,5,7,357,18,69,826.0488013,3575.675515,2.313862188,3.164790325,1.742635706,0.7861302251,4.796244534,13.64764058,0.4242504403,0.5497780939
Boston Housing,OLS,0.05,5,8,357,18,69,1182.087796,7217.555685,3.311170296,4.49635884,2.4897702,0.5683005901,6.138673575,17.78126847,3.278984296,2.319153412
Boston Housing,LAD,0.05,5,8,357,18,69,823.9393006,3566.233118,2.307953223,3.160608883,1.701321905,0.7866949976,5.285857103,18.05930189,0.3602980986,0.4542822773
Boston Housing,OLS,0.05,5,9,357,18,69,1194.697318,6084.513003,3.346491088,4.128371809,2.934716067,0.6360706051,6.080931308,15.95548208,2.752807474,1.517128102
Boston Housing,LAD,0.05,5,9,357,18,69,823.266563,3494.239703,2.306068804,3.128543796,1.713179974,0.7910010974,5.1838083,16.15920497,0.2194729286,0.1040967827
Boston Housing,OLS,0.05,5,10,357,18,69,1230.771126,6750.8823,3.447538168,4.348566943,2.782223416,0.5962134506,5.717959847,14.99408187,3.073195349,2.177614814
Boston Housing,LAD,0.05,5,10,357,18,69,822.3874143,3507.385789,2.303606202,3.1344234,1.640138112,0.7902147983,4.774825113,15.30675518,0.1517961687,0.0672187557
Boston Housing,OLS,0.05,5,11,357,18,69,1516.290061,10077.1158,4.247311096,5.312929052,3.605362788,0.3972634044,7.299537215,18.49039099,4.331478998,4.767371349
Boston Housing,LAD,0.05,5,11,357,18,69,827.9752217,3723.205516,2.319258324,3.229419004,1.583566672,0.7773061,5.695364366,18.95277366,0.5870833137,0.2860374775
Boston Housing,OLS,0.05,5,12,357,18,69,1265.083192,7333.041852,3.543650398,4.532188597,2.846690768,0.561393084,6.438262098,18.76328483,3.327946615,4.442180692
Boston Housing,LAD,0.05,5,12,357,18,69,826.2744108,3521.18431,2.314494148,3.140582967,1.803106406,0.7893894755,5.465354462,19.04419042,0.4257649395,0.4686097238
Boston Housing,OLS,0.05,5,13,357,18,69,1271.643155,8234.069347,3.562025646,4.8025639,2.804050617,0.5075004568,6.39238752,17.0795423,3.68769782,1.689220308
Boston Housing,LAD,0.05,5,13,357,18,69,827.198507,3611.898477,2.317082653,3.1807802,1.761133275,0.7839636424,5.326304032,17.41450265,0.6066419142,0.3796466758
Boston Housing,OLS,0.05,5,14,357,18,69,1122.622876,5435.450513,3.144601894,3.901967654,2.687767845,0.6748925978,5.457205087,14.04550128,2.399968077,1.021294194
Boston Housing,LAD,0.05,5,14,357,18,69,828.480321,3524.531631,2.320673168,3.142075369,1.762298364,0.7891892641,4.794036974,14.2551845,0.5647381904,0.2668799054
Boston Housing,OLS,0.05,5,15,357,18,69,990.5061657,4454.312872,2.774527075,3.532289182,2.359027989,0.733576806,5.617161443,16.26650879,1.735385278,2.099516414
Boston Housing,LAD,0.05,5,15,357,18,69,824.1597929,3513.596813,2.308570849,3.137197456,1.683238107,0.789843302,5.209280214,16.35514334,0.2332464218,0.2134879608
Boston Housing,OLS,0.05,5,16,357,18,69,1319.660623,8119.592971,3.696528356,4.769062581,2.942086682,0.5143475649,6.258426877,15.20489407,3.643961182,2.180072014
Boston Housing,LAD,0.05,5,16,357,18,69,822.4906581,3544.610694,2.303895401,3.151012773,1.646288707,0.7879882869,5.056222564,15.61000399,0.2743185649,0.1471350505
Boston Housing,OLS,0.05,5,17,357,18,69,1226.718141,6971.596711,3.436185269,4.41908159,2.805049306,0.5830119895,5.89386954,14.57521399,3.172188093,5.465413844
Boston Housing,LAD,0.05,5,17,357,18,69,825.4192295,3564.17506,2.312098682,3.159696764,1.608282545,0.786818095,4.992256297,14.8750066,0.4076058083,0.5013019537
Boston Housing,OLS,0.05,5,18,357,18,69,950.6554552,4075.393874,2.662900435,3.378708202,2.146524039,0.756240865,4.997795822,14.75339271,1.396482836,0.6741906123
Boston Housing,LAD,0.05,5,18,357,18,69,823.1223323,3499.256076,2.305664796,3.130788678,1.746703892,0.790701056,4.679529238,14.84473745,0.251055907,0.2354141034
Boston Housing,OLS,0.05,5,19,357,18,69,1466.776319,9830.139804,4.10861714,5.247418948,3.287970567,0.412035634,7.3855728,20.7788756,4.250870594,3.02712307
Boston Housing,LAD,0.05,5,19,357,18,69,828.6539552,3785.485041,2.321159539,3.256316869,1.629859885,0.7735810114,5.821670758,21.0904502,0.5828502822,0.5342908019
Boston Housing,OLS,0.05,5,20,357,18,69,967.5519645,4668.287058,2.710229592,3.616135276,1.905474319,0.720778494,4.344617521,10.46367937,1.900244598,1.659155365
Boston Housing,LAD,0.05,5,20,357,18,69,827.132912,3609.885696,2.316898913,3.179893809,1.647834705,0.7840840317,4.062570918,10.59323719,0.5627375481,0.5106977376
Boston Housing,OLS,0.05,5,21,357,18,69,1110.852431,5172.988797,3.11163146,3.806594895,2.773138689,0.690591066,6.970833282,21.1858816,2.241575315,2.259705375
Boston Housing,LAD,0.05,5,21,357,18,69,825.2349372,3529.910745,2.311582457,3.14447216,1.698998769,0.7888675264,6.291543499,21.31123489,0.2831177361,0.1691467599
Boston Housing,OLS,0.05,5,22,357,18,69,954.4168505,4177.599492,2.673436556,3.420812676,2.129185452,0.7501277006,4.789841069,12.47159901,1.495478037,0.8197580841
Boston Housing,LAD,0.05,5,22,357,18,69,822.8633736,3525.025547,2.304939422,3.142295521,1.744755428,0.7891597218,4.482473143,12.56506759,0.2839143199,0.09004915154
Boston Housing,OLS,0.05,5,23,357,18,69,1088.747332,5436.07662,3.049712413,3.902192381,2.654529334,0.6748551489,4.890807705,11.8938653,2.40033343,2.928837805
Boston Housing,LAD,0.05,5,23,357,18,69,822.8511335,3509.6028,2.304905136,3.135413875,1.689761988,0.7900821935,4.251917678,12.1660569,0.2150136288,0.1232880714
Boston Housing,OLS,0.05,5,24,357,18,69,1285.71586,7106.811331,3.601444986,4.461729994,3.056209425,0.574924477,6.211823054,16.42721514,3.231335597,2.873342093
Boston Housing,LAD,0.05,5,24,357,18,69,824.2849669,3527.828165,2.308921476,3.143544434,1.719206109,0.7889920905,5.045499316,16.73970206,0.2747704727,0.1997277499
Boston Housing,OLS,0.05,5,25,357,18,69,1337.387167,8254.704398,3.746182541,4.808577886,3.018856188,0.5062662246,6.76067464,18.48881476,3.69552655,2.895502853
Boston Housing,LAD,0.05,5,25,357,18,69,827.4122137,3535.236473,2.317681271,3.146843366,1.71093836,0.7885489817,5.631067673,18.83417565,0.3546524423,0.2504495359
Boston Housing,OLS,0.05,5,26,357,18,69,1304.63488,8221.949852,3.654439441,4.79902822,2.736081364,0.508225353,6.700864452,19.22125574,3.68309205,4.021343799
Boston Housing,LAD,0.05,5,26,357,18,69,825.4675991,3517.069963,2.312234171,3.138747615,1.739182693,0.7896355645,5.535108372,19.58221196,0.3152907203,0.4560120753
Boston Housing,OLS,0.05,5,27,357,18,69,1096.576311,5601.845172,3.071642327,3.961242616,2.54457341,0.664940132,5.358854011,13.34844937,2.49518301,2.276780168
Boston Housing,LAD,0.05,5,27,357,18,69,823.8643552,3500.24729,2.307743292,3.131232067,1.742355832,0.7906417691,4.692931344,13.59268924,0.2635703643,0.1152957001
Boston Housing,OLS,0.05,5,28,357,18,69,1123.740109,5684.651322,3.147731399,3.990412643,2.446282844,0.6599872965,5.78487541,15.91673957,2.541237544,1.971534643
Boston Housing,LAD,0.05,5,28,357,18,69,822.5257178,3487.852137,2.303993607,3.125682956,1.660623102,0.7913831531,5.112713433,16.16404979,0.1664546657,0.0762763351
Boston Housing,OLS,0.05,5,29,357,18,69,1092.145964,5503.445027,3.059232393,3.926297544,2.353858484,0.670825682,4.917707006,11.35044751,2.439325234,2.028364627
Boston Housing,LAD,0.05,5,29,357,18,69,822.4300723,3500.656461,2.303725693,3.131415079,1.711793541,0.7906172956,4.339789236,11.60376602,0.107107212,0.07650055289
Boston Housing,OLS,0.05,5,30,357,18,69,1138.37895,5970.918888,3.188736555,4.089653163,2.596676701,0.6428649431,5.531568906,13.84957501,2.694393845,3.53115818
Boston Housing,LAD,0.05,5,30,357,18,69,824.7720707,3529.445882,2.310285912,3.144265102,1.706995602,0.7888953309,4.786285559,14.11962001,0.4469652457,0.2641663357
Boston Housing,OLS,0.1,10,1,357,36,69,1963.32727,18099.95394,5.499516161,7.120403857,4.327827453,-0.08260189114,10.76578819,25.85655397,6.421420893,5.487341057
Boston Housing,LAD,0.1,10,1,357,36,69,836.0596564,3787.33443,2.3419038,3.257112205,1.666307271,0.773470395,8.416482564,26.60445994,0.732929964,0.2718756045
Boston Housing,OLS,0.1,10,2,357,36,69,1387.372867,9153.470384,3.886198506,5.063592901,3.07005799,0.4525088637,8.624311673,19.32283444,4.021749403,2.269112427
Boston Housing,LAD,0.1,10,2,357,36,69,830.4116798,3582.183709,2.326083137,3.167669181,1.695981022,0.7857409543,7.457565793,19.6823932,0.5719738491,0.4091243071
Boston Housing,OLS,0.1,10,3,357,36,69,1321.450747,8514.719576,3.701542708,4.883723489,2.920990461,0.4907140898,9.043168457,22.57017387,3.792789252,2.301505435
Boston Housing,LAD,0.1,10,3,357,36,69,824.9958568,3579.250099,2.310912764,3.166371842,1.639438938,0.7859164206,8.00231644,22.85196112,0.360380397,0.3285843031
Boston Housing,OLS,0.1,10,4,357,36,69,1919.184118,14337.82201,5.375865876,6.337346955,5.233332482,0.1424202913,11.56622346,26.24941006,5.540438757,2.146056378
Boston Housing,LAD,0.1,10,4,357,36,69,823.4053737,3550.688644,2.30645763,3.15371314,1.688685073,0.7876247501,9.036094578,26.8559243,0.3276994556,0.1330224136
Boston Housing,OLS,0.1,10,5,357,36,69,1234.612241,7252.354852,3.458297594,4.507185316,2.847670229,0.566219168,8.784466644,22.70211446,3.293814608,1.931448186
Boston Housing,LAD,0.1,10,5,357,36,69,829.5979292,3648.846706,2.323803723,3.197007838,1.710114969,0.7817536797,7.870575081,22.91214287,0.5396239247,0.1560928352
Boston Housing,OLS,0.1,10,6,357,36,69,1537.393472,11028.15027,4.306424292,5.557983197,3.507170388,0.3403797393,8.638923981,19.9166446,4.628787359,5.441118082
Boston Housing,LAD,0.1,10,6,357,36,69,831.6777209,3578.421784,2.32962947,3.166005438,1.77444464,0.7859659641,7.171746873,20.41806031,0.5203371156,0.3771898937
Boston Housing,OLS,0.1,10,7,357,36,69,1222.888507,6910.812364,3.425458002,4.399774747,2.695271959,0.5866476478,7.992055695,19.90136442,3.145236561,1.556913406
Boston Housing,LAD,0.1,10,7,357,36,69,823.6615661,3502.629993,2.307175255,3.132297638,1.753478207,0.7904992539,7.074874969,20.11387132,0.2465902149,0.1336752734
Boston Housing,OLS,0.1,10,8,357,36,69,1557.821087,9881.24418,4.3636445,5.261041259,4.028122259,0.4089789581,9.340257097,22.80311753,4.267675049,3.221633172
Boston Housing,LAD,0.1,10,8,357,36,69,825.9404052,3600.958121,2.313558558,3.175959292,1.655223881,0.7846180115,7.65923943,23.14302075,0.3015942594,0.3245969199
Boston Housing,OLS,0.1,10,9,357,36,69,1215.541229,6527.658848,3.404877393,4.276068133,2.940828297,0.6095649835,7.46642809,17.70870695,2.969722862,2.729687122
Boston Housing,LAD,0.1,10,9,357,36,69,831.3222637,3543.245124,2.328633792,3.150405747,1.717410413,0.788069965,6.57884056,17.93966893,0.6243676173,0.2806213293
Boston Housing,OLS,0.1,10,10,357,36,69,1314.43943,8633.260329,3.681903166,4.917601249,2.617366738,0.4836238816,8.346032619,20.90783628,3.836312975,1.677507411
Boston Housing,LAD,0.1,10,10,357,36,69,834.2087724,3887.132136,2.33671925,3.29974625,1.578108559,0.7675012535,7.289372339,21.14317061,0.7762765154,0.2592692464
Boston Housing,OLS,0.1,10,11,357,36,69,1887.102636,15391.08379,5.28600178,6.565994177,4.564926089,0.07942216446,10.16339897,21.61144533,5.800583999,6.392590842
Boston Housing,LAD,0.1,10,11,357,36,69,828.6243931,3639.130138,2.321076731,3.192748321,1.686473852,0.7823348511,7.945103539,22.32006257,0.4995375864,0.2902624954
Boston Housing,OLS,0.1,10,12,357,36,69,1777.157311,14120.56724,4.978031683,6.289150152,4.12462939,0.1554148233,11.0598773,25.40122436,5.485244281,3.043509281
Boston Housing,LAD,0.1,10,12,357,36,69,830.7964514,3843.000786,2.327160928,3.280961457,1.677788455,0.770140856,8.992374632,25.90557578,0.7609766332,0.3461225021
Boston Housing,OLS,0.1,10,13,357,36,69,1610.367771,11572.46495,4.510834094,5.693493497,3.849890137,0.3078229657,9.44324749,21.73617546,4.790653755,2.739108245
Boston Housing,LAD,0.1,10,13,357,36,69,826.6981907,3447.803243,2.315681206,3.107685982,1.717695675,0.793778574,7.714594935,22.27449744,0.3246228843,0.1319526329
Boston Housing,OLS,0.1,10,14,357,36,69,1440.401923,10185.63193,4.034739281,5.341458778,3.098352684,0.3907727928,8.137985025,19.94432065,4.366426121,3.139117201
Boston Housing,LAD,0.1,10,14,357,36,69,833.1851831,3602.290121,2.333852054,3.176546634,1.692116264,0.7845383413,6.992025637,20.33679453,0.5431586972,0.4002687596
Boston Housing,OLS,0.1,10,15,357,36,69,1218.833872,6664.664083,3.414100481,4.320709067,2.956585397,0.6013703701,8.506592233,22.97620528,3.033648305,1.987287913
Boston Housing,LAD,0.1,10,15,357,36,69,826.1508921,3766.423441,2.314148157,3.248108021,1.655584532,0.7747211317,7.553983403,23.17617196,0.5655814029,0.3342133901
Boston Housing,OLS,0.1,10,16,357,36,69,1512.791333,9950.002104,4.237510736,5.279313815,3.684973075,0.4048663808,10.04113342,24.63932009,4.290180596,4.3764739
Boston Housing,LAD,0.1,10,16,357,36,69,827.8876644,3639.685872,2.319013066,3.192992095,1.634464266,0.7823016113,8.572099944,25.00487782,0.448119545,0.2401500328
Boston Housing,OLS,0.1,10,17,357,36,69,1498.2378,10455.58145,4.196744537,5.411778173,3.424502436,0.3746264611,10.23162899,26.0998937,4.4521723,4.894004022
Boston Housing,LAD,0.1,10,17,357,36,69,825.3903829,3632.195019,2.312017879,3.189704648,1.735805796,0.7827496573,8.716390191,26.45075723,0.5489876521,0.4050210506
Boston Housing,OLS,0.1,10,18,357,36,69,1451.92848,9618.656393,4.067026555,5.190666152,3.386719875,0.4246849668,10.08318736,26.94830359,4.180611236,1.971961626
Boston Housing,LAD,0.1,10,18,357,36,69,824.4864445,3461.80584,2.309485839,3.113990226,1.728130329,0.792941045,8.727978293,27.30200117,0.2368066005,0.2112969732
Boston Housing,OLS,0.1,10,19,357,36,69,1322.950162,7933.440449,3.705742751,4.714077032,3.209950216,0.5254817961,9.203271433,23.15439103,3.571696721,3.641497746
Boston Housing,LAD,0.1,10,19,357,36,69,825.6038199,3578.671989,2.312615742,3.16611612,1.660462863,0.7859509987,7.990737511,23.41952678,0.2919721407,0.1833726443
Boston Housing,OLS,0.1,10,20,357,36,69,1526.240798,10341.01838,4.275184307,5.382047755,3.717301783,0.3814787546,9.440820031,22.15259394,4.4159861,2.074377152
Boston Housing,LAD,0.1,10,20,357,36,69,831.0572244,3551.453127,2.327891385,3.154052627,1.678211726,0.7875790246,7.899381923,22.58914952,0.4657529982,0.3098719284
Boston Housing,OLS,0.1,10,21,357,36,69,1457.596491,10245.22998,4.082903337,5.357062926,3.153654144,0.3872080896,9.500259964,22.63501097,4.385500929,3.530878662
Boston Housing,LAD,0.1,10,21,357,36,69,832.3883638,3731.534481,2.331620067,3.233029158,1.77477835,0.7768079245,8.082897223,23.01170975,0.7042650413,0.5013151432
Boston Housing,OLS,0.1,10,22,357,36,69,1295.742863,7342.022792,3.629531829,4.534963084,3.259622976,0.5608559124,8.394894048,20.64598015,3.331724084,3.52746113
Boston Housing,LAD,0.1,10,22,357,36,69,824.790186,3526.645031,2.310336655,3.143017262,1.681614863,0.7890628566,7.382364073,20.91305481,0.2817585158,0.1894572916
Boston Housing,OLS,0.1,10,23,357,36,69,1384.378754,8709.729215,3.877811636,4.939332,3.391769765,0.4790500931,9.412979386,23.61221921,3.864129371,3.156301454
Boston Housing,LAD,0.1,10,23,357,36,69,827.4721353,3604.408963,2.317849119,3.177480708,1.652243851,0.7844116083,8.239296745,23.89004543,0.513058196,0.3127015334
Boston Housing,OLS,0.1,10,24,357,36,69,1387.719516,8685.761203,3.887169511,4.932531126,3.291275611,0.4804836777,9.299621389,22.68798544,3.855432338,3.90347838
Boston Housing,LAD,0.1,10,24,357,36,69,825.2026033,3548.647512,2.311491886,3.152806545,1.639827104,0.7877468351,7.981496723,23.00803889,0.3810803524,0.1949616689
Boston Housing,OLS,0.1,10,25,357,36,69,1498.988756,9641.239107,4.198848055,5.196755912,3.740899713,0.4233342402,9.431759727,22.81300114,4.188169911,3.663091398
Boston Housing,LAD,0.1,10,25,357,36,69,823.8426865,3504.954424,2.307682595,3.133336801,1.664850428,0.7903602241,7.917438426,23.19675178,0.2307555683,0.131847248
Boston Housing,OLS,0.1,10,26,357,36,69,1392.579565,8379.732642,3.900783095,4.844857114,3.262289216,0.4987879839,9.688157422,23.41345583,3.742610807,1.513827296
Boston Housing,LAD,0.1,10,26,357,36,69,824.645877,3510.533263,2.309932429,3.135829477,1.753333959,0.7900265403,8.313152519,23.73163922,0.332575996,0.3974529868
Boston Housing,OLS,0.1,10,27,357,36,69,1253.508365,7163.126931,3.511227913,4.479372871,2.933356284,0.5715561052,9.320779396,25.44574141,3.255653009,2.11162838
Boston Housing,LAD,0.1,10,27,357,36,69,822.8455813,3547.06618,2.304889583,3.152103997,1.629812448,0.7878414184,8.317431177,25.65119869,0.24158437,0.1038978413
Boston Housing,OLS,0.1,10,28,357,36,69,1318.732654,8857.291032,3.693929003,4.980997794,2.765042723,0.470224065,7.375633051,18.5487754,3.917248297,1.466721703
Boston Housing,LAD,0.1,10,28,357,36,69,833.1701114,3877.691336,2.333809836,3.295736715,1.734767407,0.7680659306,6.320538214,18.9025062,0.8586599093,0.6360842539
Boston Housing,OLS,0.1,10,29,357,36,69,1393.905967,8837.106806,3.904498507,4.975319143,3.214722039,0.4714313322,8.201783297,19.86475274,3.910025035,3.647831366
Boston Housing,LAD,0.1,10,29,357,36,69,827.1180562,3601.431883,2.3168573,3.176168209,1.721506009,0.7845896746,6.948236675,20.31896694,0.499385503,0.2538059686
Boston Housing,OLS,0.1,10,30,357,36,69,1436.643692,9412.070038,4.024212022,5.134621879,3.235916344,0.4370413949,8.71225767,20.24976643,4.110819509,1.507597962
Boston Housing,LAD,0.1,10,30,357,36,69,828.7175297,3612.345813,2.321337618,3.180977165,1.709222906,0.7839368861,7.380857758,20.59284622,0.4806176731,0.3440376571
Boston Housing,OLS,0.2,20,1,357,71,69,1690.37498,13758.64698,4.73494392,6.208029267,3.900944463,0.1770621469,14.93789926,30.16843977,5.392042524,5.811023146
Boston Housing,LAD,0.2,20,1,357,71,69,840.9580563,3920.642536,2.355624807,3.313939043,1.626597505,0.7654969157,13.23873606,30.60412923,0.9955202728,0.5594460694
Boston Housing,OLS,0.2,20,2,357,71,69,1707.755755,14933.27153,4.783629565,6.467603285,3.584445791,0.1068050196,13.67267003,27.2219449,5.688970685,3.687105425
Boston Housing,LAD,0.2,20,2,357,71,69,834.9669216,3636.486486,2.338842918,3.191588422,1.776590054,0.7824929743,12.04176317,27.80648947,0.7435730311,0.4660533703
Boston Housing,OLS,0.2,20,3,357,71,69,1521.568739,11839.34979,4.262097308,5.758771119,3.194989577,0.2918599395,14.88532434,32.58812233,4.868052999,5.626875648
Boston Housing,LAD,0.2,20,3,357,71,69,838.6639258,3691.745999,2.349198672,3.215746447,1.86158934,0.7791877695,13.56091612,32.87039791,0.8486812268,0.8697486781
Boston Housing,OLS,0.2,20,4,357,71,69,1982.221971,20000.36881,5.552442496,7.484880897,4.174522843,-0.1962702871,15.63537937,31.23076968,6.82333769,5.781715268
Boston Housing,LAD,0.2,20,4,357,71,69,831.2970687,3546.173277,2.328563218,3.151707232,1.714701455,0.7878948251,13.375965,31.9034637,0.5851876454,0.2251155108
Boston Housing,OLS,0.2,20,5,357,71,69,2229.272626,24439.5249,6.244461137,8.273938175,4.790487215,-0.4617869172,16.71910285,33.19593514,7.680660657,4.714776348
Boston Housing,LAD,0.2,20,5,357,71,69,829.701889,3627.762088,2.324094927,3.187757608,1.691699677,0.7830148016,14.10622128,34.02429183,0.4884866518,0.5881217234
Boston Housing,OLS,0.2,20,6,357,71,69,1643.524899,11838.7225,4.603711202,5.758618556,3.69769444,0.2918974595,13.03101091,27.98812321,4.86787252,2.325494176
Boston Housing,LAD,0.2,20,6,357,71,69,836.3603176,3503.102317,2.342745988,3.132508824,1.855940891,0.7904710031,11.63061668,28.40500087,0.6357606672,0.4975454235
Boston Housing,OLS,0.2,20,7,357,71,69,1879.763529,16447.53986,5.265444058,6.787601949,4.031339703,0.01623297982,14.03322325,29.47890335,6.050292175,2.039204609
Boston Housing,LAD,0.2,20,7,357,71,69,836.4855085,3677.277555,2.343096662,3.209438791,1.680037162,0.7800531621,12.02985799,30.03469816,0.7031689993,0.3162161561
Boston Housing,OLS,0.2,20,8,357,71,69,1466.22473,10056.49106,4.107072073,5.307489308,3.249373053,0.3984970195,13.81869043,29.37293657,4.32480496,2.14505575
Boston Housing,LAD,0.2,20,8,357,71,69,830.437971,3837.875866,2.326156782,3.278773028,1.575722464,0.7704473898,12.50110937,29.65388846,0.6971656477,0.2386693777
Boston Housing,OLS,0.2,20,9,357,71,69,1787.882904,14442.37654,5.008075362,6.360411642,4.200445994,0.1361666327,13.29862789,27.44322457,5.566806217,3.852787478
Boston Housing,LAD,0.2,20,9,357,71,69,837.5857187,3694.6802,2.346178484,3.217024131,1.754281799,0.7790122679,11.56095645,27.90684526,0.7542463019,0.4837580452
Boston Housing,OLS,0.2,20,10,357,71,69,1983.062028,17408.42108,5.554795597,6.983056942,4.821403451,-0.04123964321,14.85837687,29.88037641,6.268778147,5.968637469
Boston Housing,LAD,0.2,20,10,357,71,69,841.9050536,3807.472886,2.358277461,3.265760272,1.790635256,0.7722658654,12.64355834,30.44160534,0.8904967322,1.214420985
Boston Housing,OLS,0.2,20,11,357,71,69,2050.138335,17359.82861,5.742684411,6.973304159,5.140031175,-0.03833321052,15.00618507,30.06703011,6.257912279,2.915497657
Boston Housing,LAD,0.2,20,11,357,71,69,837.2360219,3615.051357,2.345198941,3.182168172,1.715315133,0.7837750611,12.71295293,30.64069211,0.5864437714,0.2200432006
Boston Housing,OLS,0.2,20,12,357,71,69,1439.28743,9381.063108,4.031617452,5.126157206,3.339494933,0.4388959941,13.44752916,29.33354073,4.100241809,2.86488405
Boston Housing,LAD,0.2,20,12,357,71,69,834.9881066,3652.832943,2.338902259,3.198753671,1.77104963,0.7815152533,12.26236572,29.58453051,0.6381775383,0.5108502205
Boston Housing,OLS,0.2,20,13,357,71,69,1828.926798,14571.95786,5.123044252,6.388881681,4.416133061,0.1284160617,14.70205166,29.58833022,5.599312845,2.942622199
Boston Housing,LAD,0.2,20,13,357,71,69,828.0195387,3720.351861,2.319382461,3.228181171,1.679961651,0.777476784,12.69990219,30.02803579,0.6185901565,0.2175124085
Boston Housing,OLS,0.2,20,14,357,71,69,2133.596708,19422.9082,5.976461366,7.376035881,5.055218601,-0.1617309756,15.34285626,29.77509999,6.703760177,3.877972407
Boston Housing,LAD,0.2,20,14,357,71,69,832.8004199,3715.397162,2.332774286,3.226030837,1.662870924,0.7777731365,13.0079532,30.47174412,0.6060384093,0.3549497983
Boston Housing,OLS,0.2,20,15,357,71,69,1524.88,12852.84076,4.271372549,6.000196254,2.71339767,0.2312406007,14.50104402,32.45596375,5.151393042,2.164228578
Boston Housing,LAD,0.2,20,15,357,71,69,837.1788846,3648.403573,2.345038893,3.196813703,1.825884878,0.7817801846,13.18846372,32.79694112,0.6324020463,0.456897941
Boston Housing,OLS,0.2,20,16,357,71,69,1655.692221,12943.79498,4.637793337,6.021389276,3.532759643,0.2258004094,14.4456064,32.53315252,5.176062597,3.237870277
Boston Housing,LAD,0.2,20,16,357,71,69,835.3241604,3608.860262,2.339843587,3.179442133,1.638871221,0.7841453654,12.87942666,32.93524062,0.5524506761,0.2765895564
Boston Housing,OLS,0.2,20,17,357,71,69,1584.673581,11680.4195,4.43886157,5.719987928,3.692598265,0.3013659437,15.46798841,33.36271159,4.82211127,2.656202485
Boston Housing,LAD,0.2,20,17,357,71,69,829.2033066,3593.99299,2.322698338,3.172886266,1.668597761,0.7850346127,13.87631004,33.66872503,0.421977243,0.5284521715
Boston Housing,OLS,0.2,20,18,357,71,69,1810.103615,14197.99897,5.070318248,6.30637021,4.408685869,0.1507834449,14.29483158,31.43981442,5.504979603,2.949500148
Boston Housing,LAD,0.2,20,18,357,71,69,830.5048365,3519.162383,2.32634408,3.139681148,1.763614678,0.7895104118,12.48235075,31.93790442,0.3812916513,0.153021195
Boston Housing,OLS,0.2,20,19,357,71,69,1838.504534,14238.42839,5.149872645,6.315342659,4.508196371,0.1483652638,16.43005671,34.86141193,5.515255941,6.48461287
Boston Housing,LAD,0.2,20,19,357,71,69,839.5097472,3684.504434,2.351567919,3.212590966,1.72131822,0.779620905,14.47009439,35.26127243,0.7832367396,0.4418771879
Boston Housing,OLS,0.2,20,20,357,71,69,1520.696941,11554.38366,4.259655297,5.689043885,3.270901673,0.3089044513,14.77759156,32.25724595,4.785364722,2.944029712
Boston Housing,LAD,0.2,20,20,357,71,69,829.1984103,3667.433632,2.322684623,3.205140143,1.718315968,0.7806419508,13.4754719,32.53085538,0.5656195198,0.5350302253
Boston Housing,OLS,0.2,20,21,357,71,69,1564.329013,12704.4699,4.381873985,5.965463135,3.274934695,0.2401150199,15.11248758,32.95328922,5.110894796,2.995595243
Boston Housing,LAD,0.2,20,21,357,71,69,833.9099143,3843.761252,2.335882113,3.281286065,1.57915871,0.7700953707,13.70056254,33.28060462,0.6544228765,0.6692258219
Boston Housing,OLS,0.2,20,22,357,71,69,1934.893975,18050.55435,5.419871078,7.11068048,4.01146188,-0.07964718259,15.55239547,30.97362418,6.410637417,3.463606881
Boston Housing,LAD,0.2,20,22,357,71,69,831.8575977,3805.452615,2.330133327,3.26489374,1.570604159,0.7723867027,13.58104732,31.54582787,0.6345190388,0.2822302134
Boston Housing,OLS,0.2,20,23,357,71,69,1785.875059,14733.98297,5.002451145,6.424302374,4.103506232,0.118724949,13.58761509,26.53310833,5.639694689,6.274684742
Boston Housing,LAD,0.2,20,23,357,71,69,841.6139833,3857.263173,2.357462138,3.287044074,1.544120683,0.7692877883,11.76781628,26.99394714,0.8373423503,0.8448186788
Boston Housing,OLS,0.2,20,24,357,71,69,1591.550677,11210.75444,4.458125146,5.60380884,3.705452618,0.3294577433,14.32620324,31.06192179,4.683713132,2.193599682
Boston Housing,LAD,0.2,20,24,357,71,69,843.7566944,3847.391354,2.36346413,3.282835146,1.597814074,0.7698782456,12.9173226,31.44782124,0.7649157432,0.2326495572
Boston Housing,OLS,0.2,20,25,357,71,69,1951.044873,16987.14169,5.46511169,6.898045371,4.619145646,-0.016041907,15.67261673,32.40476828,6.173939191,4.39763633
Boston Housing,LAD,0.2,20,25,357,71,69,847.0874005,3983.945315,2.372793839,3.340585381,1.631337051,0.7617106239,13.62605327,32.90348377,0.9146541819,0.3148029654
Boston Housing,OLS,0.2,20,26,357,71,69,2167.088805,19838.79299,6.070276764,7.45458575,5.450195665,-0.1866060476,15.19593662,28.6237208,6.790091597,4.12726364
Boston Housing,LAD,0.2,20,26,357,71,69,826.7522309,3575.771127,2.31583258,3.164832637,1.700817237,0.7861245063,12.50088202,29.37849892,0.3252775924,0.1577293651
Boston Housing,OLS,0.2,20,27,357,71,69,1968.793843,17629.03675,5.514828691,7.027165526,4.469011773,-0.05443519862,13.70780761,27.12678767,6.317875476,8.586824571
Boston Housing,LAD,0.2,20,27,357,71,69,845.4791509,3788.390263,2.368288938,3.257566182,1.652627455,0.7734072431,11.61462571,27.71000049,0.802011606,1.063296613
Boston Housing,OLS,0.2,20,28,357,71,69,1625.240562,12813.51385,4.552494571,5.99100957,3.389997136,0.2335928381,13.49818286,29.05793573,5.140689726,3.006435747
Boston Housing,LAD,0.2,20,28,357,71,69,823.6909447,3556.442195,2.307257548,3.15626725,1.708491515,0.7872806163,11.87275696,29.48740267,0.3533450587,0.1586169951
Boston Housing,OLS,0.2,20,29,357,71,69,1879.289794,15667.01035,5.26411707,6.624589274,4.323776295,0.06291833185,14.39136161,29.38938322,5.866828636,3.615014866
Boston Housing,LAD,0.2,20,29,357,71,69,836.6192033,3892.962327,2.343471158,3.302219917,1.600090321,0.7671525358,12.48770436,29.84207086,0.7712393923,0.3498881509
Boston Housing,OLS,0.2,20,30,357,71,69,1441.185693,10546.96456,4.036934713,5.435376537,2.949423238,0.3691606167,15.1357078,33.36050541,4.480827301,2.531288515
Boston Housing,LAD,0.2,20,30,357,71,69,835.7215838,3774.9328,2.340956817,3.251775124,1.632970308,0.7742121664,13.72192735,33.66241083,0.6819319145,0.2816634013
Concrete Strength,OLS,0,0,1,837,0,223.3212764,4946.421337,48676.07072,5.909702911,7.625968863,4.845670809,0.7831474965,5.909702911,7.625968863,0,0
Concrete Strength,LAD,0,0,1,837,0,223.3212764,4914.161058,49196.21444,5.871160165,7.666605457,4.707132021,0.7808302497,5.871160165,7.666605457,0,0
Concrete Strength,OLS,0,0,2,837,0,223.3212764,4946.421337,48676.07072,5.909702911,7.625968863,4.845670809,0.7831474965,5.909702911,7.625968863,0,0
Concrete Strength,LAD,0,0,2,837,0,223.3212764,4914.161058,49196.21444,5.871160165,7.666605457,4.707132021,0.7808302497,5.871160165,7.666605457,0,0
Concrete Strength,OLS,0,0,3,837,0,223.3212764,4946.421337,48676.07072,5.909702911,7.625968863,4.845670809,0.7831474965,5.909702911,7.625968863,0,0
Concrete Strength,LAD,0,0,3,837,0,223.3212764,4914.161058,49196.21444,5.871160165,7.666605457,4.707132021,0.7808302497,5.871160165,7.666605457,0,0
Concrete Strength,OLS,0,0,4,837,0,223.3212764,4946.421337,48676.07072,5.909702911,7.625968863,4.845670809,0.7831474965,5.909702911,7.625968863,0,0
Concrete Strength,LAD,0,0,4,837,0,223.3212764,4914.161058,49196.21444,5.871160165,7.666605457,4.707132021,0.7808302497,5.871160165,7.666605457,0,0
Concrete Strength,OLS,0,0,5,837,0,223.3212764,4946.421337,48676.07072,5.909702911,7.625968863,4.845670809,0.7831474965,5.909702911,7.625968863,0,0
Concrete Strength,LAD,0,0,5,837,0,223.3212764,4914.161058,49196.21444,5.871160165,7.666605457,4.707132021,0.7808302497,5.871160165,7.666605457,0,0
Concrete Strength,OLS,0,0,6,837,0,223.3212764,4946.421337,48676.07072,5.909702911,7.625968863,4.845670809,0.7831474965,5.909702911,7.625968863,0,0
Concrete Strength,LAD,0,0,6,837,0,223.3212764,4914.161058,49196.21444,5.871160165,7.666605457,4.707132021,0.7808302497,5.871160165,7.666605457,0,0
Concrete Strength,OLS,0,0,7,837,0,223.3212764,4946.421337,48676.07072,5.909702911,7.625968863,4.845670809,0.7831474965,5.909702911,7.625968863,0,0
Concrete Strength,LAD,0,0,7,837,0,223.3212764,4914.161058,49196.21444,5.871160165,7.666605457,4.707132021,0.7808302497,5.871160165,7.666605457,0,0
Concrete Strength,OLS,0,0,8,837,0,223.3212764,4946.421337,48676.07072,5.909702911,7.625968863,4.845670809,0.7831474965,5.909702911,7.625968863,0,0
Concrete Strength,LAD,0,0,8,837,0,223.3212764,4914.161058,49196.21444,5.871160165,7.666605457,4.707132021,0.7808302497,5.871160165,7.666605457,0,0
Concrete Strength,OLS,0,0,9,837,0,223.3212764,4946.421337,48676.07072,5.909702911,7.625968863,4.845670809,0.7831474965,5.909702911,7.625968863,0,0
Concrete Strength,LAD,0,0,9,837,0,223.3212764,4914.161058,49196.21444,5.871160165,7.666605457,4.707132021,0.7808302497,5.871160165,7.666605457,0,0
Concrete Strength,OLS,0,0,10,837,0,223.3212764,4946.421337,48676.07072,5.909702911,7.625968863,4.845670809,0.7831474965,5.909702911,7.625968863,0,0
Concrete Strength,LAD,0,0,10,837,0,223.3212764,4914.161058,49196.21444,5.871160165,7.666605457,4.707132021,0.7808302497,5.871160165,7.666605457,0,0
Concrete Strength,OLS,0,0,11,837,0,223.3212764,4946.421337,48676.07072,5.909702911,7.625968863,4.845670809,0.7831474965,5.909702911,7.625968863,0,0
Concrete Strength,LAD,0,0,11,837,0,223.3212764,4914.161058,49196.21444,5.871160165,7.666605457,4.707132021,0.7808302497,5.871160165,7.666605457,0,0
Concrete Strength,OLS,0,0,12,837,0,223.3212764,4946.421337,48676.07072,5.909702911,7.625968863,4.845670809,0.7831474965,5.909702911,7.625968863,0,0
Concrete Strength,LAD,0,0,12,837,0,223.3212764,4914.161058,49196.21444,5.871160165,7.666605457,4.707132021,0.7808302497,5.871160165,7.666605457,0,0
Concrete Strength,OLS,0,0,13,837,0,223.3212764,4946.421337,48676.07072,5.909702911,7.625968863,4.845670809,0.7831474965,5.909702911,7.625968863,0,0
Concrete Strength,LAD,0,0,13,837,0,223.3212764,4914.161058,49196.21444,5.871160165,7.666605457,4.707132021,0.7808302497,5.871160165,7.666605457,0,0
Concrete Strength,OLS,0,0,14,837,0,223.3212764,4946.421337,48676.07072,5.909702911,7.625968863,4.845670809,0.7831474965,5.909702911,7.625968863,0,0
Concrete Strength,LAD,0,0,14,837,0,223.3212764,4914.161058,49196.21444,5.871160165,7.666605457,4.707132021,0.7808302497,5.871160165,7.666605457,0,0
Concrete Strength,OLS,0,0,15,837,0,223.3212764,4946.421337,48676.07072,5.909702911,7.625968863,4.845670809,0.7831474965,5.909702911,7.625968863,0,0
Concrete Strength,LAD,0,0,15,837,0,223.3212764,4914.161058,49196.21444,5.871160165,7.666605457,4.707132021,0.7808302497,5.871160165,7.666605457,0,0
Concrete Strength,OLS,0,0,16,837,0,223.3212764,4946.421337,48676.07072,5.909702911,7.625968863,4.845670809,0.7831474965,5.909702911,7.625968863,0,0
Concrete Strength,LAD,0,0,16,837,0,223.3212764,4914.161058,49196.21444,5.871160165,7.666605457,4.707132021,0.7808302497,5.871160165,7.666605457,0,0
Concrete Strength,OLS,0,0,17,837,0,223.3212764,4946.421337,48676.07072,5.909702911,7.625968863,4.845670809,0.7831474965,5.909702911,7.625968863,0,0
Concrete Strength,LAD,0,0,17,837,0,223.3212764,4914.161058,49196.21444,5.871160165,7.666605457,4.707132021,0.7808302497,5.871160165,7.666605457,0,0
Concrete Strength,OLS,0,0,18,837,0,223.3212764,4946.421337,48676.07072,5.909702911,7.625968863,4.845670809,0.7831474965,5.909702911,7.625968863,0,0
Concrete Strength,LAD,0,0,18,837,0,223.3212764,4914.161058,49196.21444,5.871160165,7.666605457,4.707132021,0.7808302497,5.871160165,7.666605457,0,0
Concrete Strength,OLS,0,0,19,837,0,223.3212764,4946.421337,48676.07072,5.909702911,7.625968863,4.845670809,0.7831474965,5.909702911,7.625968863,0,0
Concrete Strength,LAD,0,0,19,837,0,223.3212764,4914.161058,49196.21444,5.871160165,7.666605457,4.707132021,0.7808302497,5.871160165,7.666605457,0,0
Concrete Strength,OLS,0,0,20,837,0,223.3212764,4946.421337,48676.07072,5.909702911,7.625968863,4.845670809,0.7831474965,5.909702911,7.625968863,0,0
Concrete Strength,LAD,0,0,20,837,0,223.3212764,4914.161058,49196.21444,5.871160165,7.666605457,4.707132021,0.7808302497,5.871160165,7.666605457,0,0
Concrete Strength,OLS,0,0,21,837,0,223.3212764,4946.421337,48676.07072,5.909702911,7.625968863,4.845670809,0.7831474965,5.909702911,7.625968863,0,0
Concrete Strength,LAD,0,0,21,837,0,223.3212764,4914.161058,49196.21444,5.871160165,7.666605457,4.707132021,0.7808302497,5.871160165,7.666605457,0,0
Concrete Strength,OLS,0,0,22,837,0,223.3212764,4946.421337,48676.07072,5.909702911,7.625968863,4.845670809,0.7831474965,5.909702911,7.625968863,0,0
Concrete Strength,LAD,0,0,22,837,0,223.3212764,4914.161058,49196.21444,5.871160165,7.666605457,4.707132021,0.7808302497,5.871160165,7.666605457,0,0
Concrete Strength,OLS,0,0,23,837,0,223.3212764,4946.421337,48676.07072,5.909702911,7.625968863,4.845670809,0.7831474965,5.909702911,7.625968863,0,0
Concrete Strength,LAD,0,0,23,837,0,223.3212764,4914.161058,49196.21444,5.871160165,7.666605457,4.707132021,0.7808302497,5.871160165,7.666605457,0,0
Concrete Strength,OLS,0,0,24,837,0,223.3212764,4946.421337,48676.07072,5.909702911,7.625968863,4.845670809,0.7831474965,5.909702911,7.625968863,0,0
Concrete Strength,LAD,0,0,24,837,0,223.3212764,4914.161058,49196.21444,5.871160165,7.666605457,4.707132021,0.7808302497,5.871160165,7.666605457,0,0
Concrete Strength,OLS,0,0,25,837,0,223.3212764,4946.421337,48676.07072,5.909702911,7.625968863,4.845670809,0.7831474965,5.909702911,7.625968863,0,0
Concrete Strength,LAD,0,0,25,837,0,223.3212764,4914.161058,49196.21444,5.871160165,7.666605457,4.707132021,0.7808302497,5.871160165,7.666605457,0,0
Concrete Strength,OLS,0,0,26,837,0,223.3212764,4946.421337,48676.07072,5.909702911,7.625968863,4.845670809,0.7831474965,5.909702911,7.625968863,0,0
Concrete Strength,LAD,0,0,26,837,0,223.3212764,4914.161058,49196.21444,5.871160165,7.666605457,4.707132021,0.7808302497,5.871160165,7.666605457,0,0
Concrete Strength,OLS,0,0,27,837,0,223.3212764,4946.421337,48676.07072,5.909702911,7.625968863,4.845670809,0.7831474965,5.909702911,7.625968863,0,0
Concrete Strength,LAD,0,0,27,837,0,223.3212764,4914.161058,49196.21444,5.871160165,7.666605457,4.707132021,0.7808302497,5.871160165,7.666605457,0,0
Concrete Strength,OLS,0,0,28,837,0,223.3212764,4946.421337,48676.07072,5.909702911,7.625968863,4.845670809,0.7831474965,5.909702911,7.625968863,0,0
Concrete Strength,LAD,0,0,28,837,0,223.3212764,4914.161058,49196.21444,5.871160165,7.666605457,4.707132021,0.7808302497,5.871160165,7.666605457,0,0
Concrete Strength,OLS,0,0,29,837,0,223.3212764,4946.421337,48676.07072,5.909702911,7.625968863,4.845670809,0.7831474965,5.909702911,7.625968863,0,0
Concrete Strength,LAD,0,0,29,837,0,223.3212764,4914.161058,49196.21444,5.871160165,7.666605457,4.707132021,0.7808302497,5.871160165,7.666605457,0,0
Concrete Strength,OLS,0,0,30,837,0,223.3212764,4946.421337,48676.07072,5.909702911,7.625968863,4.845670809,0.7831474965,5.909702911,7.625968863,0,0
Concrete Strength,LAD,0,0,30,837,0,223.3212764,4914.161058,49196.21444,5.871160165,7.666605457,4.707132021,0.7808302497,5.871160165,7.666605457,0,0
Concrete Strength,OLS,0.05,5,1,837,42,223.3212764,6867.454074,100581.3499,8.204843577,10.96215658,6.392176845,0.5519088287,17.59829713,56.61012506,7.87486354,1.191828812
Concrete Strength,LAD,0.05,5,1,837,42,223.3212764,4916.008902,49559.30165,5.873367864,7.694844715,4.619378559,0.7792126917,15.53261653,57.0612496,0.383057787,0.06761790728
Concrete Strength,OLS,0.05,5,2,837,42,223.3212764,6080.295,71748.48208,7.264390681,9.258563931,6.074928696,0.6803596155,16.55710199,57.46420653,5.250295703,0.3461523077
Concrete Strength,LAD,0.05,5,2,837,42,223.3212764,4923.251275,49786.55895,5.88202064,7.712467133,4.702323391,0.7782002575,15.27086871,57.69971828,0.6652191361,0.06636704807
Concrete Strength,OLS,0.05,5,3,837,42,223.3212764,5889.191958,68833.8976,7.036071634,9.068562526,5.43692383,0.6933441257,15.48949565,48.94263203,4.907486647,0.2296520168
Concrete Strength,LAD,0.05,5,3,837,42,223.3212764,4918.659761,49591.14088,5.876534959,7.697316083,4.635665911,0.7790708475,14.47662662,49.13894092,0.4373178631,0.07459284272
Concrete Strength,OLS,0.05,5,4,837,42,223.3212764,6130.898817,71458.8955,7.324849244,9.239860632,6.124077471,0.6816497273,16.6868002,53.29781746,5.217242892,0.5813710347
Concrete Strength,LAD,0.05,5,4,837,42,223.3212764,4919.813352,49328.63405,5.877913204,7.676916481,4.72967314,0.7802403187,15.45108898,53.55722897,0.4844079059,0.04337519445
Concrete Strength,OLS,0.05,5,5,837,42,223.3212764,6628.824845,83951.89768,7.919742945,10.01503635,6.65518336,0.6259932464,17.77564881,62.24649948,6.491960561,0.4260862574
Concrete Strength,LAD,0.05,5,5,837,42,223.3212764,4921.243613,49328.11862,5.879621999,7.676876373,4.684119747,0.7802426149,15.96827922,62.53314797,0.5571241616,0.06366257268
Concrete Strength,OLS,0.05,5,6,837,42,223.3212764,6317.135606,76924.21205,7.547354368,9.586692542,5.940995676,0.6573016738,15.26266972,47.94608095,5.809412431,1.69427474
Concrete Strength,LAD,0.05,5,6,837,42,223.3212764,4917.028042,49371.28888,5.874585474,7.680234907,4.679701526,0.7800502909,13.81413236,48.25284126,0.3783087014,0.03641496207
Concrete Strength,OLS,0.05,5,7,837,42,223.3212764,6713.840457,87707.55246,8.021314764,10.23660079,6.541684403,0.6092617574,16.53012629,50.63391034,6.828806241,0.6948166065
Concrete Strength,LAD,0.05,5,7,837,42,223.3212764,4922.572218,49226.124,5.881209341,7.668935616,4.680301821,0.7806970022,14.73898132,51.06443127,0.6849227908,0.05459710376
Concrete Strength,OLS,0.05,5,8,837,42,223.3212764,6504.969595,82240.76501,7.771767736,9.912446167,6.405554503,0.6336163639,16.40163491,53.28947285,6.332549875,0.6906341915
Concrete Strength,LAD,0.05,5,8,837,42,223.3212764,4921.024132,49561.73677,5.879359775,7.695033757,4.51632541,0.7792018432,14.78894037,53.638402,0.379241691,0.02068113973
Concrete Strength,OLS,0.05,5,9,837,42,223.3212764,7482.72258,106003.6454,8.939931397,11.25376058,7.406767776,0.5277524346,17.1915647,49.75709269,8.275972816,1.297378743
Concrete Strength,LAD,0.05,5,9,837,42,223.3212764,4922.419229,49503.29107,5.881026557,7.690495233,4.685212506,0.7794622195,14.54122037,50.41246235,0.5728223445,0.07534760522
Concrete Strength,OLS,0.05,5,10,837,42,223.3212764,7538.585876,112264.8678,9.006673687,11.58135051,7.183473409,0.4998586107,18.43873103,56.48216926,8.716207803,1.517340502
Concrete Strength,LAD,0.05,5,10,837,42,223.3212764,4920.784226,49248.81343,5.879073149,7.670702805,4.67908733,0.7805959205,15.75552931,57.13742107,0.598527389,0.07921481078
Concrete Strength,OLS,0.05,5,11,837,42,223.3212764,5577.786575,62415.65735,6.664022193,8.635431537,5.313581321,0.7219374663,13.55646516,44.31993194,4.051577068,0.7400788415
Concrete Strength,LAD,0.05,5,11,837,42,223.3212764,4916.988736,49424.04217,5.874538513,7.684336982,4.7049726,0.7798152743,12.82834738,44.48937166,0.4315157543,0.02906658625
Concrete Strength,OLS,0.05,5,12,837,42,223.3212764,5677.509372,64691.59551,6.783165319,8.791464003,5.321982096,0.7117981334,14.35737355,46.53804466,4.374292882,0.325039213
Concrete Strength,LAD,0.05,5,12,837,42,223.3212764,4922.185085,49737.71925,5.880746816,7.708683311,4.696007233,0.778417839,13.60577932,46.71593529,0.6625864296,0.04404259948
Concrete Strength,OLS,0.05,5,13,837,42,223.3212764,5574.230465,62354.32557,6.659773555,8.631187758,5.158462347,0.7222107001,14.03677616,43.09059954,4.04252409,0.7103539055
Concrete Strength,LAD,0.05,5,13,837,42,223.3212764,4918.714962,49382.68335,5.87660091,7.681121121,4.661260915,0.7799995284,13.28821488,43.28816885,0.4905230704,0.0302450669
Concrete Strength,OLS,0.05,5,14,837,42,223.3212764,5424.699412,56993.84278,6.481122356,8.251848407,5.377778827,0.746091718,14.19577136,44.99463519,3.152396077,0.2766560424
Concrete Strength,LAD,0.05,5,14,837,42,223.3212764,4916.575528,49302.72932,5.874044836,7.674900465,4.702771648,0.7803557246,13.63085967,45.10948961,0.3405286503,0.04003028479
Concrete Strength,OLS,0.05,5,15,837,42,223.3212764,5602.297622,59710.91804,6.693306597,8.446254148,5.595673395,0.7339871137,13.98458054,44.69851164,3.630951395,0.7225440922
Concrete Strength,LAD,0.05,5,15,837,42,223.3212764,4917.574605,49270.84909,5.875238476,7.672418685,4.730258935,0.7804977514,13.24562174,44.85473745,0.4050709676,0.03411058765
Concrete Strength,OLS,0.05,5,16,837,42,223.3212764,5762.496101,66956.98191,6.884702629,8.944070335,5.391491257,0.7017058086,14.61802087,47.90262379,4.673434825,1.498294849
Concrete Strength,LAD,0.05,5,16,837,42,223.3212764,4919.955019,49403.01533,5.87808246,7.682702205,4.679758417,0.7799089492,13.67880006,48.09899661,0.6754247262,0.0790123628
Concrete Strength,OLS,0.05,5,17,837,42,223.3212764,5610.985607,61878.9614,6.703686508,8.59822447,5.508725211,0.7243284535,15.56091471,49.78322263,3.971657455,0.7068426141
Concrete Strength,LAD,0.05,5,17,837,42,223.3212764,4914.74084,49338.23831,5.871852856,7.677663791,4.649902876,0.7801975316,14.76417026,49.93965622,0.21219441,0.01796360952
Concrete Strength,OLS,0.05,5,18,837,42,223.3212764,6019.771994,68543.04408,7.192081235,9.049382909,5.921327556,0.6946398818,16.24156267,56.45011215,4.871953401,0.8506248688
Concrete Strength,LAD,0.05,5,18,837,42,223.3212764,4929.925926,49381.30196,5.889995133,7.681013688,4.774196341,0.7800056825,15.15459385,56.66544951,0.8155975023,0.1478539846
Concrete Strength,OLS,0.05,5,19,837,42,223.3212764,5402.368727,56454.69589,6.454442924,8.212725497,5.266753069,0.7484936241,12.21352475,36.20080342,3.048517506,0.308623273
Concrete Strength,LAD,0.05,5,19,837,42,223.3212764,4918.34367,49425.7659,5.876157312,7.684470982,4.622156541,0.7798075951,11.70464835,36.32730319,0.4454527345,0.05377992389
Concrete Strength,OLS,0.05,5,20,837,42,223.3212764,6520.108681,79766.99198,7.789855055,9.762226472,6.856085365,0.6446370536,17.46243219,56.20312845,6.094724325,0.8565087227
Concrete Strength,LAD,0.05,5,20,837,42,223.3212764,4921.41674,49384.68983,5.879828841,7.681277166,4.670179099,0.7799905895,15.76750646,56.54829842,0.6297884135,0.0995105518
Concrete Strength,OLS,0.05,5,21,837,42,223.3212764,5679.358591,60961.36124,6.785374661,8.534235031,5.851399606,0.7284163736,14.66206836,47.6218336,3.831157326,0.797189137
Concrete Strength,LAD,0.05,5,21,837,42,223.3212764,4927.668309,49484.95937,5.88729786,7.689071157,4.686478339,0.7795438874,13.89399643,47.76464626,0.6357738596,0.0477987743
Concrete Strength,OLS,0.05,5,22,837,42,223.3212764,5655.978497,63708.15927,6.757441453,8.724384542,5.342770434,0.7161793541,16.14952735,53.63468542,4.237863204,0.6257740208
Concrete Strength,LAD,0.05,5,22,837,42,223.3212764,4922.369395,49172.56295,5.880967019,7.664762343,4.6623652,0.7809356174,15.37715969,53.76218684,0.5380980831,0.06643666948
Concrete Strength,OLS,0.05,5,23,837,42,223.3212764,5903.948326,69151.65419,7.053701704,9.08946994,5.651694297,0.6919285162,14.11285403,45.03299831,4.946014829,0.7802616999
Concrete Strength,LAD,0.05,5,23,837,42,223.3212764,4927.56387,49865.81248,5.887173083,7.718603299,4.656698347,0.7778471821,13.14863061,45.25978948,0.9112133672,0.1268836265
Concrete Strength,OLS,0.05,5,24,837,42,223.3212764,5593.276203,60670.43038,6.682528319,8.513846364,5.279680515,0.7297124743,15.43410197,48.71798623,3.785522264,1.324639377
Concrete Strength,LAD,0.05,5,24,837,42,223.3212764,4919.205656,49260.91941,5.877187164,7.671645525,4.749153667,0.7805419883,14.73191005,48.83775114,0.50601697,0.08305696373
Concrete Strength,OLS,0.05,5,25,837,42,223.3212764,6603.888728,84502.42363,7.88995069,10.04782017,6.480077919,0.6235406465,18.82272114,62.88094699,6.542422259,0.8394789339
Concrete Strength,LAD,0.05,5,25,837,42,223.3212764,4917.210386,49106.06077,5.874803329,7.659577583,4.70448146,0.7812318854,17.05705661,63.19412442,0.4559331558,0.06017920188
Concrete Strength,OLS,0.05,5,26,837,42,223.3212764,7871.249422,109423.0285,9.404121173,11.43382751,8.543604964,0.5125190403,18.27403595,53.7158517,8.519214193,0.4384703355
Concrete Strength,LAD,0.05,5,26,837,42,223.3212764,4925.58657,49307.12203,5.884810717,7.675242362,4.783707005,0.780336155,15.25981677,54.32720745,0.6995420144,0.08682869845
Concrete Strength,OLS,0.05,5,27,837,42,223.3212764,6156.1753,75934.29193,7.355048148,9.524808325,5.470643234,0.6617117803,17.78423101,58.31368145,5.706712936,0.5821075704
Concrete Strength,LAD,0.05,5,27,837,42,223.3212764,4922.050517,49324.87261,5.880586042,7.676623783,4.719372271,0.7802570759,16.48539443,58.53091992,0.5706337652,0.02859299978
Concrete Strength,OLS,0.05,5,28,837,42,223.3212764,5992.692822,66024.91058,7.159728581,8.881599425,6.218808014,0.705858198,14.62448053,47.39189056,4.552736237,0.9048168749
Concrete Strength,LAD,0.05,5,28,837,42,223.3212764,4921.904331,49106.9503,5.880411387,7.659646957,4.641259545,0.7812279226,13.57682598,47.65428342,0.6042887095,0.131810266
Concrete Strength,OLS,0.05,5,29,837,42,223.3212764,5170.098539,52161.80438,6.176939712,7.894299047,5.323445212,0.7676185095,13.86905236,42.5459239,2.040724465,0.3010333347
Concrete Strength,LAD,0.05,5,29,837,42,223.3212764,4918.793501,49366.7305,5.876694745,7.679880346,4.742783229,0.7800705985,13.5906137,42.60531374,0.5653598881,0.03536669811
Concrete Strength,OLS,0.05,5,30,837,42,223.3212764,6058.503982,69501.50225,7.238356012,9.112433394,5.975366272,0.6903699387,15.24891662,46.93746855,4.98808994,1.115361314
Concrete Strength,LAD,0.05,5,30,837,42,223.3212764,4923.502557,49470.66869,5.882320857,7.68796082,4.740141643,0.7796075526,14.07617183,47.19426589,0.6542959462,0.05964605169
Concrete Strength,OLS,0.1,10,1,837,84,223.3212764,6825.065945,88216.31814,8.154200652,10.26624761,7.100721184,0.6069952,26.33798539,70.48082536,6.873168044,1.237416478
Concrete Strength,LAD,0.1,10,1,837,84,223.3212764,4922.848753,49069.65273,5.881539729,7.656737589,4.640467895,0.7813940837,24.44058273,70.83219947,0.4438892524,0.06278489856
Concrete Strength,OLS,0.1,10,2,837,84,223.3212764,7046.058386,91977.97196,8.418229852,10.48284552,7.253057318,0.5902369852,23.94161599,66.0626988,7.19268024,1.983892576
Concrete Strength,LAD,0.1,10,2,837,84,223.3212764,4924.900089,49541.77145,5.883990549,7.693483678,4.662918235,0.7792907889,21.85228423,66.37763951,0.6684436928,0.06294774235
Concrete Strength,OLS,0.1,10,3,837,84,223.3212764,7276.736726,100796.7427,8.693831214,10.97388791,7.244986435,0.5509492513,29.11544178,82.7244568,7.891185892,2.964719829
Concrete Strength,LAD,0.1,10,3,837,84,223.3212764,4934.01466,49563.59175,5.894880119,7.69517776,4.598099392,0.7791935792,26.7740733,83.07168971,0.743435942,0.2015192768
Concrete Strength,OLS,0.1,10,4,837,84,223.3212764,9229.936412,148476.8895,11.02740312,13.31884919,9.957709687,0.3385336011,26.9396066,70.24266258,10.91953949,2.968596598
Concrete Strength,LAD,0.1,10,4,837,84,223.3212764,4922.129962,49160.20105,5.880680958,7.663798828,4.655407555,0.7809906898,22.7925639,71.10569215,0.5740818527,0.1102909048
Concrete Strength,OLS,0.1,10,5,837,84,223.3212764,6816.858793,92335.34812,8.144395213,10.50319108,6.691219327,0.58864487,25.55704255,70.2130349,7.222300308,0.9446654435
Concrete Strength,LAD,0.1,10,5,837,84,223.3212764,4933.016268,49967.15139,5.893687297,7.726442316,4.71220092,0.777395716,23.7875628,70.50195495,0.9067841356,0.1339501004
Concrete Strength,OLS,0.1,10,6,837,84,223.3212764,7327.281017,95007.58215,8.754218658,10.65409105,8.003418125,0.5767400339,27.41441946,77.22262817,7.440044018,1.307995154
Concrete Strength,LAD,0.1,10,6,837,84,223.3212764,4920.902259,49472.26239,5.879214168,7.688084652,4.735796018,0.7796004527,24.90073015,77.56737414,0.5813572309,0.0413427618
Concrete Strength,OLS,0.1,10,7,837,84,223.3212764,9446.469963,167782.6302,11.28610509,14.15828891,9.456509014,0.2525262852,28.95048358,73.09442878,11.92902945,2.288661536
Concrete Strength,LAD,0.1,10,7,837,84,223.3212764,4939.915232,49370.99387,5.901929787,7.680211961,4.743438715,0.7800516052,24.7615394,73.97617475,1.02167869,0.11066255
Concrete Strength,OLS,0.1,10,8,837,84,223.3212764,8177.690439,129349.7197,9.770239473,12.43139932,8.300639481,0.4237453818,25.54691998,68.5067153,9.817549996,0.3424879963
Concrete Strength,LAD,0.1,10,8,837,84,223.3212764,4934.826528,49669.90589,5.895850093,7.703426435,4.785002831,0.7787199484,22.49629772,69.1742084,0.9359556626,0.1411759987
Concrete Strength,OLS,0.1,10,9,837,84,223.3212764,6879.802478,89794.68183,8.219596748,10.35768214,6.878054729,0.59996357,28.3475997,82.79429848,7.00900693,0.7825221281
Concrete Strength,LAD,0.1,10,9,837,84,223.3212764,4916.168097,49109.75253,5.873558061,7.659865499,4.7297294,0.7812154386,26.44355121,83.10449411,0.2546063146,0.03893681736
Concrete Strength,OLS,0.1,10,10,837,84,223.3212764,6980.218469,93077.73853,8.339568063,10.54533018,7.02015969,0.5853375114,26.00286837,72.42506478,7.283446134,0.4228218811
Concrete Strength,LAD,0.1,10,10,837,84,223.3212764,4924.944652,50029.70191,5.88404379,7.73127691,4.624519244,0.7771170526,23.98908358,72.80932697,0.7894153037,0.1502666203
Concrete Strength,OLS,0.1,10,11,837,84,223.3212764,6425.800982,79672.41939,7.67718158,9.756437656,6.464528363,0.6450583757,22.16059431,61.72642015,6.085447776,0.8829042385
Concrete Strength,LAD,0.1,10,11,837,84,223.3212764,4923.361759,49541.88389,5.88215264,7.693492408,4.664385734,0.779290288,20.57630824,62.03564656,0.7398284811,0.04490555647
Concrete Strength,OLS,0.1,10,12,837,84,223.3212764,7472.703831,101131.7271,8.927961566,10.9921079,7.882463116,0.5494568918,26.21396238,71.77313419,7.916503966,1.135838816
Concrete Strength,LAD,0.1,10,12,837,84,223.3212764,4931.291284,49760.30574,5.891626385,7.710433415,4.481044673,0.7783172159,23.70760167,72.17225314,0.7045997121,0.1420328838
Concrete Strength,OLS,0.1,10,13,837,84,223.3212764,5954.301058,65886.03791,7.113860284,8.872254007,5.853934846,0.7064768775,24.28648635,72.50562542,4.534477927,1.042148743
Concrete Strength,LAD,0.1,10,13,837,84,223.3212764,4933.798918,49300.48428,5.894622364,7.674725722,4.811307752,0.7803657263,23.25373307,72.65106237,0.9381842764,0.2298257857
Concrete Strength,OLS,0.1,10,14,837,84,223.3212764,8127.862769,116252.1554,9.710708207,11.78522227,8.646207848,0.4820951946,28.0937764,76.02192494,8.985324864,0.8280763849
Concrete Strength,LAD,0.1,10,14,837,84,223.3212764,4929.182412,49935.51023,5.889106824,7.723995585,4.581913181,0.7775366777,25.04212644,76.43643903,0.6429900986,0.06625460025
Concrete Strength,OLS,0.1,10,15,837,84,223.3212764,5808.685265,65474.4469,6.939886816,8.844498043,5.57081449,0.7083105206,23.3788819,64.49842719,4.479926845,0.3687698321
Concrete Strength,LAD,0.1,10,15,837,84,223.3212764,4920.777376,49225.25052,5.879064966,7.668867575,4.744547813,0.7807008936,22.435513,64.6691901,0.3331751655,0.03383253377
Concrete Strength,OLS,0.1,10,16,837,84,223.3212764,6573.402776,81208.80322,7.853527808,9.850058871,6.716015149,0.6382137665,24.66181669,71.42348382,6.234441327,1.357639757
Concrete Strength,LAD,0.1,10,16,837,84,223.3212764,4918.172496,49537.69634,5.875952803,7.693167254,4.639783197,0.7793089436,22.90298628,71.70042919,0.4124576004,0.03435090637
Concrete Strength,OLS,0.1,10,17,837,84,223.3212764,7063.057949,92968.24232,8.438539963,10.53912562,7.041892313,0.5858253184,24.09645685,69.06776896,7.274459962,2.095420621
Concrete Strength,LAD,0.1,10,17,837,84,223.3212764,4927.133723,49561.0432,5.886659167,7.694979915,4.748940234,0.779204933,22.02488406,69.47189648,0.7341063146,0.04750190454
Concrete Strength,OLS,0.1,10,18,837,84,223.3212764,7250.321978,102399.8701,8.662272376,11.06081106,6.99541255,0.5438072987,23.79750152,63.39520627,8.011625318,0.4525086464
Concrete Strength,LAD,0.1,10,18,837,84,223.3212764,4924.235734,49785.50331,5.883196815,7.712385368,4.626733463,0.7782049604,21.48098843,63.83130969,0.5832393858,0.06427440346
Concrete Strength,OLS,0.1,10,19,837,84,223.3212764,6967.048701,91042.67095,8.323833573,10.42941061,7.036480763,0.5944037629,25.03426165,65.31002753,7.114576908,2.399234992
Concrete Strength,LAD,0.1,10,19,837,84,223.3212764,4916.116455,49325.79331,5.873496362,7.676695428,4.724162231,0.7802529742,22.89247345,65.74027841,0.2020705591,0.02095568804
Concrete Strength,OLS,0.1,10,20,837,84,223.3212764,6737.588905,89679.35788,8.049688059,10.35102878,6.321928486,0.6004773396,26.49972989,74.89667157,6.999171069,1.64026417
Concrete Strength,LAD,0.1,10,20,837,84,223.3212764,4927.419216,49578.94515,5.887000259,7.696369541,4.706480707,0.7791251796,24.7806259,75.17412744,0.6657191694,0.1602067533
Concrete Strength,OLS,0.1,10,21,837,84,223.3212764,7225.555634,97648.96021,8.632682956,10.80117699,7.130858373,0.5649726616,24.20740172,67.51979542,7.649184485,0.9659689004
Concrete Strength,LAD,0.1,10,21,837,84,223.3212764,4934.39636,49096.19994,5.895336153,7.658808497,4.720827096,0.7812758156,21.91834236,67.9576994,0.9313374711,0.09085225364
Concrete Strength,OLS,0.1,10,22,837,84,223.3212764,8440.632544,144108.5158,10.08438775,13.12145797,7.654324481,0.3579947606,28.96886839,79.16541809,10.67788641,0.7365366332
Concrete Strength,LAD,0.1,10,22,837,84,223.3212764,4921.751989,49683.60089,5.880229378,7.704488357,4.547037453,0.778658937,25.45582659,79.7846111,0.5682348622,0.0837503793
Concrete Strength,OLS,0.1,10,23,837,84,223.3212764,8138.891377,127966.2262,9.723884561,12.36473896,7.682727567,0.4299088629,26.21438943,69.65445729,9.733004084,0.5773101285
Concrete Strength,LAD,0.1,10,23,837,84,223.3212764,4926.117071,49304.11017,5.885444529,7.675007942,4.650930684,0.7803495729,23.08288415,70.3236588,0.6319960487,0.1073207144
Concrete Strength,OLS,0.1,10,24,837,84,223.3212764,6592.993149,83803.6666,7.876933272,10.00619083,6.704946618,0.6266536177,24.66854714,67.06934426,6.478306404,1.302427237
Concrete Strength,LAD,0.1,10,24,837,84,223.3212764,4925.375339,49740.77826,5.88455835,7.70892036,4.651764402,0.7784042111,23.04318763,67.32614828,0.6486863925,0.09925626336
Concrete Strength,OLS,0.1,10,25,837,84,223.3212764,6734.104112,80798.14514,8.045524626,9.825122332,6.979418359,0.6400432534,25.7589009,77.92866536,6.194967937,0.7435754953
Concrete Strength,LAD,0.1,10,25,837,84,223.3212764,4923.063021,49148.3147,5.881795724,7.662872265,4.666456874,0.7810436437,23.90296558,78.16303037,0.6327074464,0.09149091959
Concrete Strength,OLS,0.1,10,26,837,84,223.3212764,6847.620286,86355.13475,8.181147296,10.1573719,6.925598783,0.6152867952,26.77762986,75.41775776,6.70945623,0.4605774907
Concrete Strength,LAD,0.1,10,26,837,84,223.3212764,4918.928049,49388.14106,5.876855495,7.681545563,4.553311611,0.7799752142,24.84180865,75.73209334,0.3059545788,0.05885555458
Concrete Strength,OLS,0.1,10,27,837,84,223.3212764,7849.377696,108932.1978,9.377990079,11.40815476,8.424585883,0.5147056971,27.12476671,75.64255418,8.484727096,1.157588861
Concrete Strength,LAD,0.1,10,27,837,84,223.3212764,4932.126685,50036.48612,5.892624475,7.731801087,4.525217433,0.7770868289,24.39223773,76.06181248,0.7551167772,0.1084946258
Concrete Strength,OLS,0.1,10,28,837,84,223.3212764,6387.631114,76823.92783,7.631578392,9.580441535,6.301520172,0.6577484412,22.78737349,62.12647012,5.799091214,1.467326366
Concrete Strength,LAD,0.1,10,28,837,84,223.3212764,4915.905453,49311.12112,5.873244269,7.675553609,4.669754208,0.780318339,21.20727325,62.42956644,0.3749359544,0.03089174921
Concrete Strength,OLS,0.1,10,29,837,84,223.3212764,6649.844554,83741.55906,7.944856098,10.00248231,6.494553002,0.6269303076,22.85718781,60.26336606,6.472576867,0.7564298765
Concrete Strength,LAD,0.1,10,29,837,84,223.3212764,4919.055511,49059.64524,5.877007779,7.655956774,4.690213603,0.7814386672,21.1487381,60.61907878,0.5002115624,0.08149590004
Concrete Strength,OLS,0.1,10,30,837,84,223.3212764,7318.860504,100626.4899,8.744158308,10.96461616,7.295119601,0.5517077296,27.09952159,75.323996,7.878287025,1.33653234
Concrete Strength,LAD,0.1,10,30,837,84,223.3212764,4924.173144,49202.61908,5.883122036,7.667104481,4.745343583,0.780801717,24.75028745,75.7535723,0.645555583,0.1067701549
Concrete Strength,OLS,0.2,20,1,837,167,223.3212764,7555.870419,117293.4278,9.027324275,11.83788482,7.225816392,0.477456313,39.2929861,91.94521964,9.054287161,1.926052289
Concrete Strength,LAD,0.2,20,1,837,167,223.3212764,4927.46802,49953.77471,5.887058566,7.725408026,4.585689217,0.7774553092,36.71994656,92.34771811,0.8274792101,0.1086139952
Concrete Strength,OLS,0.2,20,2,837,167,223.3212764,8254.581363,139601.125,9.862104377,12.91462292,7.849217529,0.3780752429,44.52317719,102.0490076,10.42267164,0.5875291939
Concrete Strength,LAD,0.2,20,2,837,167,223.3212764,4957.202363,51011.83771,5.922583469,7.806794647,4.587347201,0.7727416253,41.63159465,102.5130475,1.072498356,0.1805087398
Concrete Strength,OLS,0.2,20,3,837,167,223.3212764,8604.289125,137986.6542,10.27991532,12.83972769,9.00368634,0.3852677306,47.63271368,110.5801009,10.3297244,1.815730385
Concrete Strength,LAD,0.2,20,3,837,167,223.3212764,4933.669405,49471.40879,5.894467628,7.688018327,4.662773668,0.7796042554,44.41370799,111.0474149,0.6157983067,0.1096913916
Concrete Strength,OLS,0.2,20,4,837,167,223.3212764,7567.549767,108412.2198,9.041278097,11.38089429,7.974456729,0.5170222057,44.93521352,108.9741823,8.448038454,1.516355396
Concrete Strength,LAD,0.2,20,4,837,167,223.3212764,4929.797897,49832.55272,5.889842171,7.716028773,4.683684783,0.7779953547,42.40615085,109.2830401,0.8874174696,0.08648357324
Concrete Strength,OLS,0.2,20,5,837,167,223.3212764,7020.53643,92365.19877,8.387737671,10.50488871,6.807607511,0.5885118849,41.71826566,100.2203956,7.224768897,1.509585274
Concrete Strength,LAD,0.2,20,5,837,167,223.3212764,4925.713109,49414.63639,5.884961898,7.683605752,4.701394872,0.7798571772,39.77880201,100.5008669,0.6551599718,0.09160977251
Concrete Strength,OLS,0.2,20,6,837,167,223.3212764,7704.554039,112792.7124,9.20496301,11.60854505,7.783944494,0.4975070564,42.89613878,96.66568816,8.752309248,1.41727482
Concrete Strength,LAD,0.2,20,6,837,167,223.3212764,4928.357871,49660.55335,5.88812171,7.702701147,4.688832096,0.7787616141,40.36378165,97.04385589,0.7041898904,0.1362346297
Concrete Strength,OLS,0.2,20,7,837,167,223.3212764,9693.735665,167965.4888,11.58152409,14.16600204,10.04753756,0.251711648,44.91429325,99.09675045,11.93818297,0.6981632402
Concrete Strength,LAD,0.2,20,7,837,167,223.3212764,4923.702087,49532.59699,5.882559244,7.692771281,4.672149405,0.7793316612,40.65197246,99.77043725,0.6660859535,0.111321354
Concrete Strength,OLS,0.2,20,8,837,167,223.3212764,11522.35005,258962.8691,13.76624857,17.58960229,11.30114732,-0.1536828188,47.49473041,102.6040993,15.85051128,3.663820899
Concrete Strength,LAD,0.2,20,8,837,167,223.3212764,4924.508935,49494.29332,5.88352322,7.689796287,4.612126247,0.7795023046,41.8962512,103.7881521,0.5382688579,0.09780312774
Concrete Strength,OLS,0.2,20,9,837,167,223.3212764,6053.794908,72220.99929,7.232729878,9.289001171,6.154201487,0.6782545454,40.32606579,98.37923045,5.303785597,0.9792975457
Concrete Strength,LAD,0.2,20,9,837,167,223.3212764,4929.785993,49945.56238,5.889827949,7.724772976,4.69315152,0.7774918953,39.37034011,98.49318445,0.7503737757,0.07967219302
Concrete Strength,OLS,0.2,20,10,837,167,223.3212764,7934.150679,116293.5581,9.479272018,11.78732072,7.839510893,0.4819107449,43.11691185,99.69892225,8.988077021,0.8870623389
Concrete Strength,LAD,0.2,20,10,837,167,223.3212764,4925.937262,49217.69189,5.885229704,7.668278768,4.711874903,0.7807345674,40.55295036,100.0895951,0.5619248533,0.08604436224
Concrete Strength,OLS,0.2,20,11,837,167,223.3212764,7111.383324,98699.59236,8.496276373,10.85912795,7.085158342,0.5602920823,42.98611269,101.254691,7.730799366,0.9029865275
Concrete Strength,LAD,0.2,20,11,837,167,223.3212764,4937.841629,50589.96692,5.899452364,7.77444631,4.637622523,0.774621065,41.09640116,101.5054438,0.9872249392,0.2031713833
Concrete Strength,OLS,0.2,20,12,837,167,223.3212764,7033.448334,88917.27722,8.403164078,10.30695426,7.259710744,0.6038724185,43.353904,102.0095381,6.933823261,0.995693078
Concrete Strength,LAD,0.2,20,12,837,167,223.3212764,4927.644134,49176.28686,5.887268978,7.66505257,4.684825842,0.7809190273,41.57305961,102.2673205,0.6479058247,0.04439237741
Concrete Strength,OLS,0.2,20,13,837,167,223.3212764,7055.043229,93073.34843,8.428964431,10.54508149,7.03742528,0.5853570693,40.72600369,96.376924,7.283086059,1.090813571
Concrete Strength,LAD,0.2,20,13,837,167,223.3212764,4940.943957,49690.57114,5.903158849,7.705028781,4.790653876,0.7786278844,38.784062,96.65300684,1.112170411,0.206336855
Concrete Strength,OLS,0.2,20,14,837,167,223.3212764,8763.748832,136506.332,10.47042871,12.77066962,9.623797633,0.3918625845,43.39275285,98.94788493,10.24375914,1.213197948
Concrete Strength,LAD,0.2,20,14,837,167,223.3212764,4925.353781,49248.52363,5.884532593,7.670680236,4.726885305,0.7805972116,39.95698724,99.44455928,0.6989650343,0.05076438794
Concrete Strength,OLS,0.2,20,15,837,167,223.3212764,7928.986647,115133.4271,9.473102326,11.72837888,8.228855823,0.4870791431,43.3028479,101.4274146,8.910638024,1.224367379
Concrete Strength,LAD,0.2,20,15,837,167,223.3212764,4953.867188,50022.71761,5.918598791,7.730737236,4.77135725,0.7771481678,40.62171348,101.8344989,1.222610969,0.09272124726
Concrete Strength,OLS,0.2,20,16,837,167,223.3212764,7679.201872,107059.7477,9.174673683,11.30968161,7.866710917,0.5230474857,39.31004191,90.96084652,8.351855902,1.818705244
Concrete Strength,LAD,0.2,20,16,837,167,223.3212764,4918.963875,49210.25247,5.876898297,7.667699204,4.692277719,0.7807677101,36.9069945,91.337381,0.3357887996,0.03603351919
Concrete Strength,OLS,0.2,20,17,837,167,223.3212764,7651.777689,114435.8064,9.141908828,11.69279237,7.438168736,0.4901870522,39.93254447,94.77558643,8.863745958,1.115021215
Concrete Strength,LAD,0.2,20,17,837,167,223.3212764,4938.048282,49866.82453,5.899699262,7.718681625,4.627801462,0.7778426734,37.56507963,95.152816,0.9792466486,0.1374261392
Concrete Strength,OLS,0.2,20,18,837,167,223.3212764,8238.353725,132302.5111,9.842716517,12.57249045,8.335737643,0.4105906594,42.82073902,95.22217369,9.99560479,1.158990902
Concrete Strength,LAD,0.2,20,18,837,167,223.3212764,4955.422672,50355.39965,5.920457195,7.75640173,4.600931298,0.7756660651,40.2492772,95.67597567,1.252592902,0.164964294
Concrete Strength,OLS,0.2,20,19,837,167,223.3212764,8119.186796,122997.6354,9.700342647,12.12231743,7.84175181,0.4520439969,41.48482742,99.72341757,9.423119377,2.569432925
Concrete Strength,LAD,0.2,20,19,837,167,223.3212764,4941.679271,49252.48455,5.904037361,7.670988695,4.702629527,0.7805795657,38.51045145,100.1972568,0.9144483254,0.1696897015
Concrete Strength,OLS,0.2,20,20,837,167,223.3212764,9852.928553,183141.9694,11.7717187,14.79214689,9.623759482,0.1841002372,44.44623793,96.95917852,12.67486523,1.87715278
Concrete Strength,LAD,0.2,20,20,837,167,223.3212764,4930.060131,49772.33835,5.890155473,7.711365594,4.521080047,0.7782636105,40.29930257,97.7140532,0.6286068646,0.1205865583
Concrete Strength,OLS,0.2,20,21,837,167,223.3212764,8366.252361,134322.9957,9.995522534,12.66812837,8.378536255,0.4015893753,41.54123246,94.86474767,10.11563519,1.270691926
Concrete Strength,LAD,0.2,20,21,837,167,223.3212764,4938.716752,50163.75652,5.900497911,7.741627961,4.52869745,0.7765198377,38.52806202,95.36837007,1.021476376,0.2665988462
Concrete Strength,OLS,0.2,20,22,837,167,223.3212764,7349.997707,110682.921,8.781359267,11.49946344,6.891885438,0.5069062035,42.72032842,99.70035303,8.60710511,1.110958403
Concrete Strength,LAD,0.2,20,22,837,167,223.3212764,4930.600919,49642.62766,5.890801576,7.701310821,4.687375006,0.7788414732,40.47988877,100.0746625,0.5750914756,0.1156504269
Concrete Strength,OLS,0.2,20,23,837,167,223.3212764,8022.223828,118567.0198,9.584496808,11.90198019,8.365691508,0.4717824448,46.55358051,106.0362498,9.137928171,1.000971738
Concrete Strength,LAD,0.2,20,23,837,167,223.3212764,4923.291804,49226.33079,5.882069061,7.668951724,4.753007941,0.780696081,43.80848055,106.4316902,0.5439276002,0.06067769653
Concrete Strength,OLS,0.2,20,24,837,167,223.3212764,7611.424593,115874.1987,9.093697244,11.76604874,7.172039081,0.4837789962,41.754284,95.66218033,8.96016193,0.7415462104
Concrete Strength,LAD,0.2,20,24,837,167,223.3212764,4923.919781,49524.45171,5.882819332,7.692138744,4.698778405,0.7793679486,39.33516607,96.08118337,0.4895763105,0.09863810386
Concrete Strength,OLS,0.2,20,25,837,167,223.3212764,7931.115826,114965.4972,9.475646148,11.71982244,8.017751141,0.4878272729,45.82716184,107.6511023,8.899372837,1.660506008
Concrete Strength,LAD,0.2,20,25,837,167,223.3212764,4930.544813,49528.68629,5.890734544,7.692467594,4.770693265,0.7793490835,43.03032302,107.9780014,0.840453967,0.05638516309
Concrete Strength,OLS,0.2,20,26,837,167,223.3212764,7685.355725,109953.2255,9.182025956,11.4614947,8.015321902,0.5101570059,38.65474192,86.39495062,8.556311105,1.085430143
Concrete Strength,LAD,0.2,20,26,837,167,223.3212764,4935.500441,50166.22642,5.896655247,7.741818545,4.517856207,0.7765088342,36.28448461,86.78303044,0.864883266,0.247720297
Concrete Strength,OLS,0.2,20,27,837,167,223.3212764,8707.124886,149566.9758,10.40277764,13.36765188,7.978282946,0.3336772532,43.13015807,98.67029605,10.97901251,2.656063499
Concrete Strength,LAD,0.2,20,27,837,167,223.3212764,4948.292075,50942.82746,5.911937963,7.801512235,4.560484163,0.7730490669,40.07745189,99.1299625,1.018172102,0.1477596085
Concrete Strength,OLS,0.2,20,28,837,167,223.3212764,8624.826409,129912.005,10.3044521,12.45838977,9.128557797,0.4212403936,43.16858649,96.83064817,9.85170414,0.5629401397
Concrete Strength,LAD,0.2,20,28,837,167,223.3212764,4924.148523,49466.66421,5.88309262,7.687649657,4.714783189,0.7796253926,40.08296108,97.28641245,0.6882009079,0.05223290046
Concrete Strength,OLS,0.2,20,29,837,167,223.3212764,10036.95758,179629.3246,11.99158612,14.64960414,10.28544552,0.1997491137,42.48147211,93.92161262,12.50821732,1.230288444
Concrete Strength,LAD,0.2,20,29,837,167,223.3212764,4935.980411,49556.85399,5.897228687,7.694654694,4.776227082,0.779223596,38.15988205,94.72345382,0.8963634124,0.08715510327
Concrete Strength,OLS,0.2,20,30,837,167,223.3212764,8987.115134,145975.0334,10.73729407,13.20616024,9.959760857,0.3496794017,42.87949482,95.60291116,10.78180259,0.92869579
Concrete Strength,LAD,0.2,20,30,837,167,223.3212764,4967.613617,50295.42586,5.935022242,7.751781378,4.497249579,0.7759332491,39.51312856,96.13381405,1.15947318,0.1814286635
Hawkins-Bradu-Kass (HBK),OLS,0,0,1,61,0,9,28.71545354,18.1401238,0.4707451401,0.5453247461,0.4505906103,0.04716395851,0.4707451401,0.5453247461,0,0
Hawkins-Bradu-Kass (HBK),LAD,0,0,1,61,0,9,28.47525773,18.74625252,0.4668075038,0.5543605462,0.4809278351,0.01532617713,0.4668075038,0.5543605462,0,0
Hawkins-Bradu-Kass (HBK),OLS,0,0,2,61,0,9,28.71545354,18.1401238,0.4707451401,0.5453247461,0.4505906103,0.04716395851,0.4707451401,0.5453247461,0,0
Hawkins-Bradu-Kass (HBK),LAD,0,0,2,61,0,9,28.47525773,18.74625252,0.4668075038,0.5543605462,0.4809278351,0.01532617713,0.4668075038,0.5543605462,0,0
Hawkins-Bradu-Kass (HBK),OLS,0,0,3,61,0,9,28.71545354,18.1401238,0.4707451401,0.5453247461,0.4505906103,0.04716395851,0.4707451401,0.5453247461,0,0
Hawkins-Bradu-Kass (HBK),LAD,0,0,3,61,0,9,28.47525773,18.74625252,0.4668075038,0.5543605462,0.4809278351,0.01532617713,0.4668075038,0.5543605462,0,0
Hawkins-Bradu-Kass (HBK),OLS,0,0,4,61,0,9,28.71545354,18.1401238,0.4707451401,0.5453247461,0.4505906103,0.04716395851,0.4707451401,0.5453247461,0,0
Hawkins-Bradu-Kass (HBK),LAD,0,0,4,61,0,9,28.47525773,18.74625252,0.4668075038,0.5543605462,0.4809278351,0.01532617713,0.4668075038,0.5543605462,0,0
Hawkins-Bradu-Kass (HBK),OLS,0,0,5,61,0,9,28.71545354,18.1401238,0.4707451401,0.5453247461,0.4505906103,0.04716395851,0.4707451401,0.5453247461,0,0
Hawkins-Bradu-Kass (HBK),LAD,0,0,5,61,0,9,28.47525773,18.74625252,0.4668075038,0.5543605462,0.4809278351,0.01532617713,0.4668075038,0.5543605462,0,0
Hawkins-Bradu-Kass (HBK),OLS,0,0,6,61,0,9,28.71545354,18.1401238,0.4707451401,0.5453247461,0.4505906103,0.04716395851,0.4707451401,0.5453247461,0,0
Hawkins-Bradu-Kass (HBK),LAD,0,0,6,61,0,9,28.47525773,18.74625252,0.4668075038,0.5543605462,0.4809278351,0.01532617713,0.4668075038,0.5543605462,0,0
Hawkins-Bradu-Kass (HBK),OLS,0,0,7,61,0,9,28.71545354,18.1401238,0.4707451401,0.5453247461,0.4505906103,0.04716395851,0.4707451401,0.5453247461,0,0
Hawkins-Bradu-Kass (HBK),LAD,0,0,7,61,0,9,28.47525773,18.74625252,0.4668075038,0.5543605462,0.4809278351,0.01532617713,0.4668075038,0.5543605462,0,0
Hawkins-Bradu-Kass (HBK),OLS,0,0,8,61,0,9,28.71545354,18.1401238,0.4707451401,0.5453247461,0.4505906103,0.04716395851,0.4707451401,0.5453247461,0,0
Hawkins-Bradu-Kass (HBK),LAD,0,0,8,61,0,9,28.47525773,18.74625252,0.4668075038,0.5543605462,0.4809278351,0.01532617713,0.4668075038,0.5543605462,0,0
Hawkins-Bradu-Kass (HBK),OLS,0,0,9,61,0,9,28.71545354,18.1401238,0.4707451401,0.5453247461,0.4505906103,0.04716395851,0.4707451401,0.5453247461,0,0
Hawkins-Bradu-Kass (HBK),LAD,0,0,9,61,0,9,28.47525773,18.74625252,0.4668075038,0.5543605462,0.4809278351,0.01532617713,0.4668075038,0.5543605462,0,0
Hawkins-Bradu-Kass (HBK),OLS,0,0,10,61,0,9,28.71545354,18.1401238,0.4707451401,0.5453247461,0.4505906103,0.04716395851,0.4707451401,0.5453247461,0,0
Hawkins-Bradu-Kass (HBK),LAD,0,0,10,61,0,9,28.47525773,18.74625252,0.4668075038,0.5543605462,0.4809278351,0.01532617713,0.4668075038,0.5543605462,0,0
Hawkins-Bradu-Kass (HBK),OLS,0,0,11,61,0,9,28.71545354,18.1401238,0.4707451401,0.5453247461,0.4505906103,0.04716395851,0.4707451401,0.5453247461,0,0
Hawkins-Bradu-Kass (HBK),LAD,0,0,11,61,0,9,28.47525773,18.74625252,0.4668075038,0.5543605462,0.4809278351,0.01532617713,0.4668075038,0.5543605462,0,0
Hawkins-Bradu-Kass (HBK),OLS,0,0,12,61,0,9,28.71545354,18.1401238,0.4707451401,0.5453247461,0.4505906103,0.04716395851,0.4707451401,0.5453247461,0,0
Hawkins-Bradu-Kass (HBK),LAD,0,0,12,61,0,9,28.47525773,18.74625252,0.4668075038,0.5543605462,0.4809278351,0.01532617713,0.4668075038,0.5543605462,0,0
Hawkins-Bradu-Kass (HBK),OLS,0,0,13,61,0,9,28.71545354,18.1401238,0.4707451401,0.5453247461,0.4505906103,0.04716395851,0.4707451401,0.5453247461,0,0
Hawkins-Bradu-Kass (HBK),LAD,0,0,13,61,0,9,28.47525773,18.74625252,0.4668075038,0.5543605462,0.4809278351,0.01532617713,0.4668075038,0.5543605462,0,0
Hawkins-Bradu-Kass (HBK),OLS,0,0,14,61,0,9,28.71545354,18.1401238,0.4707451401,0.5453247461,0.4505906103,0.04716395851,0.4707451401,0.5453247461,0,0
Hawkins-Bradu-Kass (HBK),LAD,0,0,14,61,0,9,28.47525773,18.74625252,0.4668075038,0.5543605462,0.4809278351,0.01532617713,0.4668075038,0.5543605462,0,0
Hawkins-Bradu-Kass (HBK),OLS,0,0,15,61,0,9,28.71545354,18.1401238,0.4707451401,0.5453247461,0.4505906103,0.04716395851,0.4707451401,0.5453247461,0,0
Hawkins-Bradu-Kass (HBK),LAD,0,0,15,61,0,9,28.47525773,18.74625252,0.4668075038,0.5543605462,0.4809278351,0.01532617713,0.4668075038,0.5543605462,0,0
Hawkins-Bradu-Kass (HBK),OLS,0,0,16,61,0,9,28.71545354,18.1401238,0.4707451401,0.5453247461,0.4505906103,0.04716395851,0.4707451401,0.5453247461,0,0
Hawkins-Bradu-Kass (HBK),LAD,0,0,16,61,0,9,28.47525773,18.74625252,0.4668075038,0.5543605462,0.4809278351,0.01532617713,0.4668075038,0.5543605462,0,0
Hawkins-Bradu-Kass (HBK),OLS,0,0,17,61,0,9,28.71545354,18.1401238,0.4707451401,0.5453247461,0.4505906103,0.04716395851,0.4707451401,0.5453247461,0,0
Hawkins-Bradu-Kass (HBK),LAD,0,0,17,61,0,9,28.47525773,18.74625252,0.4668075038,0.5543605462,0.4809278351,0.01532617713,0.4668075038,0.5543605462,0,0
Hawkins-Bradu-Kass (HBK),OLS,0,0,18,61,0,9,28.71545354,18.1401238,0.4707451401,0.5453247461,0.4505906103,0.04716395851,0.4707451401,0.5453247461,0,0
Hawkins-Bradu-Kass (HBK),LAD,0,0,18,61,0,9,28.47525773,18.74625252,0.4668075038,0.5543605462,0.4809278351,0.01532617713,0.4668075038,0.5543605462,0,0
Hawkins-Bradu-Kass (HBK),OLS,0,0,19,61,0,9,28.71545354,18.1401238,0.4707451401,0.5453247461,0.4505906103,0.04716395851,0.4707451401,0.5453247461,0,0
Hawkins-Bradu-Kass (HBK),LAD,0,0,19,61,0,9,28.47525773,18.74625252,0.4668075038,0.5543605462,0.4809278351,0.01532617713,0.4668075038,0.5543605462,0,0
Hawkins-Bradu-Kass (HBK),OLS,0,0,20,61,0,9,28.71545354,18.1401238,0.4707451401,0.5453247461,0.4505906103,0.04716395851,0.4707451401,0.5453247461,0,0
Hawkins-Bradu-Kass (HBK),LAD,0,0,20,61,0,9,28.47525773,18.74625252,0.4668075038,0.5543605462,0.4809278351,0.01532617713,0.4668075038,0.5543605462,0,0
Hawkins-Bradu-Kass (HBK),OLS,0,0,21,61,0,9,28.71545354,18.1401238,0.4707451401,0.5453247461,0.4505906103,0.04716395851,0.4707451401,0.5453247461,0,0
Hawkins-Bradu-Kass (HBK),LAD,0,0,21,61,0,9,28.47525773,18.74625252,0.4668075038,0.5543605462,0.4809278351,0.01532617713,0.4668075038,0.5543605462,0,0
Hawkins-Bradu-Kass (HBK),OLS,0,0,22,61,0,9,28.71545354,18.1401238,0.4707451401,0.5453247461,0.4505906103,0.04716395851,0.4707451401,0.5453247461,0,0
Hawkins-Bradu-Kass (HBK),LAD,0,0,22,61,0,9,28.47525773,18.74625252,0.4668075038,0.5543605462,0.4809278351,0.01532617713,0.4668075038,0.5543605462,0,0
Hawkins-Bradu-Kass (HBK),OLS,0,0,23,61,0,9,28.71545354,18.1401238,0.4707451401,0.5453247461,0.4505906103,0.04716395851,0.4707451401,0.5453247461,0,0
Hawkins-Bradu-Kass (HBK),LAD,0,0,23,61,0,9,28.47525773,18.74625252,0.4668075038,0.5543605462,0.4809278351,0.01532617713,0.4668075038,0.5543605462,0,0
Hawkins-Bradu-Kass (HBK),OLS,0,0,24,61,0,9,28.71545354,18.1401238,0.4707451401,0.5453247461,0.4505906103,0.04716395851,0.4707451401,0.5453247461,0,0
Hawkins-Bradu-Kass (HBK),LAD,0,0,24,61,0,9,28.47525773,18.74625252,0.4668075038,0.5543605462,0.4809278351,0.01532617713,0.4668075038,0.5543605462,0,0
Hawkins-Bradu-Kass (HBK),OLS,0,0,25,61,0,9,28.71545354,18.1401238,0.4707451401,0.5453247461,0.4505906103,0.04716395851,0.4707451401,0.5453247461,0,0
Hawkins-Bradu-Kass (HBK),LAD,0,0,25,61,0,9,28.47525773,18.74625252,0.4668075038,0.5543605462,0.4809278351,0.01532617713,0.4668075038,0.5543605462,0,0
Hawkins-Bradu-Kass (HBK),OLS,0,0,26,61,0,9,28.71545354,18.1401238,0.4707451401,0.5453247461,0.4505906103,0.04716395851,0.4707451401,0.5453247461,0,0
Hawkins-Bradu-Kass (HBK),LAD,0,0,26,61,0,9,28.47525773,18.74625252,0.4668075038,0.5543605462,0.4809278351,0.01532617713,0.4668075038,0.5543605462,0,0
Hawkins-Bradu-Kass (HBK),OLS,0,0,27,61,0,9,28.71545354,18.1401238,0.4707451401,0.5453247461,0.4505906103,0.04716395851,0.4707451401,0.5453247461,0,0
Hawkins-Bradu-Kass (HBK),LAD,0,0,27,61,0,9,28.47525773,18.74625252,0.4668075038,0.5543605462,0.4809278351,0.01532617713,0.4668075038,0.5543605462,0,0
Hawkins-Bradu-Kass (HBK),OLS,0,0,28,61,0,9,28.71545354,18.1401238,0.4707451401,0.5453247461,0.4505906103,0.04716395851,0.4707451401,0.5453247461,0,0
Hawkins-Bradu-Kass (HBK),LAD,0,0,28,61,0,9,28.47525773,18.74625252,0.4668075038,0.5543605462,0.4809278351,0.01532617713,0.4668075038,0.5543605462,0,0
Hawkins-Bradu-Kass (HBK),OLS,0,0,29,61,0,9,28.71545354,18.1401238,0.4707451401,0.5453247461,0.4505906103,0.04716395851,0.4707451401,0.5453247461,0,0
Hawkins-Bradu-Kass (HBK),LAD,0,0,29,61,0,9,28.47525773,18.74625252,0.4668075038,0.5543605462,0.4809278351,0.01532617713,0.4668075038,0.5543605462,0,0
Hawkins-Bradu-Kass (HBK),OLS,0,0,30,61,0,9,28.71545354,18.1401238,0.4707451401,0.5453247461,0.4505906103,0.04716395851,0.4707451401,0.5453247461,0,0
Hawkins-Bradu-Kass (HBK),LAD,0,0,30,61,0,9,28.47525773,18.74625252,0.4668075038,0.5543605462,0.4809278351,0.01532617713,0.4668075038,0.5543605462,0,0
Hawkins-Bradu-Kass (HBK),OLS,0.05,5,1,61,3,9,30.09081523,22.17925659,0.493292053,0.6029878692,0.4137521898,-0.1649972895,0.8366870526,1.858631841,0.2573233214,0.4145051571
Hawkins-Bradu-Kass (HBK),LAD,0.05,5,1,61,3,9,28.55306903,19.36987282,0.4680830988,0.5635058994,0.476965924,-0.01743037393,0.8186547337,1.865983241,0.06632774807,0.1073643666
Hawkins-Bradu-Kass (HBK),OLS,0.05,5,2,61,3,9,29.69469627,19.96362935,0.4867982995,0.5720774531,0.4862427908,-0.0486182881,0.6275459518,0.9944681292,0.1728974657,0.2795931039
Hawkins-Bradu-Kass (HBK),LAD,0.05,5,2,61,3,9,28.51595442,18.8844231,0.4674746626,0.5563997722,0.4219373219,0.008068569447,0.6151297294,1.018153325,0.03103355982,0.05080555891
Hawkins-Bradu-Kass (HBK),OLS,0.05,5,3,61,3,9,31.59994979,24.91326685,0.5180319638,0.6390729306,0.5039199276,-0.3086051025,0.7749029573,1.972869623,0.3332193451,0.4748235447
Hawkins-Bradu-Kass (HBK),LAD,0.05,5,3,61,3,9,28.56271186,19.00059897,0.4682411781,0.5581086175,0.4550847458,0.001966265186,0.7186952226,1.995472766,0.06930686968,0.1291526692
Hawkins-Bradu-Kass (HBK),OLS,0.05,5,4,61,3,9,47.86157234,59.4004858,0.7846159399,0.986802136,0.6340746563,-2.120095782,1.081716623,2.051542923,0.822435029,1.771266926
Hawkins-Bradu-Kass (HBK),LAD,0.05,5,4,61,3,9,28.51403509,18.96793675,0.4674431982,0.5576287141,0.442843952,0.003681894811,0.8685884688,2.179627916,0.02353144981,0.0454446979
Hawkins-Bradu-Kass (HBK),OLS,0.05,5,5,61,3,9,43.42800509,44.04037294,0.7119345096,0.8496901358,0.5643586892,-1.313283806,0.9805197147,1.839322303,0.6516089688,1.14655477
Hawkins-Bradu-Kass (HBK),LAD,0.05,5,5,61,3,9,28.79105223,18.73240875,0.4719844627,0.5541558157,0.4895641321,0.0160533412,0.8199856579,1.923091132,0.1611542607,0.2799505847
Hawkins-Bradu-Kass (HBK),OLS,0.05,5,6,61,3,9,29.65153742,18.98121743,0.4860907773,0.557823896,0.494371682,0.002984308016,0.548225555,0.7759814161,0.1174241042,0.1986263415
Hawkins-Bradu-Kass (HBK),LAD,0.05,5,6,61,3,9,28.47525773,18.74625252,0.4668075038,0.5543605462,0.4809278351,0.01532617713,0.5289422815,0.8006440679,2.342031517e-16,2.100090372e-16
Hawkins-Bradu-Kass (HBK),OLS,0.05,5,7,61,3,9,31.21882007,21.09645851,0.5117839356,0.5880846725,0.5257669349,-0.1081217657,0.6330093073,0.9032309917,0.2201465499,0.390895172
Hawkins-Bradu-Kass (HBK),LAD,0.05,5,7,61,3,9,28.63834012,18.65572422,0.4694809856,0.5530203835,0.4476960285,0.02008130628,0.6106899712,0.9355025607,0.1329464761,0.244957294
Hawkins-Bradu-Kass (HBK),OLS,0.05,5,8,61,3,9,28.64154166,18.39279688,0.4695334698,0.5491095158,0.4555528881,0.03389194217,0.5952441568,0.9280590367,0.06435978307,0.1149096529
Hawkins-Bradu-Kass (HBK),LAD,0.05,5,8,61,3,9,28.63418367,18.67543201,0.4694128471,0.5533124101,0.4552295918,0.01904612609,0.594611504,0.9303781282,0.1314289609,0.2428302258
Hawkins-Bradu-Kass (HBK),OLS,0.05,5,9,61,3,9,31.92051571,23.70477224,0.5232871427,0.6233801598,0.4748281427,-0.2451271887,0.6824258578,1.251215295,0.3020326886,0.4271076856
Hawkins-Bradu-Kass (HBK),LAD,0.05,5,9,61,3,9,28.51595442,18.8844231,0.4674746626,0.5563997722,0.4219373219,0.008068569447,0.6413894129,1.287694562,0.03103355982,0.05080555891
Hawkins-Bradu-Kass (HBK),OLS,0.05,5,10,61,3,9,29.40065119,20.09536166,0.4819778883,0.5739618091,0.4215895096,-0.05553771659,0.6214043797,1.193229339,0.1790337388,0.2103936728
Hawkins-Bradu-Kass (HBK),LAD,0.05,5,10,61,3,9,28.6641594,18.85745447,0.4699042524,0.5560023362,0.4638410752,0.009485135336,0.6049602512,1.203783262,0.09477354241,0.1875105517
Hawkins-Bradu-Kass (HBK),OLS,0.05,5,11,61,3,9,59.28535072,80.29008695,0.9718909953,1.147271081,0.9589631814,-3.217352068,1.38725522,2.5378364,1.009381917,1.849258548
Hawkins-Bradu-Kass (HBK),LAD,0.05,5,11,61,3,9,28.47525773,18.74625252,0.4668075038,0.5543605462,0.4809278351,0.01532617713,1.001883986,2.72422772,3.803744179e-16,5.75551866e-16
Hawkins-Bradu-Kass (HBK),OLS,0.05,5,12,61,3,9,48.09867073,56.67750241,0.7885027989,0.9639187641,0.7035150736,-1.977067171,1.136696439,2.383583698,0.7948335078,1.268837248
Hawkins-Bradu-Kass (HBK),LAD,0.05,5,12,61,3,9,28.81918873,19.02171417,0.4724457169,0.5584186421,0.5089749818,0.0008571586783,0.9036323287,2.489523964,0.1116203631,0.1738722856
Hawkins-Bradu-Kass (HBK),OLS,0.05,5,13,61,3,9,36.97384518,30.86814531,0.6061286096,0.7113614897,0.5984234783,-0.6213936415,0.904758548,1.87061753,0.4567888903,0.8937387736
Hawkins-Bradu-Kass (HBK),LAD,0.05,5,13,61,3,9,28.70596058,18.77823611,0.4705895177,0.5548332509,0.4691814426,0.0136461932,0.8140655224,1.910755296,0.1082781199,0.2254531792
Hawkins-Bradu-Kass (HBK),OLS,0.05,5,14,61,3,9,39.28658265,36.46575753,0.6440423385,0.773174821,0.6721898911,-0.9154162586,1.190158738,2.876517504,0.5481060346,1.1053022
Hawkins-Bradu-Kass (HBK),LAD,0.05,5,14,61,3,9,28.73800842,18.88411502,0.4711148921,0.5563952336,0.46400187,0.008084751845,1.055652407,2.917953814,0.1169900544,0.2341628924
Hawkins-Bradu-Kass (HBK),OLS,0.05,5,15,61,3,9,33.25308234,25.46179026,0.5451324975,0.6460699635,0.4797005773,-0.3374170821,0.7129115711,1.159183709,0.3464495909,0.7340591188
Hawkins-Bradu-Kass (HBK),LAD,0.05,5,15,61,3,9,28.66911097,18.80903929,0.4699854257,0.5552881292,0.4564892927,0.01202821191,0.6694312892,1.204111498,0.1319931756,0.2494452614
Hawkins-Bradu-Kass (HBK),OLS,0.05,5,16,61,3,9,29.19105224,18.83911105,0.4785418401,0.5557318473,0.494120411,0.01044864968,0.6592474327,1.086546066,0.1070458193,0.1933343389
Hawkins-Bradu-Kass (HBK),LAD,0.05,5,16,61,3,9,28.65814248,18.60282412,0.4698056145,0.5522357557,0.4633475152,0.0228599598,0.6486891674,1.089408111,0.1045789517,0.2201532364
Hawkins-Bradu-Kass (HBK),OLS,0.05,5,17,61,3,9,34.07173168,26.87502044,0.5585529784,0.6637575654,0.5409320499,-0.411649026,0.8048688676,1.499443428,0.3784111876,0.7324951176
Hawkins-Bradu-Kass (HBK),LAD,0.05,5,17,61,3,9,28.81194451,18.66723733,0.4723269592,0.5531910014,0.4468941812,0.0194765638,0.7537421749,1.538862318,0.09225911349,0.1755846837
Hawkins-Bradu-Kass (HBK),OLS,0.05,5,18,61,3,9,41.18198278,40.61578233,0.6751144718,0.8159855987,0.6369478149,-1.133402268,0.9135169226,2.009171154,0.6070036397,0.9684080231
Hawkins-Bradu-Kass (HBK),LAD,0.05,5,18,61,3,9,28.63418367,18.67543201,0.4694128471,0.5533124101,0.4552295918,0.01904612609,0.7495566748,2.084414209,0.1314289609,0.2428302258
Hawkins-Bradu-Kass (HBK),OLS,0.05,5,19,61,3,9,31.74845786,24.77626306,0.5204665223,0.6373133036,0.4379286411,-0.3014087822,1.21675674,3.468197974,0.3298320304,0.5870426676
Hawkins-Bradu-Kass (HBK),LAD,0.05,5,19,61,3,9,28.56473175,18.35389386,0.468274291,0.5485284915,0.4616534741,0.03593537903,1.178607128,3.48004988,0.1113307171,0.1387017776
Hawkins-Bradu-Kass (HBK),OLS,0.05,5,20,61,3,9,37.57950986,34.79600842,0.6160575386,0.7552657596,0.5284000583,-0.8277102899,0.8604666087,1.792216381,0.5225392702,0.7551134905
Hawkins-Bradu-Kass (HBK),LAD,0.05,5,20,61,3,9,28.65551843,19.67092627,0.4697625971,0.5678681196,0.4539512697,-0.03324363888,0.7524109889,1.837778013,0.08118270713,0.11698585
Hawkins-Bradu-Kass (HBK),OLS,0.05,5,21,61,3,9,31.98901764,24.13934249,0.5244101253,0.6290683,0.5268218782,-0.2679536149,0.674983746,1.159085058,0.3136046037,0.5878123533
Hawkins-Bradu-Kass (HBK),LAD,0.05,5,21,61,3,9,28.96808419,18.87918047,0.474886626,0.556322534,0.4854230502,0.008343945783,0.6462232447,1.18050916,0.1712450786,0.3065678081
Hawkins-Bradu-Kass (HBK),OLS,0.05,5,22,61,3,9,28.87475163,18.48115502,0.4733565842,0.5504268838,0.4536584355,0.02925080419,0.5446343283,0.715629306,0.07477082134,0.1261704918
Hawkins-Bradu-Kass (HBK),LAD,0.05,5,22,61,3,9,28.51052632,18.5223333,0.4673856773,0.5510397519,0.4532616753,0.02708785585,0.5394880227,0.7203639538,0.07978590484,0.1119146364
Hawkins-Bradu-Kass (HBK),OLS,0.05,5,23,61,3,9,31.4835845,25.08953498,0.516124336,0.641329753,0.4138780254,-0.3178638391,0.866910727,2.03849376,0.337527441,0.6551960053
Hawkins-Bradu-Kass (HBK),LAD,0.05,5,23,61,3,9,28.77746032,20.15493132,0.4717616445,0.5748118911,0.4677777778,-0.05866669857,0.8281445562,2.048831535,0.1161004375,0.2070546054
Hawkins-Bradu-Kass (HBK),OLS,0.05,5,24,61,3,9,34.29278626,31.43539503,0.5621768239,0.7178679159,0.4117947675,-0.6511892474,0.9222572459,2.310869456,0.466856794,0.7715539354
Hawkins-Bradu-Kass (HBK),LAD,0.05,5,24,61,3,9,28.47525773,18.74625252,0.4668075038,0.5543605462,0.4809278351,0.01532617713,0.8420939237,2.363765316,3.199762057e-15,5.152454631e-15
Hawkins-Bradu-Kass (HBK),OLS,0.05,5,25,61,3,9,38.32694652,36.30574084,0.6283105987,0.7714765578,0.5784534338,-0.907011152,0.8747563301,1.643957079,0.5457077978,0.9741996343
Hawkins-Bradu-Kass (HBK),LAD,0.05,5,25,61,3,9,28.55306903,19.36987282,0.4680830988,0.5635058994,0.476965924,-0.01743037393,0.7645102947,1.70281948,0.06632774807,0.1073643666
Hawkins-Bradu-Kass (HBK),OLS,0.05,5,26,61,3,9,60.14304053,83.49148913,0.985951484,1.169920056,0.9041469801,-3.385510313,1.512517474,3.185183645,1.035052587,1.484808021
Hawkins-Bradu-Kass (HBK),LAD,0.05,5,26,61,3,9,28.93867,20.14684822,0.4744044262,0.574696616,0.4363546668,-0.05824212247,1.098961308,3.327763682,0.1075090152,0.155869011
Hawkins-Bradu-Kass (HBK),OLS,0.05,5,27,61,3,9,29.97841712,20.16008637,0.491449461,0.5748853965,0.4711222424,-0.05893747504,0.7794208533,1.824493992,0.1819729114,0.3204157619
Hawkins-Bradu-Kass (HBK),LAD,0.05,5,27,61,3,9,28.55453825,19.34337513,0.4681071845,0.5631203338,0.4572091444,-0.01603854507,0.7602145399,1.832964584,0.06891499239,0.1063717978
Hawkins-Bradu-Kass (HBK),OLS,0.05,5,28,61,3,9,40.70649391,44.03774128,0.6673195723,0.8496647485,0.5625691705,-1.313145574,0.9248862972,1.875512928,0.6515758638,1.362623443
Hawkins-Bradu-Kass (HBK),LAD,0.05,5,28,61,3,9,28.51403509,18.96793675,0.4674431982,0.5576287141,0.442843952,0.003681894811,0.7724284074,1.955044446,0.02353144981,0.0454446979
Hawkins-Bradu-Kass (HBK),OLS,0.05,5,29,61,3,9,30.11068775,19.44671608,0.493617832,0.5646225502,0.5261045989,-0.02146667637,0.6611522231,1.149147963,0.1463541784,0.05039351757
Hawkins-Bradu-Kass (HBK),LAD,0.05,5,29,61,3,9,28.47525773,18.74625252,0.4668075038,0.5543605462,0.4809278351,0.01532617713,0.6343418949,1.170133298,2.979899319e-16,5.266250203e-16
Hawkins-Bradu-Kass (HBK),OLS,0.05,5,30,61,3,9,37.69637742,35.53834906,0.6179734003,0.7632796907,0.5780645423,-0.8667027975,0.9730000943,2.0950303,0.5340569329,0.9395920489
Hawkins-Bradu-Kass (HBK),LAD,0.05,5,30,61,3,9,28.74507756,19.81947308,0.4712307797,0.570008241,0.4450622024,-0.04104627335,0.8494251497,2.137863354,0.1075469209,0.2042087429
Hawkins-Bradu-Kass (HBK),OLS,0.1,10,1,61,6,9,84.70138935,165.6711377,1.388547366,1.648004942,1.35186972,-7.702114317,2.043260965,4.367502557,1.555165975,2.611269208
Hawkins-Bradu-Kass (HBK),LAD,0.1,10,1,61,6,9,30.01891051,22.17861855,0.4921132871,0.6029791958,0.4336634804,-0.1649637752,1.368588827,4.576533181,0.3168830843,0.5163372054
Hawkins-Bradu-Kass (HBK),OLS,0.1,10,2,61,6,9,43.75979822,47.42189856,0.7173737413,0.8817075326,0.6632408605,-1.490903293,1.536361216,3.385737101,0.6928413198,1.250598429
Hawkins-Bradu-Kass (HBK),LAD,0.1,10,2,61,6,9,28.56473175,18.35389386,0.468274291,0.5485284915,0.4616534741,0.03593537903,1.347205847,3.460576392,0.1113307171,0.1387017776
Hawkins-Bradu-Kass (HBK),OLS,0.1,10,3,61,6,9,44.04682295,47.87800307,0.7220790647,0.8859375239,0.673905952,-1.514860837,1.400853927,2.940637647,0.6982164547,1.431821775
Hawkins-Bradu-Kass (HBK),LAD,0.1,10,3,61,6,9,29.73107574,21.19954694,0.4873946842,0.5895197676,0.4501064585,-0.1135366336,1.243124966,2.996214582,0.1942792281,0.3359981809
Hawkins-Bradu-Kass (HBK),OLS,0.1,10,4,61,6,9,56.10406697,76.16117019,0.9197388028,1.117382555,0.8247460333,-3.000474789,1.418221998,2.532248157,0.9752767274,1.824105792
Hawkins-Bradu-Kass (HBK),LAD,0.1,10,4,61,6,9,28.77380872,18.96351985,0.4717017823,0.5575637852,0.4515038864,0.003913899171,1.141748597,2.68945745,0.1460042673,0.2760481556
Hawkins-Bradu-Kass (HBK),OLS,0.1,10,5,61,6,9,34.68978181,28.40522511,0.5686849478,0.6823924297,0.501938423,-0.4920252229,1.009798761,2.092925022,0.4102198793,0.7059897688
Hawkins-Bradu-Kass (HBK),LAD,0.1,10,5,61,6,9,29.20428909,21.68391174,0.4787588375,0.5962163726,0.4488982162,-0.1389785899,0.9011744494,2.146448081,0.1567591256,0.3000485285
Hawkins-Bradu-Kass (HBK),OLS,0.1,10,6,61,6,9,32.61151908,24.9852566,0.5346150669,0.639995602,0.5080739694,-0.3123864679,0.9985890812,2.130254468,0.33498551,0.531962323
Hawkins-Bradu-Kass (HBK),LAD,0.1,10,6,61,6,9,28.51217151,19.10935152,0.4674126477,0.5597035445,0.4343015214,-0.00374611876,0.9498494167,2.157517503,0.03664430195,0.05140047903
Hawkins-Bradu-Kass (HBK),OLS,0.1,10,7,61,6,9,35.66962152,35.55795193,0.5847478937,0.7634901733,0.4432308148,-0.8677324661,0.7988477336,1.466942881,0.5343577135,0.9705342592
Hawkins-Bradu-Kass (HBK),LAD,0.1,10,7,61,6,9,28.66168919,18.82797697,0.4698637572,0.5555676018,0.4337837838,0.01103348343,0.7304956357,1.542436525,0.1248350367,0.2329971678
Hawkins-Bradu-Kass (HBK),OLS,0.1,10,8,61,6,9,34.16822801,29.4676824,0.5601348855,0.6950372369,0.5275030704,-0.5478323169,0.8940586696,1.883212955,0.4309265389,0.8611642827
Hawkins-Bradu-Kass (HBK),LAD,0.1,10,8,61,6,9,29.04804883,20.79093917,0.4761975217,0.5838108156,0.4712039948,-0.09207392397,0.8352112826,1.90895696,0.1549693994,0.2422923625
Hawkins-Bradu-Kass (HBK),OLS,0.1,10,9,61,6,9,54.78148946,69.12795094,0.8980572043,1.064539852,0.8504294132,-2.631044852,1.781728454,3.994450104,0.9142570857,1.667407157
Hawkins-Bradu-Kass (HBK),LAD,0.1,10,9,61,6,9,28.9741791,20.97634909,0.4749865427,0.5864081985,0.4590547264,-0.101812846,1.419100959,4.075485091,0.1452646301,0.2590002951
Hawkins-Bradu-Kass (HBK),OLS,0.1,10,10,61,6,9,46.67771684,51.02715992,0.7652084728,0.9146096535,0.6932372592,-1.680274821,1.435873261,2.781175477,0.7342559088,0.8216901017
Hawkins-Bradu-Kass (HBK),LAD,0.1,10,10,61,6,9,28.77005963,19.73368645,0.4716403218,0.5687732909,0.4377654566,-0.036540207,1.229763891,2.858473465,0.1016448164,0.1426187645
Hawkins-Bradu-Kass (HBK),OLS,0.1,10,11,61,6,9,57.03875914,85.36793695,0.9350616253,1.182993819,0.8517104555,-3.484073428,1.636222611,3.391576316,1.049807267,1.547586888
Hawkins-Bradu-Kass (HBK),LAD,0.1,10,11,61,6,9,28.56473175,18.35389386,0.468274291,0.5485284915,0.4616534741,0.03593537903,1.283313291,3.538343808,0.1113307171,0.1387017776
Hawkins-Bradu-Kass (HBK),OLS,0.1,10,12,61,6,9,46.13026814,49.47216534,0.7562339039,0.9005659909,0.72789588,-1.598596499,1.200856874,2.259559496,0.7166868391,1.436856867
Hawkins-Bradu-Kass (HBK),LAD,0.1,10,12,61,6,9,29.54748614,22.64300097,0.4843850186,0.6092591707,0.4631608133,-0.1893561283,1.027092305,2.317840305,0.1917119114,0.3856813882
Hawkins-Bradu-Kass (HBK),OLS,0.1,10,13,61,6,9,32.45136816,24.14581704,0.5319896419,0.6291526574,0.5085237745,-0.2682937,1.015270243,2.162768972,0.3137737842,0.476645045
Hawkins-Bradu-Kass (HBK),LAD,0.1,10,13,61,6,9,29.04976267,20.45006139,0.4762256175,0.5790051019,0.4108400486,-0.0741688292,0.9725011308,2.175203817,0.1508587761,0.2810006193
Hawkins-Bradu-Kass (HBK),OLS,0.1,10,14,61,6,9,41.34895416,44.14680813,0.6778517075,0.8507162665,0.5905845816,-1.318874467,1.102429894,2.466862223,0.6529464659,1.021648386
Hawkins-Bradu-Kass (HBK),LAD,0.1,10,14,61,6,9,28.97721167,20.06988938,0.4750362569,0.5735979254,0.4436776285,-0.05419974873,0.9628176226,2.519204421,0.1206029205,0.1501260917
Hawkins-Bradu-Kass (HBK),OLS,0.1,10,15,61,6,9,33.10082499,24.44557887,0.5426364753,0.6330459656,0.5012803922,-0.2840391201,1.074830708,2.760237089,0.3215091226,0.188690581
Hawkins-Bradu-Kass (HBK),LAD,0.1,10,15,61,6,9,28.82698868,19.88569159,0.4725735849,0.5709596694,0.4642914076,-0.04452449552,1.021635048,2.777522393,0.1181357967,0.1788408139
Hawkins-Bradu-Kass (HBK),OLS,0.1,10,16,61,6,9,35.94030003,34.13087519,0.5891852465,0.7480123957,0.4589834303,-0.7927732121,0.8851335504,1.570198146,0.511999478,0.839755468
Hawkins-Bradu-Kass (HBK),LAD,0.1,10,16,61,6,9,29.14786919,21.16869725,0.4778339212,0.5890906753,0.4588265759,-0.1119162092,0.82966158,1.597114622,0.1277110247,0.2317872622
Hawkins-Bradu-Kass (HBK),OLS,0.1,10,17,61,6,9,36.83835073,33.57845687,0.603907389,0.7419343003,0.5784022939,-0.7637566466,0.9132683798,1.65380577,0.5030779536,0.9294750551
Hawkins-Bradu-Kass (HBK),LAD,0.1,10,17,61,6,9,29.40286991,20.01969663,0.4820142609,0.5728802214,0.4960244648,-0.05156330259,0.833871779,1.698736566,0.2137131259,0.377219508
Hawkins-Bradu-Kass (HBK),OLS,0.1,10,18,61,6,9,34.11223935,30.73703359,0.5592170385,0.7098491365,0.4610858724,-0.6145068104,1.374903721,3.123891589,0.4544301023,0.7662726992
Hawkins-Bradu-Kass (HBK),LAD,0.1,10,18,61,6,9,28.56271186,19.00059897,0.4682411781,0.5581086175,0.4550847458,0.001966265186,1.298007474,3.157167844,0.06930686968,0.1291526692
Hawkins-Bradu-Kass (HBK),OLS,0.1,10,19,61,6,9,44.54436643,46.15619472,0.7302355152,0.8698614429,0.6871948027,-1.424420382,1.06995692,1.749614994,0.6777018896,0.9511836264
Hawkins-Bradu-Kass (HBK),LAD,0.1,10,19,61,6,9,28.67365391,18.39243732,0.4700599002,0.5491041485,0.4745343718,0.03391082849,0.9043686115,1.858589487,0.1200376176,0.1159611193
Hawkins-Bradu-Kass (HBK),OLS,0.1,10,20,61,6,9,49.82855295,58.90191214,0.8168615238,0.9826520834,0.7404035464,-2.093907485,1.230634626,2.073723193,0.8174509394,1.036404221
Hawkins-Bradu-Kass (HBK),LAD,0.1,10,20,61,6,9,29.59864331,20.54367607,0.4852236608,0.5803288506,0.4878012479,-0.07908607449,1.023068774,2.166361601,0.2047725785,0.3524965237
Hawkins-Bradu-Kass (HBK),OLS,0.1,10,21,61,6,9,31.29842199,23.8996228,0.5130888851,0.6259369737,0.4793256735,-0.255361994,1.13909953,2.496807394,0.3072751478,0.5327745186
Hawkins-Bradu-Kass (HBK),LAD,0.1,10,21,61,6,9,28.51785714,18.94186791,0.4675058548,0.5572453901,0.4226190476,0.005051197996,1.103469933,2.510862735,0.04319736375,0.07465992657
Hawkins-Bradu-Kass (HBK),OLS,0.1,10,22,61,6,9,55.58181542,80.5773998,0.911177302,1.149321965,0.7467155338,-3.232443588,1.642652851,3.322967533,1.011712361,1.981611667
Hawkins-Bradu-Kass (HBK),LAD,0.1,10,22,61,6,9,28.77581121,20.15417687,0.47173461,0.5748011327,0.467920354,-0.05862707008,1.341309696,3.42707484,0.1159912908,0.2066979406
Hawkins-Bradu-Kass (HBK),OLS,0.1,10,23,61,6,9,47.08024398,52.26167748,0.7718072783,0.9256072662,0.7176167429,-1.745119628,1.493796588,3.204259335,0.7479102436,1.455877833
Hawkins-Bradu-Kass (HBK),LAD,0.1,10,23,61,6,9,28.83892582,19.68606489,0.4727692757,0.5680865913,0.4612337144,-0.03403881641,1.235279402,3.304828806,0.09086397359,0.1700694482
Hawkins-Bradu-Kass (HBK),OLS,0.1,10,24,61,6,9,47.85057415,56.81225283,0.7844356418,0.9650639393,0.7145976419,-1.98414513,1.582935525,3.394550758,0.796221909,1.386090202
Hawkins-Bradu-Kass (HBK),LAD,0.1,10,24,61,6,9,28.91690489,19.59999541,0.4740476211,0.5668433648,0.4956679019,-0.02951789368,1.352244104,3.464798373,0.1300415026,0.2142003061
Hawkins-Bradu-Kass (HBK),OLS,0.1,10,25,61,6,9,37.79737021,37.02905255,0.6196290199,0.7791236412,0.5546264381,-0.9450041378,1.467274134,3.510549188,0.5564661442,0.8839210922
Hawkins-Bradu-Kass (HBK),LAD,0.1,10,25,61,6,9,28.77924657,19.09482798,0.4717909274,0.5594908104,0.4694080194,-0.002983249131,1.338607403,3.544925572,0.1082927601,0.1853122062
Hawkins-Bradu-Kass (HBK),OLS,0.1,10,26,61,6,9,44.03925672,48.78143477,0.7219550282,0.8942570391,0.5430974665,-1.562314884,1.578684646,4.461733708,0.7087429529,1.30775702
Hawkins-Bradu-Kass (HBK),LAD,0.1,10,26,61,6,9,28.63834012,18.65572422,0.4694809856,0.5530203835,0.4476960285,0.02008130628,1.371250009,4.512220116,0.1329464761,0.244957294
Hawkins-Bradu-Kass (HBK),OLS,0.1,10,27,61,6,9,55.09456854,83.22113946,0.9031896482,1.16802439,0.7229305306,-3.371309809,1.578214154,3.049109179,1.032909433,1.909638956
Hawkins-Bradu-Kass (HBK),LAD,0.1,10,27,61,6,9,28.64600533,19.0350501,0.4696066447,0.5586143587,0.4629161119,0.0001566696668,1.288516325,3.18757267,0.07297140578,0.1062006262
Hawkins-Bradu-Kass (HBK),OLS,0.1,10,28,61,6,9,45.68901815,52.56852941,0.7490002976,0.9283206184,0.6139087787,-1.761237466,1.414424082,3.144950956,0.75126566,1.125004823
Hawkins-Bradu-Kass (HBK),LAD,0.1,10,28,61,6,9,28.77581121,20.15417687,0.47173461,0.5748011327,0.467920354,-0.05862707008,1.169529121,3.207112029,0.1159912908,0.2066979406
Hawkins-Bradu-Kass (HBK),OLS,0.1,10,29,61,6,9,36.11565885,30.56309273,0.5920599811,0.7078377689,0.5169562571,-0.6053703169,1.337111907,3.15737054,0.4512817616,0.7463620877
Hawkins-Bradu-Kass (HBK),LAD,0.1,10,29,61,6,9,28.51596825,19.19343571,0.4674748894,0.5609335853,0.4571746032,-0.008162761753,1.258409971,3.187606117,0.05603177659,0.0914916209
Hawkins-Bradu-Kass (HBK),OLS,0.1,10,30,61,6,9,34.27789565,31.84105469,0.5619327156,0.7224849501,0.5012918455,-0.6724971034,1.009210766,2.043645345,0.4739255474,0.7178374154
Hawkins-Bradu-Kass (HBK),LAD,0.1,10,30,61,6,9,28.70603015,19.16092927,0.4705906582,0.560458379,0.4130653266,-0.006455314157,0.9472829524,2.089133485,0.1060540717,0.1736228915
Hawkins-Bradu-Kass (HBK),OLS,0.2,20,1,61,12,9,48.19932698,60.37215533,0.7901529013,0.9948404216,0.6510972028,-2.171134119,1.860987554,3.354579887,0.8320627294,1.454288404
Hawkins-Bradu-Kass (HBK),LAD,0.2,20,1,61,12,9,28.74783446,19.01614442,0.4712759747,0.5583368808,0.4569778633,0.001149717911,1.624136503,3.439180617,0.1053158183,0.1906695882
Hawkins-Bradu-Kass (HBK),OLS,0.2,20,2,61,12,9,60.76255525,95.68257866,0.9961074632,1.252424394,0.8280821467,-4.02586479,2.142461222,3.613553625,1.127469638,2.145781699
Hawkins-Bradu-Kass (HBK),LAD,0.2,20,2,61,12,9,29.08181176,21.57658943,0.4767510124,0.5947390863,0.4677218768,-0.1333413314,1.868186274,3.728711111,0.1572107382,0.302957984
Hawkins-Bradu-Kass (HBK),OLS,0.2,20,3,61,12,9,38.27724599,36.61993952,0.6274958359,0.774807639,0.4724946898,-0.923514889,2.334844863,4.705686363,0.5504069392,1.161232334
Hawkins-Bradu-Kass (HBK),LAD,0.2,20,3,61,12,9,28.85573743,20.35590213,0.4730448758,0.5776705926,0.4539130435,-0.06922297891,2.201201415,4.75772266,0.1248898296,0.2117410838
Hawkins-Bradu-Kass (HBK),OLS,0.2,20,4,61,12,9,83.35997354,149.8237541,1.366556943,1.567203597,1.374229026,-6.869707744,2.359245212,4.093664616,1.469267857,2.911833516
Hawkins-Bradu-Kass (HBK),LAD,0.2,20,4,61,12,9,30.34888949,23.63646289,0.4975227785,0.6224813235,0.4488687298,-0.2415391418,1.796364526,4.258803091,0.2960448862,0.5437009929
Hawkins-Bradu-Kass (HBK),OLS,0.2,20,5,61,12,9,56.77272531,81.41388729,0.930700415,1.155272215,0.7934732442,-3.276381295,2.471808327,4.736055666,1.018466893,2.073793861
Hawkins-Bradu-Kass (HBK),LAD,0.2,20,5,61,12,9,28.68133167,18.43305632,0.4701857651,0.5497101519,0.4663658992,0.03177725734,2.174239285,4.840252667,0.1384192038,0.171993296
Hawkins-Bradu-Kass (HBK),OLS,0.2,20,6,61,12,9,43.26340432,44.86709711,0.7092361364,0.8576282308,0.642570475,-1.35670868,1.699339707,3.524863041,0.6619268113,1.195852364
Hawkins-Bradu-Kass (HBK),LAD,0.2,20,6,61,12,9,29.93762811,21.65411043,0.4907807887,0.5958065264,0.4740849195,-0.1374132334,1.583522494,3.563932806,0.3049008967,0.4997938326
Hawkins-Bradu-Kass (HBK),OLS,0.2,20,7,61,12,9,82.242465,146.1645264,1.348237131,1.547946956,1.302226114,-6.677501559,2.393280743,3.865107712,1.448710012,3.006960783
Hawkins-Bradu-Kass (HBK),LAD,0.2,20,7,61,12,9,29.56634542,22.07493194,0.4846941873,0.6015680595,0.4379660157,-0.1595174875,1.816963768,4.062834568,0.2696467482,0.4486992399
Hawkins-Bradu-Kass (HBK),OLS,0.2,20,8,61,12,9,48.33617602,56.41201489,0.7923963282,0.9616585305,0.685079886,-1.963122058,1.684230087,3.318065104,0.7920909358,1.181243425
Hawkins-Bradu-Kass (HBK),LAD,0.2,20,8,61,12,9,29.00924121,19.30034489,0.4755613313,0.5624936414,0.4901496693,-0.01377831995,1.452851812,3.385945897,0.1446174873,0.2680727075
Hawkins-Bradu-Kass (HBK),OLS,0.2,20,9,61,12,9,88.32227052,183.0254616,1.447906074,1.732171298,1.462056257,-8.613675094,2.943909449,5.183118087,1.644091946,2.185640456
Hawkins-Bradu-Kass (HBK),LAD,0.2,20,9,61,12,9,30.88633954,23.24664345,0.5063334351,0.6173269114,0.4874954684,-0.2210633161,2.342580677,5.377940128,0.2367272383,0.3948757396
Hawkins-Bradu-Kass (HBK),OLS,0.2,20,10,61,12,9,64.2489135,107.7499979,1.053260877,1.329057338,0.8759268848,-4.65972331,2.351778233,4.201929247,1.212029014,1.909119569
Hawkins-Bradu-Kass (HBK),LAD,0.2,20,10,61,12,9,29.14710958,20.91757603,0.4778214685,0.5855861017,0.4594132873,-0.09872570702,1.971579733,4.333577214,0.1629897077,0.2511660835
Hawkins-Bradu-Kass (HBK),OLS,0.2,20,11,61,12,9,34.16725649,26.07461874,0.5601189589,0.65379872,0.5161838023,-0.3696067778,1.502354458,2.926838979,0.3606572994,0.6512979591
Hawkins-Bradu-Kass (HBK),LAD,0.2,20,11,61,12,9,28.83769617,18.59117573,0.4727491176,0.5520628339,0.4800618477,0.02347180837,1.423946999,2.949005217,0.1550034617,0.2843381974
Hawkins-Bradu-Kass (HBK),OLS,0.2,20,12,61,12,9,41.4137992,46.12495593,0.678914741,0.8695670293,0.5587491515,-1.422779519,1.608648615,3.006790441,0.6773239548,1.247656513
Hawkins-Bradu-Kass (HBK),LAD,0.2,20,12,61,12,9,28.51749575,19.0248534,0.4674999303,0.5584647192,0.4348001701,0.0006922661941,1.482253323,3.058806284,0.04095934076,0.07408507744
Hawkins-Bradu-Kass (HBK),OLS,0.2,20,13,61,12,9,33.90370295,27.84959345,0.5557984091,0.6756853649,0.5674065662,-0.4628398722,1.531517718,2.741568636,0.3989631983,0.6250438055
Hawkins-Bradu-Kass (HBK),LAD,0.2,20,13,61,12,9,28.51596825,19.19343571,0.4674748894,0.5609335853,0.4571746032,-0.008162761753,1.44210563,2.767024327,0.05603177659,0.0914916209
Hawkins-Bradu-Kass (HBK),OLS,0.2,20,14,61,12,9,76.83792861,133.8296727,1.259638174,1.48119177,1.12735445,-6.029595663,2.469569639,3.845208524,1.377152854,2.299765113
Hawkins-Bradu-Kass (HBK),LAD,0.2,20,14,61,12,9,29.03942559,20.69276967,0.4760561572,0.582430882,0.4597911227,-0.08691743001,1.987215866,4.03532356,0.1433756539,0.2429618745
Hawkins-Bradu-Kass (HBK),OLS,0.2,20,15,61,12,9,72.84009722,141.1186111,1.194099954,1.520993049,0.8910060292,-6.412457617,1.962013221,3.410847574,1.419873507,2.751546538
Hawkins-Bradu-Kass (HBK),LAD,0.2,20,15,61,12,9,28.89445069,19.24925778,0.4736795196,0.5617487008,0.5353580802,-0.01109489573,1.537331548,3.66453645,0.1312674222,0.1962829521
Hawkins-Bradu-Kass (HBK),OLS,0.2,20,16,61,12,9,46.20888567,54.60421558,0.7575227159,0.9461242387,0.6555133403,-1.868164804,2.155329258,3.866944897,0.7731571615,1.44136741
Hawkins-Bradu-Kass (HBK),LAD,0.2,20,16,61,12,9,30.30123264,22.24422426,0.4967415188,0.6038703621,0.5303768773,-0.1684098096,1.969089441,3.913003374,0.2976484937,0.572664513
Hawkins-Bradu-Kass (HBK),OLS,0.2,20,17,61,12,9,37.30032251,35.34109617,0.611480697,0.7611584804,0.4961297101,-0.8563418061,1.694026468,3.409227953,0.5310208598,1.007293324
Hawkins-Bradu-Kass (HBK),LAD,0.2,20,17,61,12,9,29.04414834,19.88984544,0.4761335794,0.5710192992,0.4529071934,-0.04474268241,1.606976948,3.439655829,0.1629022283,0.3180071906
Hawkins-Bradu-Kass (HBK),OLS,0.2,20,18,61,12,9,44.92062161,49.38543949,0.7364036329,0.8997762882,0.6159184912,-1.594041099,1.97062064,3.537935707,0.7156942714,0.756531598
Hawkins-Bradu-Kass (HBK),LAD,0.2,20,18,61,12,9,28.69046504,18.41617713,0.4703354924,0.549458409,0.4746403479,0.03266386076,1.802926591,3.603050752,0.1242674388,0.1201214802
Hawkins-Bradu-Kass (HBK),OLS,0.2,20,19,61,12,9,75.59028019,143.8440626,1.239184921,1.535610428,0.9972458773,-6.555615866,2.517389713,4.056964158,1.435520919,2.528595826
Hawkins-Bradu-Kass (HBK),LAD,0.2,20,19,61,12,9,28.92048839,19.38301022,0.474106367,0.5636969628,0.4307325789,-0.0181204348,2.047597042,4.340467871,0.1627517969,0.2896741859
Hawkins-Bradu-Kass (HBK),OLS,0.2,20,20,61,12,9,31.71874563,23.99001979,0.5199794365,0.6271196161,0.4923161413,-0.2601102254,1.068264283,1.895652536,0.3096771451,0.4924664159
Hawkins-Bradu-Kass (HBK),LAD,0.2,20,20,61,12,9,29.43068479,20.36400722,0.4824702424,0.5777855864,0.458625196,-0.06964871021,1.021590697,1.919344955,0.1726498665,0.268292906
Hawkins-Bradu-Kass (HBK),OLS,0.2,20,21,61,12,9,50.56896087,65.04579331,0.8289993585,1.032629886,0.6553799541,-2.416623662,2.062144669,4.040285269,0.8768953197,1.688535211
Hawkins-Bradu-Kass (HBK),LAD,0.2,20,21,61,12,9,28.63246136,19.28376736,0.4693846124,0.5622520198,0.4744946492,-0.01290756103,1.792140758,4.117668079,0.07191240487,0.1428186197
Hawkins-Bradu-Kass (HBK),OLS,0.2,20,22,61,12,9,62.90638023,91.58937031,1.031252135,1.225342845,0.8975570519,-3.810863146,1.917229729,3.327082885,1.097308529,2.236976471
Hawkins-Bradu-Kass (HBK),LAD,0.2,20,22,61,12,9,29.73656987,21.92246153,0.487484752,0.59948696,0.4373865699,-0.1515087601,1.606308206,3.482900675,0.2741083111,0.394719526
Hawkins-Bradu-Kass (HBK),OLS,0.2,20,23,61,12,9,41.92195952,42.95670838,0.687245238,0.8391712186,0.6127701259,-1.256362769,2.028515061,4.600825562,0.6378316827,1.165614251
Hawkins-Bradu-Kass (HBK),LAD,0.2,20,23,61,12,9,28.89621382,19.39470556,0.4737084232,0.5638669992,0.4622937051,-0.01873474949,1.833044087,4.657727287,0.1147476524,0.1467222521
Hawkins-Bradu-Kass (HBK),OLS,0.2,20,24,61,12,9,62.1404509,93.66941789,1.018695916,1.239178852,0.8952564507,-3.920120631,2.346986913,4.081520972,1.112737682,1.915881399
Hawkins-Bradu-Kass (HBK),LAD,0.2,20,24,61,12,9,29.80580271,19.24146717,0.4886197165,0.5616350131,0.4922308188,-0.01068568287,2.03782225,4.208143791,0.2094636617,0.2369197997
Hawkins-Bradu-Kass (HBK),OLS,0.2,20,25,61,12,9,45.83532932,51.44431525,0.7513988413,0.9183405851,0.7090235452,-1.702186503,2.000682249,3.965462994,0.7388980658,1.310286347
Hawkins-Bradu-Kass (HBK),LAD,0.2,20,25,61,12,9,29.01264243,21.26093181,0.475617089,0.5903726498,0.456104178,-0.1167609618,1.819903349,4.015741549,0.1474234051,0.2927958836
Hawkins-Bradu-Kass (HBK),OLS,0.2,20,26,61,12,9,38.65409257,37.91212205,0.6336736488,0.7883591805,0.5144420651,-0.9913886309,2.145641463,4.751680133,0.5693251433,0.9079654547
Hawkins-Bradu-Kass (HBK),LAD,0.2,20,26,61,12,9,29.00187469,19.83591859,0.4754405687,0.5702446785,0.4461766157,-0.04191009722,2.030312385,4.770737224,0.1639740141,0.3181878118
Hawkins-Bradu-Kass (HBK),OLS,0.2,20,27,61,12,9,66.92244224,98.85428585,1.097089217,1.273012986,1.035153046,-4.192463263,2.301772245,4.332205604,1.150296911,2.065293211
Hawkins-Bradu-Kass (HBK),LAD,0.2,20,27,61,12,9,28.63782805,18.95462734,0.4694725911,0.5574330415,0.4382503771,0.004380990775,1.978821458,4.467818948,0.06948642859,0.1138356639
Hawkins-Bradu-Kass (HBK),OLS,0.2,20,28,61,12,9,35.27056393,31.48783393,0.578205966,0.7184664216,0.4474385912,-0.6539436761,1.902764248,3.883004571,0.4677765708,0.8391724593
Hawkins-Bradu-Kass (HBK),LAD,0.2,20,28,61,12,9,28.60345487,18.2798441,0.4689090962,0.5474208394,0.4594382541,0.03982494923,1.826423043,3.911518122,0.1225702968,0.1676340645
Hawkins-Bradu-Kass (HBK),OLS,0.2,20,29,61,12,9,68.84693462,96.4355089,1.128638272,1.257342428,1.144088517,-4.065413532,2.134512136,3.438986983,1.132930229,0.3061607549
Hawkins-Bradu-Kass (HBK),LAD,0.2,20,29,61,12,9,30.18729184,21.74608401,0.4948736366,0.5970704988,0.4086499596,-0.1422442779,1.727920992,3.57349736,0.2755697772,0.2845677862
Hawkins-Bradu-Kass (HBK),OLS,0.2,20,30,61,12,9,92.80818933,215.5109346,1.521445727,1.879618616,1.320023447,-10.32002119,2.653454283,4.137762211,1.798773766,2.740331211
Hawkins-Bradu-Kass (HBK),LAD,0.2,20,30,61,12,9,28.82560241,19.50045716,0.4725508592,0.5654021804,0.4268072289,-0.02428950398,2.01454569,4.471241561,0.1041678568,0.1465676489
Synthetic OLS-LAD,OLS,0,0,1,78,0,184.225,148.3500027,436.2769037,1.901923112,2.365014511,1.694885813,0.9458971414,1.901923112,2.365014511,0,0
Synthetic OLS-LAD,LAD,0,0,1,78,0,184.225,145.1399729,448.0213621,1.860768883,2.396635896,1.510322073,0.9444407068,1.860768883,2.396635896,0,0
Synthetic OLS-LAD,OLS,0,0,2,78,0,184.225,148.3500027,436.2769037,1.901923112,2.365014511,1.694885813,0.9458971414,1.901923112,2.365014511,0,0
Synthetic OLS-LAD,LAD,0,0,2,78,0,184.225,145.1399729,448.0213621,1.860768883,2.396635896,1.510322073,0.9444407068,1.860768883,2.396635896,0,0
Synthetic OLS-LAD,OLS,0,0,3,78,0,184.225,148.3500027,436.2769037,1.901923112,2.365014511,1.694885813,0.9458971414,1.901923112,2.365014511,0,0
Synthetic OLS-LAD,LAD,0,0,3,78,0,184.225,145.1399729,448.0213621,1.860768883,2.396635896,1.510322073,0.9444407068,1.860768883,2.396635896,0,0
Synthetic OLS-LAD,OLS,0,0,4,78,0,184.225,148.3500027,436.2769037,1.901923112,2.365014511,1.694885813,0.9458971414,1.901923112,2.365014511,0,0
Synthetic OLS-LAD,LAD,0,0,4,78,0,184.225,145.1399729,448.0213621,1.860768883,2.396635896,1.510322073,0.9444407068,1.860768883,2.396635896,0,0
Synthetic OLS-LAD,OLS,0,0,5,78,0,184.225,148.3500027,436.2769037,1.901923112,2.365014511,1.694885813,0.9458971414,1.901923112,2.365014511,0,0
Synthetic OLS-LAD,LAD,0,0,5,78,0,184.225,145.1399729,448.0213621,1.860768883,2.396635896,1.510322073,0.9444407068,1.860768883,2.396635896,0,0
Synthetic OLS-LAD,OLS,0,0,6,78,0,184.225,148.3500027,436.2769037,1.901923112,2.365014511,1.694885813,0.9458971414,1.901923112,2.365014511,0,0
Synthetic OLS-LAD,LAD,0,0,6,78,0,184.225,145.1399729,448.0213621,1.860768883,2.396635896,1.510322073,0.9444407068,1.860768883,2.396635896,0,0
Synthetic OLS-LAD,OLS,0,0,7,78,0,184.225,148.3500027,436.2769037,1.901923112,2.365014511,1.694885813,0.9458971414,1.901923112,2.365014511,0,0
Synthetic OLS-LAD,LAD,0,0,7,78,0,184.225,145.1399729,448.0213621,1.860768883,2.396635896,1.510322073,0.9444407068,1.860768883,2.396635896,0,0
Synthetic OLS-LAD,OLS,0,0,8,78,0,184.225,148.3500027,436.2769037,1.901923112,2.365014511,1.694885813,0.9458971414,1.901923112,2.365014511,0,0
Synthetic OLS-LAD,LAD,0,0,8,78,0,184.225,145.1399729,448.0213621,1.860768883,2.396635896,1.510322073,0.9444407068,1.860768883,2.396635896,0,0
Synthetic OLS-LAD,OLS,0,0,9,78,0,184.225,148.3500027,436.2769037,1.901923112,2.365014511,1.694885813,0.9458971414,1.901923112,2.365014511,0,0
Synthetic OLS-LAD,LAD,0,0,9,78,0,184.225,145.1399729,448.0213621,1.860768883,2.396635896,1.510322073,0.9444407068,1.860768883,2.396635896,0,0
Synthetic OLS-LAD,OLS,0,0,10,78,0,184.225,148.3500027,436.2769037,1.901923112,2.365014511,1.694885813,0.9458971414,1.901923112,2.365014511,0,0
Synthetic OLS-LAD,LAD,0,0,10,78,0,184.225,145.1399729,448.0213621,1.860768883,2.396635896,1.510322073,0.9444407068,1.860768883,2.396635896,0,0
Synthetic OLS-LAD,OLS,0,0,11,78,0,184.225,148.3500027,436.2769037,1.901923112,2.365014511,1.694885813,0.9458971414,1.901923112,2.365014511,0,0
Synthetic OLS-LAD,LAD,0,0,11,78,0,184.225,145.1399729,448.0213621,1.860768883,2.396635896,1.510322073,0.9444407068,1.860768883,2.396635896,0,0
Synthetic OLS-LAD,OLS,0,0,12,78,0,184.225,148.3500027,436.2769037,1.901923112,2.365014511,1.694885813,0.9458971414,1.901923112,2.365014511,0,0
Synthetic OLS-LAD,LAD,0,0,12,78,0,184.225,145.1399729,448.0213621,1.860768883,2.396635896,1.510322073,0.9444407068,1.860768883,2.396635896,0,0
Synthetic OLS-LAD,OLS,0,0,13,78,0,184.225,148.3500027,436.2769037,1.901923112,2.365014511,1.694885813,0.9458971414,1.901923112,2.365014511,0,0
Synthetic OLS-LAD,LAD,0,0,13,78,0,184.225,145.1399729,448.0213621,1.860768883,2.396635896,1.510322073,0.9444407068,1.860768883,2.396635896,0,0
Synthetic OLS-LAD,OLS,0,0,14,78,0,184.225,148.3500027,436.2769037,1.901923112,2.365014511,1.694885813,0.9458971414,1.901923112,2.365014511,0,0
Synthetic OLS-LAD,LAD,0,0,14,78,0,184.225,145.1399729,448.0213621,1.860768883,2.396635896,1.510322073,0.9444407068,1.860768883,2.396635896,0,0
Synthetic OLS-LAD,OLS,0,0,15,78,0,184.225,148.3500027,436.2769037,1.901923112,2.365014511,1.694885813,0.9458971414,1.901923112,2.365014511,0,0
Synthetic OLS-LAD,LAD,0,0,15,78,0,184.225,145.1399729,448.0213621,1.860768883,2.396635896,1.510322073,0.9444407068,1.860768883,2.396635896,0,0
Synthetic OLS-LAD,OLS,0,0,16,78,0,184.225,148.3500027,436.2769037,1.901923112,2.365014511,1.694885813,0.9458971414,1.901923112,2.365014511,0,0
Synthetic OLS-LAD,LAD,0,0,16,78,0,184.225,145.1399729,448.0213621,1.860768883,2.396635896,1.510322073,0.9444407068,1.860768883,2.396635896,0,0
Synthetic OLS-LAD,OLS,0,0,17,78,0,184.225,148.3500027,436.2769037,1.901923112,2.365014511,1.694885813,0.9458971414,1.901923112,2.365014511,0,0
Synthetic OLS-LAD,LAD,0,0,17,78,0,184.225,145.1399729,448.0213621,1.860768883,2.396635896,1.510322073,0.9444407068,1.860768883,2.396635896,0,0
Synthetic OLS-LAD,OLS,0,0,18,78,0,184.225,148.3500027,436.2769037,1.901923112,2.365014511,1.694885813,0.9458971414,1.901923112,2.365014511,0,0
Synthetic OLS-LAD,LAD,0,0,18,78,0,184.225,145.1399729,448.0213621,1.860768883,2.396635896,1.510322073,0.9444407068,1.860768883,2.396635896,0,0
Synthetic OLS-LAD,OLS,0,0,19,78,0,184.225,148.3500027,436.2769037,1.901923112,2.365014511,1.694885813,0.9458971414,1.901923112,2.365014511,0,0
Synthetic OLS-LAD,LAD,0,0,19,78,0,184.225,145.1399729,448.0213621,1.860768883,2.396635896,1.510322073,0.9444407068,1.860768883,2.396635896,0,0
Synthetic OLS-LAD,OLS,0,0,20,78,0,184.225,148.3500027,436.2769037,1.901923112,2.365014511,1.694885813,0.9458971414,1.901923112,2.365014511,0,0
Synthetic OLS-LAD,LAD,0,0,20,78,0,184.225,145.1399729,448.0213621,1.860768883,2.396635896,1.510322073,0.9444407068,1.860768883,2.396635896,0,0
Synthetic OLS-LAD,OLS,0,0,21,78,0,184.225,148.3500027,436.2769037,1.901923112,2.365014511,1.694885813,0.9458971414,1.901923112,2.365014511,0,0
Synthetic OLS-LAD,LAD,0,0,21,78,0,184.225,145.1399729,448.0213621,1.860768883,2.396635896,1.510322073,0.9444407068,1.860768883,2.396635896,0,0
Synthetic OLS-LAD,OLS,0,0,22,78,0,184.225,148.3500027,436.2769037,1.901923112,2.365014511,1.694885813,0.9458971414,1.901923112,2.365014511,0,0
Synthetic OLS-LAD,LAD,0,0,22,78,0,184.225,145.1399729,448.0213621,1.860768883,2.396635896,1.510322073,0.9444407068,1.860768883,2.396635896,0,0
Synthetic OLS-LAD,OLS,0,0,23,78,0,184.225,148.3500027,436.2769037,1.901923112,2.365014511,1.694885813,0.9458971414,1.901923112,2.365014511,0,0
Synthetic OLS-LAD,LAD,0,0,23,78,0,184.225,145.1399729,448.0213621,1.860768883,2.396635896,1.510322073,0.9444407068,1.860768883,2.396635896,0,0
Synthetic OLS-LAD,OLS,0,0,24,78,0,184.225,148.3500027,436.2769037,1.901923112,2.365014511,1.694885813,0.9458971414,1.901923112,2.365014511,0,0
Synthetic OLS-LAD,LAD,0,0,24,78,0,184.225,145.1399729,448.0213621,1.860768883,2.396635896,1.510322073,0.9444407068,1.860768883,2.396635896,0,0
Synthetic OLS-LAD,OLS,0,0,25,78,0,184.225,148.3500027,436.2769037,1.901923112,2.365014511,1.694885813,0.9458971414,1.901923112,2.365014511,0,0
Synthetic OLS-LAD,LAD,0,0,25,78,0,184.225,145.1399729,448.0213621,1.860768883,2.396635896,1.510322073,0.9444407068,1.860768883,2.396635896,0,0
Synthetic OLS-LAD,OLS,0,0,26,78,0,184.225,148.3500027,436.2769037,1.901923112,2.365014511,1.694885813,0.9458971414,1.901923112,2.365014511,0,0
Synthetic OLS-LAD,LAD,0,0,26,78,0,184.225,145.1399729,448.0213621,1.860768883,2.396635896,1.510322073,0.9444407068,1.860768883,2.396635896,0,0
Synthetic OLS-LAD,OLS,0,0,27,78,0,184.225,148.3500027,436.2769037,1.901923112,2.365014511,1.694885813,0.9458971414,1.901923112,2.365014511,0,0
Synthetic OLS-LAD,LAD,0,0,27,78,0,184.225,145.1399729,448.0213621,1.860768883,2.396635896,1.510322073,0.9444407068,1.860768883,2.396635896,0,0
Synthetic OLS-LAD,OLS,0,0,28,78,0,184.225,148.3500027,436.2769037,1.901923112,2.365014511,1.694885813,0.9458971414,1.901923112,2.365014511,0,0
Synthetic OLS-LAD,LAD,0,0,28,78,0,184.225,145.1399729,448.0213621,1.860768883,2.396635896,1.510322073,0.9444407068,1.860768883,2.396635896,0,0
Synthetic OLS-LAD,OLS,0,0,29,78,0,184.225,148.3500027,436.2769037,1.901923112,2.365014511,1.694885813,0.9458971414,1.901923112,2.365014511,0,0
Synthetic OLS-LAD,LAD,0,0,29,78,0,184.225,145.1399729,448.0213621,1.860768883,2.396635896,1.510322073,0.9444407068,1.860768883,2.396635896,0,0
Synthetic OLS-LAD,OLS,0,0,30,78,0,184.225,148.3500027,436.2769037,1.901923112,2.365014511,1.694885813,0.9458971414,1.901923112,2.365014511,0,0
Synthetic OLS-LAD,LAD,0,0,30,78,0,184.225,145.1399729,448.0213621,1.860768883,2.396635896,1.510322073,0.9444407068,1.860768883,2.396635896,0,0
Synthetic OLS-LAD,OLS,0.05,5,1,78,4,184.225,1110.355346,23279.90085,14.23532495,17.27600264,12.70901857,-1.886949033,23.56915274,59.73491492,17.11335659,7.794592552
Synthetic OLS-LAD,LAD,0.05,5,1,78,4,184.225,145.3080279,448.0996417,1.862923435,2.39684526,1.490872948,0.9444309993,12.994963,62.07203528,0.07207471051,0.004455352902
Synthetic OLS-LAD,OLS,0.05,5,2,78,4,184.225,297.026044,1800.489735,3.808026205,4.804498072,3.086451136,0.7767206084,6.852723521,20.13436455,4.182093745,0.6224160768
Synthetic OLS-LAD,LAD,0.05,5,2,78,4,184.225,145.8087418,449.1140971,1.869342844,2.399556842,1.57313453,0.9443051963,5.182444334,20.51704626,0.3339953238,0.07854081968
Synthetic OLS-LAD,OLS,0.05,5,3,78,4,184.225,288.332816,1612.014248,3.696574564,4.546080656,3.322529867,0.8000935226,6.335542661,14.11018712,3.882467732,1.830562171
Synthetic OLS-LAD,LAD,0.05,5,3,78,4,184.225,146.0877263,445.325457,1.872919568,2.389414307,1.52609047,0.9447750269,4.890014056,14.65064484,0.2779690341,0.1001486488
Synthetic OLS-LAD,OLS,0.05,5,4,78,4,184.225,351.3018364,2580.367084,4.503869698,5.751663175,3.156178443,0.6800077327,7.800168219,19.63285002,5.24293197,0.6526419447
Synthetic OLS-LAD,LAD,0.05,5,4,78,4,184.225,145.8447537,448.2866148,1.869804534,2.397345259,1.584490385,0.9444078127,5.671558145,20.27013188,0.3293174939,0.07510326917
Synthetic OLS-LAD,OLS,0.05,5,5,78,4,184.225,669.4053286,8259.769785,8.582119598,10.29050458,7.735290846,-0.0242970769,14.94485642,42.13474882,10.01504822,3.384953585
Synthetic OLS-LAD,LAD,0.05,5,5,78,4,184.225,145.29161,450.020268,1.862712949,2.401976398,1.467025577,0.9441928217,8.998033921,43.26398854,0.04260187607,0.01071316713
Synthetic OLS-LAD,OLS,0.05,5,6,78,4,184.225,572.6639116,6463.482875,7.341845021,9.103030543,6.582558684,0.1984611209,12.07200251,30.19968853,8.790442049,4.174023552
Synthetic OLS-LAD,LAD,0.05,5,6,78,4,184.225,145.948283,457.3467196,1.871131833,2.421449872,1.459228866,0.9432842658,7.498808886,31.3312387,0.159096785,0.07113659635
Synthetic OLS-LAD,OLS,0.05,5,7,78,4,184.225,635.4555095,8563.296475,8.146865506,10.47787441,6.501917277,-0.06193753288,15.96124628,42.49081714,10.20747562,3.589938665
Synthetic OLS-LAD,LAD,0.05,5,7,78,4,184.225,145.3803715,451.3088602,1.863850916,2.40541286,1.445004397,0.9440330229,10.35509136,43.61523585,0.05266629787,0.02340108223
Synthetic OLS-LAD,OLS,0.05,5,8,78,4,184.225,414.1325625,3082.87289,5.309391827,6.2868125,4.503085862,0.6176918035,12.58159853,34.21265529,5.825007964,0.8827473028
Synthetic OLS-LAD,LAD,0.05,5,8,78,4,184.225,145.191789,443.7833245,1.861433192,2.385273528,1.471451376,0.9449662673,9.539771997,34.69421774,0.1134623552,0.0502424252
Synthetic OLS-LAD,OLS,0.05,5,9,78,4,184.225,481.2989233,4368.511269,6.170499017,7.483752717,5.897220328,0.4582593172,12.0555868,30.83771445,7.100229651,0.8230606093
Synthetic OLS-LAD,LAD,0.05,5,9,78,4,184.225,145.7255376,448.122585,1.868276123,2.39690662,1.580870827,0.9444281541,8.232828537,31.64554332,0.3240744675,0.08714292784
Synthetic OLS-LAD,OLS,0.05,5,10,78,4,184.225,584.7545907,6300.847732,7.496853728,8.987774982,6.883908963,0.2186295646,11.58637232,33.79417438,8.67103255,2.053458086
Synthetic OLS-LAD,LAD,0.05,5,10,78,4,184.225,145.7550961,447.672144,1.868655078,2.395701664,1.600528823,0.9444840134,7.101334572,34.91744228,0.3106350858,0.0757469358
Synthetic OLS-LAD,OLS,0.05,5,11,78,4,184.225,879.555417,13126.1755,11.2763515,12.97244392,10.76891871,-0.6277818317,20.89542827,55.64234876,12.75503852,0.6503507946
Synthetic OLS-LAD,LAD,0.05,5,11,78,4,184.225,145.2214658,448.701877,1.861813664,2.398455371,1.463597399,0.9443563159,12.84533616,57.05669935,0.04173478123,0.003672279005
Synthetic OLS-LAD,OLS,0.05,5,12,78,4,184.225,724.678809,8269.439386,9.290753961,10.29652629,9.058847157,-0.0254962076,17.2400114,41.37144283,10.02123545,0.4634473149
Synthetic OLS-LAD,LAD,0.05,5,12,78,4,184.225,145.8148276,442.6992418,1.869420866,2.382358349,1.576512329,0.9451007049,10.87873437,42.54533858,0.2468926994,0.09148720642
Synthetic OLS-LAD,OLS,0.05,5,13,78,4,184.225,437.8855019,3539.534214,5.613916691,6.736367253,5.29261914,0.5610610655,13.03328114,40.57276551,6.307562931,0.8040163726
Synthetic OLS-LAD,LAD,0.05,5,13,78,4,184.225,145.2153823,445.4928938,1.861735671,2.38986346,1.502804883,0.944754263,9.702461021,41.07017262,0.06572363304,0.01652763516
Synthetic OLS-LAD,OLS,0.05,5,14,78,4,184.225,500.7145924,4943.180139,6.419417851,7.96078541,5.16309872,0.3869944201,10.7026873,26.98522301,7.601369002,1.582813411
Synthetic OLS-LAD,LAD,0.05,5,14,78,4,184.225,146.3020149,451.8441803,1.875666858,2.406839028,1.586233635,0.9439666377,6.828380974,27.96612303,0.2722896671,0.03520592435
Synthetic OLS-LAD,OLS,0.05,5,15,78,4,184.225,267.6301241,1418.333693,3.431155437,4.26424264,2.784524798,0.8241119192,5.725809474,12.1737663,3.548305462,0.2715799823
Synthetic OLS-LAD,LAD,0.05,5,15,78,4,184.225,147.4929599,452.7514121,1.890935383,2.409254093,1.684950042,0.9438541315,4.542480139,12.59128284,0.4091189642,0.05311982893
Synthetic OLS-LAD,OLS,0.05,5,16,78,4,184.225,386.766974,3134.909725,4.958550949,6.339649069,4.366782047,0.6112386966,15.38520709,53.18585205,5.881994277,1.379585175
Synthetic OLS-LAD,LAD,0.05,5,16,78,4,184.225,145.1399729,448.0213621,1.860768883,2.396635896,1.510322073,0.9444407068,12.52657583,53.48084483,2.650816682e-14,5.180115513e-15
Synthetic OLS-LAD,OLS,0.05,5,17,78,4,184.225,847.1389672,12776.48769,10.86075599,12.79848132,10.27848289,-0.5844169183,20.74378134,60.45763617,12.57806943,1.799217109
Synthetic OLS-LAD,LAD,0.05,5,17,78,4,184.225,146.7181434,457.5729019,1.881001839,2.422048566,1.574060704,0.9432562168,13.07400331,61.6543186,0.3316301024,0.04498492594
Synthetic OLS-LAD,OLS,0.05,5,18,78,4,184.225,315.2173667,1935.77953,4.041248292,4.981735269,3.525539662,0.7599432713,8.236146745,24.65539687,4.384562994,1.665404685
Synthetic OLS-LAD,LAD,0.05,5,18,78,4,184.225,145.1399729,448.0213621,1.860768883,2.396635896,1.510322073,0.9444407068,6.245502391,24.9819447,3.324811054e-14,2.603703786e-15
Synthetic OLS-LAD,OLS,0.05,5,19,78,4,184.225,455.6383162,3883.650411,5.841516874,7.056230572,5.451917884,0.5183870898,12.79149655,38.98951624,6.648089669,0.7312494147
Synthetic OLS-LAD,LAD,0.05,5,19,78,4,184.225,145.191789,443.7833245,1.861433192,2.385273528,1.471451376,0.9449662673,9.062660894,39.53514511,0.1134623552,0.0502424252
Synthetic OLS-LAD,OLS,0.05,5,20,78,4,184.225,906.5469518,15753.52873,11.62239682,14.21155576,11.74798848,-0.9536008684,19.85939099,56.57327738,14.01338729,5.058169788
Synthetic OLS-LAD,LAD,0.05,5,20,78,4,184.225,145.9026048,446.2214985,1.870546216,2.391816975,1.611333711,0.9446639085,11.72346463,58.33702479,0.3241425045,0.07678471161
Synthetic OLS-LAD,OLS,0.05,5,21,78,4,184.225,392.6545071,2917.610431,5.034032142,6.115984135,4.866326939,0.6381860616,10.37402191,27.72956602,5.640209952,1.099490938
Synthetic OLS-LAD,LAD,0.05,5,21,78,4,184.225,146.8392198,445.5360401,1.8825541,2.389979187,1.700140697,0.9447489125,7.740944855,28.28450645,0.3559414846,0.04544429156
Synthetic OLS-LAD,OLS,0.05,5,22,78,4,184.225,285.7609658,1666.388909,3.663602126,4.622116438,3.141134589,0.793350501,6.493326777,15.98783491,3.971229876,1.61068205
Synthetic OLS-LAD,LAD,0.05,5,22,78,4,184.225,145.1921103,443.7818589,1.861437312,2.385269589,1.471419541,0.9449664491,5.06931948,16.5256558,0.1134667582,0.05026617954
Synthetic OLS-LAD,OLS,0.05,5,23,78,4,184.225,535.2225335,5364.306237,6.861827353,8.292958271,6.037549406,0.3347704184,9.773282594,28.34251771,7.948576177,1.715074843
Synthetic OLS-LAD,LAD,0.05,5,23,78,4,184.225,145.424315,450.9902834,1.864414295,2.404563726,1.461143868,0.9440725297,5.814690839,29.35424329,0.06430435619,0.01189863595
Synthetic OLS-LAD,OLS,0.05,5,24,78,4,184.225,742.9188403,10494.48387,9.524600517,11.59933899,8.615791419,-0.3014247897,19.26019157,56.7724817,11.35567574,2.266227912
Synthetic OLS-LAD,LAD,0.05,5,24,78,4,184.225,145.734051,449.2492541,1.868385269,2.399917878,1.596262004,0.9442884354,12.23415198,57.85949701,0.2853296108,0.05657798769
Synthetic OLS-LAD,OLS,0.05,5,25,78,4,184.225,446.3450246,3609.350683,5.72237211,6.802479453,5.434182113,0.5524030995,12.39564965,33.65271713,6.378121438,0.6501442603
Synthetic OLS-LAD,LAD,0.05,5,25,78,4,184.225,145.4945159,449.8685742,1.865314307,2.401571532,1.516021,0.9442116333,8.987606056,34.22771172,0.1093239247,0.0127668414
Synthetic OLS-LAD,OLS,0.05,5,26,78,4,184.225,617.8076068,7500.975929,7.920610343,9.806444721,7.565783647,0.06980122713,15.82073458,44.17279121,9.516988202,1.298987446
Synthetic OLS-LAD,LAD,0.05,5,26,78,4,184.225,145.3774255,448.7824226,1.863813148,2.398670632,1.500481249,0.9443463274,10.58990025,45.14629095,0.08482295418,0.008488242117
Synthetic OLS-LAD,OLS,0.05,5,27,78,4,184.225,348.7855555,1992.664293,4.471609686,5.054401855,4.607181347,0.7528889711,9.01258272,32.11848199,4.46695472,0.2452151967
Synthetic OLS-LAD,LAD,0.05,5,27,78,4,184.225,145.1399729,448.0213621,1.860768883,2.396635896,1.510322073,0.9444407068,6.395256376,32.42252929,2.717638409e-14,7.609888456e-15
Synthetic OLS-LAD,OLS,0.05,5,28,78,4,184.225,848.5306533,13921.56166,10.87859812,13.35969909,10.48398584,-0.7264179619,20.76768907,50.52956314,13.14869827,4.301038388
Synthetic OLS-LAD,LAD,0.05,5,28,78,4,184.225,145.2133414,448.8026313,1.861709505,2.398724638,1.478856025,0.9443438213,12.77212658,52.13443464,0.04042116006,0.009583596364
Synthetic OLS-LAD,OLS,0.05,5,29,78,4,184.225,901.9165037,13868.67265,11.5630321,13.33429771,10.85213166,-0.7198591754,22.27091036,61.96605643,13.12288847,4.182902728
Synthetic OLS-LAD,LAD,0.05,5,29,78,4,184.225,145.6654406,450.7944872,1.867505649,2.404041702,1.544319768,0.9440968105,13.84598495,63.27805366,0.1529506297,0.02818811722
Synthetic OLS-LAD,OLS,0.05,5,30,78,4,184.225,184.9448008,648.6524984,2.37108719,2.883757561,1.853045178,0.919560366,5.851117758,17.86023271,1.650080009,0.6242263685
Synthetic OLS-LAD,LAD,0.05,5,30,78,4,184.225,145.6209729,448.8076551,1.86693555,2.398738063,1.568616306,0.9443431983,5.353819915,17.96668654,0.1425793938,0.01485365675
Synthetic OLS-LAD,OLS,0.1,10,1,78,8,184.225,419.4110367,3394.594507,5.377064573,6.597002532,4.962935248,0.5790350916,14.14825476,33.09382418,6.158502153,0.4976091265
Synthetic OLS-LAD,LAD,0.1,10,1,78,8,184.225,145.4761343,447.8081175,1.865078644,2.396065465,1.578782562,0.9444671513,11.27078247,33.67354107,0.1489593142,0.01310705713
Synthetic OLS-LAD,OLS,0.1,10,2,78,8,184.225,1049.934879,21683.88541,13.46070358,16.67328794,10.50508856,-1.689026573,27.68153801,60.29272534,16.50470349,4.147044459
Synthetic OLS-LAD,LAD,0.1,10,2,78,8,184.225,147.4590813,452.3639196,1.890501043,2.408222878,1.679903147,0.9439021846,18.24953703,62.40484983,0.4045879365,0.05175482901
Synthetic OLS-LAD,OLS,0.1,10,3,78,8,184.225,1229.351765,27445.36848,15.76092007,18.75803024,14.52971566,-2.403510199,31.3917205,60.78995702,18.60834234,1.538562883
Synthetic OLS-LAD,LAD,0.1,10,3,78,8,184.225,146.8795559,445.49811,1.88307123,2.389877451,1.625868907,0.9447536162,20.8943655,63.53148328,0.372449217,0.07019652701
Synthetic OLS-LAD,OLS,0.1,10,4,78,8,184.225,586.806043,7169.975328,7.523154397,9.58763582,6.091902974,0.1108487329,28.20850608,73.22242548,9.291365184,3.599284248
Synthetic OLS-LAD,LAD,0.1,10,4,78,8,184.225,145.191789,443.7833245,1.861433192,2.385273528,1.471451376,0.9449662673,23.24253715,73.84647918,0.1134623552,0.0502424252
Synthetic OLS-LAD,OLS,0.1,10,5,78,8,184.225,316.6762552,2077.927443,4.05995199,5.161404405,3.323469242,0.7423154565,13.78793839,42.16013243,4.587679347,0.818571858
Synthetic OLS-LAD,LAD,0.1,10,5,78,8,184.225,145.1921103,443.7818589,1.861437312,2.385269589,1.471419541,0.9449664491,12.01219876,42.41930558,0.1134667582,0.05026617954
Synthetic OLS-LAD,OLS,0.1,10,6,78,8,184.225,539.3723846,5565.184455,6.915030572,8.446805234,6.777363004,0.309859437,20.37528175,57.93388773,8.108959552,1.578505122
Synthetic OLS-LAD,LAD,0.1,10,6,78,8,184.225,147.5647889,452.4709555,1.891856268,2.408507772,1.718056025,0.943888911,15.99710961,58.48356741,0.4092492709,0.04934058631
Synthetic OLS-LAD,OLS,0.1,10,7,78,8,184.225,1149.496489,24370.43074,14.73713448,17.67601255,13.0749537,-2.022186044,23.57261555,47.66521287,17.51708098,3.341684459
Synthetic OLS-LAD,LAD,0.1,10,7,78,8,184.225,148.2708252,445.4786998,1.900908016,2.389825387,1.700217636,0.9447560232,14.05607731,50.73249113,0.4913059121,0.09172194235
Synthetic OLS-LAD,OLS,0.1,10,8,78,8,184.225,603.6264234,6596.920054,7.738800301,9.196515543,6.675851397,0.1819135274,23.20109097,65.72534516,8.88721579,4.311648098
Synthetic OLS-LAD,LAD,0.1,10,8,78,8,184.225,145.7001311,450.7047501,1.867950399,2.40380241,1.534431984,0.9441079388,18.28100202,66.27898953,0.1551594035,0.009877409924
Synthetic OLS-LAD,OLS,0.1,10,9,78,8,184.225,206.9831707,818.884481,2.653630393,3.240141816,2.295575319,0.8984498355,16.90755829,50.43766321,2.214774334,0.108569685
Synthetic OLS-LAD,LAD,0.1,10,9,78,8,184.225,145.7388283,446.9054352,1.868446516,2.393649277,1.608911711,0.9445790933,16.17259705,50.50037158,0.3056739379,0.101931046
Synthetic OLS-LAD,OLS,0.1,10,10,78,8,184.225,811.5102828,11438.42232,10.40397799,12.10976631,9.820734543,-0.418482942,25.18924401,56.95970981,11.87657974,1.643461751
Synthetic OLS-LAD,LAD,0.1,10,10,78,8,184.225,146.4439738,448.6047174,1.877486844,2.398195682,1.730351239,0.9443683647,18.36555175,58.17014121,0.3230991507,0.0219947558
Synthetic OLS-LAD,OLS,0.1,10,11,78,8,184.225,466.3313331,3818.398185,5.978606834,6.996700857,5.923564076,0.5264790423,15.99400583,44.47592465,6.58487124,2.666153311
Synthetic OLS-LAD,LAD,0.1,10,11,78,8,184.225,145.4637547,451.1884582,1.864919933,2.405091976,1.465843886,0.944047954,12.4709132,44.92863413,0.06905074725,0.01215227929
Synthetic OLS-LAD,OLS,0.1,10,12,78,8,184.225,639.3329793,7613.271998,8.196576657,9.879577484,7.268122827,0.05587535047,22.25735676,58.28330611,9.592328061,2.182518211
Synthetic OLS-LAD,LAD,0.1,10,12,78,8,184.225,145.8108467,449.6757403,1.86936983,2.401056766,1.618080948,0.9442355467,16.96162555,59.03765693,0.1909114631,0.03002896081
Synthetic OLS-LAD,OLS,0.1,10,13,78,8,184.225,1260.196403,30601.14626,16.15636414,19.80712973,12.83375316,-2.794859358,32.34588648,70.59610251,19.66542891,7.244577029
Synthetic OLS-LAD,LAD,0.1,10,13,78,8,184.225,146.7637889,451.9805784,1.881587037,2.407202276,1.613619445,0.9439497229,21.29263622,73.17078918,0.3393952203,0.02176190143
Synthetic OLS-LAD,OLS,0.1,10,14,78,8,184.225,1595.633564,47741.86531,20.45684057,24.74015352,18.06523077,-4.920486207,37.00314807,72.37829067,24.62685328,5.788505576
Synthetic OLS-LAD,LAD,0.1,10,14,78,8,184.225,146.6789858,458.7217756,1.880499818,2.425087298,1.509528811,0.9431137446,23.04658932,76.30831138,0.2312708338,0.03944660544
Synthetic OLS-LAD,OLS,0.1,10,15,78,8,184.225,448.146491,3833.700632,5.745467833,7.010706676,4.669279831,0.5245813803,15.46744189,38.85208651,6.599751091,1.34712557
Synthetic OLS-LAD,LAD,0.1,10,15,78,8,184.225,145.5262329,447.1273288,1.865720934,2.39424344,1.598932896,0.9445515762,12.02038692,39.39622811,0.140169119,0.01148869985
Synthetic OLS-LAD,OLS,0.1,10,16,78,8,184.225,388.7715672,2829.774227,4.984250861,6.023218139,4.65285735,0.6490786615,18.99576013,49.63100723,5.539482207,2.700393346
Synthetic OLS-LAD,LAD,0.1,10,16,78,8,184.225,145.7441611,453.4698422,1.868514886,2.411164848,1.497113552,0.9437650387,16.48682217,49.89030039,0.1477532364,0.05300776822
Synthetic OLS-LAD,OLS,0.1,10,17,78,8,184.225,1483.223101,39606.39888,19.01568078,22.53384886,20.64558849,-3.911604034,35.19888967,68.0235356,22.40939649,1.781574802
Synthetic OLS-LAD,LAD,0.1,10,17,78,8,184.225,146.3271463,450.866891,1.875989055,2.404234755,1.501135518,0.9440878317,22.58732556,71.50452163,0.2571513762,0.07663714489
Synthetic OLS-LAD,OLS,0.1,10,18,78,8,184.225,1054.299018,21382.63306,13.51665408,16.55706258,11.27746577,-1.651668159,28.55395933,70.8627997,16.3872825,3.496099885
Synthetic OLS-LAD,LAD,0.1,10,18,78,8,184.225,145.1399729,448.0213621,1.860768883,2.396635896,1.510322073,0.9444407068,19.30502586,72.77698203,3.763535549e-14,5.265079795e-15
Synthetic OLS-LAD,OLS,0.1,10,19,78,8,184.225,1017.473829,18972.65773,13.04453627,15.59612778,11.01239436,-1.352806235,24.80951216,49.58538421,15.41576816,3.470552692
Synthetic OLS-LAD,LAD,0.1,10,19,78,8,184.225,146.540782,453.7686894,1.878727975,2.411959224,1.512618361,0.9437279786,16.93393138,51.86201531,0.4361997102,0.134992345
Synthetic OLS-LAD,OLS,0.1,10,20,78,8,184.225,1025.710054,18598.02797,13.1501289,15.44138129,12.56341194,-1.306348261,29.3265159,65.39418483,15.25919272,2.030617496
Synthetic OLS-LAD,LAD,0.1,10,20,78,8,184.225,148.2117347,461.3652063,1.900150445,2.432064666,1.669619738,0.9427859318,20.17495853,67.06687544,0.4627990704,0.04534539736
Synthetic OLS-LAD,OLS,0.1,10,21,78,8,184.225,671.7382993,9691.499089,8.612029478,11.14674788,6.691431501,-0.2018463524,22.11967114,53.10954134,10.89296538,2.253629654
Synthetic OLS-LAD,LAD,0.1,10,21,78,8,184.225,145.29161,450.020268,1.862712949,2.401976398,1.467025577,0.9441928217,17.09344936,54.15577334,0.04260187607,0.01071316713
Synthetic OLS-LAD,OLS,0.1,10,22,78,8,184.225,904.0793141,14888.16795,11.59076044,13.81571381,10.78678406,-0.846287161,29.5460705,73.04565579,13.61178366,1.40622219
Synthetic OLS-LAD,LAD,0.1,10,22,78,8,184.225,146.5557906,445.3718193,1.878920392,2.389538683,1.626184875,0.9447692775,21.82699968,74.29730003,0.3584216051,0.072867226
Synthetic OLS-LAD,OLS,0.1,10,23,78,8,184.225,1106.990595,22851.11221,14.19218712,17.11616128,12.12640502,-1.833774796,32.98597382,74.55182293,16.9519817,3.440776202
Synthetic OLS-LAD,LAD,0.1,10,23,78,8,184.225,145.2133414,448.8026313,1.861709505,2.398724638,1.478856025,0.9443438213,22.70156072,76.44474144,0.04042116006,0.009583596364
Synthetic OLS-LAD,OLS,0.1,10,24,78,8,184.225,693.9462267,9246.921841,8.896746496,10.88807972,7.767058855,-0.146714165,24.48609947,69.26203246,10.62812243,2.908427991
Synthetic OLS-LAD,LAD,0.1,10,24,78,8,184.225,145.8228139,447.6903039,1.869523256,2.395750254,1.597308648,0.9444817614,18.63016121,70.05239598,0.3272967917,0.1065779687
Synthetic OLS-LAD,OLS,0.1,10,25,78,8,184.225,836.2984343,13896.81432,10.7217748,13.34781953,8.833778961,-0.7233490353,27.91602247,68.55879355,13.1366279,4.052623598
Synthetic OLS-LAD,LAD,0.1,10,25,78,8,184.225,146.6335462,452.5794053,1.879917259,2.408796394,1.557246791,0.9438754622,21.08846872,69.7742845,0.33721741,0.1052755978
Synthetic OLS-LAD,OLS,0.1,10,26,78,8,184.225,1490.185694,42191.96286,19.1049448,23.25774281,16.09191752,-4.232240771,32.82818994,66.67475476,23.13718451,1.797569777
Synthetic OLS-LAD,LAD,0.1,10,26,78,8,184.225,145.3774255,448.7824226,1.863813148,2.398670632,1.500481249,0.9443463274,19.71848889,70.52365022,0.08482295418,0.008488242117
Synthetic OLS-LAD,OLS,0.1,10,27,78,8,184.225,534.1140061,5678.010693,6.847615462,8.531999114,6.009917815,0.295867814,16.709788,36.59044596,8.197665231,3.520359142
Synthetic OLS-LAD,LAD,0.1,10,27,78,8,184.225,145.2214658,448.701877,1.861813664,2.398455371,1.463597399,0.9443563159,12.54857668,37.43914186,0.04173478123,0.003672279005
Synthetic OLS-LAD,OLS,0.1,10,28,78,8,184.225,732.0258968,10281.76191,9.384947395,11.48117853,9.096985911,-0.2750450616,24.32265737,55.72675807,11.23495291,3.720374674
Synthetic OLS-LAD,LAD,0.1,10,28,78,8,184.225,145.2133414,448.8026313,1.861709505,2.398724638,1.478856025,0.9443438213,18.08632812,56.90717486,0.04042116006,0.009583596364
Synthetic OLS-LAD,OLS,0.1,10,29,78,8,184.225,638.8975357,8181.109645,8.190994048,10.24138765,6.363336498,-0.01454240413,24.38812833,60.92631507,9.964573621,1.129639698
Synthetic OLS-LAD,LAD,0.1,10,29,78,8,184.225,145.1925559,443.7772839,1.861443025,2.385257294,1.471300215,0.9449670165,18.73239902,61.75450917,0.113674418,0.05033632902
Synthetic OLS-LAD,OLS,0.1,10,30,78,8,184.225,792.8522175,13207.58566,10.16477202,13.01261009,8.067636012,-0.6378775361,22.35066483,52.27980285,12.79588714,5.422526304
Synthetic OLS-LAD,LAD,0.1,10,30,78,8,184.225,147.6057833,459.8972377,1.892381838,2.428192421,1.667212768,0.9429679751,15.96902181,53.73540973,0.3835637224,0.06520927131
Synthetic OLS-LAD,OLS,0.2,20,1,78,16,184.225,1099.286774,23088.82158,14.09342017,17.20495664,11.29976959,-1.863253222,32.9722385,67.21608232,17.04163253,8.317964261
Synthetic OLS-LAD,LAD,0.2,20,1,78,16,184.225,145.7441611,453.4698422,1.868514886,2.411164848,1.497113552,0.9437650387,25.01228127,69.24471492,0.1477532364,0.05300776822
Synthetic OLS-LAD,OLS,0.2,20,2,78,16,184.225,952.3878934,16479.95042,12.2101012,14.53552255,11.23451015,-1.043684689,34.14635136,66.66959106,14.3418312,4.306411937
Synthetic OLS-LAD,LAD,0.2,20,2,78,16,184.225,147.6154213,452.0171991,1.892505402,2.407299793,1.616746238,0.9439451816,27.42390596,68.14970162,0.4446601883,0.04544707802
Synthetic OLS-LAD,OLS,0.2,20,3,78,16,184.225,540.926954,5784.511415,6.934960949,8.611643441,5.364894143,0.2826606203,34.53587883,89.34973756,8.280525897,2.528073827
Synthetic OLS-LAD,LAD,0.2,20,3,78,16,184.225,145.4761343,447.8081175,1.865078644,2.396065465,1.578782562,0.9444671513,30.55461201,89.71135163,0.1489593142,0.01310705713
Synthetic OLS-LAD,OLS,0.2,20,4,78,16,184.225,1725.988404,57071.03504,22.12805646,27.04958292,23.1605803,-6.077399962,47.66285602,86.5582769,26.94599493,7.246919136
Synthetic OLS-LAD,LAD,0.2,20,4,78,16,184.225,151.4781928,478.5534115,1.942028113,2.476953804,1.495582618,0.9406544161,35.3049211,90.47908017,0.8149946826,0.2385178849
Synthetic OLS-LAD,OLS,0.2,20,5,78,16,184.225,1061.862721,22031.70999,13.61362463,16.8064815,13.02218926,-1.732160426,39.10873047,87.32971881,16.63924658,5.783811863
Synthetic OLS-LAD,LAD,0.2,20,5,78,16,184.225,145.2214658,448.701877,1.861813664,2.398455371,1.463597399,0.9443563159,30.42100189,88.88185122,0.04173478123,0.003672279005
Synthetic OLS-LAD,OLS,0.2,20,6,78,16,184.225,1082.372455,24617.94147,13.87656993,17.76554627,12.99297776,-2.052879941,42.95262372,85.92900714,17.60742288,8.785967618
Synthetic OLS-LAD,LAD,0.2,20,6,78,16,184.225,146.0669285,456.8733849,1.87265293,2.420196498,1.529400755,0.9433429642,34.28699737,87.61673405,0.170922728,0.07869043151
Synthetic OLS-LAD,OLS,0.2,20,7,78,16,184.225,1729.467816,57193.63784,22.1726643,27.07862196,17.62221288,-6.09260398,50.3372796,89.05541609,26.97514548,6.844015676
Synthetic OLS-LAD,LAD,0.2,20,7,78,16,184.225,152.6564216,475.1721303,1.95713361,2.468187673,1.678934807,0.9410737301,37.59734049,92.86810871,0.7795129824,0.2874623656
Synthetic OLS-LAD,OLS,0.2,20,8,78,16,184.225,789.7434059,12324.28403,10.12491546,12.56994994,8.764366883,-0.5283389774,38.81063515,80.72672654,12.34545859,1.109561703
Synthetic OLS-LAD,LAD,0.2,20,8,78,16,184.225,147.4853525,468.5392848,1.890837852,2.450900632,1.518379898,0.9418962716,32.94361235,81.63469881,0.2966971698,0.129175915
Synthetic OLS-LAD,OLS,0.2,20,9,78,16,184.225,1700.737819,50267.24113,21.80433101,25.38605541,20.10431481,-5.233658987,48.10827273,94.98775985,25.27565065,6.256626084
Synthetic OLS-LAD,LAD,0.2,20,9,78,16,184.225,153.9052925,493.9972919,1.973144776,2.51660458,1.804490956,0.9387392149,35.30245868,98.15049279,0.8121346086,0.1339000467
Synthetic OLS-LAD,OLS,0.2,20,10,78,16,184.225,1040.962343,20485.71456,13.34567106,16.2060904,12.03052627,-1.540440967,34.49488986,69.07599559,16.03259407,3.586773155
Synthetic OLS-LAD,LAD,0.2,20,10,78,16,184.225,150.1456681,452.6953356,1.924944463,2.409104886,1.738941359,0.9438610856,26.95018198,70.85524162,0.6288444781,0.2245980004
Synthetic OLS-LAD,OLS,0.2,20,11,78,16,184.225,623.4417421,6862.250224,7.992842847,9.379635759,7.736644129,0.1490098358,33.98761589,74.44827041,9.076578284,0.8779688794
Synthetic OLS-LAD,LAD,0.2,20,11,78,16,184.225,147.2340592,462.9376408,1.887616144,2.436205648,1.594591766,0.9425909336,29.15148099,74.97310111,0.338333807,0.08927740519
Synthetic OLS-LAD,OLS,0.2,20,12,78,16,184.225,669.8423688,8699.4955,8.587722677,10.56087087,8.085791877,-0.07882762389,31.80763185,72.30555078,10.29265272,3.280667659
Synthetic OLS-LAD,LAD,0.2,20,12,78,16,184.225,158.6875274,477.5960831,2.03445548,2.474475037,2.099387338,0.9407731348,27.91049286,72.94745135,1.079462851,0.4502431529
Synthetic OLS-LAD,OLS,0.2,20,13,78,16,184.225,1447.394407,41484.39164,18.55633855,23.06189877,16.19358968,-4.144494604,41.30576107,83.04266298,22.94031127,8.164195498
Synthetic OLS-LAD,LAD,0.2,20,13,78,16,184.225,148.2795425,467.2944407,1.901019775,2.447642614,1.65388086,0.9420506452,29.97044783,86.05234199,0.4447206005,0.09155550664
Synthetic OLS-LAD,OLS,0.2,20,14,78,16,184.225,2162.420712,99462.8229,27.72334246,35.70944407,22.24155519,-11.3344211,55.31104722,96.58666253,35.63104128,12.41317533
Synthetic OLS-LAD,LAD,0.2,20,14,78,16,184.225,152.0738218,501.8001372,1.949664382,2.536401997,1.738518338,0.9377715812,39.68885421,102.7088271,0.6278606666,0.26523334
Synthetic OLS-LAD,OLS,0.2,20,15,78,16,184.225,399.4225837,3077.806637,5.120802355,6.281644645,4.443589753,0.6183200715,30.39315038,65.54041799,5.819430025,0.5509629231
Synthetic OLS-LAD,LAD,0.2,20,15,78,16,184.225,146.1222687,445.6931939,1.873362419,2.390400658,1.520283103,0.9447294237,28.20904113,65.80640768,0.2821618848,0.09969125747
Synthetic OLS-LAD,OLS,0.2,20,16,78,16,184.225,1046.899066,22151.49279,13.4217829,16.85210661,9.912603259,-1.747014735,31.42323313,66.93517869,16.68532899,7.815750077
Synthetic OLS-LAD,LAD,0.2,20,16,78,16,184.225,146.5689354,457.1159061,1.879088915,2.420838767,1.456668404,0.943312889,23.95087706,68.93996401,0.4216467285,0.106334814
Synthetic OLS-LAD,OLS,0.2,20,17,78,16,184.225,1710.024951,58339.17355,21.92339681,27.3484574,17.59934339,-6.234662283,42.01669195,79.0142817,27.24600574,2.628233324
Synthetic OLS-LAD,LAD,0.2,20,17,78,16,184.225,157.3034306,528.8614578,2.016710648,2.603896139,1.331071538,0.9344156969,31.46452992,83.27277729,1.099186996,0.09579306058
Synthetic OLS-LAD,OLS,0.2,20,18,78,16,184.225,1609.40066,34287.45343,20.63334179,20.96622847,20.40350911,-3.251999661,50.9844538,88.56315018,20.83241327,0.2075019338
Synthetic OLS-LAD,LAD,0.2,20,18,78,16,184.225,150.6629389,470.4252279,1.931576139,2.455828305,1.684992128,0.9416623952,37.85518643,90.85543116,0.6210371147,0.09221484164
Synthetic OLS-LAD,OLS,0.2,20,19,78,16,184.225,808.8669765,13582.95322,10.37008944,13.19622771,8.401279884,-0.6844270045,23.1478415,49.30533561,12.98257032,4.677509264
Synthetic OLS-LAD,LAD,0.2,20,19,78,16,184.225,161.3943164,543.6302111,2.069157903,2.640003426,1.739887945,0.9325842184,18.46995501,50.72666893,1.091979982,0.1868707257
Synthetic OLS-LAD,OLS,0.2,20,20,78,16,184.225,1125.828822,24490.52892,14.43370284,17.71951297,12.54704853,-2.037079462,40.35638131,83.36358065,17.5609751,5.007101581
Synthetic OLS-LAD,LAD,0.2,20,20,78,16,184.225,146.8124683,458.2820045,1.882211132,2.423924569,1.458101049,0.9431682807,31.01969733,85.16173891,0.4670040807,0.1265368449
Synthetic OLS-LAD,OLS,0.2,20,21,78,16,184.225,1108.280967,23040.44007,14.20873035,17.18692111,13.03196234,-1.857253413,39.06721607,74.15307354,17.02342397,2.680754982
Synthetic OLS-LAD,LAD,0.2,20,21,78,16,184.225,146.1047657,449.27024,1.873138022,2.399973932,1.690410185,0.944285833,30.25866434,76.10443969,0.2739851518,0.02595553925
Synthetic OLS-LAD,OLS,0.2,20,22,78,16,184.225,831.9301059,12122.6467,10.66577059,12.46669753,10.7687645,-0.5033338581,39.30571903,87.03415785,12.24031265,3.195184514
Synthetic OLS-LAD,LAD,0.2,20,22,78,16,184.225,152.0232609,497.5273565,1.949016165,2.5255803,1.492816525,0.9383014503,33.93945937,87.80748288,0.5935217203,0.1969536757
Synthetic OLS-LAD,OLS,0.2,20,23,78,16,184.225,1444.366313,40933.27106,18.51751684,22.9081978,17.96039534,-4.076149939,46.27711809,86.4763356,22.78579015,2.443943266
Synthetic OLS-LAD,LAD,0.2,20,23,78,16,184.225,148.5634803,470.1922483,1.904660004,2.455220102,1.555614236,0.941691287,34.26951111,89.37645832,0.422459254,0.1090005463
Synthetic OLS-LAD,OLS,0.2,20,24,78,16,184.225,939.7979812,16058.07605,12.04869207,14.34826714,10.39772854,-0.9913678932,39.73167282,80.18947705,14.15201315,2.570073023
Synthetic OLS-LAD,LAD,0.2,20,24,78,16,184.225,149.4778956,466.9317194,1.916383276,2.446692481,1.595468091,0.9420956264,32.61877478,81.37135465,0.5597325234,0.1649090096
Synthetic OLS-LAD,OLS,0.2,20,25,78,16,184.225,633.5828505,8702.985264,8.122857058,10.56298888,6.59103051,-0.07926039078,41.95786728,104.5962711,10.29482591,4.997483314
Synthetic OLS-LAD,LAD,0.2,20,25,78,16,184.225,148.2999555,460.911838,1.901281481,2.430869418,1.659599532,0.9428421541,37.05540516,105.1336763,0.4683590955,0.03599527772
Synthetic OLS-LAD,OLS,0.2,20,26,78,16,184.225,1262.308751,28157.24871,16.18344553,18.99974653,15.69618063,-2.491790727,43.57474458,82.8380758,18.851978,3.601071652
Synthetic OLS-LAD,LAD,0.2,20,26,78,16,184.225,148.5230608,448.3312084,1.904141806,2.397464495,1.706679768,0.9444022826,33.15583453,84.90781128,0.4933903303,0.0981807772
Synthetic OLS-LAD,OLS,0.2,20,27,78,16,184.225,1548.388605,47940.63709,19.85113597,24.79160246,15.01674405,-4.945135968,50.54427038,92.22980455,24.67853843,9.610155522
Synthetic OLS-LAD,LAD,0.2,20,27,78,16,184.225,145.4048848,451.7836395,1.86416519,2.406677781,1.450991035,0.9439741454,39.38601748,95.37984279,0.07574732744,0.0339741722
Synthetic OLS-LAD,OLS,0.2,20,28,78,16,184.225,1069.808005,21282.01539,13.71548725,16.51806136,11.16864134,-1.639190525,30.88597604,62.78569429,16.34787624,5.086496034
Synthetic OLS-LAD,LAD,0.2,20,28,78,16,184.225,146.4466305,442.1631626,1.877520903,2.380915474,1.63450412,0.9451671842,22.22360976,64.84215159,0.334240651,0.08405207199
Synthetic OLS-LAD,OLS,0.2,20,29,78,16,184.225,1736.304491,55926.68522,22.26031399,26.77701972,18.85247588,-5.935488722,39.83846928,68.34526513,26.67237318,10.56867207
Synthetic OLS-LAD,LAD,0.2,20,29,78,16,184.225,148.5438161,467.4796311,1.904407899,2.448127571,1.66235374,0.9420276797,28.33747124,73.15357851,0.447299783,0.1145400805
Synthetic OLS-LAD,OLS,0.2,20,30,78,16,184.225,995.077722,19445.93843,12.75740669,15.78945543,10.85185268,-1.411497948,36.05666251,75.03524752,15.61132952,2.345537821
Synthetic OLS-LAD,LAD,0.2,20,30,78,16,184.225,145.6948205,450.7716788,1.867882315,2.403980883,1.480197026,0.944099639,27.42436474,76.58499009,0.1219132425,0.01072725021
