Dataset,ContaminationRate,ContaminationPercent,Repetition,Rows,ContaminatedRows,NoiseSD,OLS_CleanMAE,LAD_CleanMAE,LADMinusOLS_CleanMAE,LADReductionPercent_CleanMAE,LADWins_CleanMAE,OLS_CleanRMSE,LAD_CleanRMSE,LADMinusOLS_CleanRMSE,LADReductionPercent_CleanRMSE,LADWins_CleanRMSE,OLS_PredictionRMSEFromCleanFit,LAD_PredictionRMSEFromCleanFit,LADMinusOLS_PredictionRMSEFromCleanFit,LADReductionPercent_PredictionRMSEFromCleanFit,LADWins_PredictionRMSEFromCleanFit,OLS_StandardizedSlopeL2Shift,LAD_StandardizedSlopeL2Shift,LADMinusOLS_StandardizedSlopeL2Shift,LADReductionPercent_StandardizedSlopeL2Shift,LADWins_StandardizedSlopeL2Shift
Boston Housing,0,0,1,357,0,69,2.364092223,2.301204534,-0.062887689,2.660119956,True,3.076606053,3.131278805,0.054672752,-1.777047534,False,0,0,0,,False,0,0,0,,False
Boston Housing,0,0,2,357,0,69,2.364092223,2.301204534,-0.062887689,2.660119956,True,3.076606053,3.131278805,0.054672752,-1.777047534,False,0,0,0,,False,0,0,0,,False
Boston Housing,0,0,3,357,0,69,2.364092223,2.301204534,-0.062887689,2.660119956,True,3.076606053,3.131278805,0.054672752,-1.777047534,False,0,0,0,,False,0,0,0,,False
Boston Housing,0,0,4,357,0,69,2.364092223,2.301204534,-0.062887689,2.660119956,True,3.076606053,3.131278805,0.054672752,-1.777047534,False,0,0,0,,False,0,0,0,,False
Boston Housing,0,0,5,357,0,69,2.364092223,2.301204534,-0.062887689,2.660119956,True,3.076606053,3.131278805,0.054672752,-1.777047534,False,0,0,0,,False,0,0,0,,False
Boston Housing,0,0,6,357,0,69,2.364092223,2.301204534,-0.062887689,2.660119956,True,3.076606053,3.131278805,0.054672752,-1.777047534,False,0,0,0,,False,0,0,0,,False
Boston Housing,0,0,7,357,0,69,2.364092223,2.301204534,-0.062887689,2.660119956,True,3.076606053,3.131278805,0.054672752,-1.777047534,False,0,0,0,,False,0,0,0,,False
Boston Housing,0,0,8,357,0,69,2.364092223,2.301204534,-0.062887689,2.660119956,True,3.076606053,3.131278805,0.054672752,-1.777047534,False,0,0,0,,False,0,0,0,,False
Boston Housing,0,0,9,357,0,69,2.364092223,2.301204534,-0.062887689,2.660119956,True,3.076606053,3.131278805,0.054672752,-1.777047534,False,0,0,0,,False,0,0,0,,False
Boston Housing,0,0,10,357,0,69,2.364092223,2.301204534,-0.062887689,2.660119956,True,3.076606053,3.131278805,0.054672752,-1.777047534,False,0,0,0,,False,0,0,0,,False
Boston Housing,0,0,11,357,0,69,2.364092223,2.301204534,-0.062887689,2.660119956,True,3.076606053,3.131278805,0.054672752,-1.777047534,False,0,0,0,,False,0,0,0,,False
Boston Housing,0,0,12,357,0,69,2.364092223,2.301204534,-0.062887689,2.660119956,True,3.076606053,3.131278805,0.054672752,-1.777047534,False,0,0,0,,False,0,0,0,,False
Boston Housing,0,0,13,357,0,69,2.364092223,2.301204534,-0.062887689,2.660119956,True,3.076606053,3.131278805,0.054672752,-1.777047534,False,0,0,0,,False,0,0,0,,False
Boston Housing,0,0,14,357,0,69,2.364092223,2.301204534,-0.062887689,2.660119956,True,3.076606053,3.131278805,0.054672752,-1.777047534,False,0,0,0,,False,0,0,0,,False
Boston Housing,0,0,15,357,0,69,2.364092223,2.301204534,-0.062887689,2.660119956,True,3.076606053,3.131278805,0.054672752,-1.777047534,False,0,0,0,,False,0,0,0,,False
Boston Housing,0,0,16,357,0,69,2.364092223,2.301204534,-0.062887689,2.660119956,True,3.076606053,3.131278805,0.054672752,-1.777047534,False,0,0,0,,False,0,0,0,,False
Boston Housing,0,0,17,357,0,69,2.364092223,2.301204534,-0.062887689,2.660119956,True,3.076606053,3.131278805,0.054672752,-1.777047534,False,0,0,0,,False,0,0,0,,False
Boston Housing,0,0,18,357,0,69,2.364092223,2.301204534,-0.062887689,2.660119956,True,3.076606053,3.131278805,0.054672752,-1.777047534,False,0,0,0,,False,0,0,0,,False
Boston Housing,0,0,19,357,0,69,2.364092223,2.301204534,-0.062887689,2.660119956,True,3.076606053,3.131278805,0.054672752,-1.777047534,False,0,0,0,,False,0,0,0,,False
Boston Housing,0,0,20,357,0,69,2.364092223,2.301204534,-0.062887689,2.660119956,True,3.076606053,3.131278805,0.054672752,-1.777047534,False,0,0,0,,False,0,0,0,,False
Boston Housing,0,0,21,357,0,69,2.364092223,2.301204534,-0.062887689,2.660119956,True,3.076606053,3.131278805,0.054672752,-1.777047534,False,0,0,0,,False,0,0,0,,False
Boston Housing,0,0,22,357,0,69,2.364092223,2.301204534,-0.062887689,2.660119956,True,3.076606053,3.131278805,0.054672752,-1.777047534,False,0,0,0,,False,0,0,0,,False
Boston Housing,0,0,23,357,0,69,2.364092223,2.301204534,-0.062887689,2.660119956,True,3.076606053,3.131278805,0.054672752,-1.777047534,False,0,0,0,,False,0,0,0,,False
Boston Housing,0,0,24,357,0,69,2.364092223,2.301204534,-0.062887689,2.660119956,True,3.076606053,3.131278805,0.054672752,-1.777047534,False,0,0,0,,False,0,0,0,,False
Boston Housing,0,0,25,357,0,69,2.364092223,2.301204534,-0.062887689,2.660119956,True,3.076606053,3.131278805,0.054672752,-1.777047534,False,0,0,0,,False,0,0,0,,False
Boston Housing,0,0,26,357,0,69,2.364092223,2.301204534,-0.062887689,2.660119956,True,3.076606053,3.131278805,0.054672752,-1.777047534,False,0,0,0,,False,0,0,0,,False
Boston Housing,0,0,27,357,0,69,2.364092223,2.301204534,-0.062887689,2.660119956,True,3.076606053,3.131278805,0.054672752,-1.777047534,False,0,0,0,,False,0,0,0,,False
Boston Housing,0,0,28,357,0,69,2.364092223,2.301204534,-0.062887689,2.660119956,True,3.076606053,3.131278805,0.054672752,-1.777047534,False,0,0,0,,False,0,0,0,,False
Boston Housing,0,0,29,357,0,69,2.364092223,2.301204534,-0.062887689,2.660119956,True,3.076606053,3.131278805,0.054672752,-1.777047534,False,0,0,0,,False,0,0,0,,False
Boston Housing,0,0,30,357,0,69,2.364092223,2.301204534,-0.062887689,2.660119956,True,3.076606053,3.131278805,0.054672752,-1.777047534,False,0,0,0,,False,0,0,0,,False
Boston Housing,0.05,5,1,357,18,69,2.931317757,2.30649437,-0.624823387,21.31544373,True,3.710600638,3.144561223,-0.566039415,15.25465741,True,2.074379978,0.2870164193,-1.787363559,86.16374906,True,0.8122345684,0.1084388664,-0.703795702,86.64931651,True
Boston Housing,0.05,5,2,357,18,69,4.141021163,2.308710334,-1.832310829,44.24780161,True,5.167971752,3.186393797,-1.981577955,38.34343627,True,4.152400176,0.4012698889,-3.751130287,90.33643503,True,3.804614264,0.182161806,-3.622452458,95.21208214,True
Boston Housing,0.05,5,3,357,18,69,2.82251228,2.30921462,-0.51329766,18.18584329,True,3.91392654,3.16924833,-0.74467821,19.02637166,True,2.419362758,0.3357631816,-2.083599576,86.12183392,True,1.570327721,0.2782936433,-1.292034078,82.27798952,True
Boston Housing,0.05,5,4,357,18,69,2.918889243,2.315319894,-0.603569349,20.67804904,True,3.778685416,3.215192641,-0.563492775,14.91240241,True,2.193845635,0.4671380476,-1.726707587,78.7068862,True,1.093422429,0.2235142856,-0.8699081434,79.55828601,True
Boston Housing,0.05,5,5,357,18,69,3.493944288,2.31507095,-1.178873338,33.74047325,True,4.607225687,3.192996806,-1.414228881,30.69588896,True,3.429434899,0.5414248143,-2.888010085,84.21241895,True,2.343804218,0.2462851574,-2.097519061,89.49207636,True
Boston Housing,0.05,5,6,357,18,69,3.168824309,2.305564334,-0.863259975,27.2422795,True,4.122752088,3.136494489,-0.986257599,23.92231155,True,2.744372419,0.2173440267,-2.527028392,92.08037418,True,0.8710638902,0.1166415602,-0.75442233,86.6092991,True
Boston Housing,0.05,5,7,357,18,69,3.217802801,2.313862188,-0.903940613,28.0918586,True,4.229416819,3.164790325,-1.064626494,25.17194544,True,2.902147796,0.4242504403,-2.477897356,85.38150121,True,4.449711866,0.5497780939,-3.899933772,87.64463609,True
Boston Housing,0.05,5,8,357,18,69,3.311170296,2.307953223,-1.003217073,30.29796064,True,4.49635884,3.160608883,-1.335749957,29.70737,True,3.278984296,0.3602980986,-2.918686197,89.01189923,True,2.319153412,0.4542822773,-1.864871135,80.41171943,True
Boston Housing,0.05,5,9,357,18,69,3.346491088,2.306068804,-1.040422284,31.08994635,True,4.128371809,3.128543796,-0.999828013,24.21845849,True,2.752807474,0.2194729286,-2.533334545,92.02730555,True,1.517128102,0.1040967827,-1.413031319,93.13856341,True
Boston Housing,0.05,5,10,357,18,69,3.447538168,2.303606202,-1.143931966,33.18112549,True,4.348566943,3.1344234,-1.214143543,27.92054392,True,3.073195349,0.1517961687,-2.92139918,95.06064043,True,2.177614814,0.0672187557,-2.110396058,96.9131935,True
Boston Housing,0.05,5,11,357,18,69,4.247311096,2.319258324,-1.928052772,45.39466802,True,5.312929052,3.229419004,-2.083510048,39.21584549,True,4.331478998,0.5870833137,-3.744395684,86.44612351,True,4.767371349,0.2860374775,-4.481333872,94.00010076,True
Boston Housing,0.05,5,12,357,18,69,3.543650398,2.314494148,-1.22915625,34.68616009,True,4.532188597,3.140582967,-1.39160563,30.70493648,True,3.327946615,0.4257649395,-2.902181676,87.20637712,True,4.442180692,0.4686097238,-3.973570968,89.45090809,True
Boston Housing,0.05,5,13,357,18,69,3.562025646,2.317082653,-1.244942993,34.95042194,True,4.8025639,3.1807802,-1.6217837,33.76912278,True,3.68769782,0.6066419142,-3.081055906,83.54957635,True,1.689220308,0.3796466758,-1.309573632,77.52533083,True
Boston Housing,0.05,5,14,357,18,69,3.144601894,2.320673168,-0.823928726,26.20136837,True,3.901967654,3.142075369,-0.759892285,19.47459211,True,2.399968077,0.5647381904,-1.835229887,76.46892907,True,1.021294194,0.2668799054,-0.7544142886,73.86845955,True
Boston Housing,0.05,5,15,357,18,69,2.774527075,2.308570849,-0.465956226,16.79407746,True,3.532289182,3.137197456,-0.395091726,11.18514668,True,1.735385278,0.2332464218,-1.502138856,86.55938685,True,2.099516414,0.2134879608,-1.886028453,89.83156505,True
Boston Housing,0.05,5,16,357,18,69,3.696528356,2.303895401,-1.392632955,37.67407743,True,4.769062581,3.151012773,-1.618049808,33.92804729,True,3.643961182,0.2743185649,-3.369642617,92.47196797,True,2.180072014,0.1471350505,-2.032936963,93.25090871,True
Boston Housing,0.05,5,17,357,18,69,3.436185269,2.312098682,-1.124086587,32.71321244,True,4.41908159,3.159696764,-1.259384826,28.49879099,True,3.172188093,0.4076058083,-2.764582285,87.15064188,True,5.465413844,0.5013019537,-4.96411189,90.82774026,True
Boston Housing,0.05,5,18,357,18,69,2.662900435,2.305664796,-0.357235639,13.41528336,True,3.378708202,3.130788678,-0.247919524,7.337701547,True,1.396482836,0.251055907,-1.145426929,82.02227048,True,0.6741906123,0.2354141034,-0.4387765089,65.08196657,True
Boston Housing,0.05,5,19,357,18,69,4.10861714,2.321159539,-1.787457601,43.5050904,True,5.247418948,3.256316869,-1.991102079,37.94440846,True,4.250870594,0.5828502822,-3.668020312,86.28868442,True,3.02712307,0.5342908019,-2.492832268,82.34988173,True
Boston Housing,0.05,5,20,357,18,69,2.710229592,2.316898913,-0.393330679,14.51281767,True,3.616135276,3.179893809,-0.436241467,12.06374855,True,1.900244598,0.5627375481,-1.33750705,70.38604669,True,1.659155365,0.5106977376,-1.148457627,69.21941439,True
Boston Housing,0.05,5,21,357,18,69,3.11163146,2.311582457,-0.800049003,25.71156042,True,3.806594895,3.14447216,-0.662122735,17.39409507,True,2.241575315,0.2831177361,-1.958457579,87.36969781,True,2.259705375,0.1691467599,-2.090558615,92.51465427,True
Boston Housing,0.05,5,22,357,18,69,2.673436556,2.304939422,-0.368497134,13.78364986,True,3.420812676,3.142295521,-0.278517155,8.14184176,True,1.495478037,0.2839143199,-1.211563717,81.01514614,True,0.8197580841,0.09004915154,-0.7297089326,89.01515541,True
Boston Housing,0.05,5,23,357,18,69,3.049712413,2.304905136,-0.744807277,24.42221351,True,3.902192381,3.135413875,-0.766778506,19.64994114,True,2.40033343,0.2150136288,-2.185319801,91.04234328,True,2.928837805,0.1232880714,-2.805549734,95.7905463,True
Boston Housing,0.05,5,24,357,18,69,3.601444986,2.308921476,-1.29252351,35.88902552,True,4.461729994,3.143544434,-1.31818556,29.54427009,True,3.231335597,0.2747704727,-2.956565124,91.49669032,True,2.873342093,0.1997277499,-2.673614343,93.04893941,True
Boston Housing,0.05,5,25,357,18,69,3.746182541,2.317681271,-1.42850127,38.13218535,True,4.808577886,3.146843366,-1.66173452,34.55771248,True,3.69552655,0.3546524423,-3.340874108,90.40319593,True,2.895502853,0.2504495359,-2.645053317,91.35039582,True
Boston Housing,0.05,5,26,357,18,69,3.654439441,2.312234171,-1.34220527,36.72807531,True,4.79902822,3.138747615,-1.660280605,34.59618341,True,3.68309205,0.3152907203,-3.36780133,91.43951017,True,4.021343799,0.4560120753,-3.565331724,88.66020668,True
Boston Housing,0.05,5,27,357,18,69,3.071642327,2.307743292,-0.763899035,24.86940059,True,3.961242616,3.131232067,-0.830010549,20.95328738,True,2.49518301,0.2635703643,-2.231612646,89.43683236,True,2.276780168,0.1152957001,-2.161484468,94.93601966,True
Boston Housing,0.05,5,28,357,18,69,3.147731399,2.303993607,-0.843737792,26.80463118,True,3.990412643,3.125682956,-0.864729687,21.67018212,True,2.541237544,0.1664546657,-2.374782878,93.44985808,True,1.971534643,0.0762763351,-1.895258308,96.1311187,True
Boston Housing,0.05,5,29,357,18,69,3.059232393,2.303725693,-0.7555067,24.69595647,True,3.926297544,3.131415079,-0.794882465,20.24508984,True,2.439325234,0.107107212,-2.332218022,95.6091459,True,2.028364627,0.07650055289,-1.951864074,96.2284615,True
Boston Housing,0.05,5,30,357,18,69,3.188736555,2.310285912,-0.878450643,27.54854871,True,4.089653163,3.144265102,-0.945388061,23.11658283,True,2.694393845,0.4469652457,-2.247428599,83.41128761,True,3.53115818,0.2641663357,-3.266991844,92.51898889,True
Boston Housing,0.1,10,1,357,36,69,5.499516161,2.3419038,-3.157612361,57.41618478,True,7.120403857,3.257112205,-3.863291652,54.2566367,True,6.421420893,0.732929964,-5.688490929,88.58617156,True,5.487341057,0.2718756045,-5.215465453,95.04540356,True
Boston Housing,0.1,10,2,357,36,69,3.886198506,2.326083137,-1.560115369,40.14502519,True,5.063592901,3.167669181,-1.89592372,37.44226199,True,4.021749403,0.5719738491,-3.449775554,85.77798386,True,2.269112427,0.4091243071,-1.85998812,81.96985296,True
Boston Housing,0.1,10,3,357,36,69,3.701542708,2.310912764,-1.390629944,37.56892879,True,4.883723489,3.166371842,-1.717351647,35.16480101,True,3.792789252,0.360380397,-3.432408855,90.4982752,True,2.301505435,0.3285843031,-1.972921132,85.72307073,True
Boston Housing,0.1,10,4,357,36,69,5.375865876,2.30645763,-3.069408246,57.0960719,True,6.337346955,3.15371314,-3.183633815,50.23606625,True,5.540438757,0.3276994556,-5.212739301,94.0853158,True,2.146056378,0.1330224136,-2.013033964,93.80154152,True
Boston Housing,0.1,10,5,357,36,69,3.458297594,2.323803723,-1.134493871,32.80498107,True,4.507185316,3.197007838,-1.310177478,29.0686401,True,3.293814608,0.5396239247,-2.754190683,83.6170523,True,1.931448186,0.1560928352,-1.775355351,91.91835244,True
Boston Housing,0.1,10,6,357,36,69,4.306424292,2.32962947,-1.976794822,45.90339195,True,5.557983197,3.166005438,-2.391977759,43.03679364,True,4.628787359,0.5203371156,-4.108450243,88.75867316,True,5.441118082,0.3771898937,-5.063928188,93.06778702,True
Boston Housing,0.1,10,7,357,36,69,3.425458002,2.307175255,-1.118282747,32.6462256,True,4.399774747,3.132297638,-1.267477109,28.80777271,True,3.145236561,0.2465902149,-2.898646346,92.15988336,True,1.556913406,0.1336752734,-1.423238133,91.41408425,True
Boston Housing,0.1,10,8,357,36,69,4.3636445,2.313558558,-2.050085942,46.98104857,True,5.261041259,3.175959292,-2.085081967,39.63249601,True,4.267675049,0.3015942594,-3.96608079,92.93305474,True,3.221633172,0.3245969199,-2.897036252,89.92446059,True
Boston Housing,0.1,10,9,357,36,69,3.404877393,2.328633792,-1.076243601,31.60887976,True,4.276068133,3.150405747,-1.125662386,26.32470651,True,2.969722862,0.6243676173,-2.345355245,78.97555946,True,2.729687122,0.2806213293,-2.449065793,89.71965223,True
Boston Housing,0.1,10,10,357,36,69,3.681903166,2.33671925,-1.345183916,36.53501614,True,4.917601249,3.29974625,-1.617854999,32.89927176,True,3.836312975,0.7762765154,-3.06003646,79.76503689,True,1.677507411,0.2592692464,-1.418238165,84.5443755,True
Boston Housing,0.1,10,11,357,36,69,5.28600178,2.321076731,-2.964925049,56.09012582,True,6.565994177,3.192748321,-3.373245856,51.37448747,True,5.800583999,0.4995375864,-5.301046413,91.38815012,True,6.392590842,0.2902624954,-6.102328347,95.45939193,True
Boston Housing,0.1,10,12,357,36,69,4.978031683,2.327160928,-2.650870755,53.25138376,True,6.289150152,3.280961457,-3.008188695,47.83140205,True,5.485244281,0.7609766332,-4.724267648,86.1268415,True,3.043509281,0.3461225021,-2.697386779,88.62751941,True
Boston Housing,0.1,10,13,357,36,69,4.510834094,2.315681206,-2.195152888,48.66401296,True,5.693493497,3.107685982,-2.585807515,45.41688712,True,4.790653755,0.3246228843,-4.466030871,93.22382913,True,2.739108245,0.1319526329,-2.607155612,95.18264263,True
Boston Housing,0.1,10,14,357,36,69,4.034739281,2.333852054,-1.700887227,42.15606285,True,5.341458778,3.176546634,-2.164912144,40.53035386,True,4.366426121,0.5431586972,-3.823267424,87.56056596,True,3.139117201,0.4002687596,-2.738848441,87.24900238,True
Boston Housing,0.1,10,15,357,36,69,3.414100481,2.314148157,-1.099952324,32.21792475,True,4.320709067,3.248108021,-1.072601046,24.8246533,True,3.033648305,0.5655814029,-2.468066902,81.35639514,True,1.987287913,0.3342133901,-1.653074523,83.18243734,True
Boston Housing,0.1,10,16,357,36,69,4.237510736,2.319013066,-1.91849767,45.27416659,True,5.279313815,3.192992095,-2.08632172,39.51880477,True,4.290180596,0.448119545,-3.842061051,89.55476267,True,4.3764739,0.2401500328,-4.136323867,94.51270502,True
Boston Housing,0.1,10,17,357,36,69,4.196744537,2.312017879,-1.884726658,44.90925386,True,5.411778173,3.189704648,-2.222073525,41.05995209,True,4.4521723,0.5489876521,-3.903184648,87.66921819,True,4.894004022,0.4050210506,-4.488982971,91.72413736,True
Boston Housing,0.1,10,18,357,36,69,4.067026555,2.309485839,-1.757540716,43.21438998,True,5.190666152,3.113990226,-2.076675926,40.00788849,True,4.180611236,0.2368066005,-3.943804635,94.33559862,True,1.971961626,0.2112969732,-1.760664653,89.28493484,True
Boston Housing,0.1,10,19,357,36,69,3.705742751,2.312615742,-1.393127009,37.59373229,True,4.714077032,3.16611612,-1.547960912,32.83698806,True,3.571696721,0.2919721407,-3.27972458,91.82539383,True,3.641497746,0.1833726443,-3.458125102,94.964362,True
Boston Housing,0.1,10,20,357,36,69,4.275184307,2.327891385,-1.947292922,45.54874789,True,5.382047755,3.154052627,-2.227995128,41.39679225,True,4.4159861,0.4657529982,-3.950233102,89.45302391,True,2.074377152,0.3098719284,-1.764505224,85.06192916,True
Boston Housing,0.1,10,21,357,36,69,4.082903337,2.331620067,-1.75128327,42.89308674,True,5.357062926,3.233029158,-2.124033768,39.64922192,True,4.385500929,0.7042650413,-3.681235888,83.94105821,True,3.530878662,0.5013151432,-3.029563519,85.80197194,True
Boston Housing,0.1,10,22,357,36,69,3.629531829,2.310336655,-1.319195174,36.34615251,True,4.534963084,3.143017262,-1.391945822,30.69365276,True,3.331724084,0.2817585158,-3.049965568,91.54316178,True,3.52746113,0.1894572916,-3.338003838,94.629075,True
Boston Housing,0.1,10,23,357,36,69,3.877811636,2.317849119,-1.559962517,40.22790851,True,4.939332,3.177480708,-1.761851292,35.66982928,True,3.864129371,0.513058196,-3.351071175,86.72254092,True,3.156301454,0.3127015334,-2.843599921,90.09278619,True
Boston Housing,0.1,10,24,357,36,69,3.887169511,2.311491886,-1.575677625,40.53534636,True,4.932531126,3.152806545,-1.779724581,36.08136544,True,3.855432338,0.3810803524,-3.474351986,90.11575567,True,3.90347838,0.1949616689,-3.708516711,95.00543746,True
Boston Housing,0.1,10,25,357,36,69,4.198848055,2.307682595,-1.89116546,45.04010231,True,5.196755912,3.133336801,-2.063419111,39.7059078,True,4.188169911,0.2307555683,-3.957414343,94.4903007,True,3.663091398,0.131847248,-3.53124415,96.40065634,True
Boston Housing,0.1,10,26,357,36,69,3.900783095,2.309932429,-1.590850666,40.78285378,True,4.844857114,3.135829477,-1.709027637,35.27508855,True,3.742610807,0.332575996,-3.410034811,91.11379694,True,1.513827296,0.3974529868,-1.116374309,73.74515654,True
Boston Housing,0.1,10,27,357,36,69,3.511227913,2.304889583,-1.20633833,34.35659433,True,4.479372871,3.152103997,-1.327268874,29.63068519,True,3.255653009,0.24158437,-3.014068639,92.57954182,True,2.11162838,0.1038978413,-2.007730539,95.07972888,True
Boston Housing,0.1,10,28,357,36,69,3.693929003,2.333809836,-1.360119167,36.82039276,True,4.980997794,3.295736715,-1.685261079,33.83380497,True,3.917248297,0.8586599093,-3.058588388,78.08002342,True,1.466721703,0.6360842539,-0.8306374491,56.63224642,True
Boston Housing,0.1,10,29,357,36,69,3.904498507,2.3168573,-1.587641207,40.66184695,True,4.975319143,3.176168209,-1.799150934,36.16151813,True,3.910025035,0.499385503,-3.410639532,87.22807403,True,3.647831366,0.2538059686,-3.394025397,93.04227791,True
Boston Housing,0.1,10,30,357,36,69,4.024212022,2.321337618,-1.702874404,42.3157228,True,5.134621879,3.180977165,-1.953644714,38.04846316,True,4.110819509,0.4806176731,-3.630201836,88.30847056,True,1.507597962,0.3440376571,-1.163560305,77.1797478,True
Boston Housing,0.2,20,1,357,71,69,4.73494392,2.355624807,-2.379319113,50.25020683,True,6.208029267,3.313939043,-2.894090224,46.61850161,True,5.392042524,0.9955202728,-4.396522251,81.53723254,True,5.811023146,0.5594460694,-5.251577077,90.37267525,True
Boston Housing,0.2,20,2,357,71,69,4.783629565,2.338842918,-2.444786647,51.10735716,True,6.467603285,3.191588422,-3.276014863,50.65268723,True,5.688970685,0.7435730311,-4.945397654,86.92956824,True,3.687105425,0.4660533703,-3.221052055,87.359912,True
Boston Housing,0.2,20,3,357,71,69,4.262097308,2.349198672,-1.912898636,44.88162747,True,5.758771119,3.215746447,-2.543024672,44.15915513,True,4.868052999,0.8486812268,-4.019371772,82.56631086,True,5.626875648,0.8697486781,-4.75712697,84.54295541,True
Boston Housing,0.2,20,4,357,71,69,5.552442496,2.328563218,-3.223879278,58.06236229,True,7.484880897,3.151707232,-4.333173665,57.89235293,True,6.82333769,0.5851876454,-6.238150045,91.42373319,True,5.781715268,0.2251155108,-5.556599757,96.10642343,True
Boston Housing,0.2,20,5,357,71,69,6.244461137,2.324094927,-3.92036621,62.78149746,True,8.273938175,3.187757608,-5.086180567,61.47230568,True,7.680660657,0.4884866518,-7.192174005,93.64004382,True,4.714776348,0.5881217234,-4.126654625,87.52598893,True
Boston Housing,0.2,20,6,357,71,69,4.603711202,2.342745988,-2.260965214,49.11179513,True,5.758618556,3.132508824,-2.626109732,45.60312003,True,4.86787252,0.6357606672,-4.232111853,86.93966071,True,2.325494176,0.4975454235,-1.827948752,78.60474437,True
Boston Housing,0.2,20,7,357,71,69,5.265444058,2.343096662,-2.922347396,55.50049272,True,6.787601949,3.209438791,-3.578163158,52.7161608,True,6.050292175,0.7031689993,-5.347123176,88.37793318,True,2.039204609,0.3162161561,-1.722988453,84.49316196,True
Boston Housing,0.2,20,8,357,71,69,4.107072073,2.326156782,-1.780915291,43.3621631,True,5.307489308,3.278773028,-2.02871628,38.2236527,True,4.32480496,0.6971656477,-3.627639312,83.8798361,True,2.14505575,0.2386693777,-1.906386372,88.87351167,True
Boston Housing,0.2,20,9,357,71,69,5.008075362,2.346178484,-2.661896878,53.15209308,True,6.360411642,3.217024131,-3.143387511,49.42113322,True,5.566806217,0.7542463019,-4.812559915,86.45100489,True,3.852787478,0.4837580452,-3.369029433,87.44394681,True
Boston Housing,0.2,20,10,357,71,69,5.554795597,2.358277461,-3.196518136,57.5451982,True,6.983056942,3.265760272,-3.71729667,53.23308546,True,6.268778147,0.8904967322,-5.378281415,85.79473206,True,5.968637469,1.214420985,-4.754216484,79.65329623,True
Boston Housing,0.2,20,11,357,71,69,5.742684411,2.345198941,-3.39748547,59.16197421,True,6.973304159,3.182168172,-3.791135987,54.3664223,True,6.257912279,0.5864437714,-5.671468508,90.62876331,True,2.915497657,0.2200432006,-2.695454456,92.45263669,True
Boston Housing,0.2,20,12,357,71,69,4.031617452,2.338902259,-1.692715193,41.98600718,True,5.126157206,3.198753671,-1.927403535,37.59938405,True,4.100241809,0.6381775383,-3.462064271,84.43561214,True,2.86488405,0.5108502205,-2.35403383,82.16855511,True
Boston Housing,0.2,20,13,357,71,69,5.123044252,2.319382461,-2.803661791,54.72648006,True,6.388881681,3.228181171,-3.16070051,49.47188988,True,5.599312845,0.6185901565,-4.980722689,88.95239159,True,2.942622199,0.2175124085,-2.72510979,92.60821153,True
Boston Housing,0.2,20,14,357,71,69,5.976461366,2.332774286,-3.64368708,60.96729916,True,7.376035881,3.226030837,-4.150005044,56.26335217,True,6.703760177,0.6060384093,-6.097721768,90.9597242,True,3.877972407,0.3549497983,-3.523022609,90.8470262,True
Boston Housing,0.2,20,15,357,71,69,4.271372549,2.345038893,-1.926333656,45.09870385,True,6.000196254,3.196813703,-2.803382551,46.7215143,True,5.151393042,0.6324020463,-4.518990996,87.72366928,True,2.164228578,0.456897941,-1.707330637,78.88864671,True
Boston Housing,0.2,20,16,357,71,69,4.637793337,2.339843587,-2.29794975,49.54834299,True,6.021389276,3.179442133,-2.841947143,47.19753221,True,5.176062597,0.5524506761,-4.623611921,89.32681617,True,3.237870277,0.2765895564,-2.961280721,91.45767024,True
Boston Housing,0.2,20,17,357,71,69,4.43886157,2.322698338,-2.116163232,47.6735577,True,5.719987928,3.172886266,-2.547101662,44.52984332,True,4.82211127,0.421977243,-4.400134027,91.2491185,True,2.656202485,0.5284521715,-2.127750313,80.10497413,True
Boston Housing,0.2,20,18,357,71,69,5.070318248,2.32634408,-2.743974168,54.11838141,True,6.30637021,3.139681148,-3.166689062,50.21413201,True,5.504979603,0.3812916513,-5.123687952,93.07369548,True,2.949500148,0.153021195,-2.796478953,94.81196178,True
Boston Housing,0.2,20,19,357,71,69,5.149872645,2.351567919,-2.798304726,54.33735781,True,6.315342659,3.212590966,-3.102751693,49.13037757,True,5.515255941,0.7832367396,-4.732019201,85.79872361,True,6.48461287,0.4418771879,-6.042735682,93.1857584,True
Boston Housing,0.2,20,20,357,71,69,4.259655297,2.322684623,-1.936970674,45.47247462,True,5.689043885,3.205140143,-2.483903742,43.6611809,True,4.785364722,0.5656195198,-4.219745202,88.18022131,True,2.944029712,0.5350302253,-2.408999487,81.82660239,True
Boston Housing,0.2,20,21,357,71,69,4.381873985,2.335882113,-2.045991872,46.69216593,True,5.965463135,3.281286065,-2.68417707,44.99528384,True,5.110894796,0.6544228765,-4.45647192,87.19553224,True,2.995595243,0.6692258219,-2.326369421,77.65967136,True
Boston Housing,0.2,20,22,357,71,69,5.419871078,2.330133327,-3.089737751,57.00758757,True,7.11068048,3.26489374,-3.84578674,54.08465126,True,6.410637417,0.6345190388,-5.776118378,90.1020913,True,3.463606881,0.2822302134,-3.181376668,91.85155178,True
Boston Housing,0.2,20,23,357,71,69,5.002451145,2.357462138,-2.644989007,52.87385984,True,6.424302374,3.287044074,-3.1372583,48.83422537,True,5.639694689,0.8373423503,-4.802352339,85.1527007,True,6.274684742,0.8448186788,-5.429866063,86.53607769,True
Boston Housing,0.2,20,24,357,71,69,4.458125146,2.36346413,-2.094661016,46.98524486,True,5.60380884,3.282835146,-2.320973694,41.41778851,True,4.683713132,0.7649157432,-3.918797389,83.66860391,True,2.193599682,0.2326495572,-1.960950125,89.39416526,True
Boston Housing,0.2,20,25,357,71,69,5.46511169,2.372793839,-3.092317851,56.58288479,True,6.898045371,3.340585381,-3.55745999,51.57200045,True,6.173939191,0.9146541819,-5.259285009,85.18524149,True,4.39763633,0.3148029654,-4.082833365,92.84154164,True
Boston Housing,0.2,20,26,357,71,69,6.070276764,2.31583258,-3.754444184,61.84963767,True,7.45458575,3.164832637,-4.289753113,57.54515753,True,6.790091597,0.3252775924,-6.464814005,95.20952571,True,4.12726364,0.1577293651,-3.969534275,96.17835499,True
Boston Housing,0.2,20,27,357,71,69,5.514828691,2.368288938,-3.146539753,57.05598359,True,7.027165526,3.257566182,-3.769599344,53.64324108,True,6.317875476,0.802011606,-5.51586387,87.30567563,True,8.586824571,1.063296613,-7.523527958,87.61711499,True
Boston Housing,0.2,20,28,357,71,69,4.552494571,2.307257548,-2.245237023,49.31882923,True,5.99100957,3.15626725,-2.83474232,47.31660477,True,5.140689726,0.3533450587,-4.787344667,93.12650486,True,3.006435747,0.1586169951,-2.847818752,94.72408498,True
Boston Housing,0.2,20,29,357,71,69,5.26411707,2.343471158,-2.920645912,55.48216108,True,6.624589274,3.302219917,-3.322369357,50.15208067,True,5.866828636,0.7712393923,-5.095589244,86.85423693,True,3.615014866,0.3498881509,-3.265126715,90.32125278,True
Boston Housing,0.2,20,30,357,71,69,4.036934713,2.340956817,-1.695977896,42.01152648,True,5.435376537,3.251775124,-2.183601413,40.17387569,True,4.480827301,0.6819319145,-3.798895386,84.78111588,True,2.531288515,0.2816634013,-2.249625114,88.8727263,True
Concrete Strength,0,0,1,837,0,223.3212764,5.909702911,5.871160165,-0.038542746,0.6521943079,True,7.625968863,7.666605457,0.040636594,-0.532871229,False,0,0,0,,False,0,0,0,,False
Concrete Strength,0,0,2,837,0,223.3212764,5.909702911,5.871160165,-0.038542746,0.6521943079,True,7.625968863,7.666605457,0.040636594,-0.532871229,False,0,0,0,,False,0,0,0,,False
Concrete Strength,0,0,3,837,0,223.3212764,5.909702911,5.871160165,-0.038542746,0.6521943079,True,7.625968863,7.666605457,0.040636594,-0.532871229,False,0,0,0,,False,0,0,0,,False
Concrete Strength,0,0,4,837,0,223.3212764,5.909702911,5.871160165,-0.038542746,0.6521943079,True,7.625968863,7.666605457,0.040636594,-0.532871229,False,0,0,0,,False,0,0,0,,False
Concrete Strength,0,0,5,837,0,223.3212764,5.909702911,5.871160165,-0.038542746,0.6521943079,True,7.625968863,7.666605457,0.040636594,-0.532871229,False,0,0,0,,False,0,0,0,,False
Concrete Strength,0,0,6,837,0,223.3212764,5.909702911,5.871160165,-0.038542746,0.6521943079,True,7.625968863,7.666605457,0.040636594,-0.532871229,False,0,0,0,,False,0,0,0,,False
Concrete Strength,0,0,7,837,0,223.3212764,5.909702911,5.871160165,-0.038542746,0.6521943079,True,7.625968863,7.666605457,0.040636594,-0.532871229,False,0,0,0,,False,0,0,0,,False
Concrete Strength,0,0,8,837,0,223.3212764,5.909702911,5.871160165,-0.038542746,0.6521943079,True,7.625968863,7.666605457,0.040636594,-0.532871229,False,0,0,0,,False,0,0,0,,False
Concrete Strength,0,0,9,837,0,223.3212764,5.909702911,5.871160165,-0.038542746,0.6521943079,True,7.625968863,7.666605457,0.040636594,-0.532871229,False,0,0,0,,False,0,0,0,,False
Concrete Strength,0,0,10,837,0,223.3212764,5.909702911,5.871160165,-0.038542746,0.6521943079,True,7.625968863,7.666605457,0.040636594,-0.532871229,False,0,0,0,,False,0,0,0,,False
Concrete Strength,0,0,11,837,0,223.3212764,5.909702911,5.871160165,-0.038542746,0.6521943079,True,7.625968863,7.666605457,0.040636594,-0.532871229,False,0,0,0,,False,0,0,0,,False
Concrete Strength,0,0,12,837,0,223.3212764,5.909702911,5.871160165,-0.038542746,0.6521943079,True,7.625968863,7.666605457,0.040636594,-0.532871229,False,0,0,0,,False,0,0,0,,False
Concrete Strength,0,0,13,837,0,223.3212764,5.909702911,5.871160165,-0.038542746,0.6521943079,True,7.625968863,7.666605457,0.040636594,-0.532871229,False,0,0,0,,False,0,0,0,,False
Concrete Strength,0,0,14,837,0,223.3212764,5.909702911,5.871160165,-0.038542746,0.6521943079,True,7.625968863,7.666605457,0.040636594,-0.532871229,False,0,0,0,,False,0,0,0,,False
Concrete Strength,0,0,15,837,0,223.3212764,5.909702911,5.871160165,-0.038542746,0.6521943079,True,7.625968863,7.666605457,0.040636594,-0.532871229,False,0,0,0,,False,0,0,0,,False
Concrete Strength,0,0,16,837,0,223.3212764,5.909702911,5.871160165,-0.038542746,0.6521943079,True,7.625968863,7.666605457,0.040636594,-0.532871229,False,0,0,0,,False,0,0,0,,False
Concrete Strength,0,0,17,837,0,223.3212764,5.909702911,5.871160165,-0.038542746,0.6521943079,True,7.625968863,7.666605457,0.040636594,-0.532871229,False,0,0,0,,False,0,0,0,,False
Concrete Strength,0,0,18,837,0,223.3212764,5.909702911,5.871160165,-0.038542746,0.6521943079,True,7.625968863,7.666605457,0.040636594,-0.532871229,False,0,0,0,,False,0,0,0,,False
Concrete Strength,0,0,19,837,0,223.3212764,5.909702911,5.871160165,-0.038542746,0.6521943079,True,7.625968863,7.666605457,0.040636594,-0.532871229,False,0,0,0,,False,0,0,0,,False
Concrete Strength,0,0,20,837,0,223.3212764,5.909702911,5.871160165,-0.038542746,0.6521943079,True,7.625968863,7.666605457,0.040636594,-0.532871229,False,0,0,0,,False,0,0,0,,False
Concrete Strength,0,0,21,837,0,223.3212764,5.909702911,5.871160165,-0.038542746,0.6521943079,True,7.625968863,7.666605457,0.040636594,-0.532871229,False,0,0,0,,False,0,0,0,,False
Concrete Strength,0,0,22,837,0,223.3212764,5.909702911,5.871160165,-0.038542746,0.6521943079,True,7.625968863,7.666605457,0.040636594,-0.532871229,False,0,0,0,,False,0,0,0,,False
Concrete Strength,0,0,23,837,0,223.3212764,5.909702911,5.871160165,-0.038542746,0.6521943079,True,7.625968863,7.666605457,0.040636594,-0.532871229,False,0,0,0,,False,0,0,0,,False
Concrete Strength,0,0,24,837,0,223.3212764,5.909702911,5.871160165,-0.038542746,0.6521943079,True,7.625968863,7.666605457,0.040636594,-0.532871229,False,0,0,0,,False,0,0,0,,False
Concrete Strength,0,0,25,837,0,223.3212764,5.909702911,5.871160165,-0.038542746,0.6521943079,True,7.625968863,7.666605457,0.040636594,-0.532871229,False,0,0,0,,False,0,0,0,,False
Concrete Strength,0,0,26,837,0,223.3212764,5.909702911,5.871160165,-0.038542746,0.6521943079,True,7.625968863,7.666605457,0.040636594,-0.532871229,False,0,0,0,,False,0,0,0,,False
Concrete Strength,0,0,27,837,0,223.3212764,5.909702911,5.871160165,-0.038542746,0.6521943079,True,7.625968863,7.666605457,0.040636594,-0.532871229,False,0,0,0,,False,0,0,0,,False
Concrete Strength,0,0,28,837,0,223.3212764,5.909702911,5.871160165,-0.038542746,0.6521943079,True,7.625968863,7.666605457,0.040636594,-0.532871229,False,0,0,0,,False,0,0,0,,False
Concrete Strength,0,0,29,837,0,223.3212764,5.909702911,5.871160165,-0.038542746,0.6521943079,True,7.625968863,7.666605457,0.040636594,-0.532871229,False,0,0,0,,False,0,0,0,,False
Concrete Strength,0,0,30,837,0,223.3212764,5.909702911,5.871160165,-0.038542746,0.6521943079,True,7.625968863,7.666605457,0.040636594,-0.532871229,False,0,0,0,,False,0,0,0,,False
Concrete Strength,0.05,5,1,837,42,223.3212764,8.204843577,5.873367864,-2.331475713,28.41584597,True,10.96215658,7.694844715,-3.267311865,29.80537489,True,7.87486354,0.383057787,-7.491805753,95.13568984,True,1.191828812,0.06761790728,-1.124210905,94.32654198,True
Concrete Strength,0.05,5,2,837,42,223.3212764,7.264390681,5.88202064,-1.382370041,19.02940111,True,9.258563931,7.712467133,-1.546096798,16.69909944,True,5.250295703,0.6652191361,-4.585076567,87.32987295,True,0.3461523077,0.06636704807,-0.2797852596,80.82721201,True
Concrete Strength,0.05,5,3,837,42,223.3212764,7.036071634,5.876534959,-1.159536675,16.47988729,True,9.068562526,7.697316083,-1.371246443,15.12087984,True,4.907486647,0.4373178631,-4.470168784,91.08876102,True,0.2296520168,0.07459284272,-0.1550591741,67.51918674,True
Concrete Strength,0.05,5,4,837,42,223.3212764,7.324849244,5.877913204,-1.44693604,19.75379959,True,9.239860632,7.676916481,-1.562944151,16.91523512,True,5.217242892,0.4844079059,-4.732834986,90.71525103,True,0.5813710347,0.04337519445,-0.5379958402,92.53915454,True
Concrete Strength,0.05,5,5,837,42,223.3212764,7.919742945,5.879621999,-2.040120946,25.75993893,True,10.01503635,7.676876373,-2.338159977,23.34649516,True,6.491960561,0.5571241616,-5.934836399,91.41824482,True,0.4260862574,0.06366257268,-0.3624236847,85.05875945,True
Concrete Strength,0.05,5,6,837,42,223.3212764,7.547354368,5.874585474,-1.672768894,22.16364586,True,9.586692542,7.680234907,-1.906457635,19.88650024,True,5.809412431,0.3783087014,-5.43110373,93.48800406,True,1.69427474,0.03641496207,-1.657859778,97.85070501,True
Concrete Strength,0.05,5,7,837,42,223.3212764,8.021314764,5.881209341,-2.140105423,26.68023243,True,10.23660079,7.668935616,-2.567665174,25.08318168,True,6.828806241,0.6849227908,-6.14388345,89.97009482,True,0.6948166065,0.05459710376,-0.6402195027,92.14222814,True
Concrete Strength,0.05,5,8,837,42,223.3212764,7.771767736,5.879359775,-1.892407961,24.34977505,True,9.912446167,7.695033757,-2.21741241,22.36998187,True,6.332549875,0.379241691,-5.953308184,94.01123247,True,0.6906341915,0.02068113973,-0.6699530518,97.00548568,True
Concrete Strength,0.05,5,9,837,42,223.3212764,8.939931397,5.881026557,-3.05890484,34.21620037,True,11.25376058,7.690495233,-3.563265347,31.66288568,True,8.275972816,0.5728223445,-7.703150471,93.07848929,True,1.297378743,0.07534760522,-1.222031138,94.19232004,True
Concrete Strength,0.05,5,10,837,42,223.3212764,9.006673687,5.879073149,-3.127600538,34.72536751,True,11.58135051,7.670702805,-3.910647705,33.76676754,True,8.716207803,0.598527389,-8.117680414,93.13316751,True,1.517340502,0.07921481078,-1.438125691,94.7793649,True
Concrete Strength,0.05,5,11,837,42,223.3212764,6.664022193,5.874538513,-0.78948368,11.84695454,True,8.635431537,7.684336982,-0.951094555,11.01386249,True,4.051577068,0.4315157543,-3.620061314,89.34943734,True,0.7400788415,0.02906658625,-0.7110122553,96.07250138,True
Concrete Strength,0.05,5,12,837,42,223.3212764,6.783165319,5.880746816,-0.902418503,13.30379639,True,8.791464003,7.708683311,-1.082780692,12.31627283,True,4.374292882,0.6625864296,-3.711706452,84.85271911,True,0.325039213,0.04404259948,-0.2809966135,86.4500658,True
Concrete Strength,0.05,5,13,837,42,223.3212764,6.659773555,5.87660091,-0.783172645,11.75974886,True,8.631187758,7.681121121,-0.950066637,11.00736844,True,4.04252409,0.4905230704,-3.55200102,87.86592091,True,0.7103539055,0.0302450669,-0.6801088386,95.74225373,True
Concrete Strength,0.05,5,14,837,42,223.3212764,6.481122356,5.874044836,-0.60707752,9.366857878,True,8.251848407,7.674900465,-0.576947942,6.991741893,True,3.152396077,0.3405286503,-2.811867427,89.19778346,True,0.2766560424,0.04003028479,-0.2366257576,85.53066673,True
Concrete Strength,0.05,5,15,837,42,223.3212764,6.693306597,5.875238476,-0.818068121,12.2221821,True,8.446254148,7.672418685,-0.773835463,9.161877555,True,3.630951395,0.4050709676,-3.225880427,88.84394409,True,0.7225440922,0.03411058765,-0.6884335046,95.2790995,True
Concrete Strength,0.05,5,16,837,42,223.3212764,6.884702629,5.87808246,-1.006620169,14.62111326,True,8.944070335,7.682702205,-1.26136813,14.10284225,True,4.673434825,0.6754247262,-3.998010099,85.54757365,True,1.498294849,0.0790123628,-1.419282486,94.72651442,True
Concrete Strength,0.05,5,17,837,42,223.3212764,6.703686508,5.871852856,-0.831833652,12.40860012,True,8.59822447,7.677663791,-0.920560679,10.70640435,True,3.971657455,0.21219441,-3.759463045,94.6572832,True,0.7068426141,0.01796360952,-0.6888790046,97.45861255,True
Concrete Strength,0.05,5,18,837,42,223.3212764,7.192081235,5.889995133,-1.302086102,18.10444097,True,9.049382909,7.681013688,-1.368369221,15.12113295,True,4.871953401,0.8155975023,-4.056355899,83.25933286,True,0.8506248688,0.1478539846,-0.7027708842,82.61819163,True
Concrete Strength,0.05,5,19,837,42,223.3212764,6.454442924,5.876157312,-0.578285612,8.959496874,True,8.212725497,7.684470982,-0.528254515,6.432146249,True,3.048517506,0.4454527345,-2.603064772,85.3878899,True,0.308623273,0.05377992389,-0.2548433491,82.57424874,True
Concrete Strength,0.05,5,20,837,42,223.3212764,7.789855055,5.879828841,-1.910026214,24.51940634,True,9.762226472,7.681277166,-2.080949306,21.31633918,True,6.094724325,0.6297884135,-5.464935911,89.66666284,True,0.8565087227,0.0995105518,-0.7569981709,88.38184024,True
Concrete Strength,0.05,5,21,837,42,223.3212764,6.785374661,5.88729786,-0.898076801,13.23547845,True,8.534235031,7.689071157,-0.845163874,9.903217698,True,3.831157326,0.6357738596,-3.195383466,83.40517485,True,0.797189137,0.0477987743,-0.7493903627,94.0040861,True
Concrete Strength,0.05,5,22,837,42,223.3212764,6.757441453,5.880967019,-0.876474434,12.97050726,True,8.724384542,7.664762343,-1.059622199,12.14552378,True,4.237863204,0.5380980831,-3.699765121,87.30260848,True,0.6257740208,0.06643666948,-0.5593373513,89.38328098,True
Concrete Strength,0.05,5,23,837,42,223.3212764,7.053701704,5.887173083,-1.166528621,16.53782184,True,9.08946994,7.718603299,-1.370866641,15.08192062,True,4.946014829,0.9112133672,-4.034801462,81.57681692,True,0.7802616999,0.1268836265,-0.6533780734,83.7383244,True
Concrete Strength,0.05,5,24,837,42,223.3212764,6.682528319,5.877187164,-0.805341155,12.05144395,True,8.513846364,7.671645525,-0.842200839,9.892131042,True,3.785522264,0.50601697,-3.279505294,86.63283598,True,1.324639377,0.08305696373,-1.241582413,93.72984337,True
Concrete Strength,0.05,5,25,837,42,223.3212764,7.88995069,5.874803329,-2.015147361,25.54068384,True,10.04782017,7.659577583,-2.388242587,23.76876324,True,6.542422259,0.4559331558,-6.086489103,93.03112612,True,0.8394789339,0.06017920188,-0.779299732,92.83136247,True
Concrete Strength,0.05,5,26,837,42,223.3212764,9.404121173,5.884810717,-3.519310456,37.42306582,True,11.43382751,7.675242362,-3.758585148,32.87250175,True,8.519214193,0.6995420144,-7.819672179,91.78865564,True,0.4384703355,0.08682869845,-0.351641637,80.19736082,True
Concrete Strength,0.05,5,27,837,42,223.3212764,7.355048148,5.880586042,-1.474462106,20.04694023,True,9.524808325,7.676623783,-1.848184542,19.40390272,True,5.706712936,0.5706337652,-5.136079171,90.00065762,True,0.5821075704,0.02859299978,-0.5535145706,95.08802132,True
Concrete Strength,0.05,5,28,837,42,223.3212764,7.159728581,5.880411387,-1.279317194,17.86823592,True,8.881599425,7.659646957,-1.221952468,13.75824792,True,4.552736237,0.6042887095,-3.948447528,86.72691151,True,0.9048168749,0.131810266,-0.7730066089,85.43238199,True
Concrete Strength,0.05,5,29,837,42,223.3212764,6.176939712,5.876694745,-0.300244967,4.8607398,True,7.894299047,7.679880346,-0.214418701,2.716120833,True,2.040724465,0.5653598881,-1.475364577,72.29611847,True,0.3010333347,0.03536669811,-0.2656666366,88.25156751,True
Concrete Strength,0.05,5,30,837,42,223.3212764,7.238356012,5.882320857,-1.356035155,18.73402127,True,9.112433394,7.68796082,-1.424472574,15.6321864,True,4.98808994,0.6542959462,-4.333793994,86.88283583,True,1.115361314,0.05964605169,-1.055715262,94.65231123,True
Concrete Strength,0.1,10,1,837,84,223.3212764,8.154200652,5.881539729,-2.272660923,27.87104488,True,10.26624761,7.656737589,-2.609510021,25.41834291,True,6.873168044,0.4438892524,-6.429278792,93.54170814,True,1.237416478,0.06278489856,-1.174631579,94.9261304,True
Concrete Strength,0.1,10,2,837,84,223.3212764,8.418229852,5.883990549,-2.534239303,30.1041828,True,10.48284552,7.693483678,-2.789361842,26.60882331,True,7.19268024,0.6684436928,-6.524236547,90.70661185,True,1.983892576,0.06294774235,-1.920944834,96.82705893,True
Concrete Strength,0.1,10,3,837,84,223.3212764,8.693831214,5.894880119,-2.798951095,32.19467949,True,10.97388791,7.69517776,-3.27871015,29.87737962,True,7.891185892,0.743435942,-7.14774995,90.57890725,True,2.964719829,0.2015192768,-2.763200552,93.20275478,True
Concrete Strength,0.1,10,4,837,84,223.3212764,11.02740312,5.880680958,-5.146722162,46.67211406,True,13.31884919,7.663798828,-5.655050362,42.45900138,True,10.91953949,0.5740818527,-10.34545764,94.74261847,True,2.968596598,0.1102909048,-2.858305693,96.28474597,True
Concrete Strength,0.1,10,5,837,84,223.3212764,8.144395213,5.893687297,-2.250707916,27.63505278,True,10.50319108,7.726442316,-2.776748764,26.43719173,True,7.222300308,0.9067841356,-6.315516172,87.4446631,True,0.9446654435,0.1339501004,-0.8107153431,85.82036621,True
Concrete Strength,0.1,10,6,837,84,223.3212764,8.754218658,5.879214168,-2.87500449,32.84136029,True,10.65409105,7.688084652,-2.966006398,27.83913132,True,7.440044018,0.5813572309,-6.858686787,92.18610495,True,1.307995154,0.0413427618,-1.266652392,96.83922668,True
Concrete Strength,0.1,10,7,837,84,223.3212764,11.28610509,5.901929787,-5.384175303,47.70623045,True,14.15828891,7.680211961,-6.478076949,45.75465997,True,11.92902945,1.02167869,-10.90735076,91.4353578,True,2.288661536,0.11066255,-2.177998986,95.16474812,True
Concrete Strength,0.1,10,8,837,84,223.3212764,9.770239473,5.895850093,-3.87438938,39.65500939,True,12.43139932,7.703426435,-4.727972885,38.03250755,True,9.817549996,0.9359556626,-8.881594333,90.46650475,True,0.3424879963,0.1411759987,-0.2013119976,58.77928563,True
Concrete Strength,0.1,10,9,837,84,223.3212764,8.219596748,5.873558061,-2.346038687,28.54201683,True,10.35768214,7.659865499,-2.697816641,26.0465286,True,7.00900693,0.2546063146,-6.754400615,96.36744096,True,0.7825221281,0.03893681736,-0.7435853107,95.02418961,True
Concrete Strength,0.1,10,10,837,84,223.3212764,8.339568063,5.88404379,-2.455524273,29.44426203,True,10.54533018,7.73127691,-2.81405327,26.68530261,True,7.283446134,0.7894153037,-6.49403083,89.16151381,True,0.4228218811,0.1502666203,-0.2725552608,64.46101136,True
Concrete Strength,0.1,10,11,837,84,223.3212764,7.67718158,5.88215264,-1.79502894,23.38135319,True,9.756437656,7.693492408,-2.062945248,21.1444517,True,6.085447776,0.7398284811,-5.345619295,87.84266157,True,0.8829042385,0.04490555647,-0.837998682,94.91388143,True
Concrete Strength,0.1,10,12,837,84,223.3212764,8.927961566,5.891626385,-3.036335181,34.00927702,True,10.9921079,7.710433415,-3.281674485,29.85482416,True,7.916503966,0.7045997121,-7.211904254,91.09961019,True,1.135838816,0.1420328838,-0.9938059322,87.49533105,True
Concrete Strength,0.1,10,13,837,84,223.3212764,7.113860284,5.894622364,-1.21923792,17.13890731,True,8.872254007,7.674725722,-1.197528285,13.49745267,True,4.534477927,0.9381842764,-3.596293651,79.30998251,True,1.042148743,0.2298257857,-0.8123229573,77.94693059,True
Concrete Strength,0.1,10,14,837,84,223.3212764,9.710708207,5.889106824,-3.821601383,39.35450743,True,11.78522227,7.723995585,-4.061226685,34.46033169,True,8.985324864,0.6429900986,-8.342334765,92.8439972,True,0.8280763849,0.06625460025,-0.7618217847,91.9989748,True
Concrete Strength,0.1,10,15,837,84,223.3212764,6.939886816,5.879064966,-1.06082185,15.28586673,True,8.844498043,7.668867575,-1.175630468,13.29222373,True,4.479926845,0.3331751655,-4.146751679,92.5629329,True,0.3687698321,0.03383253377,-0.3349372983,90.82556901,True
Concrete Strength,0.1,10,16,837,84,223.3212764,7.853527808,5.875952803,-1.977575005,25.18072201,True,9.850058871,7.693167254,-2.156891617,21.89724595,True,6.234441327,0.4124576004,-5.821983727,93.38420913,True,1.357639757,0.03435090637,-1.323288851,97.46980698,True
Concrete Strength,0.1,10,17,837,84,223.3212764,8.438539963,5.886659167,-2.551880796,30.24078581,True,10.53912562,7.694979915,-2.844145705,26.98654336,True,7.274459962,0.7341063146,-6.540353647,89.90844244,True,2.095420621,0.04750190454,-2.047918716,97.73306113,True
Concrete Strength,0.1,10,18,837,84,223.3212764,8.662272376,5.883196815,-2.779075561,32.08252339,True,11.06081106,7.712385368,-3.348425692,30.27287668,True,8.011625318,0.5832393858,-7.428385932,92.72008659,True,0.4525086464,0.06427440346,-0.3882342429,85.79598335,True
Concrete Strength,0.1,10,19,837,84,223.3212764,8.323833573,5.873496362,-2.450337211,29.43760455,True,10.42941061,7.676695428,-2.752715182,26.39377511,True,7.114576908,0.2020705591,-6.912506349,97.15976703,True,2.399234992,0.02095568804,-2.378279304,99.12656792,True
Concrete Strength,0.1,10,20,837,84,223.3212764,8.049688059,5.887000259,-2.1626878,26.86672805,True,10.35102878,7.696369541,-2.654659239,25.64633232,True,6.999171069,0.6657191694,-6.3334519,90.48859982,True,1.64026417,0.1602067533,-1.480057417,90.23286881,True
Concrete Strength,0.1,10,21,837,84,223.3212764,8.632682956,5.895336153,-2.737346803,31.70910848,True,10.80117699,7.658808497,-3.142368493,29.09283401,True,7.649184485,0.9313374711,-6.717847014,87.82435601,True,0.9659689004,0.09085225364,-0.8751166468,90.594702,True
Concrete Strength,0.1,10,22,837,84,223.3212764,10.08438775,5.880229378,-4.204158372,41.6897731,True,13.12145797,7.704488357,-5.416969613,41.28329051,True,10.67788641,0.5682348622,-10.10965155,94.6783957,True,0.7365366332,0.0837503793,-0.6527862539,88.6291631,True
Concrete Strength,0.1,10,23,837,84,223.3212764,9.723884561,5.885444529,-3.838440032,39.47434801,True,12.36473896,7.675007942,-4.689731018,37.92826547,True,9.733004084,0.6319960487,-9.101008035,93.50667026,True,0.5773101285,0.1073207144,-0.4699894141,81.41021453,True
Concrete Strength,0.1,10,24,837,84,223.3212764,7.876933272,5.88455835,-1.992374922,25.29378951,True,10.00619083,7.70892036,-2.29727047,22.95849149,True,6.478306404,0.6486863925,-5.829620011,89.9867905,True,1.302427237,0.09925626336,-1.203170974,92.37913178,True
Concrete Strength,0.1,10,25,837,84,223.3212764,8.045524626,5.881795724,-2.163728902,26.8935713,True,9.825122332,7.662872265,-2.162250067,22.00736025,True,6.194967937,0.6327074464,-5.562260491,89.78675188,True,0.7435754953,0.09149091959,-0.6520845757,87.69581298,True
Concrete Strength,0.1,10,26,837,84,223.3212764,8.181147296,5.876855495,-2.304291801,28.16587598,True,10.1573719,7.681545563,-2.475826337,24.37467449,True,6.70945623,0.3059545788,-6.403501651,95.4399497,True,0.4605774907,0.05885555458,-0.4017219361,87.22135672,True
Concrete Strength,0.1,10,27,837,84,223.3212764,9.377990079,5.892624475,-3.485365604,37.16537952,True,11.40815476,7.731801087,-3.676353673,32.22566445,True,8.484727096,0.7551167772,-7.729610319,91.10028209,True,1.157588861,0.1084946258,-1.049094235,90.62753371,True
Concrete Strength,0.1,10,28,837,84,223.3212764,7.631578392,5.873244269,-1.758334123,23.04024191,True,9.580441535,7.675553609,-1.904887926,19.88309118,True,5.799091214,0.3749359544,-5.42415526,93.53457394,True,1.467326366,0.03089174921,-1.436434617,97.89469133,True
Concrete Strength,0.1,10,29,837,84,223.3212764,7.944856098,5.877007779,-2.067848319,26.0275113,True,10.00248231,7.655956774,-2.346525536,23.459432,True,6.472576867,0.5002115624,-5.972365305,92.2718328,True,0.7564298765,0.08149590004,-0.6749339765,89.22624521,True
Concrete Strength,0.1,10,30,837,84,223.3212764,8.744158308,5.883122036,-2.861036272,32.71940158,True,10.96461616,7.667104481,-3.297511679,30.0741187,True,7.878287025,0.645555583,-7.232731442,91.80588901,True,1.33653234,0.1067701549,-1.229762185,92.01140506,True
Concrete Strength,0.2,20,1,837,167,223.3212764,9.027324275,5.887058566,-3.140265709,34.78622916,True,11.83788482,7.725408026,-4.112476794,34.73996289,True,9.054287161,0.8274792101,-8.226807951,90.86091268,True,1.926052289,0.1086139952,-1.817438294,94.36079717,True
Concrete Strength,0.2,20,2,837,167,223.3212764,9.862104377,5.922583469,-3.939520908,39.94604759,True,12.91462292,7.806794647,-5.107828273,39.55073489,True,10.42267164,1.072498356,-9.350173284,89.70994777,True,0.5875291939,0.1805087398,-0.4070204541,69.27663482,True
Concrete Strength,0.2,20,3,837,167,223.3212764,10.27991532,5.894467628,-4.385447692,42.66034841,True,12.83972769,7.688018327,-5.151709363,40.12319799,True,10.3297244,0.6157983067,-9.713926093,94.03857951,True,1.815730385,0.1096913916,-1.706038993,93.95882822,True
Concrete Strength,0.2,20,4,837,167,223.3212764,9.041278097,5.889842171,-3.151435926,34.85608884,True,11.38089429,7.716028773,-3.664865517,32.20191159,True,8.448038454,0.8874174696,-7.560620984,89.49557966,True,1.516355396,0.08648357324,-1.429871823,94.29661585,True
Concrete Strength,0.2,20,5,837,167,223.3212764,8.387737671,5.884961898,-2.502775773,29.83850796,True,10.50488871,7.683605752,-2.821282958,26.85685718,True,7.224768897,0.6551599718,-6.569608925,90.93175185,True,1.509585274,0.09160977251,-1.417975501,93.93146091,True
Concrete Strength,0.2,20,6,837,167,223.3212764,9.20496301,5.88812171,-3.3168413,36.03318445,True,11.60854505,7.702701147,-3.905843903,33.64628286,True,8.752309248,0.7041898904,-8.048119358,91.95423893,True,1.41727482,0.1362346297,-1.28104019,90.38756438,True
Concrete Strength,0.2,20,7,837,167,223.3212764,11.58152409,5.882559244,-5.698964846,49.20738239,True,14.16600204,7.692771281,-6.473230759,45.69553739,True,11.93818297,0.6660859535,-11.27209702,94.42054159,True,0.6981632402,0.111321354,-0.5868418862,84.05511096,True
Concrete Strength,0.2,20,8,837,167,223.3212764,13.76624857,5.88352322,-7.88272535,57.26124521,True,17.58960229,7.689796287,-9.899806003,56.28214805,True,15.85051128,0.5382688579,-15.31224242,96.60409151,True,3.663820899,0.09780312774,-3.566017771,97.33057018,True
Concrete Strength,0.2,20,9,837,167,223.3212764,7.232729878,5.889827949,-1.342901929,18.56701345,True,9.289001171,7.724772976,-1.564228195,16.83957367,True,5.303785597,0.7503737757,-4.553411821,85.85210956,True,0.9792975457,0.07967219302,-0.8996253527,91.86435283,True
Concrete Strength,0.2,20,10,837,167,223.3212764,9.479272018,5.885229704,-3.594042314,37.91475028,True,11.78732072,7.668278768,-4.119041952,34.94468378,True,8.988077021,0.5619248533,-8.426152168,93.74810817,True,0.8870623389,0.08604436224,-0.8010179767,90.30007718,True
Concrete Strength,0.2,20,11,837,167,223.3212764,8.496276373,5.899452364,-2.596824009,30.56426009,True,10.85912795,7.77444631,-3.08468164,28.40634768,True,7.730799366,0.9872249392,-6.743574427,87.22997594,True,0.9029865275,0.2031713833,-0.6998151442,77.50006483,True
Concrete Strength,0.2,20,12,837,167,223.3212764,8.403164078,5.887268978,-2.5158951,29.93985452,True,10.30695426,7.66505257,-2.64190169,25.63222484,True,6.933823261,0.6479058247,-6.285917436,90.65586473,True,0.995693078,0.04439237741,-0.9513007006,95.54156011,True
Concrete Strength,0.2,20,13,837,167,223.3212764,8.428964431,5.903158849,-2.525805582,29.96578764,True,10.54508149,7.705028781,-2.840052709,26.93248707,True,7.283086059,1.112170411,-6.170915648,84.72940726,True,1.090813571,0.206336855,-0.884476716,81.08413202,True
Concrete Strength,0.2,20,14,837,167,223.3212764,10.47042871,5.884532593,-4.585896117,43.79855156,True,12.77066962,7.670680236,-5.099989384,39.93517596,True,10.24375914,0.6989650343,-9.544794106,93.17667445,True,1.213197948,0.05076438794,-1.16243356,95.81565498,True
Concrete Strength,0.2,20,15,837,167,223.3212764,9.473102326,5.918598791,-3.554503535,37.52206418,True,11.72837888,7.730737236,-3.997641644,34.0852021,True,8.910638024,1.222610969,-7.688027055,86.27919835,True,1.224367379,0.09272124726,-1.131646132,92.42700771,True
Concrete Strength,0.2,20,16,837,167,223.3212764,9.174673683,5.876898297,-3.297775386,35.94433437,True,11.30968161,7.667699204,-3.641982406,32.20234248,True,8.351855902,0.3357887996,-8.016067102,95.97947087,True,1.818705244,0.03603351919,-1.782671725,98.01872682,True
Concrete Strength,0.2,20,17,837,167,223.3212764,9.141908828,5.899699262,-3.242209566,35.46534566,True,11.69279237,7.718681625,-3.974110745,33.98769617,True,8.863745958,0.9792466486,-7.884499309,88.95222569,True,1.115021215,0.1374261392,-0.9775950758,87.67502023,True
Concrete Strength,0.2,20,18,837,167,223.3212764,9.842716517,5.920457195,-3.922259322,39.8493578,True,12.57249045,7.75640173,-4.81608872,38.30656097,True,9.99560479,1.252592902,-8.743011888,87.46856315,True,1.158990902,0.164964294,-0.994026608,85.76655833,True
Concrete Strength,0.2,20,19,837,167,223.3212764,9.700342647,5.904037361,-3.796305286,39.13578545,True,12.12231743,7.670988695,-4.451328735,36.72011363,True,9.423119377,0.9144483254,-8.508671052,90.29569415,True,2.569432925,0.1696897015,-2.399743224,93.39583066,True
Concrete Strength,0.2,20,20,837,167,223.3212764,11.7717187,5.890155473,-5.881563227,49.96350471,True,14.79214689,7.711365594,-7.080781296,47.86851664,True,12.67486523,0.6286068646,-12.04625837,95.04052427,True,1.87715278,0.1205865583,-1.756566222,93.5760925,True
Concrete Strength,0.2,20,21,837,167,223.3212764,9.995522534,5.900497911,-4.095024623,40.96858978,True,12.66812837,7.741627961,-4.926500409,38.88893659,True,10.11563519,1.021476376,-9.094158814,89.9020046,True,1.270691926,0.2665988462,-1.00409308,79.0193956,True
Concrete Strength,0.2,20,22,837,167,223.3212764,8.781359267,5.890801576,-2.890557691,32.91697336,True,11.49946344,7.701310821,-3.798152619,33.02895512,True,8.60710511,0.5750914756,-8.032013634,93.31840999,True,1.110958403,0.1156504269,-0.9953079761,89.59003086,True
Concrete Strength,0.2,20,23,837,167,223.3212764,9.584496808,5.882069061,-3.702427747,38.62933883,True,11.90198019,7.668951724,-4.233028466,35.56574955,True,9.137928171,0.5439276002,-8.594000571,94.04758289,True,1.000971738,0.06067769653,-0.9402940415,93.93812091,True
Concrete Strength,0.2,20,24,837,167,223.3212764,9.093697244,5.882819332,-3.210877912,35.30882793,True,11.76604874,7.692138744,-4.073909996,34.62428285,True,8.96016193,0.4895763105,-8.470585619,94.53607742,True,0.7415462104,0.09863810386,-0.6429081065,86.69832001,True
Concrete Strength,0.2,20,25,837,167,223.3212764,9.475646148,5.890734544,-3.584911604,37.83289865,True,11.71982244,7.692467594,-4.027354846,34.36361657,True,8.899372837,0.840453967,-8.05891887,90.5560315,True,1.660506008,0.05638516309,-1.604120845,96.60433851,True
Concrete Strength,0.2,20,26,837,167,223.3212764,9.182025956,5.896655247,-3.285370709,35.78045548,True,11.4614947,7.741818545,-3.719676155,32.45367426,True,8.556311105,0.864883266,-7.691427839,89.89186747,True,1.085430143,0.247720297,-0.837709846,77.17768402,True
Concrete Strength,0.2,20,27,837,167,223.3212764,10.40277764,5.911937963,-4.490839677,43.16962096,True,13.36765188,7.801512235,-5.566139645,41.63887342,True,10.97901251,1.018172102,-9.960840408,90.72619599,True,2.656063499,0.1477596085,-2.508303891,94.43689473,True
Concrete Strength,0.2,20,28,837,167,223.3212764,10.3044521,5.88309262,-4.42135948,42.90727384,True,12.45838977,7.687649657,-4.770740113,38.29339265,True,9.85170414,0.6882009079,-9.163503232,93.01439733,True,0.5629401397,0.05223290046,-0.5107072392,90.72141125,True
Concrete Strength,0.2,20,29,837,167,223.3212764,11.99158612,5.897228687,-6.094357433,50.82194609,True,14.64960414,7.694654694,-6.954949446,47.47534049,True,12.50821732,0.8963634124,-11.61185391,92.83380366,True,1.230288444,0.08715510327,-1.143133341,92.91588052,True
Concrete Strength,0.2,20,30,837,167,223.3212764,10.73729407,5.935022242,-4.802271828,44.72515884,True,13.20616024,7.751781378,-5.454378862,41.30177707,True,10.78180259,1.15947318,-9.62232941,89.24601735,True,0.92869579,0.1814286635,-0.7472671265,80.46414494,True
Hawkins-Bradu-Kass (HBK),0,0,1,61,0,9,0.4707451401,0.4668075038,-0.0039376363,0.836468816,True,0.5453247461,0.5543605462,0.0090358001,-1.65695765,False,0,0,0,,False,0,0,0,,False
Hawkins-Bradu-Kass (HBK),0,0,2,61,0,9,0.4707451401,0.4668075038,-0.0039376363,0.836468816,True,0.5453247461,0.5543605462,0.0090358001,-1.65695765,False,0,0,0,,False,0,0,0,,False
Hawkins-Bradu-Kass (HBK),0,0,3,61,0,9,0.4707451401,0.4668075038,-0.0039376363,0.836468816,True,0.5453247461,0.5543605462,0.0090358001,-1.65695765,False,0,0,0,,False,0,0,0,,False
Hawkins-Bradu-Kass (HBK),0,0,4,61,0,9,0.4707451401,0.4668075038,-0.0039376363,0.836468816,True,0.5453247461,0.5543605462,0.0090358001,-1.65695765,False,0,0,0,,False,0,0,0,,False
Hawkins-Bradu-Kass (HBK),0,0,5,61,0,9,0.4707451401,0.4668075038,-0.0039376363,0.836468816,True,0.5453247461,0.5543605462,0.0090358001,-1.65695765,False,0,0,0,,False,0,0,0,,False
Hawkins-Bradu-Kass (HBK),0,0,6,61,0,9,0.4707451401,0.4668075038,-0.0039376363,0.836468816,True,0.5453247461,0.5543605462,0.0090358001,-1.65695765,False,0,0,0,,False,0,0,0,,False
Hawkins-Bradu-Kass (HBK),0,0,7,61,0,9,0.4707451401,0.4668075038,-0.0039376363,0.836468816,True,0.5453247461,0.5543605462,0.0090358001,-1.65695765,False,0,0,0,,False,0,0,0,,False
Hawkins-Bradu-Kass (HBK),0,0,8,61,0,9,0.4707451401,0.4668075038,-0.0039376363,0.836468816,True,0.5453247461,0.5543605462,0.0090358001,-1.65695765,False,0,0,0,,False,0,0,0,,False
Hawkins-Bradu-Kass (HBK),0,0,9,61,0,9,0.4707451401,0.4668075038,-0.0039376363,0.836468816,True,0.5453247461,0.5543605462,0.0090358001,-1.65695765,False,0,0,0,,False,0,0,0,,False
Hawkins-Bradu-Kass (HBK),0,0,10,61,0,9,0.4707451401,0.4668075038,-0.0039376363,0.836468816,True,0.5453247461,0.5543605462,0.0090358001,-1.65695765,False,0,0,0,,False,0,0,0,,False
Hawkins-Bradu-Kass (HBK),0,0,11,61,0,9,0.4707451401,0.4668075038,-0.0039376363,0.836468816,True,0.5453247461,0.5543605462,0.0090358001,-1.65695765,False,0,0,0,,False,0,0,0,,False
Hawkins-Bradu-Kass (HBK),0,0,12,61,0,9,0.4707451401,0.4668075038,-0.0039376363,0.836468816,True,0.5453247461,0.5543605462,0.0090358001,-1.65695765,False,0,0,0,,False,0,0,0,,False
Hawkins-Bradu-Kass (HBK),0,0,13,61,0,9,0.4707451401,0.4668075038,-0.0039376363,0.836468816,True,0.5453247461,0.5543605462,0.0090358001,-1.65695765,False,0,0,0,,False,0,0,0,,False
Hawkins-Bradu-Kass (HBK),0,0,14,61,0,9,0.4707451401,0.4668075038,-0.0039376363,0.836468816,True,0.5453247461,0.5543605462,0.0090358001,-1.65695765,False,0,0,0,,False,0,0,0,,False
Hawkins-Bradu-Kass (HBK),0,0,15,61,0,9,0.4707451401,0.4668075038,-0.0039376363,0.836468816,True,0.5453247461,0.5543605462,0.0090358001,-1.65695765,False,0,0,0,,False,0,0,0,,False
Hawkins-Bradu-Kass (HBK),0,0,16,61,0,9,0.4707451401,0.4668075038,-0.0039376363,0.836468816,True,0.5453247461,0.5543605462,0.0090358001,-1.65695765,False,0,0,0,,False,0,0,0,,False
Hawkins-Bradu-Kass (HBK),0,0,17,61,0,9,0.4707451401,0.4668075038,-0.0039376363,0.836468816,True,0.5453247461,0.5543605462,0.0090358001,-1.65695765,False,0,0,0,,False,0,0,0,,False
Hawkins-Bradu-Kass (HBK),0,0,18,61,0,9,0.4707451401,0.4668075038,-0.0039376363,0.836468816,True,0.5453247461,0.5543605462,0.0090358001,-1.65695765,False,0,0,0,,False,0,0,0,,False
Hawkins-Bradu-Kass (HBK),0,0,19,61,0,9,0.4707451401,0.4668075038,-0.0039376363,0.836468816,True,0.5453247461,0.5543605462,0.0090358001,-1.65695765,False,0,0,0,,False,0,0,0,,False
Hawkins-Bradu-Kass (HBK),0,0,20,61,0,9,0.4707451401,0.4668075038,-0.0039376363,0.836468816,True,0.5453247461,0.5543605462,0.0090358001,-1.65695765,False,0,0,0,,False,0,0,0,,False
Hawkins-Bradu-Kass (HBK),0,0,21,61,0,9,0.4707451401,0.4668075038,-0.0039376363,0.836468816,True,0.5453247461,0.5543605462,0.0090358001,-1.65695765,False,0,0,0,,False,0,0,0,,False
Hawkins-Bradu-Kass (HBK),0,0,22,61,0,9,0.4707451401,0.4668075038,-0.0039376363,0.836468816,True,0.5453247461,0.5543605462,0.0090358001,-1.65695765,False,0,0,0,,False,0,0,0,,False
Hawkins-Bradu-Kass (HBK),0,0,23,61,0,9,0.4707451401,0.4668075038,-0.0039376363,0.836468816,True,0.5453247461,0.5543605462,0.0090358001,-1.65695765,False,0,0,0,,False,0,0,0,,False
Hawkins-Bradu-Kass (HBK),0,0,24,61,0,9,0.4707451401,0.4668075038,-0.0039376363,0.836468816,True,0.5453247461,0.5543605462,0.0090358001,-1.65695765,False,0,0,0,,False,0,0,0,,False
Hawkins-Bradu-Kass (HBK),0,0,25,61,0,9,0.4707451401,0.4668075038,-0.0039376363,0.836468816,True,0.5453247461,0.5543605462,0.0090358001,-1.65695765,False,0,0,0,,False,0,0,0,,False
Hawkins-Bradu-Kass (HBK),0,0,26,61,0,9,0.4707451401,0.4668075038,-0.0039376363,0.836468816,True,0.5453247461,0.5543605462,0.0090358001,-1.65695765,False,0,0,0,,False,0,0,0,,False
Hawkins-Bradu-Kass (HBK),0,0,27,61,0,9,0.4707451401,0.4668075038,-0.0039376363,0.836468816,True,0.5453247461,0.5543605462,0.0090358001,-1.65695765,False,0,0,0,,False,0,0,0,,False
Hawkins-Bradu-Kass (HBK),0,0,28,61,0,9,0.4707451401,0.4668075038,-0.0039376363,0.836468816,True,0.5453247461,0.5543605462,0.0090358001,-1.65695765,False,0,0,0,,False,0,0,0,,False
Hawkins-Bradu-Kass (HBK),0,0,29,61,0,9,0.4707451401,0.4668075038,-0.0039376363,0.836468816,True,0.5453247461,0.5543605462,0.0090358001,-1.65695765,False,0,0,0,,False,0,0,0,,False
Hawkins-Bradu-Kass (HBK),0,0,30,61,0,9,0.4707451401,0.4668075038,-0.0039376363,0.836468816,True,0.5453247461,0.5543605462,0.0090358001,-1.65695765,False,0,0,0,,False,0,0,0,,False
Hawkins-Bradu-Kass (HBK),0.05,5,1,61,3,9,0.493292053,0.4680830988,-0.0252089542,5.110350764,True,0.6029878692,0.5635058994,-0.0394819698,6.547722071,True,0.2573233214,0.06632774807,-0.1909955733,74.22396551,True,0.4145051571,0.1073643666,-0.3071407905,74.09818316,True
Hawkins-Bradu-Kass (HBK),0.05,5,2,61,3,9,0.4867982995,0.4674746626,-0.0193236369,3.969536648,True,0.5720774531,0.5563997722,-0.0156776809,2.740482222,True,0.1728974657,0.03103355982,-0.1418639059,82.05088797,True,0.2795931039,0.05080555891,-0.228787545,81.82875107,True
Hawkins-Bradu-Kass (HBK),0.05,5,3,61,3,9,0.5180319638,0.4682411781,-0.0497907857,9.611527701,True,0.6390729306,0.5581086175,-0.0809643131,12.66902559,True,0.3332193451,0.06930686968,-0.2639124754,79.20082651,True,0.4748235447,0.1291526692,-0.3456708755,72.79985994,True
Hawkins-Bradu-Kass (HBK),0.05,5,4,61,3,9,0.7846159399,0.4674431982,-0.3171727417,40.42394827,True,0.986802136,0.5576287141,-0.4291734219,43.49133491,True,0.822435029,0.02353144981,-0.7989035792,97.13880745,True,1.771266926,0.0454446979,-1.725822228,97.43433939,True
Hawkins-Bradu-Kass (HBK),0.05,5,5,61,3,9,0.7119345096,0.4719844627,-0.2399500469,33.7039494,True,0.8496901358,0.5541558157,-0.2955343201,34.78142297,True,0.6516089688,0.1611542607,-0.4904547081,75.26825621,True,1.14655477,0.2799505847,-0.8666041853,75.58332214,True
Hawkins-Bradu-Kass (HBK),0.05,5,6,61,3,9,0.4860907773,0.4668075038,-0.0192832735,3.967010773,True,0.557823896,0.5543605462,-0.0034633498,0.6208679522,True,0.1174241042,2.342031517e-16,-0.1174241042,100,True,0.1986263415,2.100090372e-16,-0.1986263415,100,True
Hawkins-Bradu-Kass (HBK),0.05,5,7,61,3,9,0.5117839356,0.4694809856,-0.04230295,8.265783089,True,0.5880846725,0.5530203835,-0.035064289,5.962455857,True,0.2201465499,0.1329464761,-0.0872000738,39.61001153,True,0.390895172,0.244957294,-0.145937878,37.33427488,True
Hawkins-Bradu-Kass (HBK),0.05,5,8,61,3,9,0.4695334698,0.4694128471,-0.0001206227,0.0256899045,True,0.5491095158,0.5533124101,0.0042028943,-0.7654018332,False,0.06435978307,0.1314289609,0.06706917783,-104.2097637,False,0.1149096529,0.2428302258,0.1279205729,-111.3227389,False
Hawkins-Bradu-Kass (HBK),0.05,5,9,61,3,9,0.5232871427,0.4674746626,-0.0558124801,10.6657465,True,0.6233801598,0.5563997722,-0.0669803876,10.74470956,True,0.3020326886,0.03103355982,-0.2709991288,89.72509897,True,0.4271076856,0.05080555891,-0.3763021267,88.10474252,True
Hawkins-Bradu-Kass (HBK),0.05,5,10,61,3,9,0.4819778883,0.4699042524,-0.0120736359,2.505018631,True,0.5739618091,0.5560023362,-0.0179594729,3.129036221,True,0.1790337388,0.09477354241,-0.08426019639,47.06386458,True,0.2103936728,0.1875105517,-0.0228831211,10.8763352,True
Hawkins-Bradu-Kass (HBK),0.05,5,11,61,3,9,0.9718909953,0.4668075038,-0.5050834915,51.96915024,True,1.147271081,0.5543605462,-0.5929105348,51.68007323,True,1.009381917,3.803744179e-16,-1.009381917,100,True,1.849258548,5.75551866e-16,-1.849258548,100,True
Hawkins-Bradu-Kass (HBK),0.05,5,12,61,3,9,0.7885027989,0.4724457169,-0.316057082,40.08319088,True,0.9639187641,0.5584186421,-0.405500122,42.06787305,True,0.7948335078,0.1116203631,-0.6832131447,85.95676176,True,1.268837248,0.1738722856,-1.094964962,86.29672278,True
Hawkins-Bradu-Kass (HBK),0.05,5,13,61,3,9,0.6061286096,0.4705895177,-0.1355390919,22.36144108,True,0.7113614897,0.5548332509,-0.1565282388,22.00403607,True,0.4567888903,0.1082781199,-0.3485107704,76.29580706,True,0.8937387736,0.2254531792,-0.6682855944,74.7741526,True
Hawkins-Bradu-Kass (HBK),0.05,5,14,61,3,9,0.6440423385,0.4711148921,-0.1729274464,26.85032273,True,0.773174821,0.5563952336,-0.2167795874,28.03759014,True,0.5481060346,0.1169900544,-0.4311159802,78.65557994,True,1.1053022,0.2341628924,-0.8711393076,78.81458189,True
Hawkins-Bradu-Kass (HBK),0.05,5,15,61,3,9,0.5451324975,0.4699854257,-0.0751470718,13.78510218,True,0.6460699635,0.5552881292,-0.0907818343,14.05139372,True,0.3464495909,0.1319931756,-0.2144564153,61.90118878,True,0.7340591188,0.2494452614,-0.4846138574,66.01836896,True
Hawkins-Bradu-Kass (HBK),0.05,5,16,61,3,9,0.4785418401,0.4698056145,-0.0087362256,1.825592846,True,0.5557318473,0.5522357557,-0.0034960916,0.6290968598,True,0.1070458193,0.1045789517,-0.0024668676,2.304496912,True,0.1933343389,0.2201532364,0.0268188975,-13.87177138,False
Hawkins-Bradu-Kass (HBK),0.05,5,17,61,3,9,0.5585529784,0.4723269592,-0.0862260192,15.43739315,True,0.6637575654,0.5531910014,-0.110566564,16.65767289,True,0.3784111876,0.09225911349,-0.2861520741,75.61934834,True,0.7324951176,0.1755846837,-0.5569104339,76.02923494,True
Hawkins-Bradu-Kass (HBK),0.05,5,18,61,3,9,0.6751144718,0.4694128471,-0.2057016247,30.46914757,True,0.8159855987,0.5533124101,-0.2626731886,32.19090987,True,0.6070036397,0.1314289609,-0.4755746788,78.34791222,True,0.9684080231,0.2428302258,-0.7255777973,74.92480236,True
Hawkins-Bradu-Kass (HBK),0.05,5,19,61,3,9,0.5204665223,0.468274291,-0.0521922313,10.02797088,True,0.6373133036,0.5485284915,-0.0887848121,13.93110917,True,0.3298320304,0.1113307171,-0.2185013133,66.24623844,True,0.5870426676,0.1387017776,-0.44834089,76.37279447,True
Hawkins-Bradu-Kass (HBK),0.05,5,20,61,3,9,0.6160575386,0.4697625971,-0.1462949415,23.74696069,True,0.7552657596,0.5678681196,-0.18739764,24.81214561,True,0.5225392702,0.08118270713,-0.4413565631,84.46380746,True,0.7551134905,0.11698585,-0.6381276405,84.50751424,True
Hawkins-Bradu-Kass (HBK),0.05,5,21,61,3,9,0.5244101253,0.474886626,-0.0495234993,9.443658105,True,0.6290683,0.556322534,-0.072745766,11.56404893,True,0.3136046037,0.1712450786,-0.1423595251,45.39459033,True,0.5878123533,0.3065678081,-0.2812445452,47.84597391,True
Hawkins-Bradu-Kass (HBK),0.05,5,22,61,3,9,0.4733565842,0.4673856773,-0.0059709069,1.261397242,True,0.5504268838,0.5510397519,0.0006128681,-0.1113441436,False,0.07477082134,0.07978590484,0.0050150835,-6.707273519,False,0.1261704918,0.1119146364,-0.0142558554,11.29888233,True
Hawkins-Bradu-Kass (HBK),0.05,5,23,61,3,9,0.516124336,0.4717616445,-0.0443626915,8.595349687,True,0.641329753,0.5748118911,-0.0665178619,10.37186589,True,0.337527441,0.1161004375,-0.2214270035,65.6026671,True,0.6551960053,0.2070546054,-0.4481413999,68.39806657,True
Hawkins-Bradu-Kass (HBK),0.05,5,24,61,3,9,0.5621768239,0.4668075038,-0.0953693201,16.96429238,True,0.7178679159,0.5543605462,-0.1635073697,22.77680421,True,0.466856794,3.199762057e-15,-0.466856794,100,True,0.7715539354,5.152454631e-15,-0.7715539354,100,True
Hawkins-Bradu-Kass (HBK),0.05,5,25,61,3,9,0.6283105987,0.4680830988,-0.1602274999,25.50132056,True,0.7714765578,0.5635058994,-0.2079706584,26.95748254,True,0.5457077978,0.06632774807,-0.4793800497,87.84555611,True,0.9741996343,0.1073643666,-0.8668352677,88.97922327,True
Hawkins-Bradu-Kass (HBK),0.05,5,26,61,3,9,0.985951484,0.4744044262,-0.5115470578,51.88359327,True,1.169920056,0.574696616,-0.59522344,50.87727464,True,1.035052587,0.1075090152,-0.9275435718,89.61318328,True,1.484808021,0.155869011,-1.32893901,89.50241319,True
Hawkins-Bradu-Kass (HBK),0.05,5,27,61,3,9,0.491449461,0.4681071845,-0.0233422765,4.749679947,True,0.5748853965,0.5631203338,-0.0117650627,2.046505751,True,0.1819729114,0.06891499239,-0.113057919,62.1289829,True,0.3204157619,0.1063717978,-0.2140439641,66.80194596,True
Hawkins-Bradu-Kass (HBK),0.05,5,28,61,3,9,0.6673195723,0.4674431982,-0.1998763741,29.95212225,True,0.8496647485,0.5576287141,-0.2920360344,34.3707368,True,0.6515758638,0.02353144981,-0.628044414,96.38853261,True,1.362623443,0.0454446979,-1.317178745,96.66491149,True
Hawkins-Bradu-Kass (HBK),0.05,5,29,61,3,9,0.493617832,0.4668075038,-0.0268103282,5.431393775,True,0.5646225502,0.5543605462,-0.010262004,1.817498078,True,0.1463541784,2.979899319e-16,-0.1463541784,100,True,0.05039351757,5.266250203e-16,-0.05039351757,100,True
Hawkins-Bradu-Kass (HBK),0.05,5,30,61,3,9,0.6179734003,0.4712307797,-0.1467426206,23.74578267,True,0.7632796907,0.570008241,-0.1932714497,25.32118332,True,0.5340569329,0.1075469209,-0.426510012,79.86227417,True,0.9395920489,0.2042087429,-0.735383306,78.2662334,True
Hawkins-Bradu-Kass (HBK),0.1,10,1,61,6,9,1.388547366,0.4921132871,-0.8964340789,64.55912854,True,1.648004942,0.6029791958,-1.045025746,63.41156629,True,1.555165975,0.3168830843,-1.238282891,79.62384148,True,2.611269208,0.5163372054,-2.094932003,80.22658086,True
Hawkins-Bradu-Kass (HBK),0.1,10,2,61,6,9,0.7173737413,0.468274291,-0.2490994503,34.72380378,True,0.8817075326,0.5485284915,-0.3331790411,37.7879318,True,0.6928413198,0.1113307171,-0.5815106027,83.93128211,True,1.250598429,0.1387017776,-1.111896651,88.90916745,True
Hawkins-Bradu-Kass (HBK),0.1,10,3,61,6,9,0.7220790647,0.4873946842,-0.2346843805,32.5012027,True,0.8859375239,0.5895197676,-0.2964177563,33.45808799,True,0.6982164547,0.1942792281,-0.5039372266,72.17492845,True,1.431821775,0.3359981809,-1.095823594,76.53351927,True
Hawkins-Bradu-Kass (HBK),0.1,10,4,61,6,9,0.9197388028,0.4717017823,-0.4480370205,48.71350639,True,1.117382555,0.5575637852,-0.5598187698,50.10090477,True,0.9752767274,0.1460042673,-0.8292724601,85.02945234,True,1.824105792,0.2760481556,-1.548057636,84.86665868,True
Hawkins-Bradu-Kass (HBK),0.1,10,5,61,6,9,0.5686849478,0.4787588375,-0.0899261103,15.81299288,True,0.6823924297,0.5962163726,-0.0861760571,12.62851892,True,0.4102198793,0.1567591256,-0.2534607537,61.78656045,True,0.7059897688,0.3000485285,-0.4059412403,57.49959252,True
Hawkins-Bradu-Kass (HBK),0.1,10,6,61,6,9,0.5346150669,0.4674126477,-0.0672024192,12.57024416,True,0.639995602,0.5597035445,-0.0802920575,12.5457202,True,0.33498551,0.03664430195,-0.298341208,89.06092925,True,0.531962323,0.05140047903,-0.480561844,90.33757151,True
Hawkins-Bradu-Kass (HBK),0.1,10,7,61,6,9,0.5847478937,0.4698637572,-0.1148841365,19.64678073,True,0.7634901733,0.5555676018,-0.2079225715,27.2331693,True,0.5343577135,0.1248350367,-0.4095226768,76.63830173,True,0.9705342592,0.2329971678,-0.7375370914,75.99289612,True
Hawkins-Bradu-Kass (HBK),0.1,10,8,61,6,9,0.5601348855,0.4761975217,-0.0839373638,14.98520552,True,0.6950372369,0.5838108156,-0.1112264213,16.00294422,True,0.4309265389,0.1549693994,-0.2759571395,64.03809341,True,0.8611642827,0.2422923625,-0.6188719202,71.86455972,True
Hawkins-Bradu-Kass (HBK),0.1,10,9,61,6,9,0.8980572043,0.4749865427,-0.4230706616,47.10954487,True,1.064539852,0.5864081985,-0.4781316535,44.91439683,True,0.9142570857,0.1452646301,-0.7689924556,84.11118356,True,1.667407157,0.2590002951,-1.408406862,84.46688357,True
Hawkins-Bradu-Kass (HBK),0.1,10,10,61,6,9,0.7652084728,0.4716403218,-0.293568151,38.36446687,True,0.9146096535,0.5687732909,-0.3458363626,37.81245488,True,0.7342559088,0.1016448164,-0.6326110924,86.15675881,True,0.8216901017,0.1426187645,-0.6790713372,82.64324175,True
Hawkins-Bradu-Kass (HBK),0.1,10,11,61,6,9,0.9350616253,0.468274291,-0.4667873343,49.92048884,True,1.182993819,0.5485284915,-0.6344653275,53.63217604,True,1.049807267,0.1113307171,-0.9384765499,89.39512798,True,1.547586888,0.1387017776,-1.40888511,91.03754505,True
Hawkins-Bradu-Kass (HBK),0.1,10,12,61,6,9,0.7562339039,0.4843850186,-0.2718488853,35.94772515,True,0.9005659909,0.6092591707,-0.2913068202,32.34708207,True,0.7166868391,0.1917119114,-0.5249749277,73.25025368,True,1.436856867,0.3856813882,-1.051175479,73.15798135,True
Hawkins-Bradu-Kass (HBK),0.1,10,13,61,6,9,0.5319896419,0.4762256175,-0.0557640244,10.48216356,True,0.6291526574,0.5790051019,-0.0501475555,7.970649875,True,0.3137737842,0.1508587761,-0.1629150081,51.92116624,True,0.476645045,0.2810006193,-0.1956444257,41.04614697,True
Hawkins-Bradu-Kass (HBK),0.1,10,14,61,6,9,0.6778517075,0.4750362569,-0.2028154506,29.92032746,True,0.8507162665,0.5735979254,-0.2771183411,32.57470816,True,0.6529464659,0.1206029205,-0.5323435454,81.52943207,True,1.021648386,0.1501260917,-0.8715222943,85.30550297,True
Hawkins-Bradu-Kass (HBK),0.1,10,15,61,6,9,0.5426364753,0.4725735849,-0.0700628904,12.91157038,True,0.6330459656,0.5709596694,-0.0620862962,9.807549463,True,0.3215091226,0.1181357967,-0.2033733259,63.25584924,True,0.188690581,0.1788408139,-0.0098497671,5.220062945,True
Hawkins-Bradu-Kass (HBK),0.1,10,16,61,6,9,0.5891852465,0.4778339212,-0.1113513253,18.89920462,True,0.7480123957,0.5890906753,-0.1589217204,21.24586722,True,0.511999478,0.1277110247,-0.3842884533,75.05641506,True,0.839755468,0.2317872622,-0.6079682058,72.39824318,True
Hawkins-Bradu-Kass (HBK),0.1,10,17,61,6,9,0.603907389,0.4820142609,-0.1218931281,20.18407629,True,0.7419343003,0.5728802214,-0.1690540789,22.78558611,True,0.5030779536,0.2137131259,-0.2893648277,57.51888462,True,0.9294750551,0.377219508,-0.5522555471,59.41585458,True
Hawkins-Bradu-Kass (HBK),0.1,10,18,61,6,9,0.5592170385,0.4682411781,-0.0909758604,16.268435,True,0.7098491365,0.5581086175,-0.151740519,21.37644623,True,0.4544301023,0.06930686968,-0.3851232326,84.74861825,True,0.7662726992,0.1291526692,-0.63712003,83.14533855,True
Hawkins-Bradu-Kass (HBK),0.1,10,19,61,6,9,0.7302355152,0.4700599002,-0.260175615,35.62900045,True,0.8698614429,0.5491041485,-0.3207572944,36.8745272,True,0.6777018896,0.1200376176,-0.557664272,82.28754863,True,0.9511836264,0.1159611193,-0.8352225071,87.80875574,True
Hawkins-Bradu-Kass (HBK),0.1,10,20,61,6,9,0.8168615238,0.4852236608,-0.331637863,40.59903097,True,0.9826520834,0.5803288506,-0.4023232328,40.94259195,True,0.8174509394,0.2047725785,-0.6126783609,74.94986321,True,1.036404221,0.3524965237,-0.6839076973,65.98850945,True
Hawkins-Bradu-Kass (HBK),0.1,10,21,61,6,9,0.5130888851,0.4675058548,-0.0455830303,8.884041659,True,0.6259369737,0.5572453901,-0.0686915836,10.97420132,True,0.3072751478,0.04319736375,-0.264077784,85.9417971,True,0.5327745186,0.07465992657,-0.458114592,85.98658082,True
Hawkins-Bradu-Kass (HBK),0.1,10,22,61,6,9,0.911177302,0.47173461,-0.439442692,48.22801128,True,1.149321965,0.5748011327,-0.5745208323,49.98780584,True,1.011712361,0.1159912908,-0.8957210702,88.53515137,True,1.981611667,0.2066979406,-1.774913726,89.56920046,True
Hawkins-Bradu-Kass (HBK),0.1,10,23,61,6,9,0.7718072783,0.4727692757,-0.2990380026,38.74516489,True,0.9256072662,0.5680865913,-0.3575206749,38.62552596,True,0.7479102436,0.09086397359,-0.65704627,87.85095212,True,1.455877833,0.1700694482,-1.285808385,88.31842588,True
Hawkins-Bradu-Kass (HBK),0.1,10,24,61,6,9,0.7844356418,0.4740476211,-0.3103880207,39.56832201,True,0.9650639393,0.5668433648,-0.3982205745,41.26364672,True,0.796221909,0.1300415026,-0.6661804064,83.66768094,True,1.386090202,0.2142003061,-1.171889896,84.54643819,True
Hawkins-Bradu-Kass (HBK),0.1,10,25,61,6,9,0.6196290199,0.4717909274,-0.1478380925,23.85912986,True,0.7791236412,0.5594908104,-0.2196328308,28.18972743,True,0.5564661442,0.1082927601,-0.4481733841,80.53920059,True,0.8839210922,0.1853122062,-0.698608886,79.03520938,True
Hawkins-Bradu-Kass (HBK),0.1,10,26,61,6,9,0.7219550282,0.4694809856,-0.2524740426,34.97088222,True,0.8942570391,0.5530203835,-0.3412366556,38.15867706,True,0.7087429529,0.1329464761,-0.5757964768,81.24193326,True,1.30775702,0.244957294,-1.062799726,81.26889856,True
Hawkins-Bradu-Kass (HBK),0.1,10,27,61,6,9,0.9031896482,0.4696066447,-0.4335830035,48.00575431,True,1.16802439,0.5586143587,-0.6094100313,52.17442688,True,1.032909433,0.07297140578,-0.9599380272,92.93535295,True,1.909638956,0.1062006262,-1.80343833,94.43870655,True
Hawkins-Bradu-Kass (HBK),0.1,10,28,61,6,9,0.7490002976,0.47173461,-0.2772656876,37.01810113,True,0.9283206184,0.5748011327,-0.3535194857,38.0816152,True,0.75126566,0.1159912908,-0.6352743692,84.56054935,True,1.125004823,0.2066979406,-0.9183068824,81.62692849,True
Hawkins-Bradu-Kass (HBK),0.1,10,29,61,6,9,0.5920599811,0.4674748894,-0.1245850917,21.04264697,True,0.7078377689,0.5609335853,-0.1469041836,20.75393403,True,0.4512817616,0.05603177659,-0.395249985,87.58385972,True,0.7463620877,0.0914916209,-0.6548704668,87.74165751,True
Hawkins-Bradu-Kass (HBK),0.1,10,30,61,6,9,0.5619327156,0.4705906582,-0.0913420574,16.25498122,True,0.7224849501,0.560458379,-0.1620265711,22.42629014,True,0.4739255474,0.1060540717,-0.3678714757,77.62220832,True,0.7178374154,0.1736228915,-0.5442145239,75.81306188,True
Hawkins-Bradu-Kass (HBK),0.2,20,1,61,12,9,0.7901529013,0.4712759747,-0.3188769266,40.35635711,True,0.9948404216,0.5583368808,-0.4365035408,43.87673956,True,0.8320627294,0.1053158183,-0.7267469111,87.34280306,True,1.454288404,0.1906695882,-1.263618816,86.88914883,True
Hawkins-Bradu-Kass (HBK),0.2,20,2,61,12,9,0.9961074632,0.4767510124,-0.5193564508,52.13859649,True,1.252424394,0.5947390863,-0.6576853077,52.5129749,True,1.127469638,0.1572107382,-0.9702588998,86.05632179,True,2.145781699,0.302957984,-1.842823715,85.88122994,True
Hawkins-Bradu-Kass (HBK),0.2,20,3,61,12,9,0.6274958359,0.4730448758,-0.1544509601,24.61386216,True,0.774807639,0.5776705926,-0.1971370464,25.44335348,True,0.5504069392,0.1248898296,-0.4255171096,77.30954668,True,1.161232334,0.2117410838,-0.9494912502,81.76582949,True
Hawkins-Bradu-Kass (HBK),0.2,20,4,61,12,9,1.366556943,0.4975227785,-0.8690341645,63.5929713,True,1.567203597,0.6224813235,-0.9447222735,60.2807622,True,1.469267857,0.2960448862,-1.173222971,79.85085668,True,2.911833516,0.5437009929,-2.368132523,81.3278819,True
Hawkins-Bradu-Kass (HBK),0.2,20,5,61,12,9,0.930700415,0.4701857651,-0.4605146499,49.48043887,True,1.155272215,0.5497101519,-0.6055620631,52.41726194,True,1.018466893,0.1384192038,-0.8800476892,86.40906202,True,2.073793861,0.171993296,-1.901800565,91.70634559,True
Hawkins-Bradu-Kass (HBK),0.2,20,6,61,12,9,0.7092361364,0.4907807887,-0.2184553477,30.80149706,True,0.8576282308,0.5958065264,-0.2618217044,30.52857812,True,0.6619268113,0.3049008967,-0.3570259146,53.93737019,True,1.195852364,0.4997938326,-0.6960585314,58.2060589,True
Hawkins-Bradu-Kass (HBK),0.2,20,7,61,12,9,1.348237131,0.4846941873,-0.8635429437,64.04978203,True,1.547946956,0.6015680595,-0.9463788965,61.13768258,True,1.448710012,0.2696467482,-1.179063264,81.38711364,True,3.006960783,0.4486992399,-2.558261543,85.07798165,True
Hawkins-Bradu-Kass (HBK),0.2,20,8,61,12,9,0.7923963282,0.4755613313,-0.3168349969,39.98441003,True,0.9616585305,0.5624936414,-0.3991648891,41.5079653,True,0.7920909358,0.1446174873,-0.6474734485,81.74231256,True,1.181243425,0.2680727075,-0.9131707175,77.30588786,True
Hawkins-Bradu-Kass (HBK),0.2,20,9,61,12,9,1.447906074,0.5063334351,-0.9415726389,65.02995297,True,1.732171298,0.6173269114,-1.114844387,64.36109338,True,1.644091946,0.2367272383,-1.407364708,85.60133824,True,2.185640456,0.3948757396,-1.790764716,81.93317943,True
Hawkins-Bradu-Kass (HBK),0.2,20,10,61,12,9,1.053260877,0.4778214685,-0.5754394085,54.63408174,True,1.329057338,0.5855861017,-0.7434712363,55.93974128,True,1.212029014,0.1629897077,-1.049039306,86.55232624,True,1.909119569,0.2511660835,-1.657953485,86.84387884,True
Hawkins-Bradu-Kass (HBK),0.2,20,11,61,12,9,0.5601189589,0.4727491176,-0.0873698413,15.59844385,True,0.65379872,0.5520628339,-0.1017358861,15.56073498,True,0.3606572994,0.1550034617,-0.2056538377,57.02195354,True,0.6512979591,0.2843381974,-0.3669597617,56.34283918,True
Hawkins-Bradu-Kass (HBK),0.2,20,12,61,12,9,0.678914741,0.4674999303,-0.2114148107,31.140112,True,0.8695670293,0.5584647192,-0.3111023101,35.77669111,True,0.6773239548,0.04095934076,-0.636364614,93.9527695,True,1.247656513,0.07408507744,-1.173571436,94.06206142,True
Hawkins-Bradu-Kass (HBK),0.2,20,13,61,12,9,0.5557984091,0.4674748894,-0.0883235197,15.89128689,True,0.6756853649,0.5609335853,-0.1147517796,16.98301984,True,0.3989631983,0.05603177659,-0.3429314217,85.95565284,True,0.6250438055,0.0914916209,-0.5335521846,85.36236659,True
Hawkins-Bradu-Kass (HBK),0.2,20,14,61,12,9,1.259638174,0.4760561572,-0.7835820168,62.20691251,True,1.48119177,0.582430882,-0.898760888,60.67822589,True,1.377152854,0.1433756539,-1.2337772,89.58898037,True,2.299765113,0.2429618745,-2.056803238,89.43536133,True
Hawkins-Bradu-Kass (HBK),0.2,20,15,61,12,9,1.194099954,0.4736795196,-0.7204204344,60.33166922,True,1.520993049,0.5617487008,-0.9592443482,63.06697778,True,1.419873507,0.1312674222,-1.288606085,90.7549918,True,2.751546538,0.1962829521,-2.555263586,92.86644985,True
Hawkins-Bradu-Kass (HBK),0.2,20,16,61,12,9,0.7575227159,0.4967415188,-0.2607811971,34.42552832,True,0.9461242387,0.6038703621,-0.3422538766,36.17430593,True,0.7731571615,0.2976484937,-0.4755086678,61.50220052,True,1.44136741,0.572664513,-0.868702897,60.26935887,True
Hawkins-Bradu-Kass (HBK),0.2,20,17,61,12,9,0.611480697,0.4761335794,-0.1353471176,22.13432382,True,0.7611584804,0.5710192992,-0.1901391812,24.98023554,True,0.5310208598,0.1629022283,-0.3681186315,69.32281938,True,1.007293324,0.3180071906,-0.6892861334,68.42953457,True
Hawkins-Bradu-Kass (HBK),0.2,20,18,61,12,9,0.7364036329,0.4703354924,-0.2660681405,36.13074795,True,0.8997762882,0.549458409,-0.3503178792,38.93388654,True,0.7156942714,0.1242674388,-0.5914268326,82.63679845,True,0.756531598,0.1201214802,-0.6364101178,84.12208023,True
Hawkins-Bradu-Kass (HBK),0.2,20,19,61,12,9,1.239184921,0.474106367,-0.765078554,61.74046674,True,1.535610428,0.5636969628,-0.9719134652,63.29166874,True,1.435520919,0.1627517969,-1.272769122,88.66252698,True,2.528595826,0.2896741859,-2.23892164,88.54406928,True
Hawkins-Bradu-Kass (HBK),0.2,20,20,61,12,9,0.5199794365,0.4824702424,-0.0375091941,7.213591821,True,0.6271196161,0.5777855864,-0.0493340297,7.866765515,True,0.3096771451,0.1726498665,-0.1370272786,44.24843123,True,0.4924664159,0.268292906,-0.2241735099,45.52056804,True
Hawkins-Bradu-Kass (HBK),0.2,20,21,61,12,9,0.8289993585,0.4693846124,-0.3596147461,43.37937568,True,1.032629886,0.5622520198,-0.4703778662,45.55144806,True,0.8768953197,0.07191240487,-0.8049829148,91.79920302,True,1.688535211,0.1428186197,-1.545716591,91.5418631,True
Hawkins-Bradu-Kass (HBK),0.2,20,22,61,12,9,1.031252135,0.487484752,-0.543767383,52.72884919,True,1.225342845,0.59948696,-0.625855885,51.07598151,True,1.097308529,0.2741083111,-0.8232002179,75.01994162,True,2.236976471,0.394719526,-1.842256945,82.35477525,True
Hawkins-Bradu-Kass (HBK),0.2,20,23,61,12,9,0.687245238,0.4737084232,-0.2135368148,31.07141425,True,0.8391712186,0.5638669992,-0.2753042194,32.80668036,True,0.6378316827,0.1147476524,-0.5230840303,82.00972835,True,1.165614251,0.1467222521,-1.018891999,87.41245211,True
Hawkins-Bradu-Kass (HBK),0.2,20,24,61,12,9,1.018695916,0.4886197165,-0.5300761995,52.03478204,True,1.239178852,0.5616350131,-0.6775438389,54.67684005,True,1.112737682,0.2094636617,-0.9032740203,81.17582741,True,1.915881399,0.2369197997,-1.678961599,87.63390052,True
Hawkins-Bradu-Kass (HBK),0.2,20,25,61,12,9,0.7513988413,0.475617089,-0.2757817523,36.70244578,True,0.9183405851,0.5903726498,-0.3279679353,35.71310477,True,0.7388980658,0.1474234051,-0.5914746607,80.04820801,True,1.310286347,0.2927958836,-1.017490463,77.65405369,True
Hawkins-Bradu-Kass (HBK),0.2,20,26,61,12,9,0.6336736488,0.4754405687,-0.1582330801,24.97075275,True,0.7883591805,0.5702446785,-0.218114502,27.6668944,True,0.5693251433,0.1639740141,-0.4053511292,71.19852934,True,0.9079654547,0.3181878118,-0.5897776429,64.95595618,True
Hawkins-Bradu-Kass (HBK),0.2,20,27,61,12,9,1.097089217,0.4694725911,-0.6276166259,57.2074373,True,1.273012986,0.5574330415,-0.7155799445,56.21151963,True,1.150296911,0.06948642859,-1.080810482,93.95926148,True,2.065293211,0.1138356639,-1.951457547,94.48815968,True
Hawkins-Bradu-Kass (HBK),0.2,20,28,61,12,9,0.578205966,0.4689090962,-0.1092968698,18.90275719,True,0.7184664216,0.5474208394,-0.1710455822,23.80703914,True,0.4677765708,0.1225702968,-0.345206274,73.79725612,True,0.8391724593,0.1676340645,-0.6715383948,80.02388393,True
Hawkins-Bradu-Kass (HBK),0.2,20,29,61,12,9,1.128638272,0.4948736366,-0.6337646354,56.15303425,True,1.257342428,0.5970704988,-0.6602719292,52.51329427,True,1.132930229,0.2755697772,-0.8573604518,75.67636822,True,0.3061607549,0.2845677862,-0.0215929687,7.05282057,True
Hawkins-Bradu-Kass (HBK),0.2,20,30,61,12,9,1.521445727,0.4725508592,-1.048894868,68.94066934,True,1.879618616,0.5654021804,-1.314216436,69.91931365,True,1.798773766,0.1041678568,-1.694605909,94.20895174,True,2.740331211,0.1465676489,-2.593763562,94.65146226,True
Synthetic OLS-LAD,0,0,1,78,0,184.225,1.901923112,1.860768883,-0.041154229,2.16382191,True,2.365014511,2.396635896,0.031621385,-1.337048244,False,0,0,0,,False,0,0,0,,False
Synthetic OLS-LAD,0,0,2,78,0,184.225,1.901923112,1.860768883,-0.041154229,2.16382191,True,2.365014511,2.396635896,0.031621385,-1.337048244,False,0,0,0,,False,0,0,0,,False
Synthetic OLS-LAD,0,0,3,78,0,184.225,1.901923112,1.860768883,-0.041154229,2.16382191,True,2.365014511,2.396635896,0.031621385,-1.337048244,False,0,0,0,,False,0,0,0,,False
Synthetic OLS-LAD,0,0,4,78,0,184.225,1.901923112,1.860768883,-0.041154229,2.16382191,True,2.365014511,2.396635896,0.031621385,-1.337048244,False,0,0,0,,False,0,0,0,,False
Synthetic OLS-LAD,0,0,5,78,0,184.225,1.901923112,1.860768883,-0.041154229,2.16382191,True,2.365014511,2.396635896,0.031621385,-1.337048244,False,0,0,0,,False,0,0,0,,False
Synthetic OLS-LAD,0,0,6,78,0,184.225,1.901923112,1.860768883,-0.041154229,2.16382191,True,2.365014511,2.396635896,0.031621385,-1.337048244,False,0,0,0,,False,0,0,0,,False
Synthetic OLS-LAD,0,0,7,78,0,184.225,1.901923112,1.860768883,-0.041154229,2.16382191,True,2.365014511,2.396635896,0.031621385,-1.337048244,False,0,0,0,,False,0,0,0,,False
Synthetic OLS-LAD,0,0,8,78,0,184.225,1.901923112,1.860768883,-0.041154229,2.16382191,True,2.365014511,2.396635896,0.031621385,-1.337048244,False,0,0,0,,False,0,0,0,,False
Synthetic OLS-LAD,0,0,9,78,0,184.225,1.901923112,1.860768883,-0.041154229,2.16382191,True,2.365014511,2.396635896,0.031621385,-1.337048244,False,0,0,0,,False,0,0,0,,False
Synthetic OLS-LAD,0,0,10,78,0,184.225,1.901923112,1.860768883,-0.041154229,2.16382191,True,2.365014511,2.396635896,0.031621385,-1.337048244,False,0,0,0,,False,0,0,0,,False
Synthetic OLS-LAD,0,0,11,78,0,184.225,1.901923112,1.860768883,-0.041154229,2.16382191,True,2.365014511,2.396635896,0.031621385,-1.337048244,False,0,0,0,,False,0,0,0,,False
Synthetic OLS-LAD,0,0,12,78,0,184.225,1.901923112,1.860768883,-0.041154229,2.16382191,True,2.365014511,2.396635896,0.031621385,-1.337048244,False,0,0,0,,False,0,0,0,,False
Synthetic OLS-LAD,0,0,13,78,0,184.225,1.901923112,1.860768883,-0.041154229,2.16382191,True,2.365014511,2.396635896,0.031621385,-1.337048244,False,0,0,0,,False,0,0,0,,False
Synthetic OLS-LAD,0,0,14,78,0,184.225,1.901923112,1.860768883,-0.041154229,2.16382191,True,2.365014511,2.396635896,0.031621385,-1.337048244,False,0,0,0,,False,0,0,0,,False
Synthetic OLS-LAD,0,0,15,78,0,184.225,1.901923112,1.860768883,-0.041154229,2.16382191,True,2.365014511,2.396635896,0.031621385,-1.337048244,False,0,0,0,,False,0,0,0,,False
Synthetic OLS-LAD,0,0,16,78,0,184.225,1.901923112,1.860768883,-0.041154229,2.16382191,True,2.365014511,2.396635896,0.031621385,-1.337048244,False,0,0,0,,False,0,0,0,,False
Synthetic OLS-LAD,0,0,17,78,0,184.225,1.901923112,1.860768883,-0.041154229,2.16382191,True,2.365014511,2.396635896,0.031621385,-1.337048244,False,0,0,0,,False,0,0,0,,False
Synthetic OLS-LAD,0,0,18,78,0,184.225,1.901923112,1.860768883,-0.041154229,2.16382191,True,2.365014511,2.396635896,0.031621385,-1.337048244,False,0,0,0,,False,0,0,0,,False
Synthetic OLS-LAD,0,0,19,78,0,184.225,1.901923112,1.860768883,-0.041154229,2.16382191,True,2.365014511,2.396635896,0.031621385,-1.337048244,False,0,0,0,,False,0,0,0,,False
Synthetic OLS-LAD,0,0,20,78,0,184.225,1.901923112,1.860768883,-0.041154229,2.16382191,True,2.365014511,2.396635896,0.031621385,-1.337048244,False,0,0,0,,False,0,0,0,,False
Synthetic OLS-LAD,0,0,21,78,0,184.225,1.901923112,1.860768883,-0.041154229,2.16382191,True,2.365014511,2.396635896,0.031621385,-1.337048244,False,0,0,0,,False,0,0,0,,False
Synthetic OLS-LAD,0,0,22,78,0,184.225,1.901923112,1.860768883,-0.041154229,2.16382191,True,2.365014511,2.396635896,0.031621385,-1.337048244,False,0,0,0,,False,0,0,0,,False
Synthetic OLS-LAD,0,0,23,78,0,184.225,1.901923112,1.860768883,-0.041154229,2.16382191,True,2.365014511,2.396635896,0.031621385,-1.337048244,False,0,0,0,,False,0,0,0,,False
Synthetic OLS-LAD,0,0,24,78,0,184.225,1.901923112,1.860768883,-0.041154229,2.16382191,True,2.365014511,2.396635896,0.031621385,-1.337048244,False,0,0,0,,False,0,0,0,,False
Synthetic OLS-LAD,0,0,25,78,0,184.225,1.901923112,1.860768883,-0.041154229,2.16382191,True,2.365014511,2.396635896,0.031621385,-1.337048244,False,0,0,0,,False,0,0,0,,False
Synthetic OLS-LAD,0,0,26,78,0,184.225,1.901923112,1.860768883,-0.041154229,2.16382191,True,2.365014511,2.396635896,0.031621385,-1.337048244,False,0,0,0,,False,0,0,0,,False
Synthetic OLS-LAD,0,0,27,78,0,184.225,1.901923112,1.860768883,-0.041154229,2.16382191,True,2.365014511,2.396635896,0.031621385,-1.337048244,False,0,0,0,,False,0,0,0,,False
Synthetic OLS-LAD,0,0,28,78,0,184.225,1.901923112,1.860768883,-0.041154229,2.16382191,True,2.365014511,2.396635896,0.031621385,-1.337048244,False,0,0,0,,False,0,0,0,,False
Synthetic OLS-LAD,0,0,29,78,0,184.225,1.901923112,1.860768883,-0.041154229,2.16382191,True,2.365014511,2.396635896,0.031621385,-1.337048244,False,0,0,0,,False,0,0,0,,False
Synthetic OLS-LAD,0,0,30,78,0,184.225,1.901923112,1.860768883,-0.041154229,2.16382191,True,2.365014511,2.396635896,0.031621385,-1.337048244,False,0,0,0,,False,0,0,0,,False
Synthetic OLS-LAD,0.05,5,1,78,4,184.225,14.23532495,1.862923435,-12.37240151,86.91337612,True,17.27600264,2.39684526,-14.87915738,86.12615829,True,17.11335659,0.07207471051,-17.04128188,99.57883943,True,7.794592552,0.004455352902,-7.790137199,99.94284046,True
Synthetic OLS-LAD,0.05,5,2,78,4,184.225,3.808026205,1.869342844,-1.938683361,50.9104522,True,4.804498072,2.399556842,-2.40494123,50.05603486,True,4.182093745,0.3339953238,-3.848098421,92.01368156,True,0.6224160768,0.07854081968,-0.5438752571,87.38129965,True
Synthetic OLS-LAD,0.05,5,3,78,4,184.225,3.696574564,1.872919568,-1.823654996,49.33364563,True,4.546080656,2.389414307,-2.156666349,47.44012507,True,3.882467732,0.2779690341,-3.604498698,92.84040324,True,1.830562171,0.1001486488,-1.730413522,94.52907689,True
Synthetic OLS-LAD,0.05,5,4,78,4,184.225,4.503869698,1.869804534,-2.634065164,58.48448869,True,5.751663175,2.397345259,-3.354317916,58.31909509,True,5.24293197,0.3293174939,-4.913614476,93.71882954,True,0.6526419447,0.07510326917,-0.5775386755,88.49242379,True
Synthetic OLS-LAD,0.05,5,5,78,4,184.225,8.582119598,1.862712949,-6.719406649,78.29542076,True,10.29050458,2.401976398,-7.888528182,76.65832244,True,10.01504822,0.04260187607,-9.972446344,99.57462136,True,3.384953585,0.01071316713,-3.374240418,99.68350623,True
Synthetic OLS-LAD,0.05,5,6,78,4,184.225,7.341845021,1.871131833,-5.470713188,74.51414695,True,9.103030543,2.421449872,-6.681580671,73.39951942,True,8.790442049,0.159096785,-8.631345264,98.19011622,True,4.174023552,0.07113659635,-4.102886956,98.29573083,True
Synthetic OLS-LAD,0.05,5,7,78,4,184.225,8.146865506,1.863850916,-6.28301459,77.12186467,True,10.47787441,2.40541286,-8.07246155,77.04293098,True,10.20747562,0.05266629787,-10.15480932,99.48404189,True,3.589938665,0.02340108223,-3.566537583,99.34814813,True
Synthetic OLS-LAD,0.05,5,8,78,4,184.225,5.309391827,1.861433192,-3.447958635,64.94074552,True,6.2868125,2.385273528,-3.901538972,62.05909548,True,5.825007964,0.1134623552,-5.711545609,98.05215107,True,0.8827473028,0.0502424252,-0.8325048776,94.3084023,True
Synthetic OLS-LAD,0.05,5,9,78,4,184.225,6.170499017,1.868276123,-4.302222894,69.72244679,True,7.483752717,2.39690662,-5.086846097,67.97186237,True,7.100229651,0.3240744675,-6.776155184,95.43571851,True,0.8230606093,0.08714292784,-0.7359176815,89.41233162,True
Synthetic OLS-LAD,0.05,5,10,78,4,184.225,7.496853728,1.868655078,-5.62819865,75.07414249,True,8.987774982,2.395701664,-6.592073318,73.34488604,True,8.67103255,0.3106350858,-8.360397464,96.41755369,True,2.053458086,0.0757469358,-1.97771115,96.31124997,True
Synthetic OLS-LAD,0.05,5,11,78,4,184.225,11.2763515,1.861813664,-9.414537836,83.48921933,True,12.97244392,2.398455371,-10.57398855,81.51115252,True,12.75503852,0.04173478123,-12.71330374,99.67279769,True,0.6503507946,0.003672279005,-0.6466785156,99.43533874,True
Synthetic OLS-LAD,0.05,5,12,78,4,184.225,9.290753961,1.869420866,-7.421333095,79.87869581,True,10.29652629,2.382358349,-7.914167941,76.86250409,True,10.02123545,0.2468926994,-9.774342751,97.53630477,True,0.4634473149,0.09148720642,-0.3719601085,80.25941602,True
Synthetic OLS-LAD,0.05,5,13,78,4,184.225,5.613916691,1.861735671,-3.75218102,66.83713397,True,6.736367253,2.38986346,-4.346503793,64.52296364,True,6.307562931,0.06572363304,-6.241839298,98.95801859,True,0.8040163726,0.01652763516,-0.7874887374,97.94436585,True
Synthetic OLS-LAD,0.05,5,14,78,4,184.225,6.419417851,1.875666858,-4.543750993,70.78135586,True,7.96078541,2.406839028,-5.553946382,69.76631194,True,7.601369002,0.2722896671,-7.329079335,96.41788648,True,1.582813411,0.03520592435,-1.547607487,97.77573755,True
Synthetic OLS-LAD,0.05,5,15,78,4,184.225,3.431155437,1.890935383,-1.540220054,44.88925326,True,4.26424264,2.409254093,-1.854988547,43.50100835,True,3.548305462,0.4091189642,-3.139186498,88.47001848,True,0.2715799823,0.05311982893,-0.2184601534,80.44044761,True
Synthetic OLS-LAD,0.05,5,16,78,4,184.225,4.958550949,1.860768883,-3.097782066,62.47353507,True,6.339649069,2.396635896,-3.943013173,62.19607947,True,5.881994277,2.650816682e-14,-5.881994277,100,True,1.379585175,5.180115513e-15,-1.379585175,100,True
Synthetic OLS-LAD,0.05,5,17,78,4,184.225,10.86075599,1.881001839,-8.979754151,82.68074671,True,12.79848132,2.422048566,-10.37643275,81.07550025,True,12.57806943,0.3316301024,-12.24643933,97.36342605,True,1.799217109,0.04498492594,-1.754232183,97.49974999,True
Synthetic OLS-LAD,0.05,5,18,78,4,184.225,4.041248292,1.860768883,-2.180479409,53.95559123,True,4.981735269,2.396635896,-2.585099373,51.89154448,True,4.384562994,3.324811054e-14,-4.384562994,100,True,1.665404685,2.603703786e-15,-1.665404685,100,True
Synthetic OLS-LAD,0.05,5,19,78,4,184.225,5.841516874,1.861433192,-3.980083682,68.1344207,True,7.056230572,2.385273528,-4.670957044,66.19620768,True,6.648089669,0.1134623552,-6.534627314,98.29330889,True,0.7312494147,0.0502424252,-0.6810069895,93.1292355,True
Synthetic OLS-LAD,0.05,5,20,78,4,184.225,11.62239682,1.870546216,-9.751850604,83.90567587,True,14.21155576,2.391816975,-11.81973879,83.16991457,True,14.01338729,0.3241425045,-13.68924479,97.68690826,True,5.058169788,0.07678471161,-4.981385076,98.48196651,True
Synthetic OLS-LAD,0.05,5,21,78,4,184.225,5.034032142,1.8825541,-3.151478042,62.60345491,True,6.115984135,2.389979187,-3.726004948,60.92241029,True,5.640209952,0.3559414846,-5.284268467,93.68921569,True,1.099490938,0.04544429156,-1.054046646,95.86678798,True
Synthetic OLS-LAD,0.05,5,22,78,4,184.225,3.663602126,1.861437312,-1.802164814,49.19106257,True,4.622116438,2.385269589,-2.236846849,48.39442881,True,3.971229876,0.1134667582,-3.857763118,97.1427804,True,1.61068205,0.05026617954,-1.56041587,96.87919912,True
Synthetic OLS-LAD,0.05,5,23,78,4,184.225,6.861827353,1.864414295,-4.997413058,72.82918676,True,8.292958271,2.404563726,-5.888394545,71.0047531,True,7.948576177,0.06430435619,-7.884271821,99.19099528,True,1.715074843,0.01189863595,-1.703176207,99.30623226,True
Synthetic OLS-LAD,0.05,5,24,78,4,184.225,9.524600517,1.868385269,-7.656215248,80.3835839,True,11.59933899,2.399917878,-9.199421112,79.30987378,True,11.35567574,0.2853296108,-11.07034613,97.48733922,True,2.266227912,0.05657798769,-2.209649924,97.50342905,True
Synthetic OLS-LAD,0.05,5,25,78,4,184.225,5.72237211,1.865314307,-3.857057803,67.40312809,True,6.802479453,2.401571532,-4.400907921,64.69564445,True,6.378121438,0.1093239247,-6.268797513,98.28595417,True,0.6501442603,0.0127668414,-0.6373774189,98.03630637,True
Synthetic OLS-LAD,0.05,5,26,78,4,184.225,7.920610343,1.863813148,-6.056797195,76.4688191,True,9.806444721,2.398670632,-7.407774089,75.53985465,True,9.516988202,0.08482295418,-9.432165248,99.10872061,True,1.298987446,0.008488242117,-1.290499204,99.34654933,True
Synthetic OLS-LAD,0.05,5,27,78,4,184.225,4.471609686,1.860768883,-2.610840803,58.38704597,True,5.054401855,2.396635896,-2.657765959,52.58319452,True,4.46695472,2.717638409e-14,-4.46695472,100,True,0.2452151967,7.609888456e-15,-0.2452151967,100,True
Synthetic OLS-LAD,0.05,5,28,78,4,184.225,10.87859812,1.861709505,-9.016888615,82.88649434,True,13.35969909,2.398724638,-10.96097445,82.04506986,True,13.14869827,0.04042116006,-13.10827711,99.69258432,True,4.301038388,0.009583596364,-4.291454792,99.77717947,True
Synthetic OLS-LAD,0.05,5,29,78,4,184.225,11.5630321,1.867505649,-9.695526451,83.84934304,True,13.33429771,2.404041702,-10.93025601,81.97099124,True,13.12288847,0.1529506297,-12.96993784,98.83447436,True,4.182902728,0.02818811722,-4.154714611,99.3261111,True
Synthetic OLS-LAD,0.05,5,30,78,4,184.225,2.37108719,1.86693555,-0.50415164,21.26246737,True,2.883757561,2.398738063,-0.485019498,16.81901088,True,1.650080009,0.1425793938,-1.507500615,91.35924361,True,0.6242263685,0.01485365675,-0.6093727118,97.62046951,True
Synthetic OLS-LAD,0.1,10,1,78,8,184.225,5.377064573,1.865078644,-3.511985929,65.31418549,True,6.597002532,2.396065465,-4.200937067,63.67948241,True,6.158502153,0.1489593142,-6.009542839,97.58124118,True,0.4976091265,0.01310705713,-0.4845020694,97.36599342,True
Synthetic OLS-LAD,0.1,10,2,78,8,184.225,13.46070358,1.890501043,-11.57020254,85.95540692,True,16.67328794,2.408222878,-14.26506506,85.55640083,True,16.50470349,0.4045879365,-16.10011555,97.54865068,True,4.147044459,0.05175482901,-4.09528963,98.75200689,True
Synthetic OLS-LAD,0.1,10,3,78,8,184.225,15.76092007,1.88307123,-13.87784884,88.052276,True,18.75803024,2.389877451,-16.36815279,87.25944345,True,18.60834234,0.372449217,-18.23589312,97.99848256,True,1.538562883,0.07019652701,-1.468366356,95.43752629,True
Synthetic OLS-LAD,0.1,10,4,78,8,184.225,7.523154397,1.861433192,-5.661721205,75.25727781,True,9.58763582,2.385273528,-7.202362292,75.12135867,True,9.291365184,0.1134623552,-9.177902829,98.77884086,True,3.599284248,0.0502424252,-3.549041823,98.60409954,True
Synthetic OLS-LAD,0.1,10,5,78,8,184.225,4.05995199,1.861437312,-2.198514678,54.15124818,True,5.161404405,2.385269589,-2.776134816,53.78642319,True,4.587679347,0.1134667582,-4.474212589,97.52670687,True,0.818571858,0.05026617954,-0.7683056785,93.85928321,True
Synthetic OLS-LAD,0.1,10,6,78,8,184.225,6.915030572,1.891856268,-5.023174304,72.64138968,True,8.446805234,2.408507772,-6.038297462,71.48616897,True,8.108959552,0.4092492709,-7.699710281,94.95312231,True,1.578505122,0.04934058631,-1.529164536,96.8742207,True
Synthetic OLS-LAD,0.1,10,7,78,8,184.225,14.73713448,1.900908016,-12.83622646,87.10123723,True,17.67601255,2.389825387,-15.28618716,86.47983882,True,17.51708098,0.4913059121,-17.02577507,97.19527521,True,3.341684459,0.09172194235,-3.249962517,97.25521833,True
Synthetic OLS-LAD,0.1,10,8,78,8,184.225,7.738800301,1.867950399,-5.870849902,75.86253261,True,9.196515543,2.40380241,-6.792713133,73.86181322,True,8.88721579,0.1551594035,-8.732056387,98.2541281,True,4.311648098,0.009877409924,-4.301770688,99.77091336,True
Synthetic OLS-LAD,0.1,10,9,78,8,184.225,2.653630393,1.868446516,-0.785183877,29.58904447,True,3.240141816,2.393649277,-0.846492539,26.12516942,True,2.214774334,0.3056739379,-1.909100396,86.1984161,True,0.108569685,0.101931046,-0.006638639,6.114634117,True
Synthetic OLS-LAD,0.1,10,10,78,8,184.225,10.40397799,1.877486844,-8.526491146,81.95414441,True,12.10976631,2.398195682,-9.711570628,80.19618529,True,11.87657974,0.3230991507,-11.55348059,97.27952695,True,1.643461751,0.0219947558,-1.621466995,98.66168131,True
Synthetic OLS-LAD,0.1,10,11,78,8,184.225,5.978606834,1.864919933,-4.113686901,68.80678083,True,6.996700857,2.405091976,-4.591608881,65.62534221,True,6.58487124,0.06905074725,-6.515820493,98.95137286,True,2.666153311,0.01215227929,-2.654001032,99.54420178,True
Synthetic OLS-LAD,0.1,10,12,78,8,184.225,8.196576657,1.86936983,-6.327206827,77.19328558,True,9.879577484,2.401056766,-7.478520718,75.69676669,True,9.592328061,0.1909114631,-9.401416598,98.0097484,True,2.182518211,0.03002896081,-2.15248925,98.62411408,True
Synthetic OLS-LAD,0.1,10,13,78,8,184.225,16.15636414,1.881587037,-14.2747771,88.35389559,True,19.80712973,2.407202276,-17.39992745,87.84678897,True,19.66542891,0.3393952203,-19.32603369,98.27415297,True,7.244577029,0.02176190143,-7.222815128,99.69961115,True
Synthetic OLS-LAD,0.1,10,14,78,8,184.225,20.45684057,1.880499818,-18.57634075,90.80747679,True,24.74015352,2.425087298,-22.31506622,90.19776779,True,24.62685328,0.2312708338,-24.39558245,99.06089978,True,5.788505576,0.03944660544,-5.749058971,99.31853559,True
Synthetic OLS-LAD,0.1,10,15,78,8,184.225,5.745467833,1.865720934,-3.879746899,67.52708416,True,7.010706676,2.39424344,-4.616463236,65.84875747,True,6.599751091,0.140169119,-6.459581972,97.87614537,True,1.34712557,0.01148869985,-1.33563687,99.14716934,True
Synthetic OLS-LAD,0.1,10,16,78,8,184.225,4.984250861,1.868514886,-3.115735975,62.51162034,True,6.023218139,2.411164848,-3.612053291,59.96882742,True,5.539482207,0.1477532364,-5.391728971,97.33272478,True,2.700393346,0.05300776822,-2.647385578,98.0370353,True
Synthetic OLS-LAD,0.1,10,17,78,8,184.225,19.01568078,1.875989055,-17.13969172,90.13451542,True,22.53384886,2.404234755,-20.1296141,89.33056323,True,22.40939649,0.2571513762,-22.15224511,98.85248415,True,1.781574802,0.07663714489,-1.704937657,95.69834818,True
Synthetic OLS-LAD,0.1,10,18,78,8,184.225,13.51665408,1.860768883,-11.6558852,86.23350962,True,16.55706258,2.396635896,-14.16042668,85.52499343,True,16.3872825,3.763535549e-14,-16.3872825,100,True,3.496099885,5.265079795e-15,-3.496099885,100,True
Synthetic OLS-LAD,0.1,10,19,78,8,184.225,13.04453627,1.878727975,-11.16580829,85.5975871,True,15.59612778,2.411959224,-13.18416856,84.53488418,True,15.41576816,0.4361997102,-14.97956845,97.17043156,True,3.470552692,0.134992345,-3.335560347,96.11035022,True
Synthetic OLS-LAD,0.1,10,20,78,8,184.225,13.1501289,1.900150445,-11.24997846,85.55032837,True,15.44138129,2.432064666,-13.00931662,84.24969489,True,15.25919272,0.4627990704,-14.79639365,96.96708025,True,2.030617496,0.04534539736,-1.985272099,97.76691585,True
Synthetic OLS-LAD,0.1,10,21,78,8,184.225,8.612029478,1.862712949,-6.749316529,78.37080152,True,11.14674788,2.401976398,-8.744771482,78.45132568,True,10.89296538,0.04260187607,-10.8503635,99.6089047,True,2.253629654,0.01071316713,-2.242916487,99.5246261,True
Synthetic OLS-LAD,0.1,10,22,78,8,184.225,11.59076044,1.878920392,-9.711840048,83.78949853,True,13.81571381,2.389538683,-11.42617513,82.70419671,True,13.61178366,0.3584216051,-13.25336205,97.36682852,True,1.40622219,0.072867226,-1.333354964,94.81822812,True
Synthetic OLS-LAD,0.1,10,23,78,8,184.225,14.19218712,1.861709505,-12.33047761,86.88215221,True,17.11616128,2.398724638,-14.71743664,85.98561559,True,16.9519817,0.04042116006,-16.91156054,99.76155496,True,3.440776202,0.009583596364,-3.431192606,99.72146993,True
Synthetic OLS-LAD,0.1,10,24,78,8,184.225,8.896746496,1.869523256,-7.02722324,78.98643895,True,10.88807972,2.395750254,-8.492329466,77.99657685,True,10.62812243,0.3272967917,-10.30082564,96.92046461,True,2.908427991,0.1065779687,-2.801850022,96.33554728,True
Synthetic OLS-LAD,0.1,10,25,78,8,184.225,10.7217748,1.879917259,-8.841857541,82.46636127,True,13.34781953,2.408796394,-10.93902314,81.95363379,True,13.1366279,0.33721741,-12.79941049,97.43299869,True,4.052623598,0.1052755978,-3.947348,97.40228533,True
Synthetic OLS-LAD,0.1,10,26,78,8,184.225,19.1049448,1.863813148,-17.24113165,90.24434162,True,23.25774281,2.398670632,-20.85907218,89.68657169,True,23.13718451,0.08482295418,-23.05236156,99.6333912,True,1.797569777,0.008488242117,-1.789081535,99.52779346,True
Synthetic OLS-LAD,0.1,10,27,78,8,184.225,6.847615462,1.861813664,-4.985801798,72.8107737,True,8.531999114,2.398455371,-6.133543743,71.88870581,True,8.197665231,0.04173478123,-8.15593045,99.4908943,True,3.520359142,0.003672279005,-3.516686863,99.89568454,True
Synthetic OLS-LAD,0.1,10,28,78,8,184.225,9.384947395,1.861709505,-7.52323789,80.16281364,True,11.48117853,2.398724638,-9.082453892,79.10733091,True,11.23495291,0.04042116006,-11.19453175,99.64021959,True,3.720374674,0.009583596364,-3.710791078,99.74240239,True
Synthetic OLS-LAD,0.1,10,29,78,8,184.225,8.190994048,1.861443025,-6.329551023,77.27451621,True,10.24138765,2.385257294,-7.856130356,76.70962788,True,9.964573621,0.113674418,-9.850899203,98.85921443,True,1.129639698,0.05033632902,-1.079303369,95.54403682,True
Synthetic OLS-LAD,0.1,10,30,78,8,184.225,10.16477202,1.892381838,-8.272390182,81.3829387,True,13.01261009,2.428192421,-10.58441767,81.33969738,True,12.79588714,0.3835637224,-12.41232342,97.00244525,True,5.422526304,0.06520927131,-5.357317033,98.79743744,True
Synthetic OLS-LAD,0.2,20,1,78,16,184.225,14.09342017,1.868514886,-12.22490528,86.74193444,True,17.20495664,2.411164848,-14.79379179,85.98563833,True,17.04163253,0.1477532364,-16.89387929,99.13298661,True,8.317964261,0.05300776822,-8.264956493,99.36273147,True
Synthetic OLS-LAD,0.2,20,2,78,16,184.225,12.2101012,1.892505402,-10.3175958,84.50049372,True,14.53552255,2.407299793,-12.12822276,83.43850533,True,14.3418312,0.4446601883,-13.89717101,96.89955779,True,4.306411937,0.04544707802,-4.260964859,98.94466487,True
Synthetic OLS-LAD,0.2,20,3,78,16,184.225,6.934960949,1.865078644,-5.069882305,73.10614064,True,8.611643441,2.396065465,-6.215577976,72.17644366,True,8.280525897,0.1489593142,-8.131566583,98.20108872,True,2.528073827,0.01310705713,-2.51496677,99.48153978,True
Synthetic OLS-LAD,0.2,20,4,78,16,184.225,22.12805646,1.942028113,-20.18602835,91.22368421,True,27.04958292,2.476953804,-24.57262912,90.84291314,True,26.94599493,0.8149946826,-26.13100025,96.97545151,True,7.246919136,0.2385178849,-7.008401251,96.70869951,True
Synthetic OLS-LAD,0.2,20,5,78,16,184.225,13.61362463,1.861813664,-11.75181097,86.32389452,True,16.8064815,2.398455371,-14.40802613,85.72898574,True,16.63924658,0.04173478123,-16.5975118,99.74917866,True,5.783811863,0.003672279005,-5.780139584,99.93650763,True
Synthetic OLS-LAD,0.2,20,6,78,16,184.225,13.87656993,1.87265293,-12.003917,86.50492925,True,17.76554627,2.420196498,-15.34534977,86.37702179,True,17.60742288,0.170922728,-17.43650015,99.02925755,True,8.785967618,0.07869043151,-8.707277186,99.10436238,True
Synthetic OLS-LAD,0.2,20,7,78,16,184.225,22.1726643,1.95713361,-20.21553069,91.17321408,True,27.07862196,2.468187673,-24.61043429,90.88510606,True,26.97514548,0.7795129824,-26.1956325,97.11025476,True,6.844015676,0.2874623656,-6.55655331,95.79979972,True
Synthetic OLS-LAD,0.2,20,8,78,16,184.225,10.12491546,1.890837852,-8.234077608,81.32490232,True,12.56994994,2.450900632,-10.11904931,80.50190618,True,12.34545859,0.2966971698,-12.04876142,97.59671002,True,1.109561703,0.129175915,-0.980385788,88.35793317,True
Synthetic OLS-LAD,0.2,20,9,78,16,184.225,21.80433101,1.973144776,-19.83118623,90.95067501,True,25.38605541,2.51660458,-22.86945083,90.08666554,True,25.27565065,0.8121346086,-24.46351604,96.78688941,True,6.256626084,0.1339000467,-6.122726037,97.85986816,True
Synthetic OLS-LAD,0.2,20,10,78,16,184.225,13.34567106,1.924944463,-11.4207266,85.57626324,True,16.2060904,2.409104886,-13.79698551,85.13457085,True,16.03259407,0.6288444781,-15.40374959,96.07771222,True,3.586773155,0.2245980004,-3.362175155,93.73815988,True
Synthetic OLS-LAD,0.2,20,11,78,16,184.225,7.992842847,1.887616144,-6.105226703,76.38366999,True,9.379635759,2.436205648,-6.943430111,74.02664975,True,9.076578284,0.338333807,-8.738244477,96.27245206,True,0.8779688794,0.08927740519,-0.7886914742,89.83137019,True
Synthetic OLS-LAD,0.2,20,12,78,16,184.225,8.587722677,2.03445548,-6.553267197,76.30972079,True,10.56087087,2.474475037,-8.086395833,76.56940353,True,10.29265272,1.079462851,-9.213189869,89.51229697,True,3.280667659,0.4502431529,-2.830424506,86.27586822,True
Synthetic OLS-LAD,0.2,20,13,78,16,184.225,18.55633855,1.901019775,-16.65531877,89.75541554,True,23.06189877,2.447642614,-20.61425616,89.38663881,True,22.94031127,0.4447206005,-22.49559067,98.06140119,True,8.164195498,0.09155550664,-8.072639991,98.87857283,True
Synthetic OLS-LAD,0.2,20,14,78,16,184.225,27.72334246,1.949664382,-25.77367808,92.96742669,True,35.70944407,2.536401997,-33.17304207,92.8971115,True,35.63104128,0.6278606666,-35.00318061,98.23788291,True,12.41317533,0.26523334,-12.14794199,97.86329176,True
Synthetic OLS-LAD,0.2,20,15,78,16,184.225,5.120802355,1.873362419,-3.247439936,63.41662323,True,6.281644645,2.390400658,-3.891243987,61.946261,True,5.819430025,0.2821618848,-5.53726814,95.15138281,True,0.5509629231,0.09969125747,-0.4512716656,81.90599525,True
Synthetic OLS-LAD,0.2,20,16,78,16,184.225,13.4217829,1.879088915,-11.54269398,85.99970713,True,16.85210661,2.420838767,-14.43126784,85.63480031,True,16.68532899,0.4216467285,-16.26368226,97.47294927,True,7.815750077,0.106334814,-7.709415263,98.63948037,True
Synthetic OLS-LAD,0.2,20,17,78,16,184.225,21.92339681,2.016710648,-19.90668616,90.8011032,True,27.3484574,2.603896139,-24.74456126,90.47881897,True,27.24600574,1.099186996,-26.14681874,95.96569491,True,2.628233324,0.09579306058,-2.532440263,96.35522997,True
Synthetic OLS-LAD,0.2,20,18,78,16,184.225,20.63334179,1.931576139,-18.70176565,90.63856859,True,20.96622847,2.455828305,-18.51040017,88.28674261,True,20.83241327,0.6210371147,-20.21137616,97.01889019,True,0.2075019338,0.09221484164,-0.1152870922,55.55952663,True
Synthetic OLS-LAD,0.2,20,19,78,16,184.225,10.37008944,2.069157903,-8.300931537,80.04686541,True,13.19622771,2.640003426,-10.55622428,79.99425681,True,12.98257032,1.091979982,-11.89059034,91.58887682,True,4.677509264,0.1868707257,-4.490638538,96.00490955,True
Synthetic OLS-LAD,0.2,20,20,78,16,184.225,14.43370284,1.882211132,-12.55149171,86.95961007,True,17.71951297,2.423924569,-15.2955884,86.32059147,True,17.5609751,0.4670040807,-17.09397102,97.34067113,True,5.007101581,0.1265368449,-4.880564736,97.47285245,True
Synthetic OLS-LAD,0.2,20,21,78,16,184.225,14.20873035,1.873138022,-12.33559233,86.81699226,True,17.18692111,2.399973932,-14.78694718,86.03604499,True,17.02342397,0.2739851518,-16.74943882,98.39054028,True,2.680754982,0.02595553925,-2.654799443,99.03178249,True
Synthetic OLS-LAD,0.2,20,22,78,16,184.225,10.66577059,1.949016165,-8.716754425,81.72643834,True,12.46669753,2.5255803,-9.94111723,79.74138465,True,12.24031265,0.5935217203,-11.64679093,95.15109019,True,3.195184514,0.1969536757,-2.998230838,93.83592169,True
Synthetic OLS-LAD,0.2,20,23,78,16,184.225,18.51751684,1.904660004,-16.61285684,89.71427962,True,22.9081978,2.455220102,-20.4529777,89.28235157,True,22.78579015,0.422459254,-22.3633309,98.14595302,True,2.443943266,0.1090005463,-2.33494272,95.53997231,True
Synthetic OLS-LAD,0.2,20,24,78,16,184.225,12.04869207,1.916383276,-10.13230879,84.09467795,True,14.34826714,2.446692481,-11.90157466,82.94781901,True,14.15201315,0.5597325234,-13.59228063,96.04485583,True,2.570073023,0.1649090096,-2.405164013,93.58348934,True
Synthetic OLS-LAD,0.2,20,25,78,16,184.225,8.122857058,1.901281481,-6.221575577,76.59343914,True,10.56298888,2.430869418,-8.132119462,76.98691681,True,10.29482591,0.4683590955,-9.826466814,95.45053894,True,4.997483314,0.03599527772,-4.961488036,99.27973191,True
Synthetic OLS-LAD,0.2,20,26,78,16,184.225,16.18344553,1.904141806,-14.27930372,88.2340148,True,18.99974653,2.397464495,-16.60228203,87.38159748,True,18.851978,0.4933903303,-18.35858767,97.3828193,True,3.601071652,0.0981807772,-3.502890875,97.2735678,True
Synthetic OLS-LAD,0.2,20,27,78,16,184.225,19.85113597,1.86416519,-17.98697078,90.60927701,True,24.79160246,2.406677781,-22.38492468,90.292367,True,24.67853843,0.07574732744,-24.6027911,99.69306396,True,9.610155522,0.0339741722,-9.57618135,99.64647635,True
Synthetic OLS-LAD,0.2,20,28,78,16,184.225,13.71548725,1.877520903,-11.83796635,86.31094274,True,16.51806136,2.380915474,-14.13714589,85.58598723,True,16.34787624,0.334240651,-16.01363559,97.9554491,True,5.086496034,0.08405207199,-5.002443962,98.34754473,True
Synthetic OLS-LAD,0.2,20,29,78,16,184.225,22.26031399,1.904407899,-20.35590609,91.44482913,True,26.77701972,2.448127571,-24.32889215,90.85735606,True,26.67237318,0.447299783,-26.2250734,98.32298469,True,10.56867207,0.1145400805,-10.45413199,98.91623016,True
Synthetic OLS-LAD,0.2,20,30,78,16,184.225,12.75740669,1.867882315,-10.88952438,85.35844815,True,15.78945543,2.403980883,-13.38547455,84.77477014,True,15.61132952,0.1219132425,-15.48941628,99.21907201,True,2.345537821,0.01072725021,-2.334810571,99.54265286,True
