Dataset,ContaminationRate,Repetition,RecordID,OriginalResponse,AddedNoise,ContaminatedResponse
Boston Housing,0.05,1,70,20.9,-34.45790729,-13.55790729
Boston Housing,0.05,1,74,23.4,-31.91626547,-8.516265475
Boston Housing,0.05,1,84,22.9,9.508593251,32.40859325
Boston Housing,0.05,1,90,28.7,69.48012063,98.18012063
Boston Housing,0.05,1,116,18.3,-8.98433335,9.31566665
Boston Housing,0.05,1,195,29.1,34.54255144,63.64255144
Boston Housing,0.05,1,248,20.5,60.0313425,80.5313425
Boston Housing,0.05,1,251,24.4,77.71786476,102.1178648
Boston Housing,0.05,1,289,22.3,-7.506548112,14.79345189
Boston Housing,0.05,1,294,23.9,36.9254695,60.8254695
Boston Housing,0.05,1,296,28.6,-95.51571646,-66.91571646
Boston Housing,0.05,1,341,18.7,46.64504781,65.34504781
Boston Housing,0.05,1,424,13.4,-40.58018937,-27.18018937
Boston Housing,0.05,1,436,13.4,-8.654580867,4.745419133
Boston Housing,0.05,1,440,12.8,-121.7804602,-108.9804602
Boston Housing,0.05,1,447,14.9,-5.594358168,9.305641832
Boston Housing,0.05,1,459,14.9,-31.85665987,-16.95665987
Boston Housing,0.05,1,483,25,-22.75186378,2.24813622
Boston Housing,0.05,2,82,23.9,-65.85355187,-41.95355187
Boston Housing,0.05,2,107,19.5,-115.6677806,-96.16778063
Boston Housing,0.05,2,109,19.8,-18.42254958,1.377450421
Boston Housing,0.05,2,114,18.7,-66.3655119,-47.6655119
Boston Housing,0.05,2,206,22.6,140.5963656,163.1963656
Boston Housing,0.05,2,218,28.7,5.983596508,34.68359651
Boston Housing,0.05,2,223,27.5,-113.7928934,-86.2928934
Boston Housing,0.05,2,232,31.7,-69.16278005,-37.46278005
Boston Housing,0.05,2,249,24.5,-46.16786744,-21.66786744
Boston Housing,0.05,2,311,16.1,11.69818745,27.79818745
Boston Housing,0.05,2,326,24.6,11.80847479,36.40847479
Boston Housing,0.05,2,334,22.2,45.45658182,67.65658182
Boston Housing,0.05,2,338,18.5,64.43099775,82.93099775
Boston Housing,0.05,2,344,23.9,15.84339499,39.74339499
Boston Housing,0.05,2,386,7.2,52.81083611,60.01083611
Boston Housing,0.05,2,400,6.3,55.06198571,61.36198571
Boston Housing,0.05,2,430,9.5,23.54516838,33.04516838
Boston Housing,0.05,2,475,13.8,-27.02125474,-13.22125474
Boston Housing,0.05,3,50,19.4,-63.94464074,-44.54464074
Boston Housing,0.05,3,108,20.4,-14.6326029,5.767397099
Boston Housing,0.05,3,139,13.3,-73.56701847,-60.26701847
Boston Housing,0.05,3,173,23.1,22.03421572,45.13421572
Boston Housing,0.05,3,181,39.8,-42.60988256,-2.809882558
Boston Housing,0.05,3,214,28.1,-90.85647602,-62.75647602
Boston Housing,0.05,3,242,20.1,-31.63877707,-11.53877707
Boston Housing,0.05,3,272,25.2,-39.95366389,-14.75366389
Boston Housing,0.05,3,295,21.7,12.41491884,34.11491884
Boston Housing,0.05,3,300,29,29.27903752,58.27903752
Boston Housing,0.05,3,303,26.4,-2.790502159,23.60949784
Boston Housing,0.05,3,423,20.8,-121.0567672,-100.2567672
Boston Housing,0.05,3,426,8.3,-65.59228524,-57.29228524
Boston Housing,0.05,3,437,9.6,30.81746965,40.41746965
Boston Housing,0.05,3,448,12.6,-86.4813961,-73.8813961
Boston Housing,0.05,3,481,23,1.096888035,24.09688803
Boston Housing,0.05,3,494,21.8,-34.98838653,-13.18838653
Boston Housing,0.05,3,505,22,34.47885487,56.47885487
Boston Housing,0.05,4,5,36.2,-123.8060669,-87.60606692
Boston Housing,0.05,4,8,27.1,116.4805546,143.5805546
Boston Housing,0.05,4,22,19.6,-34.2155891,-14.6155891
Boston Housing,0.05,4,86,26.6,-55.39534085,-28.79534085
Boston Housing,0.05,4,101,27.5,62.94184553,90.44184553
Boston Housing,0.05,4,173,23.1,-22.00644153,1.093558469
Boston Housing,0.05,4,209,24.4,17.60836985,42.00836985
Boston Housing,0.05,4,223,27.5,10.20739357,37.70739357
Boston Housing,0.05,4,231,24.3,-54.72190611,-30.42190611
Boston Housing,0.05,4,247,24.3,-29.24813702,-4.948137022
Boston Housing,0.05,4,253,29.6,-1.668609601,27.9313904
Boston Housing,0.05,4,277,33.2,43.25110084,76.45110084
Boston Housing,0.05,4,280,35.1,25.94650328,61.04650328
Boston Housing,0.05,4,317,17.8,108.2179583,126.0179583
Boston Housing,0.05,4,335,20.7,38.40432019,59.10432019
Boston Housing,0.05,4,410,27.5,-16.54916657,10.95083343
Boston Housing,0.05,4,432,14.1,-0.5103075649,13.58969244
Boston Housing,0.05,4,498,18.3,-25.65853044,-7.358530441
Boston Housing,0.05,5,5,36.2,-41.96712123,-5.76712123
Boston Housing,0.05,5,89,23.6,-28.21914967,-4.619149667
Boston Housing,0.05,5,92,22,-241.1065758,-219.1065758
Boston Housing,0.05,5,114,18.7,-28.74558662,-10.04558662
Boston Housing,0.05,5,131,19.2,-46.95712565,-27.75712565
Boston Housing,0.05,5,177,23.2,-48.07426635,-24.87426635
Boston Housing,0.05,5,286,22,-0.7512969873,21.24870301
Boston Housing,0.05,5,297,27.1,-50.289186,-23.189186
Boston Housing,0.05,5,304,33.1,-26.88166685,6.218333149
Boston Housing,0.05,5,335,20.7,-53.05284935,-32.35284935
Boston Housing,0.05,5,342,32.7,-26.12138591,6.57861409
Boston Housing,0.05,5,391,15.1,-73.26099288,-58.16099288
Boston Housing,0.05,5,397,12.5,37.20716444,49.70716444
Boston Housing,0.05,5,427,10.2,89.25947533,99.45947533
Boston Housing,0.05,5,444,15.4,-150.2606958,-134.8606958
Boston Housing,0.05,5,457,12.7,-18.30877836,-5.60877836
Boston Housing,0.05,5,465,21.4,-46.34432514,-24.94432514
Boston Housing,0.05,5,481,23,-45.53948019,-22.53948019
Boston Housing,0.05,6,4,33.4,10.19222851,43.59222851
Boston Housing,0.05,6,106,19.5,15.127465,34.627465
Boston Housing,0.05,6,138,17.1,0.7487563018,17.8487563
Boston Housing,0.05,6,139,13.3,-4.02002587,9.27997413
Boston Housing,0.05,6,212,19.3,11.48981038,30.78981038
Boston Housing,0.05,6,217,23.3,-11.52611869,11.77388131
Boston Housing,0.05,6,252,24.8,-22.61400098,2.185999022
Boston Housing,0.05,6,276,32,40.80296694,72.80296694
Boston Housing,0.05,6,278,33.1,1.538404865,34.63840487
Boston Housing,0.05,6,300,29,88.37340239,117.3734024
Boston Housing,0.05,6,303,26.4,94.1946562,120.5946562
Boston Housing,0.05,6,313,19.4,-43.19708157,-23.79708157
Boston Housing,0.05,6,315,23.8,-30.50467397,-6.704673974
Boston Housing,0.05,6,328,22.2,47.72770159,69.92770159
Boston Housing,0.05,6,360,22.6,-102.1291884,-79.52918841
Boston Housing,0.05,6,397,12.5,-13.06801252,-0.5680125176
Boston Housing,0.05,6,463,19.5,-22.36182825,-2.86182825
Boston Housing,0.05,6,470,20.1,63.87363183,83.97363183
Boston Housing,0.05,7,3,34.7,-33.97435465,0.7256453514
Boston Housing,0.05,7,8,27.1,52.6049436,79.7049436
Boston Housing,0.05,7,37,20,-68.05095062,-48.05095062
Boston Housing,0.05,7,63,22.2,-57.38169891,-35.18169891
Boston Housing,0.05,7,70,20.9,6.475645881,27.37564588
Boston Housing,0.05,7,79,21.2,57.20303058,78.40303058
Boston Housing,0.05,7,102,26.5,42.63477812,69.13477812
Boston Housing,0.05,7,190,34.9,36.02724957,70.92724957
Boston Housing,0.05,7,280,35.1,-116.1454418,-81.04544185
Boston Housing,0.05,7,282,35.4,61.10759421,96.50759421
Boston Housing,0.05,7,295,21.7,52.85355687,74.55355687
Boston Housing,0.05,7,340,19,-42.48322692,-23.48322692
Boston Housing,0.05,7,383,11.3,-78.6728832,-67.3728832
Boston Housing,0.05,7,395,12.7,93.84497862,106.5449786
Boston Housing,0.05,7,397,12.5,-71.17367497,-58.67367497
Boston Housing,0.05,7,430,9.5,-5.715580023,3.784419977
Boston Housing,0.05,7,438,8.7,0.4245743575,9.124574357
Boston Housing,0.05,7,496,23.1,-45.99796938,-22.89796938
Boston Housing,0.05,8,1,24,-94.09728536,-70.09728536
Boston Housing,0.05,8,28,14.8,-109.1378668,-94.33786685
Boston Housing,0.05,8,31,12.7,-67.31464225,-54.61464225
Boston Housing,0.05,8,72,21.7,-97.77510943,-76.07510943
Boston Housing,0.05,8,75,24.1,96.71799637,120.8179964
Boston Housing,0.05,8,102,26.5,65.26685705,91.76685705
Boston Housing,0.05,8,108,20.4,-11.20444686,9.195553137
Boston Housing,0.05,8,133,23,46.08159436,69.08159436
Boston Housing,0.05,8,189,29.8,19.71822823,49.51822823
Boston Housing,0.05,8,209,24.4,-1.386965791,23.01303421
Boston Housing,0.05,8,221,26.7,-25.66206907,1.037930926
Boston Housing,0.05,8,314,21.6,46.67163437,68.27163437
Boston Housing,0.05,8,322,23.1,-43.82955254,-20.72955254
Boston Housing,0.05,8,380,10.2,-0.07943138506,10.12056861
Boston Housing,0.05,8,410,27.5,34.21079947,61.71079947
Boston Housing,0.05,8,433,16.1,-54.10451194,-38.00451194
Boston Housing,0.05,8,437,9.6,223.6721038,233.2721038
Boston Housing,0.05,8,499,21.2,46.66036396,67.86036396
Boston Housing,0.05,9,37,20,69.8505676,89.8505676
Boston Housing,0.05,9,47,20,-147.6652654,-127.6652654
Boston Housing,0.05,9,61,18.7,27.24985555,45.94985555
Boston Housing,0.05,9,107,19.5,12.5432251,32.0432251
Boston Housing,0.05,9,131,19.2,109.1309026,128.3309026
Boston Housing,0.05,9,174,23.6,5.628859541,29.22885954
Boston Housing,0.05,9,222,21.7,101.0795642,122.7795642
Boston Housing,0.05,9,249,24.5,34.81530061,59.31530061
Boston Housing,0.05,9,280,35.1,-12.79074365,22.30925635
Boston Housing,0.05,9,309,22.8,74.67141449,97.47141449
Boston Housing,0.05,9,332,17.1,69.84863094,86.94863094
Boston Housing,0.05,9,339,20.6,-109.6159779,-89.01597792
Boston Housing,0.05,9,342,32.7,-52.3819027,-19.6819027
Boston Housing,0.05,9,393,9.7,68.3765046,78.0765046
Boston Housing,0.05,9,402,7.2,-53.27849735,-46.07849735
Boston Housing,0.05,9,459,14.9,47.91753084,62.81753084
Boston Housing,0.05,9,467,19,12.61572439,31.61572439
Boston Housing,0.05,9,485,20.6,57.09042055,77.69042055
Boston Housing,0.05,10,32,14.5,-9.336385117,5.163614883
Boston Housing,0.05,10,45,21.2,23.44334528,44.64334528
Boston Housing,0.05,10,50,19.4,79.98400842,99.38400842
Boston Housing,0.05,10,130,14.3,113.856737,128.156737
Boston Housing,0.05,10,175,22.6,-54.91582518,-32.31582518
Boston Housing,0.05,10,216,25,-9.537259976,15.46274002
Boston Housing,0.05,10,218,28.7,15.93857575,44.63857575
Boston Housing,0.05,10,237,25.1,-69.21580252,-44.11580252
Boston Housing,0.05,10,247,24.3,-159.9756149,-135.6756149
Boston Housing,0.05,10,283,46,49.55708195,95.55708195
Boston Housing,0.05,10,299,22.5,18.44277938,40.94277938
Boston Housing,0.05,10,315,23.8,87.14517944,110.9451794
Boston Housing,0.05,10,324,18.5,-43.12887427,-24.62887427
Boston Housing,0.05,10,339,20.6,-26.30009757,-5.700097571
Boston Housing,0.05,10,361,25,-22.75891034,2.241089656
Boston Housing,0.05,10,402,7.2,114.9032495,122.1032495
Boston Housing,0.05,10,431,14.5,22.9387264,37.4387264
Boston Housing,0.05,10,505,22,15.8765408,37.8765408
Boston Housing,0.05,11,6,28.7,-32.42555231,-3.725552312
Boston Housing,0.05,11,70,20.9,-95.22696905,-74.32696905
Boston Housing,0.05,11,74,23.4,-156.9800943,-133.5800943
Boston Housing,0.05,11,76,21.4,13.30870278,34.70870278
Boston Housing,0.05,11,87,22.5,-33.86325231,-11.36325231
Boston Housing,0.05,11,98,38.7,-136.9792082,-98.27920816
Boston Housing,0.05,11,131,19.2,-121.1714074,-101.9714074
Boston Housing,0.05,11,133,23,-74.50898836,-51.50898836
Boston Housing,0.05,11,137,17.4,46.31234647,63.71234647
Boston Housing,0.05,11,193,36.4,12.45407031,48.85407031
Boston Housing,0.05,11,231,24.3,70.91861346,95.21861346
Boston Housing,0.05,11,238,31.5,100.9014426,132.4014426
Boston Housing,0.05,11,337,19.5,88.024343,107.524343
Boston Housing,0.05,11,358,21.7,98.06432064,119.7643206
Boston Housing,0.05,11,446,11.8,2.850649374,14.65064937
Boston Housing,0.05,11,455,14.9,-30.14588712,-15.24588712
Boston Housing,0.05,11,471,19.9,13.60910748,33.50910748
Boston Housing,0.05,11,487,19.1,122.7895891,141.8895891
Boston Housing,0.05,12,13,21.7,-7.441523736,14.25847626
Boston Housing,0.05,12,30,21,-9.305317856,11.69468214
Boston Housing,0.05,12,60,19.6,-0.5947183478,19.00528165
Boston Housing,0.05,12,92,22,-82.56847765,-60.56847765
Boston Housing,0.05,12,97,21.4,83.62229722,105.0222972
Boston Housing,0.05,12,111,21.7,-128.7815385,-107.0815385
Boston Housing,0.05,12,118,19.2,192.4240239,211.6240239
Boston Housing,0.05,12,138,17.1,-49.46282109,-32.36282109
Boston Housing,0.05,12,174,23.6,46.88682134,70.48682134
Boston Housing,0.05,12,237,25.1,91.95653327,117.0565333
Boston Housing,0.05,12,252,24.8,-4.135047433,20.66495257
Boston Housing,0.05,12,288,23.2,-23.03150655,0.1684934465
Boston Housing,0.05,12,313,19.4,-137.8714513,-118.4714513
Boston Housing,0.05,12,333,19.4,100.6200332,120.0200332
Boston Housing,0.05,12,392,23.2,26.10792706,49.30792706
Boston Housing,0.05,12,437,9.6,26.32025032,35.92025032
Boston Housing,0.05,12,458,13.5,121.0459318,134.5459318
Boston Housing,0.05,12,468,19.1,-45.8384057,-26.7384057
Boston Housing,0.05,13,13,21.7,32.87530012,54.57530012
Boston Housing,0.05,13,22,19.6,-115.7448596,-96.14485957
Boston Housing,0.05,13,65,33,84.24337211,117.2433721
Boston Housing,0.05,13,101,27.5,71.42963828,98.92963828
Boston Housing,0.05,13,132,19.6,47.7341383,67.3341383
Boston Housing,0.05,13,191,37,-35.35667935,1.643320655
Boston Housing,0.05,13,208,22.5,-153.6566972,-131.1566972
Boston Housing,0.05,13,216,25,120.9135536,145.9135536
Boston Housing,0.05,13,237,25.1,9.833038223,34.93303822
Boston Housing,0.05,13,245,17.6,-68.19772321,-50.59772321
Boston Housing,0.05,13,311,16.1,10.60305362,26.70305362
Boston Housing,0.05,13,312,22.1,53.15434794,75.25434794
Boston Housing,0.05,13,317,17.8,-29.66624778,-11.86624778
Boston Housing,0.05,13,374,13.8,-135.9694789,-122.1694789
Boston Housing,0.05,13,380,10.2,4.466915259,14.66691526
Boston Housing,0.05,13,398,8.5,-33.78546279,-25.28546279
Boston Housing,0.05,13,420,8.4,-66.13534493,-57.73534493
Boston Housing,0.05,13,501,16.8,-78.75845671,-61.95845671
Boston Housing,0.05,14,18,17.5,88.52792923,106.0279292
Boston Housing,0.05,14,24,14.5,5.168402387,19.66840239
Boston Housing,0.05,14,59,23.3,51.45092924,74.75092924
Boston Housing,0.05,14,139,13.3,36.04101481,49.34101481
Boston Housing,0.05,14,140,17.8,-73.77664138,-55.97664138
Boston Housing,0.05,14,178,24.6,88.24647381,112.8464738
Boston Housing,0.05,14,186,29.6,-31.45104019,-1.851040188
Boston Housing,0.05,14,297,27.1,-41.87331752,-14.77331752
Boston Housing,0.05,14,322,23.1,134.5196942,157.6196942
Boston Housing,0.05,14,328,22.2,4.588227839,26.78822784
Boston Housing,0.05,14,359,22.7,-46.07708052,-23.37708052
Boston Housing,0.05,14,360,22.6,-20.86904596,1.730954041
Boston Housing,0.05,14,392,23.2,-49.56166816,-26.36166816
Boston Housing,0.05,14,402,7.2,37.73911064,44.93911064
Boston Housing,0.05,14,425,11.7,-110.8611967,-99.16119672
Boston Housing,0.05,14,436,13.4,-46.53352957,-33.13352957
Boston Housing,0.05,14,458,13.5,-55.09502294,-41.59502294
Boston Housing,0.05,14,469,19.1,34.90096215,54.00096215
Boston Housing,0.05,15,20,18.2,-75.73603837,-57.53603837
Boston Housing,0.05,15,32,14.5,-86.29315737,-71.79315737
Boston Housing,0.05,15,42,26.6,-40.61800804,-14.01800804
Boston Housing,0.05,15,45,21.2,8.234778268,29.43477827
Boston Housing,0.05,15,53,25,104.0643496,129.0643496
Boston Housing,0.05,15,54,23.4,14.9383648,38.3383648
Boston Housing,0.05,15,65,33,-98.95370074,-65.95370074
Boston Housing,0.05,15,74,23.4,-14.93577815,8.464221848
Boston Housing,0.05,15,96,28.4,-27.46858916,0.9314108353
Boston Housing,0.05,15,103,18.6,11.86848314,30.46848314
Boston Housing,0.05,15,232,31.7,-25.39985877,6.300141229
Boston Housing,0.05,15,272,25.2,44.70895727,69.90895727
Boston Housing,0.05,15,309,22.8,84.32565197,107.125652
Boston Housing,0.05,15,312,22.1,-150.3139922,-128.2139922
Boston Housing,0.05,15,322,23.1,98.67322114,121.7732211
Boston Housing,0.05,15,340,19,76.51237325,95.51237325
Boston Housing,0.05,15,498,18.3,33.06185112,51.36185112
Boston Housing,0.05,15,502,22.4,-90.18546258,-67.78546258
Boston Housing,0.05,16,3,34.7,-61.6526414,-26.9526414
Boston Housing,0.05,16,31,12.7,-54.35578396,-41.65578396
Boston Housing,0.05,16,52,20.5,-47.36336976,-26.86336976
Boston Housing,0.05,16,74,23.4,36.80684467,60.20684467
Boston Housing,0.05,16,130,14.3,90.47195629,104.7719563
Boston Housing,0.05,16,194,31.1,-7.907698303,23.1923017
Boston Housing,0.05,16,219,21.5,-148.5296059,-127.0296059
Boston Housing,0.05,16,242,20.1,64.25558124,84.35558124
Boston Housing,0.05,16,253,29.6,53.56839047,83.16839047
Boston Housing,0.05,16,360,22.6,92.4080176,115.0080176
Boston Housing,0.05,16,361,25,56.723634,81.723634
Boston Housing,0.05,16,378,13.3,24.51046595,37.81046595
Boston Housing,0.05,16,390,11.5,68.07088605,79.57088605
Boston Housing,0.05,16,420,8.4,122.2425794,130.6425794
Boston Housing,0.05,16,433,16.1,-0.2390831895,15.86091681
Boston Housing,0.05,16,434,14.3,-9.417222527,4.882777473
Boston Housing,0.05,16,467,19,-35.94487668,-16.94487668
Boston Housing,0.05,16,500,17.5,57.01402122,74.51402122
Boston Housing,0.05,17,29,18.4,17.99620478,36.39620478
Boston Housing,0.05,17,69,17.4,-122.6824272,-105.2824272
Boston Housing,0.05,17,76,21.4,-106.5575271,-85.1575271
Boston Housing,0.05,17,85,23.9,-18.54394764,5.356052359
Boston Housing,0.05,17,193,36.4,-25.4741317,10.9258683
Boston Housing,0.05,17,271,21.1,116.9768379,138.0768379
Boston Housing,0.05,17,277,33.2,-63.04329944,-29.84329944
Boston Housing,0.05,17,286,22,-25.87923717,-3.879237168
Boston Housing,0.05,17,323,20.4,-16.89624128,3.503758719
Boston Housing,0.05,17,325,25,-28.39678377,-3.396783774
Boston Housing,0.05,17,378,13.3,88.59955149,101.8995515
Boston Housing,0.05,17,403,12.1,-15.89000966,-3.790009664
Boston Housing,0.05,17,412,17.2,-63.34064451,-46.14064451
Boston Housing,0.05,17,422,14.2,68.61019559,82.81019559
Boston Housing,0.05,17,438,8.7,-50.44755845,-41.74755845
Boston Housing,0.05,17,470,20.1,47.68779655,67.78779655
Boston Housing,0.05,17,486,21.2,-71.83689865,-50.63689865
Boston Housing,0.05,17,494,21.8,-46.54321672,-24.74321672
Boston Housing,0.05,18,21,13.6,-19.20995774,-5.609957739
Boston Housing,0.05,18,81,28,-2.34949872,25.65050128
Boston Housing,0.05,18,88,22.2,105.1507089,127.3507089
Boston Housing,0.05,18,194,31.1,139.6665642,170.7665642
Boston Housing,0.05,18,219,21.5,6.419174003,27.919174
Boston Housing,0.05,18,278,33.1,-3.225407558,29.87459244
Boston Housing,0.05,18,290,24.8,-60.53863994,-35.73863994
Boston Housing,0.05,18,302,22,90.21160261,112.2116026
Boston Housing,0.05,18,303,26.4,-120.0611304,-93.66113037
Boston Housing,0.05,18,312,22.1,-25.42988909,-3.32988909
Boston Housing,0.05,18,318,19.8,1.133423596,20.9334236
Boston Housing,0.05,18,339,20.6,39.20337559,59.80337559
Boston Housing,0.05,18,361,25,-30.86697902,-5.866979017
Boston Housing,0.05,18,397,12.5,65.22536111,77.72536111
Boston Housing,0.05,18,422,14.2,17.24933711,31.44933711
Boston Housing,0.05,18,438,8.7,-53.18309423,-44.48309423
Boston Housing,0.05,18,462,17.7,-42.92506994,-25.22506994
Boston Housing,0.05,18,506,11.9,-76.38088142,-64.48088142
Boston Housing,0.05,19,17,23.1,1.453294945,24.55329494
Boston Housing,0.05,19,18,17.5,86.97281212,104.4728121
Boston Housing,0.05,19,86,26.6,-154.5053639,-127.9053639
Boston Housing,0.05,19,102,26.5,44.47660213,70.97660213
Boston Housing,0.05,19,173,23.1,-35.64340561,-12.54340561
Boston Housing,0.05,19,182,36.2,-52.31769483,-16.11769483
Boston Housing,0.05,19,185,26.4,-53.85168538,-27.45168538
Boston Housing,0.05,19,206,22.6,45.78697017,68.38697017
Boston Housing,0.05,19,208,22.5,49.93372757,72.43372757
Boston Housing,0.05,19,221,26.7,-26.71176602,-0.01176601968
Boston Housing,0.05,19,223,27.5,39.35480622,66.85480622
Boston Housing,0.05,19,235,29,-21.6115559,7.388444098
Boston Housing,0.05,19,286,22,112.5647925,134.5647925
Boston Housing,0.05,19,296,28.6,-232.1032163,-203.5032163
Boston Housing,0.05,19,325,25,-104.0671566,-79.06715656
Boston Housing,0.05,19,429,11,-77.83520979,-66.83520979
Boston Housing,0.05,19,447,14.9,164.8288731,179.7288731
Boston Housing,0.05,19,461,16.4,26.06049233,42.46049233
Boston Housing,0.05,20,16,19.9,50.30584026,70.20584026
Boston Housing,0.05,20,27,16.6,-45.12787021,-28.52787021
Boston Housing,0.05,20,83,24.8,7.581922366,32.38192237
Boston Housing,0.05,20,89,23.6,-20.72507445,2.874925554
Boston Housing,0.05,20,108,20.4,-16.42078046,3.979219537
Boston Housing,0.05,20,131,19.2,-7.082048607,12.11795139
Boston Housing,0.05,20,136,18.1,-122.5099776,-104.4099776
Boston Housing,0.05,20,174,23.6,-35.17967997,-11.57967997
Boston Housing,0.05,20,249,24.5,-56.10300534,-31.60300534
Boston Housing,0.05,20,315,23.8,-21.48590868,2.314091316
Boston Housing,0.05,20,321,23.8,-34.87748912,-11.07748912
Boston Housing,0.05,20,345,31.2,-29.24076867,1.959231329
Boston Housing,0.05,20,397,12.5,53.05416584,65.55416584
Boston Housing,0.05,20,412,17.2,0.588769056,17.78876906
Boston Housing,0.05,20,447,14.9,-39.16875925,-24.26875925
Boston Housing,0.05,20,450,13,37.08346298,50.08346298
Boston Housing,0.05,20,477,16.7,61.41018511,78.11018511
Boston Housing,0.05,20,487,19.1,-40.19424658,-21.09424658
Boston Housing,0.05,21,19,20.2,87.89022069,108.0902207
Boston Housing,0.05,21,33,13.2,74.3472948,87.5472948
Boston Housing,0.05,21,42,26.6,-110.8098898,-84.20988977
Boston Housing,0.05,21,120,19.3,145.2938929,164.5938929
Boston Housing,0.05,21,194,31.1,-182.6057786,-151.5057786
Boston Housing,0.05,21,195,29.1,116.1501815,145.2501815
Boston Housing,0.05,21,253,29.6,88.69236274,118.2923627
Boston Housing,0.05,21,280,35.1,66.14825777,101.2482578
Boston Housing,0.05,21,300,29,15.89323693,44.89323693
Boston Housing,0.05,21,320,21,-107.490625,-86.49062496
Boston Housing,0.05,21,335,20.7,84.57140243,105.2714024
Boston Housing,0.05,21,338,18.5,4.618300191,23.11830019
Boston Housing,0.05,21,339,20.6,-33.96409644,-13.36409644
Boston Housing,0.05,21,429,11,62.91386878,73.91386878
Boston Housing,0.05,21,430,9.5,52.39754481,61.89754481
Boston Housing,0.05,21,446,11.8,84.72648781,96.52648781
Boston Housing,0.05,21,461,16.4,-135.3952235,-118.9952235
Boston Housing,0.05,21,463,19.5,-9.805023277,9.694976723
Boston Housing,0.05,22,31,12.7,73.30940724,86.00940724
Boston Housing,0.05,22,36,18.9,-51.51259981,-32.61259981
Boston Housing,0.05,22,70,20.9,-3.59939922,17.30060078
Boston Housing,0.05,22,102,26.5,-18.44678437,8.053215629
Boston Housing,0.05,22,227,37.6,32.17985109,69.77985109
Boston Housing,0.05,22,235,29,27.64444322,56.64444322
Boston Housing,0.05,22,244,23.7,-59.87720794,-36.17720794
Boston Housing,0.05,22,274,35.2,36.99146981,72.19146981
Boston Housing,0.05,22,280,35.1,-5.868023403,29.2319766
Boston Housing,0.05,22,296,28.6,50.41815894,79.01815894
Boston Housing,0.05,22,304,33.1,66.78233568,99.88233568
Boston Housing,0.05,22,389,10.2,5.176988604,15.3769886
Boston Housing,0.05,22,422,14.2,-8.988055199,5.211944801
Boston Housing,0.05,22,426,8.3,-29.39609389,-21.09609389
Boston Housing,0.05,22,460,20,105.4713835,125.4713835
Boston Housing,0.05,22,471,19.9,-92.40980864,-72.50980864
Boston Housing,0.05,22,499,21.2,64.85863427,86.05863427
Boston Housing,0.05,22,501,16.8,-60.9276013,-44.1276013
Boston Housing,0.05,23,21,13.6,-71.31533922,-57.71533922
Boston Housing,0.05,23,35,13.5,-29.87007153,-16.37007153
Boston Housing,0.05,23,39,24.7,75.91475353,100.6147535
Boston Housing,0.05,23,103,18.6,29.07777466,47.67777466
Boston Housing,0.05,23,117,21.2,-22.8339616,-1.633961601
Boston Housing,0.05,23,119,20.4,-16.42017196,3.979828038
Boston Housing,0.05,23,120,19.3,-72.63180759,-53.33180759
Boston Housing,0.05,23,240,23.3,1.802308606,25.10230861
Boston Housing,0.05,23,251,24.4,-4.550469767,19.84953023
Boston Housing,0.05,23,253,29.6,46.03677924,75.63677924
Boston Housing,0.05,23,281,45.4,20.61040874,66.01040874
Boston Housing,0.05,23,282,35.4,13.30981576,48.70981576
Boston Housing,0.05,23,286,22,-125.2223772,-103.2223772
Boston Housing,0.05,23,290,24.8,2.644301038,27.44430104
Boston Housing,0.05,23,294,23.9,41.26999172,65.16999172
Boston Housing,0.05,23,304,33.1,-77.67217832,-44.57217832
Boston Housing,0.05,23,361,25,-33.1019079,-8.101907895
Boston Housing,0.05,23,409,17.2,42.21562903,59.41562903
Boston Housing,0.05,24,5,36.2,-24.40033555,11.79966445
Boston Housing,0.05,24,21,13.6,95.53619667,109.1361967
Boston Housing,0.05,24,26,13.9,35.56671601,49.46671601
Boston Housing,0.05,24,37,20,45.22338318,65.22338318
Boston Housing,0.05,24,64,25,-43.83272437,-18.83272437
Boston Housing,0.05,24,100,33.2,-11.70259232,21.49740768
Boston Housing,0.05,24,221,26.7,33.92447689,60.62447689
Boston Housing,0.05,24,227,37.6,143.5557973,181.1557973
Boston Housing,0.05,24,235,29,-85.95916178,-56.95916178
Boston Housing,0.05,24,242,20.1,62.76900875,82.86900875
Boston Housing,0.05,24,249,24.5,-5.57174527,18.92825473
Boston Housing,0.05,24,367,21.9,125.2082718,147.1082718
Boston Housing,0.05,24,383,11.3,-42.5939658,-31.2939658
Boston Housing,0.05,24,429,11,21.36707908,32.36707908
Boston Housing,0.05,24,458,13.5,45.8996022,59.3996022
Boston Housing,0.05,24,461,16.4,159.1966191,175.5966191
Boston Housing,0.05,24,488,20.6,-52.14116892,-31.54116892
Boston Housing,0.05,24,502,22.4,-12.76981593,9.630184067
Boston Housing,0.05,25,1,24,44.52685986,68.52685986
Boston Housing,0.05,25,47,20,-48.54549434,-28.54549434
Boston Housing,0.05,25,60,19.6,-83.42911522,-63.82911522
Boston Housing,0.05,25,70,20.9,-73.77007363,-52.87007363
Boston Housing,0.05,25,73,22.8,208.9907312,231.7907312
Boston Housing,0.05,25,175,22.6,74.46355322,97.06355322
Boston Housing,0.05,25,177,23.2,67.85972398,91.05972398
Boston Housing,0.05,25,274,35.2,-83.76872033,-48.56872033
Boston Housing,0.05,25,277,33.2,-62.94606226,-29.74606226
Boston Housing,0.05,25,344,23.9,23.6036743,47.5036743
Boston Housing,0.05,25,361,25,14.89764772,39.89764772
Boston Housing,0.05,25,423,20.8,-54.36190983,-33.56190983
Boston Housing,0.05,25,440,12.8,110.9914366,123.7914366
Boston Housing,0.05,25,443,18.4,-90.78084903,-72.38084903
Boston Housing,0.05,25,463,19.5,17.81954833,37.31954833
Boston Housing,0.05,25,496,23.1,-44.64576635,-21.54576635
Boston Housing,0.05,25,498,18.3,133.5797795,151.8797795
Boston Housing,0.05,25,502,22.4,3.499065486,25.89906549
Boston Housing,0.05,26,51,19.7,95.4801324,115.1801324
Boston Housing,0.05,26,70,20.9,-74.87098643,-53.97098643
Boston Housing,0.05,26,86,26.6,38.69279535,65.29279535
Boston Housing,0.05,26,114,18.7,-119.0032854,-100.3032854
Boston Housing,0.05,26,133,23,-8.80054843,14.19945157
Boston Housing,0.05,26,176,29.4,-42.00128646,-12.60128646
Boston Housing,0.05,26,183,37.9,-5.356779788,32.54322021
Boston Housing,0.05,26,216,25,0.3971021986,25.3971022
Boston Housing,0.05,26,219,21.5,34.44989542,55.94989542
Boston Housing,0.05,26,270,20.7,20.99187455,41.69187455
Boston Housing,0.05,26,286,22,-166.9834992,-144.9834992
Boston Housing,0.05,26,302,22,-123.1484473,-101.1484473
Boston Housing,0.05,26,396,13.1,104.985648,118.085648
Boston Housing,0.05,26,398,8.5,-85.67711978,-77.17711978
Boston Housing,0.05,26,402,7.2,179.2679008,186.4679008
Boston Housing,0.05,26,430,9.5,-59.43525072,-49.93525072
Boston Housing,0.05,26,437,9.6,-39.07971107,-29.47971107
Boston Housing,0.05,26,445,10.8,9.375795108,20.17579511
Boston Housing,0.05,27,62,16,139.1721589,155.1721589
Boston Housing,0.05,27,82,23.9,-17.26474226,6.635257738
Boston Housing,0.05,27,86,26.6,-18.40497006,8.195029941
Boston Housing,0.05,27,118,19.2,-90.66790959,-71.46790959
Boston Housing,0.05,27,130,14.3,72.11687597,86.41687597
Boston Housing,0.05,27,137,17.4,-17.60589152,-0.2058915183
Boston Housing,0.05,27,207,24.4,18.55378903,42.95378903
Boston Housing,0.05,27,282,35.4,-25.48578104,9.914218962
Boston Housing,0.05,27,313,19.4,27.17449814,46.57449814
Boston Housing,0.05,27,318,19.8,15.48106794,35.28106794
Boston Housing,0.05,27,341,18.7,-60.49883138,-41.79883138
Boston Housing,0.05,27,391,15.1,-39.88351916,-24.78351916
Boston Housing,0.05,27,393,9.7,79.06634763,88.76634763
Boston Housing,0.05,27,395,12.7,41.47509689,54.17509689
Boston Housing,0.05,27,465,21.4,-72.06001266,-50.66001266
Boston Housing,0.05,27,466,19.9,-61.61552809,-41.71552809
Boston Housing,0.05,27,482,23.7,61.19214652,84.89214652
Boston Housing,0.05,27,485,20.6,28.67864452,49.27864452
Boston Housing,0.05,28,77,20,-42.5433254,-22.5433254
Boston Housing,0.05,28,78,20.8,-18.35727229,2.442727706
Boston Housing,0.05,28,79,21.2,-43.62033215,-22.42033215
Boston Housing,0.05,28,109,19.8,119.0548553,138.8548553
Boston Housing,0.05,28,251,24.4,18.75985341,43.15985341
Boston Housing,0.05,28,270,20.7,-52.7679748,-32.0679748
Boston Housing,0.05,28,279,29.1,64.97478564,94.07478564
Boston Housing,0.05,28,323,20.4,-32.75968638,-12.35968638
Boston Housing,0.05,28,338,18.5,158.5689673,177.0689673
Boston Housing,0.05,28,344,23.9,-62.67845627,-38.77845627
Boston Housing,0.05,28,359,22.7,37.69451809,60.39451809
Boston Housing,0.05,28,362,19.9,-102.6227308,-82.72273076
Boston Housing,0.05,28,382,10.9,46.91355101,57.81355101
Boston Housing,0.05,28,403,12.1,116.9921276,129.0921276
Boston Housing,0.05,28,412,17.2,79.56845167,96.76845167
Boston Housing,0.05,28,435,11.7,-19.3861676,-7.6861676
Boston Housing,0.05,28,445,10.8,0.7998899373,11.59988994
Boston Housing,0.05,28,479,14.6,-6.239903686,8.360096314
Boston Housing,0.05,29,14,20.4,-24.54404647,-4.144046471
Boston Housing,0.05,29,29,18.4,-79.90093787,-61.50093787
Boston Housing,0.05,29,69,17.4,80.16736198,97.56736198
Boston Housing,0.05,29,82,23.9,-59.17261535,-35.27261535
Boston Housing,0.05,29,86,26.6,-24.54999177,2.050008234
Boston Housing,0.05,29,92,22,37.90588231,59.90588231
Boston Housing,0.05,29,101,27.5,-20.55601823,6.943981768
Boston Housing,0.05,29,116,18.3,55.43597509,73.73597509
Boston Housing,0.05,29,131,19.2,-80.81444353,-61.61444353
Boston Housing,0.05,29,176,29.4,-6.666236949,22.73376305
Boston Housing,0.05,29,177,23.2,40.96728413,64.16728413
Boston Housing,0.05,29,206,22.6,-52.60701643,-30.00701643
Boston Housing,0.05,29,212,19.3,-83.27807157,-63.97807157
Boston Housing,0.05,29,241,22,-10.82794076,11.17205924
Boston Housing,0.05,29,302,22,17.01778718,39.01778718
Boston Housing,0.05,29,314,21.6,-3.611313142,17.98868686
Boston Housing,0.05,29,457,12.7,44.91948078,57.61948078
Boston Housing,0.05,29,460,20,-60.92956029,-40.92956029
Boston Housing,0.05,30,43,25.3,52.36852662,77.66852662
Boston Housing,0.05,30,79,21.2,7.065868063,28.26586806
Boston Housing,0.05,30,91,22.6,-43.18959681,-20.58959681
Boston Housing,0.05,30,97,21.4,11.97666198,33.37666198
Boston Housing,0.05,30,100,33.2,73.67848633,106.8784863
Boston Housing,0.05,30,112,22.8,-55.47847924,-32.67847924
Boston Housing,0.05,30,183,37.9,22.55879855,60.45879855
Boston Housing,0.05,30,193,36.4,-69.71837788,-33.31837788
Boston Housing,0.05,30,232,31.7,-22.46474365,9.235256353
Boston Housing,0.05,30,241,22,121.8325691,143.8325691
Boston Housing,0.05,30,327,23,-70.90796247,-47.90796247
Boston Housing,0.05,30,339,20.6,26.18225572,46.78225572
Boston Housing,0.05,30,345,31.2,-131.0432952,-99.84329522
Boston Housing,0.05,30,403,12.1,-10.17307872,1.92692128
Boston Housing,0.05,30,437,9.6,-61.27685558,-51.67685558
Boston Housing,0.05,30,438,8.7,51.56896024,60.26896024
Boston Housing,0.05,30,468,19.1,-27.27027323,-8.170273226
Boston Housing,0.05,30,481,23,69.79464472,92.79464472
Boston Housing,0.1,1,3,34.7,-171.7412817,-137.0412817
Boston Housing,0.1,1,4,33.4,97.49099941,130.8909994
Boston Housing,0.1,1,15,18.2,-98.98141251,-80.78141251
Boston Housing,0.1,1,33,13.2,63.20336777,76.40336777
Boston Housing,0.1,1,35,13.5,-4.602383345,8.897616655
Boston Housing,0.1,1,48,16.6,-25.23738352,-8.637383519
Boston Housing,0.1,1,50,19.4,-28.44563348,-9.045633476
Boston Housing,0.1,1,74,23.4,136.4901573,159.8901573
Boston Housing,0.1,1,98,38.7,-40.45139811,-1.751398114
Boston Housing,0.1,1,99,43.8,239.1031448,282.9031448
Boston Housing,0.1,1,107,19.5,-18.24770959,1.252290408
Boston Housing,0.1,1,112,22.8,-31.06955957,-8.269559568
Boston Housing,0.1,1,176,29.4,35.38235941,64.78235941
Boston Housing,0.1,1,210,20,124.6152469,144.6152469
Boston Housing,0.1,1,216,25,86.4441292,111.4441292
Boston Housing,0.1,1,238,31.5,13.11726651,44.61726651
Boston Housing,0.1,1,273,24.4,17.0471247,41.4471247
Boston Housing,0.1,1,277,33.2,44.41918198,77.61918198
Boston Housing,0.1,1,288,23.2,-1.677017625,21.52298237
Boston Housing,0.1,1,289,22.3,-87.85116456,-65.55116456
Boston Housing,0.1,1,299,22.5,80.12168875,102.6216887
Boston Housing,0.1,1,324,18.5,-143.4697883,-124.9697883
Boston Housing,0.1,1,325,25,16.96501611,41.96501611
Boston Housing,0.1,1,342,32.7,49.58744881,82.28744881
Boston Housing,0.1,1,357,17.8,-24.73029092,-6.930290921
Boston Housing,0.1,1,377,13.9,27.55960301,41.45960301
Boston Housing,0.1,1,386,7.2,30.31497642,37.51497642
Boston Housing,0.1,1,426,8.3,75.68790939,83.98790939
Boston Housing,0.1,1,437,9.6,88.99207922,98.59207922
Boston Housing,0.1,1,454,17.8,20.16181803,37.96181803
Boston Housing,0.1,1,456,14.1,15.16888132,29.26888132
Boston Housing,0.1,1,470,20.1,32.51559686,52.61559686
Boston Housing,0.1,1,473,23.2,-154.099162,-130.899162
Boston Housing,0.1,1,495,24.5,18.41224515,42.91224515
Boston Housing,0.1,1,499,21.2,43.92837573,65.12837573
Boston Housing,0.1,1,501,16.8,-74.80442843,-58.00442843
Boston Housing,0.1,2,10,18.9,-62.25177273,-43.35177273
Boston Housing,0.1,2,19,20.2,5.946916927,26.14691693
Boston Housing,0.1,2,59,23.3,80.82300976,104.1230098
Boston Housing,0.1,2,61,18.7,-86.21745101,-67.51745101
Boston Housing,0.1,2,72,21.7,-57.65623487,-35.95623487
Boston Housing,0.1,2,96,28.4,-57.72777361,-29.32777361
Boston Housing,0.1,2,105,20.1,69.31227223,89.41227223
Boston Housing,0.1,2,111,21.7,-15.62331488,6.076685119
Boston Housing,0.1,2,117,21.2,66.45595591,87.65595591
Boston Housing,0.1,2,130,14.3,29.85978448,44.15978448
Boston Housing,0.1,2,132,19.6,36.28638162,55.88638162
Boston Housing,0.1,2,138,17.1,-24.87073944,-7.770739445
Boston Housing,0.1,2,139,13.3,-40.09236674,-26.79236674
Boston Housing,0.1,2,140,17.8,2.194824788,19.99482479
Boston Housing,0.1,2,175,22.6,28.13790386,50.73790386
Boston Housing,0.1,2,181,39.8,-115.4527536,-75.65275356
Boston Housing,0.1,2,182,36.2,52.03841697,88.23841697
Boston Housing,0.1,2,193,36.4,-22.90939642,13.49060358
Boston Housing,0.1,2,220,23,64.97280047,87.97280047
Boston Housing,0.1,2,221,26.7,74.61217799,101.312178
Boston Housing,0.1,2,232,31.7,-71.41071705,-39.71071705
Boston Housing,0.1,2,250,26.2,40.84177289,67.04177289
Boston Housing,0.1,2,289,22.3,82.7042495,105.0042495
Boston Housing,0.1,2,290,24.8,-0.8039371967,23.9960628
Boston Housing,0.1,2,338,18.5,90.21737696,108.717377
Boston Housing,0.1,2,378,13.3,-12.50828558,0.7917144175
Boston Housing,0.1,2,396,13.1,73.10188033,86.20188033
Boston Housing,0.1,2,425,11.7,49.83526056,61.53526056
Boston Housing,0.1,2,426,8.3,-31.72428518,-23.42428518
Boston Housing,0.1,2,432,14.1,-84.60727801,-70.50727801
Boston Housing,0.1,2,440,12.8,-24.90824302,-12.10824302
Boston Housing,0.1,2,457,12.7,-88.12834082,-75.42834082
Boston Housing,0.1,2,473,23.2,20.61499152,43.81499152
Boston Housing,0.1,2,496,23.1,-124.4292729,-101.3292729
Boston Housing,0.1,2,501,16.8,82.96955829,99.76955829
Boston Housing,0.1,2,505,22,69.80162758,91.80162758
Boston Housing,0.1,3,8,27.1,-58.76763184,-31.66763184
Boston Housing,0.1,3,19,20.2,124.1992346,144.3992346
Boston Housing,0.1,3,23,15.2,-53.92670755,-38.72670755
Boston Housing,0.1,3,36,18.9,-169.2864343,-150.3864343
Boston Housing,0.1,3,71,24.2,43.04380842,67.24380842
Boston Housing,0.1,3,80,20.3,49.36489128,69.66489128
Boston Housing,0.1,3,87,22.5,85.96558506,108.4655851
Boston Housing,0.1,3,91,22.6,-44.15357265,-21.55357265
Boston Housing,0.1,3,115,18.5,5.169458005,23.66945801
Boston Housing,0.1,3,118,19.2,37.10729291,56.30729291
Boston Housing,0.1,3,180,37.2,48.81908111,86.01908111
Boston Housing,0.1,3,186,29.6,33.69876976,63.29876976
Boston Housing,0.1,3,189,29.8,-6.907198469,22.89280153
Boston Housing,0.1,3,209,24.4,67.80246075,92.20246075
Boston Housing,0.1,3,214,28.1,35.96927187,64.06927187
Boston Housing,0.1,3,228,31.6,-59.29875905,-27.69875905
Boston Housing,0.1,3,243,22.2,-13.76190607,8.438093933
Boston Housing,0.1,3,275,32.4,33.76026099,66.16026099
Boston Housing,0.1,3,295,21.7,103.4091848,125.1091848
Boston Housing,0.1,3,336,21.1,-76.2094935,-55.1094935
Boston Housing,0.1,3,338,18.5,-32.50870673,-14.00870673
Boston Housing,0.1,3,357,17.8,81.39315271,99.19315271
Boston Housing,0.1,3,383,11.3,167.1802023,178.4802023
Boston Housing,0.1,3,393,9.7,-15.57138383,-5.871383835
Boston Housing,0.1,3,394,13.8,-75.29560639,-61.49560639
Boston Housing,0.1,3,397,12.5,-1.581090694,10.91890931
Boston Housing,0.1,3,420,8.4,-42.96813007,-34.56813007
Boston Housing,0.1,3,422,14.2,-83.13253892,-68.93253892
Boston Housing,0.1,3,449,14.1,83.8467399,97.9467399
Boston Housing,0.1,3,450,13,-76.05375266,-63.05375266
Boston Housing,0.1,3,451,13.4,19.89549396,33.29549396
Boston Housing,0.1,3,461,16.4,83.37913511,99.77913511
Boston Housing,0.1,3,463,19.5,-90.54005742,-71.04005742
Boston Housing,0.1,3,469,19.1,-47.98339417,-28.88339417
Boston Housing,0.1,3,471,19.9,15.02239208,34.92239208
Boston Housing,0.1,3,484,21.8,56.71576015,78.51576015
Boston Housing,0.1,4,21,13.6,16.51352793,30.11352793
Boston Housing,0.1,4,24,14.5,34.75897209,49.25897209
Boston Housing,0.1,4,33,13.2,-119.3796132,-106.1796132
Boston Housing,0.1,4,59,23.3,-23.09697626,0.2030237391
Boston Housing,0.1,4,71,24.2,61.42997096,85.62997096
Boston Housing,0.1,4,83,24.8,200.6148203,225.4148203
Boston Housing,0.1,4,85,23.9,70.06157351,93.96157351
Boston Housing,0.1,4,87,22.5,-41.54428551,-19.04428551
Boston Housing,0.1,4,91,22.6,11.49568691,34.09568691
Boston Housing,0.1,4,100,33.2,-60.99611544,-27.79611544
Boston Housing,0.1,4,105,20.1,-78.32591695,-58.22591695
Boston Housing,0.1,4,109,19.8,-57.11033097,-37.31033097
Boston Housing,0.1,4,117,21.2,-63.91329088,-42.71329088
Boston Housing,0.1,4,135,15.6,-4.060444497,11.5395555
Boston Housing,0.1,4,174,23.6,-33.01312347,-9.41312347
Boston Housing,0.1,4,179,29.9,72.23584303,102.135843
Boston Housing,0.1,4,184,32.5,166.8589102,199.3589102
Boston Housing,0.1,4,191,37,130.5346663,167.5346663
Boston Housing,0.1,4,206,22.6,73.24848517,95.84848517
Boston Housing,0.1,4,211,21.7,-50.29703159,-28.59703159
Boston Housing,0.1,4,242,20.1,45.94688795,66.04688795
Boston Housing,0.1,4,246,18.5,-54.02482969,-35.52482969
Boston Housing,0.1,4,251,24.4,147.7708143,172.1708143
Boston Housing,0.1,4,252,24.8,117.8929022,142.6929022
Boston Housing,0.1,4,270,20.7,-134.6688445,-113.9688445
Boston Housing,0.1,4,272,25.2,-73.41168205,-48.21168205
Boston Housing,0.1,4,304,33.1,-5.288471082,27.81152892
Boston Housing,0.1,4,322,23.1,65.45699776,88.55699776
Boston Housing,0.1,4,383,11.3,98.94979612,110.2497961
Boston Housing,0.1,4,389,10.2,47.25260658,57.45260658
Boston Housing,0.1,4,403,12.1,-6.773791544,5.326208456
Boston Housing,0.1,4,417,7.5,53.66123713,61.16123713
Boston Housing,0.1,4,430,9.5,-26.20850946,-16.70850946
Boston Housing,0.1,4,462,17.7,137.1198549,154.8198549
Boston Housing,0.1,4,470,20.1,52.59788644,72.69788644
Boston Housing,0.1,4,471,19.9,33.16975938,53.06975938
Boston Housing,0.1,5,1,24,-86.84059282,-62.84059282
Boston Housing,0.1,5,18,17.5,28.26152932,45.76152932
Boston Housing,0.1,5,23,15.2,34.8504302,50.0504302
Boston Housing,0.1,5,27,16.6,-110.3376015,-93.73760147
Boston Housing,0.1,5,48,16.6,11.37859436,27.97859436
Boston Housing,0.1,5,62,16,5.292857145,21.29285715
Boston Housing,0.1,5,71,24.2,67.98183368,92.18183368
Boston Housing,0.1,5,73,22.8,-32.6022281,-9.802228098
Boston Housing,0.1,5,74,23.4,38.98409105,62.38409105
Boston Housing,0.1,5,84,22.9,33.13778917,56.03778917
Boston Housing,0.1,5,109,19.8,79.0832437,98.8832437
Boston Housing,0.1,5,110,19.4,18.56714026,37.96714026
Boston Housing,0.1,5,111,21.7,-70.11723935,-48.41723935
Boston Housing,0.1,5,113,18.8,-40.57977397,-21.77977397
Boston Housing,0.1,5,128,16.2,-3.340879064,12.85912094
Boston Housing,0.1,5,134,18.4,155.045889,173.445889
Boston Housing,0.1,5,135,15.6,-88.81903582,-73.21903582
Boston Housing,0.1,5,181,39.8,-146.0617213,-106.2617213
Boston Housing,0.1,5,190,34.9,-74.73413157,-39.83413157
Boston Housing,0.1,5,225,44.8,-13.8586329,30.9413671
Boston Housing,0.1,5,227,37.6,38.04358097,75.64358097
Boston Housing,0.1,5,231,24.3,47.90646678,72.20646678
Boston Housing,0.1,5,290,24.8,18.9053249,43.7053249
Boston Housing,0.1,5,312,22.1,-26.03271494,-3.932714941
Boston Housing,0.1,5,326,24.6,43.32320293,67.92320293
Boston Housing,0.1,5,338,18.5,-59.36708171,-40.86708171
Boston Housing,0.1,5,377,13.9,104.0846774,117.9846774
Boston Housing,0.1,5,391,15.1,-38.46711983,-23.36711983
Boston Housing,0.1,5,421,16.7,112.1365559,128.8365559
Boston Housing,0.1,5,457,12.7,61.73662142,74.43662142
Boston Housing,0.1,5,461,16.4,19.32028375,35.72028375
Boston Housing,0.1,5,462,17.7,73.53571525,91.23571525
Boston Housing,0.1,5,467,19,-25.81443569,-6.814435694
Boston Housing,0.1,5,469,19.1,10.93054443,30.03054443
Boston Housing,0.1,5,471,19.9,-176.7732488,-156.8732488
Boston Housing,0.1,5,500,17.5,-88.36421903,-70.86421903
Boston Housing,0.1,6,26,13.9,5.126985743,19.02698574
Boston Housing,0.1,6,37,20,-37.41893439,-17.41893439
Boston Housing,0.1,6,38,21,26.73311995,47.73311995
Boston Housing,0.1,6,42,26.6,-123.6624224,-97.06242239
Boston Housing,0.1,6,74,23.4,69.29182288,92.69182288
Boston Housing,0.1,6,81,28,-63.21914166,-35.21914166
Boston Housing,0.1,6,84,22.9,10.50381814,33.40381814
Boston Housing,0.1,6,87,22.5,16.75646543,39.25646543
Boston Housing,0.1,6,104,19.3,13.8827283,33.1827283
Boston Housing,0.1,6,111,21.7,16.0703113,37.7703113
Boston Housing,0.1,6,112,22.8,96.07892946,118.8789295
Boston Housing,0.1,6,115,18.5,24.56161357,43.06161357
Boston Housing,0.1,6,136,18.1,-154.9406048,-136.8406048
Boston Housing,0.1,6,210,20,29.52005403,49.52005403
Boston Housing,0.1,6,247,24.3,68.23877032,92.53877032
Boston Housing,0.1,6,275,32.4,-70.59261468,-38.19261468
Boston Housing,0.1,6,277,33.2,-80.51026233,-47.31026233
Boston Housing,0.1,6,278,33.1,-7.882063934,25.21793607
Boston Housing,0.1,6,279,29.1,-111.4380059,-82.3380059
Boston Housing,0.1,6,288,23.2,13.43693733,36.63693733
Boston Housing,0.1,6,322,23.1,-29.61578078,-6.515780777
Boston Housing,0.1,6,325,25,-137.774664,-112.774664
Boston Housing,0.1,6,326,24.6,39.65318787,64.25318787
Boston Housing,0.1,6,335,20.7,42.64315489,63.34315489
Boston Housing,0.1,6,389,10.2,71.92733124,82.12733124
Boston Housing,0.1,6,412,17.2,89.65315024,106.8531502
Boston Housing,0.1,6,435,11.7,14.12806262,25.82806262
Boston Housing,0.1,6,437,9.6,-31.33567555,-21.73567555
Boston Housing,0.1,6,445,10.8,-13.08251447,-2.282514467
Boston Housing,0.1,6,459,14.9,-35.62252498,-20.72252498
Boston Housing,0.1,6,466,19.9,-73.88661096,-53.98661096
Boston Housing,0.1,6,480,21.4,-2.732338145,18.66766186
Boston Housing,0.1,6,482,23.7,-37.72965827,-14.02965827
Boston Housing,0.1,6,487,19.1,13.73080847,32.83080847
Boston Housing,0.1,6,496,23.1,56.86085548,79.96085548
Boston Housing,0.1,6,502,22.4,70.44988147,92.84988147
Boston Housing,0.1,7,1,24,-112.3290647,-88.32906467
Boston Housing,0.1,7,4,33.4,-0.01840858187,33.38159142
Boston Housing,0.1,7,12,18.9,73.69625235,92.59625235
Boston Housing,0.1,7,16,19.9,-23.53827098,-3.638270983
Boston Housing,0.1,7,25,15.6,11.96601888,27.56601888
Boston Housing,0.1,7,28,14.8,57.62904723,72.42904723
Boston Housing,0.1,7,38,21,-93.10155214,-72.10155214
Boston Housing,0.1,7,52,20.5,-66.65313165,-46.15313165
Boston Housing,0.1,7,59,23.3,3.25840629,26.55840629
Boston Housing,0.1,7,112,22.8,86.93919925,109.7391993
Boston Housing,0.1,7,135,15.6,40.81166183,56.41166183
Boston Housing,0.1,7,175,22.6,-5.153579982,17.44642002
Boston Housing,0.1,7,184,32.5,-53.93369048,-21.43369048
Boston Housing,0.1,7,185,26.4,35.08879949,61.48879949
Boston Housing,0.1,7,193,36.4,-76.0792635,-39.6792635
Boston Housing,0.1,7,207,24.4,-30.04841115,-5.648411147
Boston Housing,0.1,7,242,20.1,7.537818676,27.63781868
Boston Housing,0.1,7,247,24.3,-76.53125528,-52.23125528
Boston Housing,0.1,7,251,24.4,-39.44626127,-15.04626127
Boston Housing,0.1,7,279,29.1,-36.79691346,-7.696913462
Boston Housing,0.1,7,303,26.4,0.7093258489,27.10932585
Boston Housing,0.1,7,322,23.1,-110.7421424,-87.6421424
Boston Housing,0.1,7,326,24.6,39.23455332,63.83455332
Boston Housing,0.1,7,336,21.1,68.23511998,89.33511998
Boston Housing,0.1,7,337,19.5,96.11938618,115.6193862
Boston Housing,0.1,7,390,11.5,10.46526563,21.96526563
Boston Housing,0.1,7,402,7.2,72.34404084,79.54404084
Boston Housing,0.1,7,421,16.7,36.4891489,53.1891489
Boston Housing,0.1,7,423,20.8,-14.32482432,6.47517568
Boston Housing,0.1,7,429,11,-24.80109229,-13.80109229
Boston Housing,0.1,7,431,14.5,-95.60914334,-81.10914334
Boston Housing,0.1,7,433,16.1,54.29015503,70.39015503
Boston Housing,0.1,7,440,12.8,163.4871132,176.2871132
Boston Housing,0.1,7,465,21.4,-63.68682527,-42.28682527
Boston Housing,0.1,7,483,25,-0.8233321191,24.17666788
Boston Housing,0.1,7,498,18.3,22.08615804,40.38615804
Boston Housing,0.1,8,5,36.2,-109.9862152,-73.78621523
Boston Housing,0.1,8,15,18.2,1.056008032,19.25600803
Boston Housing,0.1,8,35,13.5,-21.98891409,-8.488914092
Boston Housing,0.1,8,59,23.3,57.80078723,81.10078723
Boston Housing,0.1,8,80,20.3,-30.32302606,-10.02302606
Boston Housing,0.1,8,92,22,15.7840846,37.7840846
Boston Housing,0.1,8,96,28.4,-177.5451408,-149.1451408
Boston Housing,0.1,8,106,19.5,20.1234148,39.6234148
Boston Housing,0.1,8,114,18.7,26.78094412,45.48094412
Boston Housing,0.1,8,128,16.2,-32.39405715,-16.19405715
Boston Housing,0.1,8,140,17.8,74.55965424,92.35965424
Boston Housing,0.1,8,176,29.4,-73.58589691,-44.18589691
Boston Housing,0.1,8,184,32.5,-8.003858433,24.49614157
Boston Housing,0.1,8,185,26.4,-76.25008008,-49.85008008
Boston Housing,0.1,8,232,31.7,66.72013419,98.42013419
Boston Housing,0.1,8,270,20.7,25.83204536,46.53204536
Boston Housing,0.1,8,276,32,4.46112499,36.46112499
Boston Housing,0.1,8,286,22,-6.65654414,15.34345586
Boston Housing,0.1,8,300,29,5.445056874,34.44505687
Boston Housing,0.1,8,312,22.1,12.39023026,34.49023026
Boston Housing,0.1,8,322,23.1,-50.83573954,-27.73573954
Boston Housing,0.1,8,325,25,52.91797022,77.91797022
Boston Housing,0.1,8,358,21.7,39.9878165,61.6878165
Boston Housing,0.1,8,390,11.5,104.9703189,116.4703189
Boston Housing,0.1,8,392,23.2,-59.28684521,-36.08684521
Boston Housing,0.1,8,397,12.5,54.04799472,66.54799472
Boston Housing,0.1,8,398,8.5,-65.78552929,-57.28552929
Boston Housing,0.1,8,410,27.5,87.75822458,115.2582246
Boston Housing,0.1,8,437,9.6,33.66162788,43.26162788
Boston Housing,0.1,8,457,12.7,101.2649762,113.9649762
Boston Housing,0.1,8,463,19.5,-45.59314374,-26.09314374
Boston Housing,0.1,8,465,21.4,-35.77066678,-14.37066678
Boston Housing,0.1,8,475,13.8,-104.788577,-90.98857705
Boston Housing,0.1,8,486,21.2,-182.9336961,-161.7336961
Boston Housing,0.1,8,495,24.5,-150.8893128,-126.3893128
Boston Housing,0.1,8,505,22,29.50122111,51.50122111
Boston Housing,0.1,9,2,21.6,45.91895167,67.51895167
Boston Housing,0.1,9,20,18.2,-51.79123268,-33.59123268
Boston Housing,0.1,9,21,13.6,-28.49493674,-14.89493674
Boston Housing,0.1,9,22,19.6,141.5252532,161.1252532
Boston Housing,0.1,9,28,14.8,-13.9861847,0.8138153017
Boston Housing,0.1,9,64,25,-32.90541924,-7.90541924
Boston Housing,0.1,9,70,20.9,70.52315619,91.42315619
Boston Housing,0.1,9,79,21.2,60.4617739,81.6617739
Boston Housing,0.1,9,104,19.3,30.78826018,50.08826018
Boston Housing,0.1,9,107,19.5,-21.03444412,-1.534444123
Boston Housing,0.1,9,128,16.2,-4.310972021,11.88902798
Boston Housing,0.1,9,135,15.6,67.0043755,82.6043755
Boston Housing,0.1,9,175,22.6,28.9383979,51.5383979
Boston Housing,0.1,9,188,32,24.3163342,56.3163342
Boston Housing,0.1,9,235,29,-3.193550374,25.80644963
Boston Housing,0.1,9,237,25.1,-96.4588371,-71.3588371
Boston Housing,0.1,9,244,23.7,-115.7146426,-92.01464259
Boston Housing,0.1,9,249,24.5,-6.601232341,17.89876766
Boston Housing,0.1,9,280,35.1,-12.9125675,22.1874325
Boston Housing,0.1,9,295,21.7,-75.62670538,-53.92670538
Boston Housing,0.1,9,312,22.1,-12.88383542,9.216164578
Boston Housing,0.1,9,320,21,90.92152695,111.9215269
Boston Housing,0.1,9,335,20.7,9.98448885,30.68448885
Boston Housing,0.1,9,342,32.7,50.5321707,83.2321707
Boston Housing,0.1,9,374,13.8,29.68166322,43.48166322
Boston Housing,0.1,9,395,12.7,-62.47451103,-49.77451103
Boston Housing,0.1,9,409,17.2,25.39990727,42.59990727
Boston Housing,0.1,9,425,11.7,75.79199973,87.49199973
Boston Housing,0.1,9,432,14.1,34.8079195,48.9079195
Boston Housing,0.1,9,434,14.3,-4.293882776,10.00611722
Boston Housing,0.1,9,457,12.7,-58.72245571,-46.02245571
Boston Housing,0.1,9,473,23.2,59.99329575,83.19329575
Boston Housing,0.1,9,479,14.6,1.989473801,16.5894738
Boston Housing,0.1,9,486,21.2,57.65161007,78.85161007
Boston Housing,0.1,9,496,23.1,29.52422178,52.62422178
Boston Housing,0.1,9,499,21.2,-47.4868285,-26.2868285
Boston Housing,0.1,10,4,33.4,-11.49760846,21.90239154
Boston Housing,0.1,10,7,22.9,-65.67059681,-42.77059681
Boston Housing,0.1,10,13,21.7,50.78426742,72.48426742
Boston Housing,0.1,10,14,20.4,12.86735981,33.26735981
Boston Housing,0.1,10,16,19.9,-27.90076992,-8.000769915
Boston Housing,0.1,10,31,12.7,1.271347471,13.97134747
Boston Housing,0.1,10,52,20.5,19.05769959,39.55769959
Boston Housing,0.1,10,60,19.6,96.05949018,115.6594902
Boston Housing,0.1,10,72,21.7,13.68704202,35.38704202
Boston Housing,0.1,10,83,24.8,-4.423540828,20.37645917
Boston Housing,0.1,10,99,43.8,-70.82059127,-27.02059127
Boston Housing,0.1,10,104,19.3,46.48000282,65.78000282
Boston Housing,0.1,10,130,14.3,96.3642069,110.6642069
Boston Housing,0.1,10,140,17.8,48.1626909,65.9626909
Boston Housing,0.1,10,173,23.1,-34.95379324,-11.85379324
Boston Housing,0.1,10,180,37.2,1.94744708,39.14744708
Boston Housing,0.1,10,219,21.5,-180.3816307,-158.8816307
Boston Housing,0.1,10,227,37.6,31.58207389,69.18207389
Boston Housing,0.1,10,228,31.6,-44.02272347,-12.42272347
Boston Housing,0.1,10,233,41.7,-43.09257575,-1.392575751
Boston Housing,0.1,10,240,23.3,-42.50465691,-19.20465691
Boston Housing,0.1,10,282,35.4,-16.89642132,18.50357868
Boston Housing,0.1,10,288,23.2,-16.16829339,7.031706612
Boston Housing,0.1,10,290,24.8,-50.89567671,-26.09567671
Boston Housing,0.1,10,296,28.6,80.61959613,109.2195961
Boston Housing,0.1,10,310,20.3,-116.8822618,-96.58226178
Boston Housing,0.1,10,378,13.3,31.90579821,45.20579821
Boston Housing,0.1,10,389,10.2,-58.12378567,-47.92378567
Boston Housing,0.1,10,409,17.2,87.70112404,104.901124
Boston Housing,0.1,10,424,13.4,120.9770003,134.3770003
Boston Housing,0.1,10,440,12.8,103.6347,116.4347
Boston Housing,0.1,10,456,14.1,44.50516937,58.60516937
Boston Housing,0.1,10,474,29.8,0.193516078,29.99351608
Boston Housing,0.1,10,477,16.7,-78.43794262,-61.73794262
Boston Housing,0.1,10,480,21.4,-59.08014593,-37.68014593
Boston Housing,0.1,10,484,21.8,-99.72498618,-77.92498618
Boston Housing,0.1,11,3,34.7,45.04922887,79.74922887
Boston Housing,0.1,11,10,18.9,18.47547356,37.37547356
Boston Housing,0.1,11,21,13.6,-89.95210207,-76.35210207
Boston Housing,0.1,11,23,15.2,118.3763664,133.5763664
Boston Housing,0.1,11,28,14.8,41.02720865,55.82720865
Boston Housing,0.1,11,47,20,-53.87563913,-33.87563913
Boston Housing,0.1,11,78,20.8,-14.11809782,6.68190218
Boston Housing,0.1,11,87,22.5,22.35176613,44.85176613
Boston Housing,0.1,11,92,22,54.1922385,76.1922385
Boston Housing,0.1,11,101,27.5,156.1204942,183.6204942
Boston Housing,0.1,11,104,19.3,66.8537026,86.1537026
Boston Housing,0.1,11,107,19.5,63.39712119,82.89712119
Boston Housing,0.1,11,135,15.6,34.03758675,49.63758675
Boston Housing,0.1,11,175,22.6,-98.04792526,-75.44792526
Boston Housing,0.1,11,190,34.9,129.1080288,164.0080288
Boston Housing,0.1,11,223,27.5,75.06566985,102.5656699
Boston Housing,0.1,11,227,37.6,15.77586957,53.37586957
Boston Housing,0.1,11,230,31.5,50.93442569,82.43442569
Boston Housing,0.1,11,248,20.5,-48.16849657,-27.66849657
Boston Housing,0.1,11,251,24.4,54.3380013,78.7380013
Boston Housing,0.1,11,297,27.1,15.01698234,42.11698234
Boston Housing,0.1,11,332,17.1,76.69112481,93.79112481
Boston Housing,0.1,11,338,18.5,-75.646032,-57.146032
Boston Housing,0.1,11,344,23.9,68.21353418,92.11353418
Boston Housing,0.1,11,361,25,-51.83154026,-26.83154026
Boston Housing,0.1,11,380,10.2,127.7701912,137.9701912
Boston Housing,0.1,11,390,11.5,-90.35889683,-78.85889683
Boston Housing,0.1,11,393,9.7,-39.32315211,-29.62315211
Boston Housing,0.1,11,429,11,137.2561118,148.2561118
Boston Housing,0.1,11,436,13.4,5.410189152,18.81018915
Boston Housing,0.1,11,447,14.9,18.54410833,33.44410833
Boston Housing,0.1,11,451,13.4,21.68746746,35.08746746
Boston Housing,0.1,11,461,16.4,51.43672043,67.83672043
Boston Housing,0.1,11,476,13.3,-30.44855825,-17.14855825
Boston Housing,0.1,11,499,21.2,-13.08947525,8.110524751
Boston Housing,0.1,11,506,11.9,47.44541407,59.34541407
Boston Housing,0.1,12,19,20.2,138.7181612,158.9181612
Boston Housing,0.1,12,22,19.6,124.0574764,143.6574764
Boston Housing,0.1,12,39,24.7,63.49657261,88.19657261
Boston Housing,0.1,12,43,25.3,-21.83245355,3.46754645
Boston Housing,0.1,12,64,25,87.74989452,112.7498945
Boston Housing,0.1,12,72,21.7,-138.5192679,-116.8192679
Boston Housing,0.1,12,77,20,-106.9973507,-86.99735068
Boston Housing,0.1,12,83,24.8,-9.219537698,15.5804623
Boston Housing,0.1,12,109,19.8,-116.7008919,-96.90089189
Boston Housing,0.1,12,128,16.2,95.05695052,111.2569505
Boston Housing,0.1,12,138,17.1,51.06194081,68.16194081
Boston Housing,0.1,12,183,37.9,-30.91113486,6.988865136
Boston Housing,0.1,12,188,32,-22.3616905,9.638309497
Boston Housing,0.1,12,193,36.4,-41.3055073,-4.905507298
Boston Housing,0.1,12,207,24.4,36.58805849,60.98805849
Boston Housing,0.1,12,218,28.7,-55.39819659,-26.69819659
Boston Housing,0.1,12,219,21.5,29.1429156,50.6429156
Boston Housing,0.1,12,228,31.6,-96.07165452,-64.47165452
Boston Housing,0.1,12,233,41.7,93.80934751,135.5093475
Boston Housing,0.1,12,245,17.6,-86.44959895,-68.84959895
Boston Housing,0.1,12,250,26.2,60.83206738,87.03206738
Boston Housing,0.1,12,274,35.2,64.31782484,99.51782484
Boston Housing,0.1,12,279,29.1,-74.47351591,-45.37351591
Boston Housing,0.1,12,333,19.4,-30.69594202,-11.29594202
Boston Housing,0.1,12,336,21.1,48.32271975,69.42271975
Boston Housing,0.1,12,367,21.9,150.8015499,172.7015499
Boston Housing,0.1,12,378,13.3,3.75420845,17.05420845
Boston Housing,0.1,12,391,15.1,-37.85888908,-22.75888908
Boston Housing,0.1,12,397,12.5,-57.77020238,-45.27020238
Boston Housing,0.1,12,412,17.2,-41.84512854,-24.64512854
Boston Housing,0.1,12,434,14.3,141.5287255,155.8287255
Boston Housing,0.1,12,437,9.6,110.7518897,120.3518897
Boston Housing,0.1,12,465,21.4,19.49434647,40.89434647
Boston Housing,0.1,12,496,23.1,32.7489922,55.8489922
Boston Housing,0.1,12,503,20.6,35.73880715,56.33880715
Boston Housing,0.1,12,504,23.9,-122.3910111,-98.49101113
Boston Housing,0.1,13,23,15.2,-132.6924693,-117.4924693
Boston Housing,0.1,13,24,14.5,60.83194984,75.33194984
Boston Housing,0.1,13,25,15.6,-101.5290322,-85.92903221
Boston Housing,0.1,13,32,14.5,-22.90434742,-8.404347421
Boston Housing,0.1,13,34,13.1,-39.53603657,-26.43603657
Boston Housing,0.1,13,69,17.4,-80.19937456,-62.79937456
Boston Housing,0.1,13,75,24.1,109.1268864,133.2268864
Boston Housing,0.1,13,76,21.4,-16.83706045,4.562939549
Boston Housing,0.1,13,77,20,8.125206678,28.12520668
Boston Housing,0.1,13,86,26.6,-22.37968267,4.220317329
Boston Housing,0.1,13,88,22.2,69.61339168,91.81339168
Boston Housing,0.1,13,91,22.6,43.96105588,66.56105588
Boston Housing,0.1,13,128,16.2,-3.792411587,12.40758841
Boston Housing,0.1,13,173,23.1,55.84968764,78.94968764
Boston Housing,0.1,13,178,24.6,70.35278847,94.95278847
Boston Housing,0.1,13,193,36.4,39.36653378,75.76653378
Boston Housing,0.1,13,227,37.6,2.437410516,40.03741052
Boston Housing,0.1,13,238,31.5,2.685881961,34.18588196
Boston Housing,0.1,13,242,20.1,-94.69406161,-74.59406161
Boston Housing,0.1,13,243,22.2,-47.50615778,-25.30615778
Boston Housing,0.1,13,295,21.7,190.918852,212.618852
Boston Housing,0.1,13,299,22.5,-33.96885574,-11.46885574
Boston Housing,0.1,13,303,26.4,-39.33065922,-12.93065922
Boston Housing,0.1,13,313,19.4,66.38358943,85.78358943
Boston Housing,0.1,13,314,21.6,-4.97963153,16.62036847
Boston Housing,0.1,13,324,18.5,86.57943753,105.0794375
Boston Housing,0.1,13,328,22.2,16.24633957,38.44633957
Boston Housing,0.1,13,333,19.4,-46.96164802,-27.56164802
Boston Housing,0.1,13,341,18.7,23.51274002,42.21274002
Boston Housing,0.1,13,344,23.9,25.60553552,49.50553552
Boston Housing,0.1,13,367,21.9,56.48261585,78.38261585
Boston Housing,0.1,13,377,13.9,82.7438267,96.6438267
Boston Housing,0.1,13,393,9.7,-28.41274868,-18.71274868
Boston Housing,0.1,13,430,9.5,-104.9717116,-95.47171158
Boston Housing,0.1,13,499,21.2,-114.828978,-93.62897798
Boston Housing,0.1,13,501,16.8,-34.59379321,-17.79379321
Boston Housing,0.1,14,4,33.4,-171.0070752,-137.6070752
Boston Housing,0.1,14,18,17.5,66.84755723,84.34755723
Boston Housing,0.1,14,27,16.6,-7.685403021,8.914596979
Boston Housing,0.1,14,35,13.5,-92.68215786,-79.18215786
Boston Housing,0.1,14,45,21.2,-10.03269209,11.16730791
Boston Housing,0.1,14,50,19.4,68.07580462,87.47580462
Boston Housing,0.1,14,63,22.2,54.12639086,76.32639086
Boston Housing,0.1,14,77,20,52.34206897,72.34206897
Boston Housing,0.1,14,100,33.2,-23.63818553,9.561814468
Boston Housing,0.1,14,111,21.7,-46.78880189,-25.08880189
Boston Housing,0.1,14,132,19.6,12.74426614,32.34426614
Boston Housing,0.1,14,179,29.9,-37.06166321,-7.161663208
Boston Housing,0.1,14,185,26.4,58.17207679,84.57207679
Boston Housing,0.1,14,191,37,18.72087326,55.72087326
Boston Housing,0.1,14,223,27.5,46.17972517,73.67972517
Boston Housing,0.1,14,232,31.7,-23.38850952,8.311490477
Boston Housing,0.1,14,245,17.6,55.99786853,73.59786853
Boston Housing,0.1,14,288,23.2,-67.96824996,-44.76824996
Boston Housing,0.1,14,295,21.7,16.97568602,38.67568602
Boston Housing,0.1,14,302,22,-1.713994848,20.28600515
Boston Housing,0.1,14,309,22.8,16.04138437,38.84138437
Boston Housing,0.1,14,311,16.1,-61.13345242,-45.03345242
Boston Housing,0.1,14,318,19.8,-17.97992045,1.820079554
Boston Housing,0.1,14,344,23.9,81.60760226,105.5076023
Boston Housing,0.1,14,397,12.5,-2.350373252,10.14962675
Boston Housing,0.1,14,409,17.2,147.5246226,164.7246226
Boston Housing,0.1,14,431,14.5,-21.47765696,-6.977656956
Boston Housing,0.1,14,450,13,150.3545885,163.3545885
Boston Housing,0.1,14,467,19,-1.6887952,17.3112048
Boston Housing,0.1,14,472,19.6,-48.09822243,-28.49822243
Boston Housing,0.1,14,473,23.2,13.63072241,36.83072241
Boston Housing,0.1,14,481,23,52.307193,75.307193
Boston Housing,0.1,14,482,23.7,85.47928427,109.1792843
Boston Housing,0.1,14,483,25,52.82881149,77.82881149
Boston Housing,0.1,14,499,21.2,-10.05465536,11.14534464
Boston Housing,0.1,14,501,16.8,-45.7893733,-28.9893733
Boston Housing,0.1,15,25,15.6,-99.78540803,-84.18540803
Boston Housing,0.1,15,28,14.8,-57.6417553,-42.8417553
Boston Housing,0.1,15,48,16.6,153.2067562,169.8067562
Boston Housing,0.1,15,140,17.8,40.8815152,58.6815152
Boston Housing,0.1,15,180,37.2,11.20897333,48.40897333
Boston Housing,0.1,15,183,37.9,34.79795338,72.69795338
Boston Housing,0.1,15,186,29.6,-53.32589949,-23.72589949
Boston Housing,0.1,15,191,37,108.2341217,145.2341217
Boston Housing,0.1,15,194,31.1,30.96759816,62.06759816
Boston Housing,0.1,15,213,22.4,-39.80055016,-17.40055016
Boston Housing,0.1,15,227,37.6,-9.349103197,28.2508968
Boston Housing,0.1,15,241,22,4.158150882,26.15815088
Boston Housing,0.1,15,249,24.5,84.81596228,109.3159623
Boston Housing,0.1,15,270,20.7,-1.322941484,19.37705852
Boston Housing,0.1,15,278,33.1,51.31071918,84.41071918
Boston Housing,0.1,15,289,22.3,-141.5090095,-119.2090095
Boston Housing,0.1,15,311,16.1,-14.41089447,1.689105529
Boston Housing,0.1,15,313,19.4,-13.31539,6.084609996
Boston Housing,0.1,15,315,23.8,-50.27820103,-26.47820103
Boston Housing,0.1,15,327,23,-39.06552857,-16.06552857
Boston Housing,0.1,15,328,22.2,-17.62415312,4.575846885
Boston Housing,0.1,15,361,25,18.39547483,43.39547483
Boston Housing,0.1,15,378,13.3,-75.84707509,-62.54707509
Boston Housing,0.1,15,395,12.7,0.7196699924,13.41966999
Boston Housing,0.1,15,400,6.3,5.071092692,11.37109269
Boston Housing,0.1,15,423,20.8,71.59344838,92.39344838
Boston Housing,0.1,15,427,10.2,93.4465055,103.6465055
Boston Housing,0.1,15,442,17.1,-7.470086706,9.629913294
Boston Housing,0.1,15,446,11.8,25.69978419,37.49978419
Boston Housing,0.1,15,466,19.9,115.4242343,135.3242343
Boston Housing,0.1,15,475,13.8,-51.01844537,-37.21844537
Boston Housing,0.1,15,482,23.7,-72.67071537,-48.97071537
Boston Housing,0.1,15,484,21.8,138.269209,160.069209
Boston Housing,0.1,15,494,21.8,-175.3790656,-153.5790656
Boston Housing,0.1,15,497,19.7,4.289155588,23.98915559
Boston Housing,0.1,15,501,16.8,37.54918501,54.34918501
Boston Housing,0.1,16,19,20.2,-26.88323198,-6.683231975
Boston Housing,0.1,16,31,12.7,-59.61802359,-46.91802359
Boston Housing,0.1,16,43,25.3,190.8550759,216.1550759
Boston Housing,0.1,16,69,17.4,0.1574899292,17.55748993
Boston Housing,0.1,16,75,24.1,57.63259942,81.73259942
Boston Housing,0.1,16,81,28,-10.16564784,17.83435216
Boston Housing,0.1,16,85,23.9,-28.68942528,-4.789425275
Boston Housing,0.1,16,86,26.6,-92.21696169,-65.61696169
Boston Housing,0.1,16,107,19.5,-75.87004541,-56.37004541
Boston Housing,0.1,16,109,19.8,-21.09603482,-1.296034825
Boston Housing,0.1,16,139,13.3,116.2874332,129.5874332
Boston Housing,0.1,16,176,29.4,-39.65525557,-10.25525557
Boston Housing,0.1,16,182,36.2,41.87384239,78.07384239
Boston Housing,0.1,16,214,28.1,-46.27306011,-18.17306011
Boston Housing,0.1,16,238,31.5,136.9921881,168.4921881
Boston Housing,0.1,16,239,23.7,40.23747936,63.93747936
Boston Housing,0.1,16,276,32,54.64985138,86.64985138
Boston Housing,0.1,16,288,23.2,47.77521524,70.97521524
Boston Housing,0.1,16,311,16.1,30.24972958,46.34972958
Boston Housing,0.1,16,317,17.8,12.38776338,30.18776338
Boston Housing,0.1,16,338,18.5,127.6473153,146.1473153
Boston Housing,0.1,16,364,16.8,-34.04669173,-17.24669173
Boston Housing,0.1,16,386,7.2,-111.2221741,-104.0221741
Boston Housing,0.1,16,395,12.7,-33.53654416,-20.83654416
Boston Housing,0.1,16,398,8.5,38.30670939,46.80670939
Boston Housing,0.1,16,433,16.1,-81.66730846,-65.56730846
Boston Housing,0.1,16,438,8.7,-111.8809434,-103.1809434
Boston Housing,0.1,16,450,13,109.0690036,122.0690036
Boston Housing,0.1,16,452,15.2,-47.59510281,-32.39510281
Boston Housing,0.1,16,453,16.1,-27.24143101,-11.14143101
Boston Housing,0.1,16,459,14.9,-155.4033133,-140.5033133
Boston Housing,0.1,16,468,19.1,-73.25293685,-54.15293685
Boston Housing,0.1,16,474,29.8,-8.270786891,21.52921311
Boston Housing,0.1,16,479,14.6,109.5801722,124.1801722
Boston Housing,0.1,16,483,25,-68.1105543,-43.1105543
Boston Housing,0.1,16,504,23.9,-54.60184446,-30.70184446
Boston Housing,0.1,17,6,28.7,101.8641173,130.5641173
Boston Housing,0.1,17,15,18.2,49.59140217,67.79140217
Boston Housing,0.1,17,20,18.2,-108.2064524,-90.00645243
Boston Housing,0.1,17,21,13.6,-94.46939493,-80.86939493
Boston Housing,0.1,17,30,21,101.5236584,122.5236584
Boston Housing,0.1,17,50,19.4,-22.92387707,-3.523877065
Boston Housing,0.1,17,68,22,28.8635583,50.8635583
Boston Housing,0.1,17,86,26.6,24.30761837,50.90761837
Boston Housing,0.1,17,102,26.5,-117.1782876,-90.67828763
Boston Housing,0.1,17,103,18.6,61.21239054,79.81239054
Boston Housing,0.1,17,104,19.3,112.8930924,132.1930924
Boston Housing,0.1,17,119,20.4,74.38867887,94.78867887
Boston Housing,0.1,17,133,23,-22.24332818,0.7566718206
Boston Housing,0.1,17,138,17.1,125.2093415,142.3093415
Boston Housing,0.1,17,177,23.2,0.7768515456,23.97685155
Boston Housing,0.1,17,184,32.5,-245.2536398,-212.7536398
Boston Housing,0.1,17,228,31.6,16.48609712,48.08609712
Boston Housing,0.1,17,232,31.7,96.20261243,127.9026124
Boston Housing,0.1,17,237,25.1,80.69690553,105.7969055
Boston Housing,0.1,17,246,18.5,-40.2549945,-21.7549945
Boston Housing,0.1,17,247,24.3,1.691549071,25.99154907
Boston Housing,0.1,17,283,46,-56.67296848,-10.67296848
Boston Housing,0.1,17,341,18.7,-5.671836367,13.02816363
Boston Housing,0.1,17,344,23.9,-116.6168042,-92.71680415
Boston Housing,0.1,17,367,21.9,-36.90082234,-15.00082234
Boston Housing,0.1,17,402,7.2,77.20104409,84.40104409
Boston Housing,0.1,17,412,17.2,25.14973602,42.34973602
Boston Housing,0.1,17,444,15.4,-45.54000403,-30.14000403
Boston Housing,0.1,17,456,14.1,36.95943595,51.05943595
Boston Housing,0.1,17,458,13.5,-29.92360417,-16.42360417
Boston Housing,0.1,17,463,19.5,-145.9230101,-126.4230101
Boston Housing,0.1,17,469,19.1,81.97935251,101.0793525
Boston Housing,0.1,17,485,20.6,105.8737055,126.4737055
Boston Housing,0.1,17,499,21.2,35.14868939,56.34868939
Boston Housing,0.1,17,503,20.6,-3.709812693,16.89018731
Boston Housing,0.1,17,505,22,87.24311529,109.2431153
Boston Housing,0.1,18,2,21.6,31.11120919,52.71120919
Boston Housing,0.1,18,19,20.2,82.84991448,103.0499145
Boston Housing,0.1,18,34,13.1,102.7797723,115.8797723
Boston Housing,0.1,18,50,19.4,89.36675173,108.7667517
Boston Housing,0.1,18,69,17.4,11.49788552,28.89788552
Boston Housing,0.1,18,84,22.9,-7.365611138,15.53438886
Boston Housing,0.1,18,89,23.6,159.6666308,183.2666308
Boston Housing,0.1,18,129,18,-43.42051128,-25.42051128
Boston Housing,0.1,18,130,14.3,108.1398831,122.4398831
Boston Housing,0.1,18,182,36.2,-40.32702529,-4.127025291
Boston Housing,0.1,18,195,29.1,150.7093029,179.8093029
Boston Housing,0.1,18,206,22.6,35.14748978,57.74748978
Boston Housing,0.1,18,208,22.5,-135.3793212,-112.8793212
Boston Housing,0.1,18,235,29,58.70014867,87.70014867
Boston Housing,0.1,18,236,24,47.99195663,71.99195663
Boston Housing,0.1,18,242,20.1,11.19611854,31.29611854
Boston Housing,0.1,18,244,23.7,27.89124497,51.59124497
Boston Housing,0.1,18,247,24.3,-102.1496497,-77.84964966
Boston Housing,0.1,18,280,35.1,137.360521,172.460521
Boston Housing,0.1,18,296,28.6,3.501497401,32.1014974
Boston Housing,0.1,18,309,22.8,-162.0262419,-139.2262419
Boston Housing,0.1,18,311,16.1,71.0399111,87.1399111
Boston Housing,0.1,18,322,23.1,-54.70945937,-31.60945937
Boston Housing,0.1,18,333,19.4,-29.62109887,-10.22109887
Boston Housing,0.1,18,382,10.9,59.95427425,70.85427425
Boston Housing,0.1,18,424,13.4,-29.68541498,-16.28541498
Boston Housing,0.1,18,426,8.3,59.442827,67.742827
Boston Housing,0.1,18,431,14.5,1.304817614,15.80481761
Boston Housing,0.1,18,445,10.8,-21.73815286,-10.93815286
Boston Housing,0.1,18,449,14.1,45.29761171,59.39761171
Boston Housing,0.1,18,451,13.4,95.59703322,108.9970332
Boston Housing,0.1,18,454,17.8,-6.871296408,10.92870359
Boston Housing,0.1,18,462,17.7,-132.0897914,-114.3897914
Boston Housing,0.1,18,471,19.9,-1.089433624,18.81056638
Boston Housing,0.1,18,482,23.7,-19.01109934,4.688900664
Boston Housing,0.1,18,497,19.7,-223.3311105,-203.6311105
Boston Housing,0.1,19,4,33.4,137.5068275,170.9068275
Boston Housing,0.1,19,15,18.2,-35.69607031,-17.49607031
Boston Housing,0.1,19,18,17.5,-8.505293157,8.994706843
Boston Housing,0.1,19,20,18.2,5.932576734,24.13257673
Boston Housing,0.1,19,32,14.5,-76.45586013,-61.95586013
Boston Housing,0.1,19,52,20.5,109.9426643,130.4426643
Boston Housing,0.1,19,62,16,-1.383846386,14.61615361
Boston Housing,0.1,19,64,25,77.24069161,102.2406916
Boston Housing,0.1,19,70,20.9,56.64522737,77.54522737
Boston Housing,0.1,19,81,28,-137.4830251,-109.4830251
Boston Housing,0.1,19,84,22.9,-66.63382704,-43.73382704
Boston Housing,0.1,19,100,33.2,-63.00081751,-29.80081751
Boston Housing,0.1,19,109,19.8,-37.5574337,-17.7574337
Boston Housing,0.1,19,116,18.3,56.54178602,74.84178602
Boston Housing,0.1,19,129,18,-14.03775629,3.962243707
Boston Housing,0.1,19,138,17.1,32.72532441,49.82532441
Boston Housing,0.1,19,184,32.5,1.514674903,34.0146749
Boston Housing,0.1,19,188,32,9.745171679,41.74517168
Boston Housing,0.1,19,193,36.4,133.1550532,169.5550532
Boston Housing,0.1,19,207,24.4,-45.69174112,-21.29174112
Boston Housing,0.1,19,211,21.7,-35.59220325,-13.89220325
Boston Housing,0.1,19,242,20.1,-137.9323093,-117.8323093
Boston Housing,0.1,19,253,29.6,115.2122973,144.8122973
Boston Housing,0.1,19,288,23.2,-26.88059524,-3.680595238
Boston Housing,0.1,19,320,21,-129.5639851,-108.5639851
Boston Housing,0.1,19,400,6.3,1.210803517,7.510803517
Boston Housing,0.1,19,403,12.1,37.69231907,49.79231907
Boston Housing,0.1,19,410,27.5,-56.24058157,-28.74058157
Boston Housing,0.1,19,433,16.1,61.86607457,77.96607457
Boston Housing,0.1,19,434,14.3,114.6955369,128.9955369
Boston Housing,0.1,19,454,17.8,-34.43917288,-16.63917288
Boston Housing,0.1,19,455,14.9,-81.0120769,-66.1120769
Boston Housing,0.1,19,481,23,-10.06349969,12.93650031
Boston Housing,0.1,19,496,23.1,-69.57759019,-46.47759019
Boston Housing,0.1,19,497,19.7,28.38782109,48.08782109
Boston Housing,0.1,19,503,20.6,70.31477746,90.91477746
Boston Housing,0.1,20,2,21.6,122.3761559,143.9761559
Boston Housing,0.1,20,12,18.9,126.386467,145.286467
Boston Housing,0.1,20,36,18.9,29.47056981,48.37056981
Boston Housing,0.1,20,45,21.2,60.09129014,81.29129014
Boston Housing,0.1,20,61,18.7,-29.3857613,-10.6857613
Boston Housing,0.1,20,62,16,161.3123311,177.3123311
Boston Housing,0.1,20,63,22.2,5.950872322,28.15087232
Boston Housing,0.1,20,77,20,107.0612451,127.0612451
Boston Housing,0.1,20,79,21.2,-53.44624554,-32.24624554
Boston Housing,0.1,20,81,28,134.2764469,162.2764469
Boston Housing,0.1,20,86,26.6,-114.2517488,-87.65174883
Boston Housing,0.1,20,99,43.8,69.79143962,113.5914396
Boston Housing,0.1,20,116,18.3,2.529930235,20.82993023
Boston Housing,0.1,20,129,18,27.8113384,45.8113384
Boston Housing,0.1,20,134,18.4,19.92188617,38.32188617
Boston Housing,0.1,20,178,24.6,-0.3125607081,24.28743929
Boston Housing,0.1,20,210,20,-97.8113303,-77.8113303
Boston Housing,0.1,20,235,29,-36.54373505,-7.543735046
Boston Housing,0.1,20,244,23.7,87.87334892,111.5733489
Boston Housing,0.1,20,249,24.5,-32.53670784,-8.036707836
Boston Housing,0.1,20,271,21.1,-28.67163848,-7.571638475
Boston Housing,0.1,20,276,32,61.20109601,93.20109601
Boston Housing,0.1,20,310,20.3,73.12596729,93.42596729
Boston Housing,0.1,20,322,23.1,10.0944089,33.1944089
Boston Housing,0.1,20,360,22.6,92.05984795,114.6598479
Boston Housing,0.1,20,362,19.9,49.98206144,69.88206144
Boston Housing,0.1,20,364,16.8,30.24308124,47.04308124
Boston Housing,0.1,20,378,13.3,17.4399009,30.7399009
Boston Housing,0.1,20,398,8.5,-36.81949009,-28.31949009
Boston Housing,0.1,20,400,6.3,-68.39330844,-62.09330844
Boston Housing,0.1,20,427,10.2,-10.21768579,-0.01768578606
Boston Housing,0.1,20,497,19.7,57.83375813,77.53375813
Boston Housing,0.1,20,502,22.4,-61.42938253,-39.02938253
Boston Housing,0.1,20,503,20.6,-39.75819573,-19.15819573
Boston Housing,0.1,20,504,23.9,30.9993886,54.8993886
Boston Housing,0.1,20,505,22,-84.23167216,-62.23167216
Boston Housing,0.1,21,5,36.2,-18.01634576,18.18365424
Boston Housing,0.1,21,15,18.2,84.60969209,102.8096921
Boston Housing,0.1,21,29,18.4,-90.05767983,-71.65767983
Boston Housing,0.1,21,32,14.5,116.8352386,131.3352386
Boston Housing,0.1,21,39,24.7,38.67105664,63.37105664
Boston Housing,0.1,21,46,19.3,-23.88355234,-4.583552339
Boston Housing,0.1,21,51,19.7,86.04111049,105.7411105
Boston Housing,0.1,21,62,16,-35.09535857,-19.09535857
Boston Housing,0.1,21,70,20.9,0.7934699423,21.69346994
Boston Housing,0.1,21,74,23.4,-20.06246063,3.33753937
Boston Housing,0.1,21,83,24.8,-40.60620523,-15.80620523
Boston Housing,0.1,21,111,21.7,-3.270595383,18.42940462
Boston Housing,0.1,21,115,18.5,-99.13987232,-80.63987232
Boston Housing,0.1,21,117,21.2,-55.73566022,-34.53566022
Boston Housing,0.1,21,119,20.4,-89.24336254,-68.84336254
Boston Housing,0.1,21,138,17.1,90.92680606,108.0268061
Boston Housing,0.1,21,181,39.8,9.170264455,48.97026446
Boston Housing,0.1,21,185,26.4,47.32390634,73.72390634
Boston Housing,0.1,21,195,29.1,51.7274786,80.8274786
Boston Housing,0.1,21,227,37.6,110.4966637,148.0966637
Boston Housing,0.1,21,230,31.5,-18.33774896,13.16225104
Boston Housing,0.1,21,247,24.3,55.24318702,79.54318702
Boston Housing,0.1,21,248,20.5,-88.55671726,-68.05671726
Boston Housing,0.1,21,274,35.2,-18.20167207,16.99832793
Boston Housing,0.1,21,280,35.1,-42.19907017,-7.099070173
Boston Housing,0.1,21,314,21.6,-71.92263934,-50.32263934
Boston Housing,0.1,21,320,21,-44.77044742,-23.77044742
Boston Housing,0.1,21,335,20.7,106.985467,127.685467
Boston Housing,0.1,21,420,8.4,-86.82408685,-78.42408685
Boston Housing,0.1,21,425,11.7,-146.2098023,-134.5098023
Boston Housing,0.1,21,440,12.8,-137.4219873,-124.6219873
Boston Housing,0.1,21,463,19.5,6.111471353,25.61147135
Boston Housing,0.1,21,473,23.2,-109.8002484,-86.60024836
Boston Housing,0.1,21,497,19.7,-61.53657701,-41.83657701
Boston Housing,0.1,21,500,17.5,-4.772927071,12.72707293
Boston Housing,0.1,21,501,16.8,32.44827263,49.24827263
Boston Housing,0.1,22,2,21.6,43.20342645,64.80342645
Boston Housing,0.1,22,18,17.5,27.49091101,44.99091101
Boston Housing,0.1,22,23,15.2,-33.7587736,-18.5587736
Boston Housing,0.1,22,27,16.6,-33.30987918,-16.70987918
Boston Housing,0.1,22,30,21,58.22853334,79.22853334
Boston Housing,0.1,22,31,12.7,-66.30857798,-53.60857798
Boston Housing,0.1,22,33,13.2,13.80969303,27.00969303
Boston Housing,0.1,22,47,20,66.05106055,86.05106055
Boston Housing,0.1,22,52,20.5,99.33740018,119.8374002
Boston Housing,0.1,22,71,24.2,154.8188501,179.0188501
Boston Housing,0.1,22,73,22.8,-126.6757265,-103.8757265
Boston Housing,0.1,22,98,38.7,90.30546857,129.0054686
Boston Housing,0.1,22,101,27.5,-5.005005695,22.4949943
Boston Housing,0.1,22,120,19.3,49.69978844,68.99978844
Boston Housing,0.1,22,130,14.3,4.962626645,19.26262664
Boston Housing,0.1,22,136,18.1,35.28515953,53.38515953
Boston Housing,0.1,22,140,17.8,127.3908383,145.1908383
Boston Housing,0.1,22,208,22.5,108.8168607,131.3168607
Boston Housing,0.1,22,217,23.3,11.54524817,34.84524817
Boston Housing,0.1,22,272,25.2,-71.09444713,-45.89444713
Boston Housing,0.1,22,273,24.4,-79.01629957,-54.61629957
Boston Housing,0.1,22,274,35.2,20.87544937,56.07544937
Boston Housing,0.1,22,294,23.9,-8.876645064,15.02335494
Boston Housing,0.1,22,319,23.1,16.05141606,39.15141606
Boston Housing,0.1,22,320,21,-79.71188718,-58.71188718
Boston Housing,0.1,22,321,23.8,-50.66502451,-26.86502451
Boston Housing,0.1,22,333,19.4,70.2909064,89.6909064
Boston Housing,0.1,22,342,32.7,-12.28225315,20.41774685
Boston Housing,0.1,22,400,6.3,6.624882378,12.92488238
Boston Housing,0.1,22,427,10.2,-6.850850783,3.349149217
Boston Housing,0.1,22,429,11,-65.3824048,-54.3824048
Boston Housing,0.1,22,454,17.8,67.82920823,85.62920823
Boston Housing,0.1,22,456,14.1,-62.77141717,-48.67141717
Boston Housing,0.1,22,466,19.9,47.26509081,67.16509081
Boston Housing,0.1,22,483,25,-4.170060541,20.82993946
Boston Housing,0.1,22,502,22.4,-43.57790485,-21.17790485
Boston Housing,0.1,23,3,34.7,10.49358647,45.19358647
Boston Housing,0.1,23,8,27.1,-106.3242355,-79.22423554
Boston Housing,0.1,23,26,13.9,-49.77707036,-35.87707036
Boston Housing,0.1,23,31,12.7,10.61059309,23.31059309
Boston Housing,0.1,23,33,13.2,101.4087974,114.6087974
Boston Housing,0.1,23,51,19.7,129.1083465,148.8083465
Boston Housing,0.1,23,78,20.8,-12.84476951,7.955230494
Boston Housing,0.1,23,83,24.8,-54.96805382,-30.16805382
Boston Housing,0.1,23,89,23.6,44.29489215,67.89489215
Boston Housing,0.1,23,96,28.4,143.9912086,172.3912086
Boston Housing,0.1,23,110,19.4,10.72626461,30.12626461
Boston Housing,0.1,23,128,16.2,-32.99625684,-16.79625684
Boston Housing,0.1,23,132,19.6,36.65323281,56.25323281
Boston Housing,0.1,23,139,13.3,-119.0020064,-105.7020064
Boston Housing,0.1,23,217,23.3,98.4625124,121.7625124
Boston Housing,0.1,23,273,24.4,-133.895183,-109.495183
Boston Housing,0.1,23,278,33.1,-11.81503183,21.28496817
Boston Housing,0.1,23,289,22.3,-19.51957442,2.780425576
Boston Housing,0.1,23,315,23.8,-103.9337038,-80.13370379
Boston Housing,0.1,23,326,24.6,8.905883086,33.50588309
Boston Housing,0.1,23,339,20.6,-64.74402407,-44.14402407
Boston Housing,0.1,23,340,19,-72.76551075,-53.76551075
Boston Housing,0.1,23,344,23.9,-75.84392591,-51.94392591
Boston Housing,0.1,23,360,22.6,54.86905797,77.46905797
Boston Housing,0.1,23,374,13.8,143.3646991,157.1646991
Boston Housing,0.1,23,395,12.7,-41.19411958,-28.49411958
Boston Housing,0.1,23,409,17.2,-84.39975183,-67.19975183
Boston Housing,0.1,23,422,14.2,65.82330152,80.02330152
Boston Housing,0.1,23,423,20.8,-54.47823536,-33.67823536
Boston Housing,0.1,23,435,11.7,-87.39570071,-75.69570071
Boston Housing,0.1,23,438,8.7,37.41798602,46.11798602
Boston Housing,0.1,23,450,13,-10.81980614,2.180193865
Boston Housing,0.1,23,456,14.1,17.15273504,31.25273504
Boston Housing,0.1,23,476,13.3,6.05366659,19.35366659
Boston Housing,0.1,23,479,14.6,103.3847471,117.9847471
Boston Housing,0.1,23,505,22,51.83514647,73.83514647
Boston Housing,0.1,24,12,18.9,-126.9554791,-108.0554791
Boston Housing,0.1,24,22,19.6,107.6188539,127.2188539
Boston Housing,0.1,24,44,24.7,-15.10256095,9.597439052
Boston Housing,0.1,24,52,20.5,-91.99533846,-71.49533846
Boston Housing,0.1,24,62,16,-20.44850554,-4.448505538
Boston Housing,0.1,24,77,20,-53.56043281,-33.56043281
Boston Housing,0.1,24,79,21.2,35.39407837,56.59407837
Boston Housing,0.1,24,83,24.8,83.95296645,108.7529664
Boston Housing,0.1,24,99,43.8,28.55351017,72.35351017
Boston Housing,0.1,24,104,19.3,-8.936827093,10.36317291
Boston Housing,0.1,24,107,19.5,26.54406365,46.04406365
Boston Housing,0.1,24,116,18.3,52.03640262,70.33640262
Boston Housing,0.1,24,117,21.2,123.5069129,144.7069129
Boston Housing,0.1,24,129,18,-28.5866905,-10.5866905
Boston Housing,0.1,24,132,19.6,52.50092022,72.10092022
Boston Housing,0.1,24,140,17.8,-44.80767752,-27.00767752
Boston Housing,0.1,24,176,29.4,-33.10615044,-3.706150436
Boston Housing,0.1,24,178,24.6,-28.27277372,-3.672773717
Boston Housing,0.1,24,183,37.9,3.787502457,41.68750246
Boston Housing,0.1,24,207,24.4,-135.4726009,-111.0726009
Boston Housing,0.1,24,283,46,0.4483544128,46.44835441
Boston Housing,0.1,24,303,26.4,-21.89040555,4.509594454
Boston Housing,0.1,24,310,20.3,-71.30236403,-51.00236403
Boston Housing,0.1,24,322,23.1,31.55273358,54.65273358
Boston Housing,0.1,24,324,18.5,-17.28134733,1.218652669
Boston Housing,0.1,24,327,23,166.2163964,189.2163964
Boston Housing,0.1,24,364,16.8,-48.65834526,-31.85834526
Boston Housing,0.1,24,367,21.9,105.3429263,127.2429263
Boston Housing,0.1,24,378,13.3,-77.32864203,-64.02864203
Boston Housing,0.1,24,395,12.7,65.03476008,77.73476008
Boston Housing,0.1,24,417,7.5,27.12487436,34.62487436
Boston Housing,0.1,24,429,11,-41.13492913,-30.13492913
Boston Housing,0.1,24,430,9.5,31.79123096,41.29123096
Boston Housing,0.1,24,459,14.9,-42.6556384,-27.7556384
Boston Housing,0.1,24,482,23.7,120.1666937,143.8666937
Boston Housing,0.1,24,483,25,-102.0626743,-77.0626743
Boston Housing,0.1,25,15,18.2,7.418882485,25.61888248
Boston Housing,0.1,25,21,13.6,-194.450157,-180.850157
Boston Housing,0.1,25,28,14.8,-50.63253318,-35.83253318
Boston Housing,0.1,25,32,14.5,-42.41670689,-27.91670689
Boston Housing,0.1,25,53,25,78.90985378,103.9098538
Boston Housing,0.1,25,116,18.3,43.45602389,61.75602389
Boston Housing,0.1,25,128,16.2,-109.8674691,-93.6674691
Boston Housing,0.1,25,130,14.3,16.12053313,30.42053313
Boston Housing,0.1,25,132,19.6,-8.551495108,11.04850489
Boston Housing,0.1,25,175,22.6,144.1558694,166.7558694
Boston Housing,0.1,25,184,32.5,-66.32096384,-33.82096384
Boston Housing,0.1,25,188,32,41.42228315,73.42228315
Boston Housing,0.1,25,193,36.4,-80.99140623,-44.59140623
Boston Housing,0.1,25,206,22.6,83.85609749,106.4560975
Boston Housing,0.1,25,207,24.4,103.2339593,127.6339593
Boston Housing,0.1,25,210,20,52.24320761,72.24320761
Boston Housing,0.1,25,217,23.3,-26.08520223,-2.785202229
Boston Housing,0.1,25,224,30.1,27.85016132,57.95016132
Boston Housing,0.1,25,246,18.5,100.9128514,119.4128514
Boston Housing,0.1,25,270,20.7,88.9248612,109.6248612
Boston Housing,0.1,25,302,22,61.27845973,83.27845973
Boston Housing,0.1,25,309,22.8,7.739668935,30.53966893
Boston Housing,0.1,25,313,19.4,10.6258873,30.0258873
Boston Housing,0.1,25,339,20.6,64.2093339,84.8093339
Boston Housing,0.1,25,374,13.8,-29.07418087,-15.27418087
Boston Housing,0.1,25,390,11.5,-1.62393192,9.87606808
Boston Housing,0.1,25,393,9.7,-9.41218878,0.2878112202
Boston Housing,0.1,25,423,20.8,-135.1845875,-114.3845875
Boston Housing,0.1,25,435,11.7,38.14769483,49.84769483
Boston Housing,0.1,25,436,13.4,83.35977155,96.75977155
Boston Housing,0.1,25,438,8.7,-80.82949365,-72.12949365
Boston Housing,0.1,25,440,12.8,39.87646743,52.67646743
Boston Housing,0.1,25,457,12.7,89.96263962,102.6626396
Boston Housing,0.1,25,459,14.9,-63.75746567,-48.85746567
Boston Housing,0.1,25,474,29.8,-16.06143009,13.73856991
Boston Housing,0.1,25,479,14.6,-42.40783064,-27.80783064
Boston Housing,0.1,26,6,28.7,-12.43316718,16.26683282
Boston Housing,0.1,26,19,20.2,-68.20504719,-48.00504719
Boston Housing,0.1,26,23,15.2,40.50405181,55.70405181
Boston Housing,0.1,26,26,13.9,20.62795132,34.52795132
Boston Housing,0.1,26,27,16.6,-158.7832648,-142.1832648
Boston Housing,0.1,26,32,14.5,-92.31575118,-77.81575118
Boston Housing,0.1,26,43,25.3,34.33007892,59.63007892
Boston Housing,0.1,26,78,20.8,-32.16844002,-11.36844002
Boston Housing,0.1,26,90,28.7,121.4278188,150.1278188
Boston Housing,0.1,26,108,20.4,-67.10501954,-46.70501954
Boston Housing,0.1,26,117,21.2,108.1128153,129.3128153
Boston Housing,0.1,26,175,22.6,29.00210167,51.60210167
Boston Housing,0.1,26,177,23.2,-14.49079916,8.709200844
Boston Housing,0.1,26,208,22.5,-35.69203773,-13.19203773
Boston Housing,0.1,26,214,28.1,61.24613763,89.34613763
Boston Housing,0.1,26,225,44.8,57.38624854,102.1862485
Boston Housing,0.1,26,231,24.3,99.84538569,124.1453857
Boston Housing,0.1,26,236,24,-1.671773463,22.32822654
Boston Housing,0.1,26,250,26.2,111.2516628,137.4516628
Boston Housing,0.1,26,252,24.8,81.65768282,106.4576828
Boston Housing,0.1,26,276,32,2.383835071,34.38383507
Boston Housing,0.1,26,313,19.4,120.6779329,140.0779329
Boston Housing,0.1,26,321,23.8,50.76419972,74.56419972
Boston Housing,0.1,26,332,17.1,-96.80220658,-79.70220658
Boston Housing,0.1,26,337,19.5,51.18423162,70.68423162
Boston Housing,0.1,26,344,23.9,59.02967563,82.92967563
Boston Housing,0.1,26,360,22.6,-22.11234365,0.4876563522
Boston Housing,0.1,26,378,13.3,-152.3005606,-139.0005606
Boston Housing,0.1,26,431,14.5,-35.35263172,-20.85263172
Boston Housing,0.1,26,458,13.5,56.0687084,69.5687084
Boston Housing,0.1,26,463,19.5,-19.9623958,-0.4623957997
Boston Housing,0.1,26,466,19.9,-66.20651344,-46.30651344
Boston Housing,0.1,26,477,16.7,-24.73183794,-8.031837939
Boston Housing,0.1,26,496,23.1,109.3565384,132.4565384
Boston Housing,0.1,26,502,22.4,-64.31406471,-41.91406471
Boston Housing,0.1,26,503,20.6,-33.69182913,-13.09182913
Boston Housing,0.1,27,8,27.1,-68.63446726,-41.53446726
Boston Housing,0.1,27,20,18.2,-13.59270931,4.607290691
Boston Housing,0.1,27,34,13.1,124.6877558,137.7877558
Boston Housing,0.1,27,46,19.3,93.60232928,112.9023293
Boston Housing,0.1,27,80,20.3,-47.53548754,-27.23548754
Boston Housing,0.1,27,84,22.9,-69.01867692,-46.11867692
Boston Housing,0.1,27,87,22.5,-57.71193756,-35.21193756
Boston Housing,0.1,27,97,21.4,24.76621592,46.16621592
Boston Housing,0.1,27,100,33.2,213.1531417,246.3531417
Boston Housing,0.1,27,107,19.5,-39.66745679,-20.16745679
Boston Housing,0.1,27,131,19.2,-46.18783954,-26.98783954
Boston Housing,0.1,27,177,23.2,-10.97668645,12.22331355
Boston Housing,0.1,27,178,24.6,10.26741432,34.86741432
Boston Housing,0.1,27,180,37.2,-41.64787499,-4.447874988
Boston Housing,0.1,27,210,20,87.43408913,107.4340891
Boston Housing,0.1,27,214,28.1,70.33854504,98.43854504
Boston Housing,0.1,27,243,22.2,-94.21397742,-72.01397742
Boston Housing,0.1,27,245,17.6,-70.29751918,-52.69751918
Boston Housing,0.1,27,251,24.4,-6.678528436,17.72147156
Boston Housing,0.1,27,252,24.8,-109.3115917,-84.51159175
Boston Housing,0.1,27,283,46,-139.1176712,-93.11767122
Boston Housing,0.1,27,289,22.3,-0.4230147455,21.87698525
Boston Housing,0.1,27,299,22.5,88.05994107,110.5599411
Boston Housing,0.1,27,310,20.3,11.198549,31.498549
Boston Housing,0.1,27,318,19.8,42.9813642,62.7813642
Boston Housing,0.1,27,327,23,-0.3247664499,22.67523355
Boston Housing,0.1,27,384,12.3,5.723341815,18.02334181
Boston Housing,0.1,27,395,12.7,-20.39855084,-7.698550841
Boston Housing,0.1,27,424,13.4,-88.54718136,-75.14718136
Boston Housing,0.1,27,427,10.2,-60.38793258,-50.18793258
Boston Housing,0.1,27,443,18.4,-131.5852253,-113.1852253
Boston Housing,0.1,27,448,12.6,-173.3875228,-160.7875228
Boston Housing,0.1,27,452,15.2,37.79179598,52.99179598
Boston Housing,0.1,27,459,14.9,119.0153825,133.9153825
Boston Housing,0.1,27,463,19.5,-18.18073667,1.319263331
Boston Housing,0.1,27,478,12,10.44974829,22.44974829
Boston Housing,0.1,28,12,18.9,-60.26174383,-41.36174383
Boston Housing,0.1,28,16,19.9,-20.60906669,-0.7090666939
Boston Housing,0.1,28,20,18.2,-5.202485331,12.99751467
Boston Housing,0.1,28,29,18.4,-20.9952074,-2.595207401
Boston Housing,0.1,28,39,24.7,46.20786991,70.90786991
Boston Housing,0.1,28,48,16.6,-14.92303976,1.676960236
Boston Housing,0.1,28,50,19.4,8.491355019,27.89135502
Boston Housing,0.1,28,75,24.1,4.058897878,28.15889788
Boston Housing,0.1,28,76,21.4,35.04328936,56.44328936
Boston Housing,0.1,28,79,21.2,12.34710857,33.54710857
Boston Housing,0.1,28,83,24.8,4.691841406,29.49184141
Boston Housing,0.1,28,87,22.5,-82.05551669,-59.55551669
Boston Housing,0.1,28,119,20.4,-0.7999961672,19.60000383
Boston Housing,0.1,28,129,18,5.707956427,23.70795643
Boston Housing,0.1,28,183,37.9,-70.03503969,-32.13503969
Boston Housing,0.1,28,189,29.8,-79.33416591,-49.53416591
Boston Housing,0.1,28,190,34.9,-48.61046077,-13.71046077
Boston Housing,0.1,28,194,31.1,23.19461829,54.29461829
Boston Housing,0.1,28,219,21.5,-6.613024591,14.88697541
Boston Housing,0.1,28,250,26.2,-39.71019765,-13.51019765
Boston Housing,0.1,28,281,45.4,-73.88433724,-28.48433724
Boston Housing,0.1,28,310,20.3,-28.93905747,-8.639057474
Boston Housing,0.1,28,314,21.6,-25.57603395,-3.976033946
Boston Housing,0.1,28,315,23.8,8.481455296,32.2814553
Boston Housing,0.1,28,326,24.6,90.71037768,115.3103777
Boston Housing,0.1,28,367,21.9,118.4838258,140.3838258
Boston Housing,0.1,28,390,11.5,23.85507757,35.35507757
Boston Housing,0.1,28,412,17.2,207.508356,224.708356
Boston Housing,0.1,28,427,10.2,61.65966545,71.85966545
Boston Housing,0.1,28,459,14.9,41.07405626,55.97405626
Boston Housing,0.1,28,463,19.5,-22.51420752,-3.014207524
Boston Housing,0.1,28,471,19.9,-53.76095733,-33.86095733
Boston Housing,0.1,28,473,23.2,-67.92688518,-44.72688518
Boston Housing,0.1,28,488,20.6,-12.21067227,8.38932773
Boston Housing,0.1,28,494,21.8,86.50812768,108.3081277
Boston Housing,0.1,28,505,22,-16.16307558,5.836924423
Boston Housing,0.1,29,15,18.2,63.85894102,82.05894102
Boston Housing,0.1,29,22,19.6,-26.08649898,-6.48649898
Boston Housing,0.1,29,25,15.6,-0.496507936,15.10349206
Boston Housing,0.1,29,32,14.5,-55.23097253,-40.73097253
Boston Housing,0.1,29,53,25,8.894593924,33.89459392
Boston Housing,0.1,29,54,23.4,-104.0360487,-80.63604869
Boston Housing,0.1,29,91,22.6,170.2041027,192.8041027
Boston Housing,0.1,29,96,28.4,110.1767648,138.5767648
Boston Housing,0.1,29,99,43.8,32.15208902,75.95208902
Boston Housing,0.1,29,101,27.5,94.03077248,121.5307725
Boston Housing,0.1,29,135,15.6,-15.82801529,-0.2280152926
Boston Housing,0.1,29,137,17.4,-3.039187976,14.36081202
Boston Housing,0.1,29,176,29.4,-92.27969522,-62.87969522
Boston Housing,0.1,29,184,32.5,18.43236103,50.93236103
Boston Housing,0.1,29,207,24.4,-82.26708813,-57.86708813
Boston Housing,0.1,29,212,19.3,8.226648048,27.52664805
Boston Housing,0.1,29,224,30.1,15.32143482,45.42143482
Boston Housing,0.1,29,228,31.6,30.22318176,61.82318176
Boston Housing,0.1,29,233,41.7,-6.635985322,35.06401468
Boston Housing,0.1,29,238,31.5,56.17295101,87.67295101
Boston Housing,0.1,29,239,23.7,36.57475791,60.27475791
Boston Housing,0.1,29,253,29.6,4.812693517,34.41269352
Boston Housing,0.1,29,270,20.7,-55.72320557,-35.02320557
Boston Housing,0.1,29,272,25.2,18.1756389,43.3756389
Boston Housing,0.1,29,276,32,25.565808,57.565808
Boston Housing,0.1,29,296,28.6,24.70131132,53.30131132
Boston Housing,0.1,29,322,23.1,-110.7732274,-87.67322737
Boston Housing,0.1,29,342,32.7,33.95048964,66.65048964
Boston Housing,0.1,29,380,10.2,2.640925797,12.8409258
Boston Housing,0.1,29,390,11.5,-30.24043663,-18.74043663
Boston Housing,0.1,29,395,12.7,124.6802554,137.3802554
Boston Housing,0.1,29,427,10.2,35.92862959,46.12862959
Boston Housing,0.1,29,443,18.4,76.37265542,94.77265542
Boston Housing,0.1,29,445,10.8,72.11883487,82.91883487
Boston Housing,0.1,29,474,29.8,56.37646489,86.17646489
Boston Housing,0.1,29,503,20.6,-15.16878058,5.431219415
Boston Housing,0.1,30,6,28.7,-0.6424980952,28.0575019
Boston Housing,0.1,30,14,20.4,20.83584852,41.23584852
Boston Housing,0.1,30,19,20.2,-61.3492072,-41.1492072
Boston Housing,0.1,30,35,13.5,105.5729029,119.0729029
Boston Housing,0.1,30,43,25.3,-52.24799467,-26.94799467
Boston Housing,0.1,30,64,25,70.56288492,95.56288492
Boston Housing,0.1,30,68,22,13.70251279,35.70251279
Boston Housing,0.1,30,79,21.2,-83.17162179,-61.97162179
Boston Housing,0.1,30,80,20.3,-20.03901143,0.2609885724
Boston Housing,0.1,30,99,43.8,76.94855536,120.7485554
Boston Housing,0.1,30,182,36.2,69.85909567,106.0590957
Boston Housing,0.1,30,185,26.4,-125.6350271,-99.23502715
Boston Housing,0.1,30,221,26.7,-66.70388834,-40.00388834
Boston Housing,0.1,30,241,22,-13.90532706,8.094672943
Boston Housing,0.1,30,242,20.1,51.2483958,71.3483958
Boston Housing,0.1,30,244,23.7,20.64288932,44.34288932
Boston Housing,0.1,30,246,18.5,-88.98367554,-70.48367554
Boston Housing,0.1,30,252,24.8,-10.80006931,13.99993069
Boston Housing,0.1,30,286,22,-16.95165489,5.048345105
Boston Housing,0.1,30,303,26.4,36.74179723,63.14179723
Boston Housing,0.1,30,311,16.1,-136.5273416,-120.4273416
Boston Housing,0.1,30,315,23.8,51.5593476,75.3593476
Boston Housing,0.1,30,323,20.4,-119.9174014,-99.51740139
Boston Housing,0.1,30,340,19,38.51481815,57.51481815
Boston Housing,0.1,30,367,21.9,-38.90489876,-17.00489876
Boston Housing,0.1,30,395,12.7,55.67393372,68.37393372
Boston Housing,0.1,30,398,8.5,-48.24705066,-39.74705066
Boston Housing,0.1,30,446,11.8,21.41902095,33.21902095
Boston Housing,0.1,30,463,19.5,-15.8282052,3.671794805
Boston Housing,0.1,30,465,21.4,-1.363862986,20.03613701
Boston Housing,0.1,30,472,19.6,108.5261161,128.1261161
Boston Housing,0.1,30,473,23.2,-14.29891364,8.901086356
Boston Housing,0.1,30,475,13.8,57.24037742,71.04037742
Boston Housing,0.1,30,498,18.3,-46.87623773,-28.57623773
Boston Housing,0.1,30,503,20.6,-100.3560818,-79.75608182
Boston Housing,0.1,30,504,23.9,-38.72439883,-14.82439883
Boston Housing,0.2,1,5,36.2,-94.57157885,-58.37157885
Boston Housing,0.2,1,8,27.1,-62.29625784,-35.19625784
Boston Housing,0.2,1,17,23.1,68.10170929,91.20170929
Boston Housing,0.2,1,19,20.2,-48.00801796,-27.80801796
Boston Housing,0.2,1,37,20,48.18627371,68.18627371
Boston Housing,0.2,1,42,26.6,-2.833734693,23.76626531
Boston Housing,0.2,1,44,24.7,-19.8407273,4.859272704
Boston Housing,0.2,1,46,19.3,3.300637566,22.60063757
Boston Housing,0.2,1,47,20,37.65655017,57.65655017
Boston Housing,0.2,1,48,16.6,51.33091135,67.93091135
Boston Housing,0.2,1,59,23.3,60.65925354,83.95925354
Boston Housing,0.2,1,60,19.6,39.99746397,59.59746397
Boston Housing,0.2,1,62,16,16.27780604,32.27780604
Boston Housing,0.2,1,69,17.4,-112.0242017,-94.62420172
Boston Housing,0.2,1,71,24.2,-39.31152613,-15.11152613
Boston Housing,0.2,1,82,23.9,-65.90210346,-42.00210346
Boston Housing,0.2,1,85,23.9,63.88645414,87.78645414
Boston Housing,0.2,1,103,18.6,7.826578627,26.42657863
Boston Housing,0.2,1,114,18.7,-29.59796565,-10.89796565
Boston Housing,0.2,1,115,18.5,-30.50449004,-12.00449004
Boston Housing,0.2,1,129,18,57.50802812,75.50802812
Boston Housing,0.2,1,173,23.1,-49.50034703,-26.40034703
Boston Housing,0.2,1,183,37.9,-40.71565769,-2.815657693
Boston Housing,0.2,1,184,32.5,29.56110278,62.06110278
Boston Housing,0.2,1,185,26.4,94.01872916,120.4187292
Boston Housing,0.2,1,210,20,102.5178216,122.5178216
Boston Housing,0.2,1,213,22.4,-108.6740335,-86.27403348
Boston Housing,0.2,1,214,28.1,116.3250719,144.4250719
Boston Housing,0.2,1,218,28.7,-98.13652522,-69.43652522
Boston Housing,0.2,1,220,23,-138.1535237,-115.1535237
Boston Housing,0.2,1,233,41.7,-101.1758745,-59.47587453
Boston Housing,0.2,1,238,31.5,34.44729229,65.94729229
Boston Housing,0.2,1,244,23.7,53.50010685,77.20010685
Boston Housing,0.2,1,250,26.2,-63.73666679,-37.53666679
Boston Housing,0.2,1,270,20.7,53.24958252,73.94958252
Boston Housing,0.2,1,280,35.1,138.4269176,173.5269176
Boston Housing,0.2,1,283,46,70.79956277,116.7995628
Boston Housing,0.2,1,289,22.3,-124.8574223,-102.5574223
Boston Housing,0.2,1,290,24.8,-76.91428332,-52.11428332
Boston Housing,0.2,1,295,21.7,24.66096467,46.36096467
Boston Housing,0.2,1,304,33.1,-135.9635271,-102.8635271
Boston Housing,0.2,1,315,23.8,-50.57883229,-26.77883229
Boston Housing,0.2,1,325,25,2.741608998,27.741609
Boston Housing,0.2,1,326,24.6,-137.7120361,-113.1120361
Boston Housing,0.2,1,327,23,43.81412555,66.81412555
Boston Housing,0.2,1,341,18.7,38.06651108,56.76651108
Boston Housing,0.2,1,345,31.2,-72.59851641,-41.39851641
Boston Housing,0.2,1,359,22.7,-98.11114506,-75.41114506
Boston Housing,0.2,1,361,25,-27.37695792,-2.376957924
Boston Housing,0.2,1,362,19.9,41.24911541,61.14911541
Boston Housing,0.2,1,364,16.8,21.58413662,38.38413662
Boston Housing,0.2,1,382,10.9,93.17424074,104.0742407
Boston Housing,0.2,1,383,11.3,66.90348812,78.20348812
Boston Housing,0.2,1,396,13.1,-23.50251224,-10.40251224
Boston Housing,0.2,1,403,12.1,77.78812199,89.88812199
Boston Housing,0.2,1,410,27.5,23.60483685,51.10483685
Boston Housing,0.2,1,423,20.8,-73.68032512,-52.88032512
Boston Housing,0.2,1,424,13.4,-9.354627737,4.045372263
Boston Housing,0.2,1,434,14.3,37.8633699,52.1633699
Boston Housing,0.2,1,449,14.1,11.02394728,25.12394728
Boston Housing,0.2,1,452,15.2,-44.84338545,-29.64338545
Boston Housing,0.2,1,455,14.9,-90.46948311,-75.56948311
Boston Housing,0.2,1,465,21.4,-17.69938138,3.700618619
Boston Housing,0.2,1,471,19.9,29.224568,49.124568
Boston Housing,0.2,1,473,23.2,23.25476892,46.45476892
Boston Housing,0.2,1,476,13.3,-51.85968916,-38.55968916
Boston Housing,0.2,1,485,20.6,-121.6506836,-101.0506836
Boston Housing,0.2,1,486,21.2,66.50835268,87.70835268
Boston Housing,0.2,1,496,23.1,5.762725408,28.86272541
Boston Housing,0.2,1,498,18.3,-71.16431177,-52.86431177
Boston Housing,0.2,1,500,17.5,20.20625696,37.70625696
Boston Housing,0.2,2,3,34.7,-2.970737517,31.72926248
Boston Housing,0.2,2,10,18.9,37.60850813,56.50850813
Boston Housing,0.2,2,13,21.7,36.56191507,58.26191507
Boston Housing,0.2,2,18,17.5,43.28896031,60.78896031
Boston Housing,0.2,2,20,18.2,-45.27725902,-27.07725902
Boston Housing,0.2,2,23,15.2,5.799905781,20.99990578
Boston Housing,0.2,2,26,13.9,-28.76183643,-14.86183643
Boston Housing,0.2,2,28,14.8,-95.17667006,-80.37667006
Boston Housing,0.2,2,31,12.7,-22.07939975,-9.379399747
Boston Housing,0.2,2,34,13.1,-22.30920553,-9.209205527
Boston Housing,0.2,2,37,20,45.23605443,65.23605443
Boston Housing,0.2,2,45,21.2,-69.12245858,-47.92245858
Boston Housing,0.2,2,75,24.1,113.9569987,138.0569987
Boston Housing,0.2,2,83,24.8,96.77395854,121.5739585
Boston Housing,0.2,2,84,22.9,-89.22012873,-66.32012873
Boston Housing,0.2,2,87,22.5,-30.51730089,-8.017300893
Boston Housing,0.2,2,88,22.2,76.91458927,99.11458927
Boston Housing,0.2,2,98,38.7,36.23903214,74.93903214
Boston Housing,0.2,2,100,33.2,1.703377531,34.90337753
Boston Housing,0.2,2,101,27.5,12.18669212,39.68669212
Boston Housing,0.2,2,106,19.5,-6.230910873,13.26908913
Boston Housing,0.2,2,109,19.8,-20.70064453,-0.9006445317
Boston Housing,0.2,2,110,19.4,91.34155167,110.7415517
Boston Housing,0.2,2,117,21.2,10.19434172,31.39434172
Boston Housing,0.2,2,119,20.4,-27.83775578,-7.437755781
Boston Housing,0.2,2,130,14.3,-53.52790031,-39.22790031
Boston Housing,0.2,2,173,23.1,24.52287445,47.62287445
Boston Housing,0.2,2,183,37.9,-47.59661143,-9.696611434
Boston Housing,0.2,2,189,29.8,85.15157937,114.9515794
Boston Housing,0.2,2,194,31.1,-11.93315133,19.16684867
Boston Housing,0.2,2,208,22.5,31.79526822,54.29526822
Boston Housing,0.2,2,210,20,102.0456902,122.0456902
Boston Housing,0.2,2,217,23.3,76.37495345,99.67495345
Boston Housing,0.2,2,224,30.1,39.51734954,69.61734954
Boston Housing,0.2,2,249,24.5,-83.68537191,-59.18537191
Boston Housing,0.2,2,250,26.2,-61.24824356,-35.04824356
Boston Housing,0.2,2,252,24.8,-52.959459,-28.159459
Boston Housing,0.2,2,271,21.1,-107.2884822,-86.18848221
Boston Housing,0.2,2,272,25.2,-78.81970293,-53.61970293
Boston Housing,0.2,2,273,24.4,107.3056126,131.7056126
Boston Housing,0.2,2,278,33.1,52.14068504,85.24068504
Boston Housing,0.2,2,279,29.1,43.82567226,72.92567226
Boston Housing,0.2,2,280,35.1,-17.64625535,17.45374465
Boston Housing,0.2,2,283,46,65.21907601,111.219076
Boston Housing,0.2,2,294,23.9,-110.7634187,-86.86341867
Boston Housing,0.2,2,314,21.6,49.34702813,70.94702813
Boston Housing,0.2,2,318,19.8,128.0183757,147.8183757
Boston Housing,0.2,2,326,24.6,-26.30489441,-1.704894405
Boston Housing,0.2,2,332,17.1,-38.06772039,-20.96772039
Boston Housing,0.2,2,336,21.1,101.7837611,122.8837611
Boston Housing,0.2,2,358,21.7,74.351331,96.051331
Boston Housing,0.2,2,362,19.9,-9.766599125,10.13340087
Boston Housing,0.2,2,390,11.5,-4.533894162,6.966105838
Boston Housing,0.2,2,391,15.1,10.43034561,25.53034561
Boston Housing,0.2,2,393,9.7,4.024849298,13.7248493
Boston Housing,0.2,2,422,14.2,36.77508603,50.97508603
Boston Housing,0.2,2,425,11.7,-22.1511924,-10.4511924
Boston Housing,0.2,2,429,11,-34.02448103,-23.02448103
Boston Housing,0.2,2,432,14.1,37.5901721,51.6901721
Boston Housing,0.2,2,434,14.3,-96.70500694,-82.40500694
Boston Housing,0.2,2,442,17.1,-64.25454432,-47.15454432
Boston Housing,0.2,2,461,16.4,-87.95347317,-71.55347317
Boston Housing,0.2,2,481,23,71.13610818,94.13610818
Boston Housing,0.2,2,482,23.7,51.22547958,74.92547958
Boston Housing,0.2,2,485,20.6,-106.5507325,-85.95073249
Boston Housing,0.2,2,486,21.2,-0.2431645334,20.95683547
Boston Housing,0.2,2,488,20.6,-24.01643132,-3.416431324
Boston Housing,0.2,2,494,21.8,131.4563343,153.2563343
Boston Housing,0.2,2,495,24.5,-28.53365388,-4.033653877
Boston Housing,0.2,2,500,17.5,-18.76804809,-1.26804809
Boston Housing,0.2,2,501,16.8,-10.52494306,6.275056936
Boston Housing,0.2,3,10,18.9,188.6271396,207.5271396
Boston Housing,0.2,3,13,21.7,68.01501336,89.71501336
Boston Housing,0.2,3,21,13.6,-56.59010046,-42.99010046
Boston Housing,0.2,3,31,12.7,40.91069669,53.61069669
Boston Housing,0.2,3,33,13.2,76.79130726,89.99130726
Boston Housing,0.2,3,35,13.5,-219.9121788,-206.4121788
Boston Housing,0.2,3,39,24.7,24.28352829,48.98352829
Boston Housing,0.2,3,48,16.6,-33.14074723,-16.54074723
Boston Housing,0.2,3,54,23.4,21.18699746,44.58699746
Boston Housing,0.2,3,69,17.4,43.17773376,60.57773376
Boston Housing,0.2,3,73,22.8,-44.20786003,-21.40786003
Boston Housing,0.2,3,85,23.9,-103.2149949,-79.31499491
Boston Housing,0.2,3,86,26.6,-130.5958785,-103.9958785
Boston Housing,0.2,3,91,22.6,20.59379019,43.19379019
Boston Housing,0.2,3,97,21.4,65.02701521,86.42701521
Boston Housing,0.2,3,99,43.8,97.71102211,141.5110221
Boston Housing,0.2,3,103,18.6,108.2329949,126.8329949
Boston Housing,0.2,3,108,20.4,-51.37518522,-30.97518522
Boston Housing,0.2,3,138,17.1,-40.94293438,-23.84293438
Boston Housing,0.2,3,140,17.8,-25.19418656,-7.394186561
Boston Housing,0.2,3,176,29.4,-149.6268096,-120.2268096
Boston Housing,0.2,3,177,23.2,-99.3820068,-76.1820068
Boston Housing,0.2,3,182,36.2,-45.53540754,-9.335407543
Boston Housing,0.2,3,188,32,-35.89833339,-3.898333392
Boston Housing,0.2,3,206,22.6,34.09656535,56.69656535
Boston Housing,0.2,3,218,28.7,-39.29806921,-10.59806921
Boston Housing,0.2,3,232,31.7,-86.01238807,-54.31238807
Boston Housing,0.2,3,237,25.1,36.12958638,61.22958638
Boston Housing,0.2,3,241,22,87.81813382,109.8181338
Boston Housing,0.2,3,279,29.1,52.30051507,81.40051507
Boston Housing,0.2,3,289,22.3,34.82396604,57.12396604
Boston Housing,0.2,3,290,24.8,-27.01262665,-2.21262665
Boston Housing,0.2,3,296,28.6,-2.327339792,26.27266021
Boston Housing,0.2,3,299,22.5,-117.9970183,-95.49701832
Boston Housing,0.2,3,309,22.8,22.69160122,45.49160122
Boston Housing,0.2,3,312,22.1,94.87370286,116.9737029
Boston Housing,0.2,3,315,23.8,-14.98999175,8.810008252
Boston Housing,0.2,3,317,17.8,-71.82352891,-54.02352891
Boston Housing,0.2,3,321,23.8,142.2388972,166.0388972
Boston Housing,0.2,3,322,23.1,-11.04308848,12.05691152
Boston Housing,0.2,3,323,20.4,-84.44242909,-64.04242909
Boston Housing,0.2,3,336,21.1,91.70460795,112.804608
Boston Housing,0.2,3,337,19.5,-63.95558582,-44.45558582
Boston Housing,0.2,3,338,18.5,-23.77405388,-5.274053884
Boston Housing,0.2,3,359,22.7,3.676128066,26.37612807
Boston Housing,0.2,3,360,22.6,53.36654178,75.96654178
Boston Housing,0.2,3,361,25,96.72401035,121.7240104
Boston Housing,0.2,3,374,13.8,-12.63634651,1.16365349
Boston Housing,0.2,3,377,13.9,79.64450869,93.54450869
Boston Housing,0.2,3,386,7.2,-40.3870782,-33.1870782
Boston Housing,0.2,3,391,15.1,-104.397391,-89.29739101
Boston Housing,0.2,3,392,23.2,-70.56253352,-47.36253352
Boston Housing,0.2,3,394,13.8,-22.59326936,-8.79326936
Boston Housing,0.2,3,424,13.4,-44.73795843,-31.33795843
Boston Housing,0.2,3,429,11,-50.9195657,-39.9195657
Boston Housing,0.2,3,434,14.3,13.74337923,28.04337923
Boston Housing,0.2,3,440,12.8,-53.53145339,-40.73145339
Boston Housing,0.2,3,443,18.4,-10.07215775,8.327842253
Boston Housing,0.2,3,444,15.4,6.260197313,21.66019731
Boston Housing,0.2,3,452,15.2,-36.3407285,-21.1407285
Boston Housing,0.2,3,454,17.8,60.79808463,78.59808463
Boston Housing,0.2,3,463,19.5,-3.311118424,16.18888158
Boston Housing,0.2,3,464,20.2,-17.79490673,2.405093274
Boston Housing,0.2,3,468,19.1,-65.95295266,-46.85295266
Boston Housing,0.2,3,469,19.1,37.65847241,56.75847241
Boston Housing,0.2,3,471,19.9,-109.4148048,-89.51480476
Boston Housing,0.2,3,473,23.2,32.6006398,55.8006398
Boston Housing,0.2,3,484,21.8,-54.75402811,-32.95402811
Boston Housing,0.2,3,486,21.2,-40.39826389,-19.19826389
Boston Housing,0.2,3,501,16.8,121.6006809,138.4006809
Boston Housing,0.2,3,506,11.9,-51.50528911,-39.60528911
Boston Housing,0.2,4,7,22.9,-12.44469915,10.45530085
Boston Housing,0.2,4,14,20.4,58.84893201,79.24893201
Boston Housing,0.2,4,20,18.2,-76.4281098,-58.2281098
Boston Housing,0.2,4,22,19.6,-56.4779443,-36.8779443
Boston Housing,0.2,4,29,18.4,5.938642715,24.33864271
Boston Housing,0.2,4,36,18.9,-66.12244651,-47.22244651
Boston Housing,0.2,4,43,25.3,70.67264171,95.97264171
Boston Housing,0.2,4,47,20,-64.49930081,-44.49930081
Boston Housing,0.2,4,52,20.5,-53.98118426,-33.48118426
Boston Housing,0.2,4,53,25,72.70639884,97.70639884
Boston Housing,0.2,4,60,19.6,80.02650989,99.62650989
Boston Housing,0.2,4,61,18.7,15.61621457,34.31621457
Boston Housing,0.2,4,64,25,-99.11889631,-74.11889631
Boston Housing,0.2,4,72,21.7,-103.3792743,-81.67927431
Boston Housing,0.2,4,75,24.1,-19.46599814,4.634001865
Boston Housing,0.2,4,85,23.9,75.22687513,99.12687513
Boston Housing,0.2,4,90,28.7,25.5726694,54.2726694
Boston Housing,0.2,4,92,22,70.68964566,92.68964566
Boston Housing,0.2,4,97,21.4,99.66749238,121.0674924
Boston Housing,0.2,4,99,43.8,60.62817048,104.4281705
Boston Housing,0.2,4,103,18.6,-11.0544779,7.545522099
Boston Housing,0.2,4,114,18.7,138.6658908,157.3658908
Boston Housing,0.2,4,119,20.4,-7.423866793,12.97613321
Boston Housing,0.2,4,130,14.3,54.38271502,68.68271502
Boston Housing,0.2,4,138,17.1,118.4222869,135.5222869
Boston Housing,0.2,4,184,32.5,63.19669303,95.69669303
Boston Housing,0.2,4,193,36.4,-67.7639624,-31.3639624
Boston Housing,0.2,4,195,29.1,98.07015372,127.1701537
Boston Housing,0.2,4,208,22.5,-128.6749885,-106.1749885
Boston Housing,0.2,4,210,20,-106.1329794,-86.13297936
Boston Housing,0.2,4,212,19.3,-213.4591625,-194.1591625
Boston Housing,0.2,4,218,28.7,-82.94517941,-54.24517941
Boston Housing,0.2,4,232,31.7,-17.20338301,14.49661699
Boston Housing,0.2,4,244,23.7,14.23480955,37.93480955
Boston Housing,0.2,4,247,24.3,-2.774330899,21.5256691
Boston Housing,0.2,4,251,24.4,-8.649517561,15.75048244
Boston Housing,0.2,4,279,29.1,-36.35339873,-7.253398729
Boston Housing,0.2,4,281,45.4,-0.8695313417,44.53046866
Boston Housing,0.2,4,302,22,-53.65350785,-31.65350785
Boston Housing,0.2,4,303,26.4,54.42008952,80.82008952
Boston Housing,0.2,4,313,19.4,72.51125216,91.91125216
Boston Housing,0.2,4,317,17.8,32.934865,50.734865
Boston Housing,0.2,4,323,20.4,-25.14986254,-4.749862535
Boston Housing,0.2,4,324,18.5,38.10539733,56.60539733
Boston Housing,0.2,4,325,25,-75.18565733,-50.18565733
Boston Housing,0.2,4,341,18.7,18.16719844,36.86719844
Boston Housing,0.2,4,342,32.7,30.36639156,63.06639156
Boston Housing,0.2,4,358,21.7,-43.88519706,-22.18519706
Boston Housing,0.2,4,360,22.6,-52.30633121,-29.70633121
Boston Housing,0.2,4,367,21.9,5.484739174,27.38473917
Boston Housing,0.2,4,374,13.8,2.44228586,16.24228586
Boston Housing,0.2,4,383,11.3,-105.5539155,-94.25391553
Boston Housing,0.2,4,384,12.3,-141.2627565,-128.9627565
Boston Housing,0.2,4,392,23.2,-25.66899616,-2.468996162
Boston Housing,0.2,4,398,8.5,-16.89939409,-8.399394086
Boston Housing,0.2,4,423,20.8,62.25954635,83.05954635
Boston Housing,0.2,4,424,13.4,-75.1276877,-61.7276877
Boston Housing,0.2,4,427,10.2,-62.8430906,-52.6430906
Boston Housing,0.2,4,429,11,160.8771877,171.8771877
Boston Housing,0.2,4,430,9.5,35.40989529,44.90989529
Boston Housing,0.2,4,436,13.4,-103.077964,-89.67796396
Boston Housing,0.2,4,440,12.8,49.78610301,62.58610301
Boston Housing,0.2,4,449,14.1,80.91493827,95.01493827
Boston Housing,0.2,4,459,14.9,-72.09301213,-57.19301213
Boston Housing,0.2,4,465,21.4,-20.0999141,1.300085899
Boston Housing,0.2,4,476,13.3,8.570584077,21.87058408
Boston Housing,0.2,4,478,12,-70.57930182,-58.57930182
Boston Housing,0.2,4,482,23.7,54.05855052,77.75855052
Boston Housing,0.2,4,483,25,28.58402833,53.58402833
Boston Housing,0.2,4,495,24.5,0.4716675415,24.97166754
Boston Housing,0.2,4,502,22.4,-106.054926,-83.65492596
Boston Housing,0.2,5,2,21.6,-162.88231,-141.28231
Boston Housing,0.2,5,7,22.9,37.8662651,60.7662651
Boston Housing,0.2,5,17,23.1,16.73122491,39.83122491
Boston Housing,0.2,5,23,15.2,37.31995951,52.51995951
Boston Housing,0.2,5,24,14.5,12.20243949,26.70243949
Boston Housing,0.2,5,29,18.4,61.47346781,79.87346781
Boston Housing,0.2,5,36,18.9,0.02985277039,18.92985277
Boston Housing,0.2,5,37,20,-137.4894821,-117.4894821
Boston Housing,0.2,5,42,26.6,45.91585794,72.51585794
Boston Housing,0.2,5,46,19.3,-42.47261119,-23.17261119
Boston Housing,0.2,5,53,25,82.91238567,107.9123857
Boston Housing,0.2,5,64,25,-50.67479908,-25.67479908
Boston Housing,0.2,5,69,17.4,32.09077146,49.49077146
Boston Housing,0.2,5,77,20,57.90978519,77.90978519
Boston Housing,0.2,5,84,22.9,34.80376918,57.70376918
Boston Housing,0.2,5,85,23.9,73.63422509,97.53422509
Boston Housing,0.2,5,97,21.4,53.13137414,74.53137414
Boston Housing,0.2,5,99,43.8,94.24506816,138.0450682
Boston Housing,0.2,5,105,20.1,-7.122243983,12.97775602
Boston Housing,0.2,5,115,18.5,-132.4824434,-113.9824434
Boston Housing,0.2,5,134,18.4,-2.238507083,16.16149292
Boston Housing,0.2,5,135,15.6,-50.09480878,-34.49480878
Boston Housing,0.2,5,137,17.4,10.03044522,27.43044522
Boston Housing,0.2,5,176,29.4,-2.629390311,26.77060969
Boston Housing,0.2,5,184,32.5,-22.07345771,10.42654229
Boston Housing,0.2,5,185,26.4,85.35081875,111.7508188
Boston Housing,0.2,5,189,29.8,52.54570461,82.34570461
Boston Housing,0.2,5,195,29.1,34.27627425,63.37627425
Boston Housing,0.2,5,214,28.1,49.04631295,77.14631295
Boston Housing,0.2,5,222,21.7,-11.55675008,10.14324992
Boston Housing,0.2,5,223,27.5,41.01437101,68.51437101
Boston Housing,0.2,5,231,24.3,35.35308726,59.65308726
Boston Housing,0.2,5,237,25.1,-153.3495378,-128.2495378
Boston Housing,0.2,5,252,24.8,-43.98630113,-19.18630113
Boston Housing,0.2,5,253,29.6,105.2243603,134.8243603
Boston Housing,0.2,5,274,35.2,-15.22906635,19.97093365
Boston Housing,0.2,5,279,29.1,44.18079994,73.28079994
Boston Housing,0.2,5,280,35.1,79.7646688,114.8646688
Boston Housing,0.2,5,300,29,29.63348812,58.63348812
Boston Housing,0.2,5,304,33.1,-121.7577532,-88.65775317
Boston Housing,0.2,5,309,22.8,-95.45096677,-72.65096677
Boston Housing,0.2,5,311,16.1,-32.16610254,-16.06610254
Boston Housing,0.2,5,317,17.8,60.39671227,78.19671227
Boston Housing,0.2,5,336,21.1,-108.3477832,-87.24778323
Boston Housing,0.2,5,338,18.5,-9.906178585,8.593821415
Boston Housing,0.2,5,339,20.6,-84.43557186,-63.83557186
Boston Housing,0.2,5,340,19,-17.56280343,1.43719657
Boston Housing,0.2,5,358,21.7,-120.6495081,-98.94950812
Boston Housing,0.2,5,360,22.6,-39.38798019,-16.78798019
Boston Housing,0.2,5,383,11.3,-15.92419387,-4.624193875
Boston Housing,0.2,5,386,7.2,86.37518243,93.57518243
Boston Housing,0.2,5,394,13.8,-23.14303845,-9.343038451
Boston Housing,0.2,5,397,12.5,-144.6978385,-132.1978385
Boston Housing,0.2,5,400,6.3,127.1421534,133.4421534
Boston Housing,0.2,5,409,17.2,-45.0713638,-27.8713638
Boston Housing,0.2,5,422,14.2,49.9836531,64.1836531
Boston Housing,0.2,5,426,8.3,-31.25194501,-22.95194501
Boston Housing,0.2,5,432,14.1,-13.16161228,0.9383877215
Boston Housing,0.2,5,434,14.3,99.97930578,114.2793058
Boston Housing,0.2,5,435,11.7,-30.6692347,-18.9692347
Boston Housing,0.2,5,447,14.9,19.47947308,34.37947308
Boston Housing,0.2,5,451,13.4,-44.52593784,-31.12593784
Boston Housing,0.2,5,461,16.4,-63.56115782,-47.16115782
Boston Housing,0.2,5,462,17.7,79.3613156,97.0613156
Boston Housing,0.2,5,471,19.9,-136.6682115,-116.7682115
Boston Housing,0.2,5,480,21.4,-11.68831845,9.711681547
Boston Housing,0.2,5,483,25,-139.7528782,-114.7528782
Boston Housing,0.2,5,496,23.1,120.6121782,143.7121782
Boston Housing,0.2,5,504,23.9,133.2707144,157.1707144
Boston Housing,0.2,5,505,22,89.29975342,111.2997534
Boston Housing,0.2,5,506,11.9,-115.1594147,-103.2594147
Boston Housing,0.2,6,12,18.9,62.24091219,81.14091219
Boston Housing,0.2,6,13,21.7,31.8532418,53.5532418
Boston Housing,0.2,6,14,20.4,-22.07219123,-1.672191227
Boston Housing,0.2,6,18,17.5,61.43392421,78.93392421
Boston Housing,0.2,6,25,15.6,67.31563741,82.91563741
Boston Housing,0.2,6,32,14.5,73.82121414,88.32121414
Boston Housing,0.2,6,33,13.2,29.49428067,42.69428067
Boston Housing,0.2,6,35,13.5,4.290205384,17.79020538
Boston Housing,0.2,6,39,24.7,-47.65179049,-22.95179049
Boston Housing,0.2,6,48,16.6,-23.8738103,-7.273810299
Boston Housing,0.2,6,61,18.7,22.2301766,40.9301766
Boston Housing,0.2,6,62,16,-8.9964025,7.0035975
Boston Housing,0.2,6,65,33,22.69978983,55.69978983
Boston Housing,0.2,6,69,17.4,20.59004967,37.99004967
Boston Housing,0.2,6,70,20.9,56.13420716,77.03420716
Boston Housing,0.2,6,71,24.2,-186.5667676,-162.3667676
Boston Housing,0.2,6,72,21.7,139.3604231,161.0604231
Boston Housing,0.2,6,73,22.8,69.6615599,92.4615599
Boston Housing,0.2,6,75,24.1,-34.86751881,-10.76751881
Boston Housing,0.2,6,76,21.4,-46.96344397,-25.56344397
Boston Housing,0.2,6,79,21.2,10.14258434,31.34258434
Boston Housing,0.2,6,82,23.9,20.0917504,43.9917504
Boston Housing,0.2,6,89,23.6,-46.17144179,-22.57144179
Boston Housing,0.2,6,90,28.7,-61.31796345,-32.61796345
Boston Housing,0.2,6,101,27.5,-32.7703579,-5.270357898
Boston Housing,0.2,6,108,20.4,-20.93379395,-0.5337939536
Boston Housing,0.2,6,109,19.8,26.19501955,45.99501955
Boston Housing,0.2,6,111,21.7,-49.27721834,-27.57721834
Boston Housing,0.2,6,118,19.2,56.04356611,75.24356611
Boston Housing,0.2,6,120,19.3,-4.013248045,15.28675195
Boston Housing,0.2,6,132,19.6,-52.97342487,-33.37342487
Boston Housing,0.2,6,175,22.6,12.04461421,34.64461421
Boston Housing,0.2,6,181,39.8,-27.31579269,12.48420731
Boston Housing,0.2,6,190,34.9,-4.039191278,30.86080872
Boston Housing,0.2,6,210,20,-136.6356345,-116.6356345
Boston Housing,0.2,6,213,22.4,-6.639151338,15.76084866
Boston Housing,0.2,6,218,28.7,90.83688268,119.5368827
Boston Housing,0.2,6,220,23,-8.386895241,14.61310476
Boston Housing,0.2,6,221,26.7,100.814748,127.514748
Boston Housing,0.2,6,238,31.5,157.5537228,189.0537228
Boston Housing,0.2,6,239,23.7,30.11990654,53.81990654
Boston Housing,0.2,6,243,22.2,79.13802744,101.3380274
Boston Housing,0.2,6,252,24.8,-13.32820359,11.47179641
Boston Housing,0.2,6,279,29.1,-2.918235763,26.18176424
Boston Housing,0.2,6,290,24.8,-112.556097,-87.75609701
Boston Housing,0.2,6,296,28.6,66.84721391,95.44721391
Boston Housing,0.2,6,309,22.8,77.44706922,100.2470692
Boston Housing,0.2,6,310,20.3,85.23335526,105.5333553
Boston Housing,0.2,6,313,19.4,9.743882968,29.14388297
Boston Housing,0.2,6,322,23.1,-88.43602164,-65.33602164
Boston Housing,0.2,6,323,20.4,34.85536951,55.25536951
Boston Housing,0.2,6,333,19.4,-19.00024354,0.3997564564
Boston Housing,0.2,6,335,20.7,58.18145833,78.88145833
Boston Housing,0.2,6,345,31.2,14.58509185,45.78509185
Boston Housing,0.2,6,357,17.8,43.32212695,61.12212695
Boston Housing,0.2,6,359,22.7,23.62304231,46.32304231
Boston Housing,0.2,6,361,25,-20.94938003,4.050619973
Boston Housing,0.2,6,391,15.1,80.17495481,95.27495481
Boston Housing,0.2,6,403,12.1,-1.147885857,10.95211414
Boston Housing,0.2,6,421,16.7,-38.63414811,-21.93414811
Boston Housing,0.2,6,426,8.3,25.96894275,34.26894275
Boston Housing,0.2,6,449,14.1,-82.59351106,-68.49351106
Boston Housing,0.2,6,454,17.8,-143.8036699,-126.0036699
Boston Housing,0.2,6,465,21.4,93.2869075,114.6869075
Boston Housing,0.2,6,471,19.9,-9.356656057,10.54334394
Boston Housing,0.2,6,476,13.3,-37.65662551,-24.35662551
Boston Housing,0.2,6,479,14.6,-10.03698723,4.563012765
Boston Housing,0.2,6,484,21.8,51.30911255,73.10911255
Boston Housing,0.2,6,494,21.8,-98.86921183,-77.06921183
Boston Housing,0.2,6,496,23.1,54.63127401,77.73127401
Boston Housing,0.2,6,498,18.3,12.93110591,31.23110591
Boston Housing,0.2,7,4,33.4,-78.85987187,-45.45987187
Boston Housing,0.2,7,13,21.7,23.9403104,45.6403104
Boston Housing,0.2,7,17,23.1,-29.03404123,-5.934041233
Boston Housing,0.2,7,18,17.5,-170.2228309,-152.7228309
Boston Housing,0.2,7,19,20.2,60.1932561,80.3932561
Boston Housing,0.2,7,20,18.2,-61.4224841,-43.2224841
Boston Housing,0.2,7,21,13.6,-52.93756233,-39.33756233
Boston Housing,0.2,7,28,14.8,29.87856586,44.67856586
Boston Housing,0.2,7,39,24.7,34.55855339,59.25855339
Boston Housing,0.2,7,50,19.4,96.39764715,115.7976472
Boston Housing,0.2,7,59,23.3,-5.846724237,17.45327576
Boston Housing,0.2,7,60,19.6,65.18713391,84.78713391
Boston Housing,0.2,7,61,18.7,-9.244997792,9.455002208
Boston Housing,0.2,7,62,16,11.76465758,27.76465758
Boston Housing,0.2,7,64,25,-100.9939931,-75.99399311
Boston Housing,0.2,7,72,21.7,89.45720952,111.1572095
Boston Housing,0.2,7,73,22.8,68.11048726,90.91048726
Boston Housing,0.2,7,76,21.4,98.08845078,119.4884508
Boston Housing,0.2,7,77,20,-100.4024046,-80.40240459
Boston Housing,0.2,7,85,23.9,-70.2279574,-46.3279574
Boston Housing,0.2,7,88,22.2,-126.825996,-104.625996
Boston Housing,0.2,7,89,23.6,74.25965866,97.85965866
Boston Housing,0.2,7,100,33.2,77.39959415,110.5995941
Boston Housing,0.2,7,101,27.5,-74.09767171,-46.59767171
Boston Housing,0.2,7,102,26.5,-49.95173703,-23.45173703
Boston Housing,0.2,7,104,19.3,7.60669663,26.90669663
Boston Housing,0.2,7,106,19.5,-45.56468595,-26.06468595
Boston Housing,0.2,7,108,20.4,-59.90337936,-39.50337936
Boston Housing,0.2,7,118,19.2,64.98968978,84.18968978
Boston Housing,0.2,7,129,18,-111.5461655,-93.54616548
Boston Housing,0.2,7,130,14.3,-27.76593041,-13.46593041
Boston Housing,0.2,7,133,23,94.13149659,117.1314966
Boston Housing,0.2,7,138,17.1,-189.8516584,-172.7516584
Boston Housing,0.2,7,178,24.6,-13.73491776,10.86508224
Boston Housing,0.2,7,182,36.2,-0.1526608659,36.04733913
Boston Housing,0.2,7,186,29.6,-13.58794448,16.01205552
Boston Housing,0.2,7,188,32,-3.331697178,28.66830282
Boston Housing,0.2,7,190,34.9,-26.81499428,8.085005723
Boston Housing,0.2,7,192,30.5,-27.89342737,2.606572629
Boston Housing,0.2,7,224,30.1,-197.186903,-167.086903
Boston Housing,0.2,7,230,31.5,-3.868521344,27.63147866
Boston Housing,0.2,7,231,24.3,24.14768079,48.44768079
Boston Housing,0.2,7,232,31.7,-62.74647195,-31.04647195
Boston Housing,0.2,7,235,29,-37.75985348,-8.759853477
Boston Housing,0.2,7,244,23.7,69.34513684,93.04513684
Boston Housing,0.2,7,246,18.5,12.25954921,30.75954921
Boston Housing,0.2,7,250,26.2,-12.48497388,13.71502612
Boston Housing,0.2,7,278,33.1,92.84583717,125.9458372
Boston Housing,0.2,7,279,29.1,-72.33923579,-43.23923579
Boston Housing,0.2,7,289,22.3,-20.82128981,1.478710188
Boston Housing,0.2,7,295,21.7,110.3049381,132.0049381
Boston Housing,0.2,7,310,20.3,6.743194176,27.04319418
Boston Housing,0.2,7,311,16.1,-9.538026432,6.561973568
Boston Housing,0.2,7,320,21,-51.51350761,-30.51350761
Boston Housing,0.2,7,345,31.2,4.665627681,35.86562768
Boston Housing,0.2,7,374,13.8,78.17773998,91.97773998
Boston Housing,0.2,7,380,10.2,6.604098277,16.80409828
Boston Housing,0.2,7,392,23.2,62.42138618,85.62138618
Boston Housing,0.2,7,395,12.7,-15.69988697,-2.999886967
Boston Housing,0.2,7,397,12.5,-33.68119448,-21.18119448
Boston Housing,0.2,7,400,6.3,-50.47007915,-44.17007915
Boston Housing,0.2,7,402,7.2,40.49664518,47.69664518
Boston Housing,0.2,7,403,12.1,6.370269774,18.47026977
Boston Housing,0.2,7,424,13.4,-15.5527,-2.152700001
Boston Housing,0.2,7,429,11,18.66598288,29.66598288
Boston Housing,0.2,7,440,12.8,14.75628551,27.55628551
Boston Housing,0.2,7,463,19.5,-24.74182034,-5.241820343
Boston Housing,0.2,7,478,12,-60.0071703,-48.0071703
Boston Housing,0.2,7,479,14.6,58.93953914,73.53953914
Boston Housing,0.2,7,483,25,40.85713322,65.85713322
Boston Housing,0.2,7,506,11.9,2.821336454,14.72133645
Boston Housing,0.2,8,5,36.2,-56.06553844,-19.86553844
Boston Housing,0.2,8,10,18.9,-4.85438896,14.04561104
Boston Housing,0.2,8,12,18.9,-95.56369349,-76.66369349
Boston Housing,0.2,8,13,21.7,58.52345108,80.22345108
Boston Housing,0.2,8,17,23.1,-32.49152068,-9.391520679
Boston Housing,0.2,8,20,18.2,69.86922416,88.06922416
Boston Housing,0.2,8,21,13.6,-154.6121409,-141.0121409
Boston Housing,0.2,8,30,21,72.67841224,93.67841224
Boston Housing,0.2,8,43,25.3,83.73657518,109.0365752
Boston Housing,0.2,8,44,24.7,-6.963873385,17.73612661
Boston Housing,0.2,8,46,19.3,31.8341389,51.1341389
Boston Housing,0.2,8,52,20.5,-64.63267641,-44.13267641
Boston Housing,0.2,8,61,18.7,-104.3887186,-85.68871857
Boston Housing,0.2,8,68,22,-52.11470744,-30.11470744
Boston Housing,0.2,8,71,24.2,77.57006745,101.7700674
Boston Housing,0.2,8,72,21.7,-83.48307918,-61.78307918
Boston Housing,0.2,8,87,22.5,82.27182462,104.7718246
Boston Housing,0.2,8,88,22.2,76.6393812,98.8393812
Boston Housing,0.2,8,97,21.4,-46.20184125,-24.80184125
Boston Housing,0.2,8,100,33.2,66.36587521,99.56587521
Boston Housing,0.2,8,101,27.5,-50.13243344,-22.63243344
Boston Housing,0.2,8,107,19.5,91.09937433,110.5993743
Boston Housing,0.2,8,109,19.8,-11.6889326,8.111067399
Boston Housing,0.2,8,115,18.5,-56.92420537,-38.42420537
Boston Housing,0.2,8,116,18.3,-8.87099075,9.42900925
Boston Housing,0.2,8,133,23,12.0217535,35.0217535
Boston Housing,0.2,8,136,18.1,18.35484293,36.45484293
Boston Housing,0.2,8,137,17.4,109.6664654,127.0664654
Boston Housing,0.2,8,177,23.2,-36.67792358,-13.47792358
Boston Housing,0.2,8,178,24.6,1.683745357,26.28374536
Boston Housing,0.2,8,179,29.9,-58.06386435,-28.16386435
Boston Housing,0.2,8,180,37.2,-34.22831454,2.971685463
Boston Housing,0.2,8,183,37.9,52.67598499,90.57598499
Boston Housing,0.2,8,207,24.4,-22.05002811,2.349971888
Boston Housing,0.2,8,218,28.7,7.829664308,36.52966431
Boston Housing,0.2,8,224,30.1,44.56241693,74.66241693
Boston Housing,0.2,8,233,41.7,-21.23189739,20.46810261
Boston Housing,0.2,8,236,24,-88.61652047,-64.61652047
Boston Housing,0.2,8,241,22,76.4509685,98.4509685
Boston Housing,0.2,8,248,20.5,-28.04424842,-7.544248416
Boston Housing,0.2,8,251,24.4,29.3323381,53.7323381
Boston Housing,0.2,8,252,24.8,-39.6010355,-14.8010355
Boston Housing,0.2,8,253,29.6,10.29273733,39.89273733
Boston Housing,0.2,8,272,25.2,-100.0888149,-74.88881486
Boston Housing,0.2,8,275,32.4,69.73929202,102.139292
Boston Housing,0.2,8,288,23.2,86.52674676,109.7267468
Boston Housing,0.2,8,289,22.3,-39.39545572,-17.09545572
Boston Housing,0.2,8,314,21.6,-19.94758461,1.652415386
Boston Housing,0.2,8,319,23.1,4.758099576,27.85809958
Boston Housing,0.2,8,335,20.7,47.28595601,67.98595601
Boston Housing,0.2,8,339,20.6,82.69668142,103.2966814
Boston Housing,0.2,8,364,16.8,-43.32072961,-26.52072961
Boston Housing,0.2,8,398,8.5,-17.35686795,-8.856867946
Boston Housing,0.2,8,403,12.1,37.65527817,49.75527817
Boston Housing,0.2,8,417,7.5,-7.720222303,-0.220222303
Boston Housing,0.2,8,424,13.4,2.527816372,15.92781637
Boston Housing,0.2,8,434,14.3,22.08662531,36.38662531
Boston Housing,0.2,8,437,9.6,73.21684505,82.81684505
Boston Housing,0.2,8,447,14.9,106.2646678,121.1646678
Boston Housing,0.2,8,451,13.4,58.13753021,71.53753021
Boston Housing,0.2,8,458,13.5,-78.1055334,-64.6055334
Boston Housing,0.2,8,462,17.7,-77.96125653,-60.26125653
Boston Housing,0.2,8,467,19,-0.2860570861,18.71394291
Boston Housing,0.2,8,468,19.1,17.56654507,36.66654507
Boston Housing,0.2,8,474,29.8,82.85379891,112.6537989
Boston Housing,0.2,8,475,13.8,157.4517802,171.2517802
Boston Housing,0.2,8,480,21.4,-52.16095179,-30.76095179
Boston Housing,0.2,8,481,23,-11.20534701,11.79465299
Boston Housing,0.2,8,497,19.7,-36.75681912,-17.05681912
Boston Housing,0.2,8,499,21.2,195.0545342,216.2545342
Boston Housing,0.2,8,501,16.8,66.51173827,83.31173827
Boston Housing,0.2,9,7,22.9,-88.75039833,-65.85039833
Boston Housing,0.2,9,10,18.9,73.93513815,92.83513815
Boston Housing,0.2,9,13,21.7,-19.79196271,1.908037293
Boston Housing,0.2,9,16,19.9,-3.040734145,16.85926586
Boston Housing,0.2,9,25,15.6,29.79046216,45.39046216
Boston Housing,0.2,9,34,13.1,13.86124213,26.96124213
Boston Housing,0.2,9,43,25.3,-6.505200632,18.79479937
Boston Housing,0.2,9,47,20,73.51852984,93.51852984
Boston Housing,0.2,9,48,16.6,39.46442585,56.06442585
Boston Housing,0.2,9,52,20.5,31.91115287,52.41115287
Boston Housing,0.2,9,59,23.3,-40.98638537,-17.68638537
Boston Housing,0.2,9,61,18.7,-26.29758709,-7.597587094
Boston Housing,0.2,9,64,25,-54.4290485,-29.4290485
Boston Housing,0.2,9,74,23.4,-9.631776213,13.76822379
Boston Housing,0.2,9,75,24.1,3.203697592,27.30369759
Boston Housing,0.2,9,83,24.8,59.234062,84.034062
Boston Housing,0.2,9,98,38.7,-35.33829741,3.361702589
Boston Housing,0.2,9,103,18.6,-62.5273649,-43.9273649
Boston Housing,0.2,9,108,20.4,7.796734635,28.19673463
Boston Housing,0.2,9,114,18.7,-10.66986671,8.030133288
Boston Housing,0.2,9,128,16.2,-24.44886716,-8.248867162
Boston Housing,0.2,9,130,14.3,90.64330478,104.9433048
Boston Housing,0.2,9,131,19.2,11.72104086,30.92104086
Boston Housing,0.2,9,133,23,56.53563528,79.53563528
Boston Housing,0.2,9,135,15.6,-30.77871501,-15.17871501
Boston Housing,0.2,9,138,17.1,48.01645826,65.11645826
Boston Housing,0.2,9,176,29.4,9.723541284,39.12354128
Boston Housing,0.2,9,177,23.2,-96.59261679,-73.39261679
Boston Housing,0.2,9,206,22.6,-24.63336504,-2.033365037
Boston Housing,0.2,9,207,24.4,113.5814701,137.9814701
Boston Housing,0.2,9,209,24.4,-76.16356482,-51.76356482
Boston Housing,0.2,9,216,25,-102.2708248,-77.27082479
Boston Housing,0.2,9,220,23,-7.92614278,15.07385722
Boston Housing,0.2,9,225,44.8,-149.0933824,-104.2933824
Boston Housing,0.2,9,231,24.3,-72.91598961,-48.61598961
Boston Housing,0.2,9,236,24,38.04583909,62.04583909
Boston Housing,0.2,9,249,24.5,-23.0028821,1.497117898
Boston Housing,0.2,9,250,26.2,-33.56927125,-7.369271247
Boston Housing,0.2,9,273,24.4,-32.80161616,-8.401616159
Boston Housing,0.2,9,275,32.4,-6.929906057,25.47009394
Boston Housing,0.2,9,289,22.3,70.90718877,93.20718877
Boston Housing,0.2,9,317,17.8,-129.8386029,-112.0386029
Boston Housing,0.2,9,320,21,-85.15556516,-64.15556516
Boston Housing,0.2,9,322,23.1,-17.87364674,5.226353255
Boston Housing,0.2,9,324,18.5,41.67129723,60.17129723
Boston Housing,0.2,9,345,31.2,69.2027888,100.4027888
Boston Housing,0.2,9,357,17.8,85.26056738,103.0605674
Boston Housing,0.2,9,364,16.8,-19.44308087,-2.643080867
Boston Housing,0.2,9,382,10.9,-27.7752506,-16.8752506
Boston Housing,0.2,9,393,9.7,-19.33417243,-9.634172428
Boston Housing,0.2,9,394,13.8,-32.2699552,-18.4699552
Boston Housing,0.2,9,396,13.1,39.27411169,52.37411169
Boston Housing,0.2,9,403,12.1,56.8239371,68.9239371
Boston Housing,0.2,9,412,17.2,139.0882532,156.2882532
Boston Housing,0.2,9,424,13.4,-67.4871785,-54.0871785
Boston Housing,0.2,9,426,8.3,0.2971173555,8.597117355
Boston Housing,0.2,9,433,16.1,27.22380029,43.32380029
Boston Housing,0.2,9,438,8.7,5.771049355,14.47104936
Boston Housing,0.2,9,440,12.8,116.5176512,129.3176512
Boston Housing,0.2,9,457,12.7,-64.29315972,-51.59315972
Boston Housing,0.2,9,460,20,-37.12693228,-17.12693228
Boston Housing,0.2,9,462,17.7,-29.27788052,-11.57788052
Boston Housing,0.2,9,463,19.5,-36.32515095,-16.82515095
Boston Housing,0.2,9,472,19.6,-52.94221865,-33.34221865
Boston Housing,0.2,9,479,14.6,-8.282111722,6.317888278
Boston Housing,0.2,9,482,23.7,33.47760658,57.17760658
Boston Housing,0.2,9,484,21.8,-6.488107149,15.31189285
Boston Housing,0.2,9,485,20.6,-9.011022283,11.58897772
Boston Housing,0.2,9,488,20.6,-172.8977852,-152.2977852
Boston Housing,0.2,9,495,24.5,-121.4026738,-96.90267385
Boston Housing,0.2,9,500,17.5,103.2543751,120.7543751
Boston Housing,0.2,10,1,24,6.710136765,30.71013677
Boston Housing,0.2,10,24,14.5,-73.78699753,-59.28699753
Boston Housing,0.2,10,36,18.9,-98.9562632,-80.0562632
Boston Housing,0.2,10,42,26.6,-6.671759177,19.92824082
Boston Housing,0.2,10,51,19.7,-75.37617439,-55.67617439
Boston Housing,0.2,10,53,25,98.59178278,123.5917828
Boston Housing,0.2,10,63,22.2,-9.131588253,13.06841175
Boston Housing,0.2,10,64,25,6.692728359,31.69272836
Boston Housing,0.2,10,68,22,159.5544159,181.5544159
Boston Housing,0.2,10,75,24.1,-42.082672,-17.982672
Boston Housing,0.2,10,76,21.4,85.86591011,107.2659101
Boston Housing,0.2,10,77,20,45.5151167,65.5151167
Boston Housing,0.2,10,79,21.2,5.886200077,27.08620008
Boston Housing,0.2,10,80,20.3,14.67375184,34.97375184
Boston Housing,0.2,10,84,22.9,77.71002961,100.6100296
Boston Housing,0.2,10,88,22.2,31.41596869,53.61596869
Boston Housing,0.2,10,89,23.6,117.6383976,141.2383976
Boston Housing,0.2,10,100,33.2,-96.16462398,-62.96462398
Boston Housing,0.2,10,117,21.2,-0.8634857525,20.33651425
Boston Housing,0.2,10,118,19.2,-2.441303665,16.75869633
Boston Housing,0.2,10,134,18.4,-79.47474383,-61.07474383
Boston Housing,0.2,10,139,13.3,23.7613462,37.0613462
Boston Housing,0.2,10,173,23.1,-39.42896562,-16.32896562
Boston Housing,0.2,10,183,37.9,-0.9042342125,36.99576579
Boston Housing,0.2,10,189,29.8,133.1429294,162.9429294
Boston Housing,0.2,10,191,37,28.60438078,65.60438078
Boston Housing,0.2,10,216,25,-27.50890715,-2.508907147
Boston Housing,0.2,10,219,21.5,-43.51709744,-22.01709744
Boston Housing,0.2,10,227,37.6,-4.490279735,33.10972027
Boston Housing,0.2,10,231,24.3,14.41963714,38.71963714
Boston Housing,0.2,10,238,31.5,16.72481652,48.22481652
Boston Housing,0.2,10,244,23.7,99.69144172,123.3914417
Boston Housing,0.2,10,249,24.5,-11.88312099,12.61687901
Boston Housing,0.2,10,271,21.1,60.60743665,81.70743665
Boston Housing,0.2,10,274,35.2,-2.35192949,32.84807051
Boston Housing,0.2,10,275,32.4,-75.89528661,-43.49528661
Boston Housing,0.2,10,282,35.4,108.3410897,143.7410897
Boston Housing,0.2,10,289,22.3,-100.4961211,-78.19612109
Boston Housing,0.2,10,290,24.8,55.22460902,80.02460902
Boston Housing,0.2,10,295,21.7,25.28773968,46.98773968
Boston Housing,0.2,10,302,22,-35.65735542,-13.65735542
Boston Housing,0.2,10,304,33.1,-102.5470809,-69.44708092
Boston Housing,0.2,10,310,20.3,-69.97590359,-49.67590359
Boston Housing,0.2,10,317,17.8,63.62372293,81.42372293
Boston Housing,0.2,10,318,19.8,7.463414306,27.26341431
Boston Housing,0.2,10,319,23.1,53.65421278,76.75421278
Boston Housing,0.2,10,323,20.4,21.18063106,41.58063106
Boston Housing,0.2,10,326,24.6,21.280829,45.880829
Boston Housing,0.2,10,338,18.5,50.9560776,69.4560776
Boston Housing,0.2,10,380,10.2,-93.44223309,-83.24223309
Boston Housing,0.2,10,389,10.2,48.88917987,59.08917987
Boston Housing,0.2,10,390,11.5,-20.34647103,-8.846471029
Boston Housing,0.2,10,391,15.1,-90.38329778,-75.28329778
Boston Housing,0.2,10,392,23.2,84.6008159,107.8008159
Boston Housing,0.2,10,396,13.1,-101.6833432,-88.58334319
Boston Housing,0.2,10,397,12.5,1.373163518,13.87316352
Boston Housing,0.2,10,398,8.5,-164.3210945,-155.8210945
Boston Housing,0.2,10,400,6.3,-120.9154509,-114.6154509
Boston Housing,0.2,10,410,27.5,-120.6742055,-93.17420554
Boston Housing,0.2,10,433,16.1,-31.20998799,-15.10998799
Boston Housing,0.2,10,434,14.3,43.75640034,58.05640034
Boston Housing,0.2,10,449,14.1,56.64288334,70.74288334
Boston Housing,0.2,10,451,13.4,-37.34543493,-23.94543493
Boston Housing,0.2,10,456,14.1,-18.25381825,-4.153818247
Boston Housing,0.2,10,463,19.5,56.97841801,76.47841801
Boston Housing,0.2,10,468,19.1,-32.89853263,-13.79853263
Boston Housing,0.2,10,473,23.2,40.38474295,63.58474295
Boston Housing,0.2,10,482,23.7,120.1378397,143.8378397
Boston Housing,0.2,10,495,24.5,43.15401179,67.65401179
Boston Housing,0.2,10,499,21.2,-32.86065565,-11.66065565
Boston Housing,0.2,10,506,11.9,-44.62710497,-32.72710497
Boston Housing,0.2,11,1,24,-39.83284949,-15.83284949
Boston Housing,0.2,11,3,34.7,1.025498421,35.72549842
Boston Housing,0.2,11,6,28.7,-10.85600735,17.84399265
Boston Housing,0.2,11,7,22.9,109.8703741,132.7703741
Boston Housing,0.2,11,8,27.1,21.09938693,48.19938693
Boston Housing,0.2,11,20,18.2,-33.32589691,-15.12589691
Boston Housing,0.2,11,22,19.6,-2.491103223,17.10889678
Boston Housing,0.2,11,28,14.8,-64.544864,-49.744864
Boston Housing,0.2,11,37,20,28.43779597,48.43779597
Boston Housing,0.2,11,39,24.7,1.983242114,26.68324211
Boston Housing,0.2,11,51,19.7,54.28048622,73.98048622
Boston Housing,0.2,11,52,20.5,-131.1415952,-110.6415952
Boston Housing,0.2,11,54,23.4,-55.21139111,-31.81139111
Boston Housing,0.2,11,59,23.3,-59.77969535,-36.47969535
Boston Housing,0.2,11,60,19.6,-48.69077676,-29.09077676
Boston Housing,0.2,11,63,22.2,-36.83029114,-14.63029114
Boston Housing,0.2,11,65,33,-78.83548118,-45.83548118
Boston Housing,0.2,11,79,21.2,3.310506591,24.51050659
Boston Housing,0.2,11,81,28,14.6776455,42.6776455
Boston Housing,0.2,11,92,22,-43.80540353,-21.80540353
Boston Housing,0.2,11,96,28.4,-41.76043167,-13.36043167
Boston Housing,0.2,11,105,20.1,4.032926336,24.13292634
Boston Housing,0.2,11,113,18.8,-4.600187717,14.19981228
Boston Housing,0.2,11,116,18.3,-56.51751101,-38.21751101
Boston Housing,0.2,11,118,19.2,103.6875449,122.8875449
Boston Housing,0.2,11,175,22.6,-50.01343024,-27.41343024
Boston Housing,0.2,11,181,39.8,-5.825694444,33.97430556
Boston Housing,0.2,11,184,32.5,38.9335972,71.4335972
Boston Housing,0.2,11,190,34.9,35.34169554,70.24169554
Boston Housing,0.2,11,194,31.1,74.88047799,105.980478
Boston Housing,0.2,11,195,29.1,-40.73483607,-11.63483607
Boston Housing,0.2,11,210,20,69.26356865,89.26356865
Boston Housing,0.2,11,219,21.5,49.12437227,70.62437227
Boston Housing,0.2,11,220,23,30.51589264,53.51589264
Boston Housing,0.2,11,236,24,87.71251376,111.7125138
Boston Housing,0.2,11,237,25.1,41.64231603,66.74231603
Boston Housing,0.2,11,245,17.6,41.89481682,59.49481682
Boston Housing,0.2,11,270,20.7,-145.4631519,-124.7631519
Boston Housing,0.2,11,276,32,-55.75549463,-23.75549463
Boston Housing,0.2,11,279,29.1,89.75840353,118.8584035
Boston Housing,0.2,11,280,35.1,35.83477247,70.93477247
Boston Housing,0.2,11,310,20.3,-149.8514723,-129.5514723
Boston Housing,0.2,11,311,16.1,124.6579209,140.7579209
Boston Housing,0.2,11,312,22.1,63.44239976,85.54239976
Boston Housing,0.2,11,316,16.2,21.89687276,38.09687276
Boston Housing,0.2,11,323,20.4,-2.269477959,18.13052204
Boston Housing,0.2,11,327,23,77.29603811,100.2960381
Boston Housing,0.2,11,333,19.4,26.62923647,46.02923647
Boston Housing,0.2,11,361,25,108.2596055,133.2596055
Boston Housing,0.2,11,364,16.8,-69.30122732,-52.50122732
Boston Housing,0.2,11,383,11.3,0.2786412328,11.57864123
Boston Housing,0.2,11,386,7.2,-97.90678279,-90.70678279
Boston Housing,0.2,11,394,13.8,46.71288318,60.51288318
Boston Housing,0.2,11,395,12.7,-68.8036124,-56.1036124
Boston Housing,0.2,11,397,12.5,43.27432989,55.77432989
Boston Housing,0.2,11,425,11.7,123.2053352,134.9053352
Boston Housing,0.2,11,446,11.8,-28.54258434,-16.74258434
Boston Housing,0.2,11,449,14.1,-75.22528321,-61.12528321
Boston Housing,0.2,11,451,13.4,-34.35951651,-20.95951651
Boston Housing,0.2,11,458,13.5,-69.05456885,-55.55456885
Boston Housing,0.2,11,461,16.4,41.21042255,57.61042255
Boston Housing,0.2,11,462,17.7,177.5761805,195.2761805
Boston Housing,0.2,11,464,20.2,48.26467912,68.46467912
Boston Housing,0.2,11,466,19.9,-1.964221007,17.93577899
Boston Housing,0.2,11,467,19,66.0590376,85.0590376
Boston Housing,0.2,11,475,13.8,-18.46583136,-4.665831355
Boston Housing,0.2,11,480,21.4,122.0750414,143.4750414
Boston Housing,0.2,11,481,23,-6.301928728,16.69807127
Boston Housing,0.2,11,483,25,95.54332377,120.5433238
Boston Housing,0.2,11,495,24.5,118.7210307,143.2210307
Boston Housing,0.2,11,500,17.5,6.095385976,23.59538598
Boston Housing,0.2,12,5,36.2,126.8364805,163.0364805
Boston Housing,0.2,12,7,22.9,28.84865059,51.74865059
Boston Housing,0.2,12,13,21.7,-115.550138,-93.85013804
Boston Housing,0.2,12,15,18.2,-80.47892995,-62.27892995
Boston Housing,0.2,12,18,17.5,-49.91538204,-32.41538204
Boston Housing,0.2,12,20,18.2,-37.61573045,-19.41573045
Boston Housing,0.2,12,30,21,-154.9241777,-133.9241777
Boston Housing,0.2,12,39,24.7,-8.327029796,16.3729702
Boston Housing,0.2,12,43,25.3,-30.01724378,-4.717243783
Boston Housing,0.2,12,47,20,-152.9486311,-132.9486311
Boston Housing,0.2,12,64,25,41.70206624,66.70206624
Boston Housing,0.2,12,65,33,-92.74373061,-59.74373061
Boston Housing,0.2,12,72,21.7,133.9863098,155.6863098
Boston Housing,0.2,12,75,24.1,16.77223988,40.87223988
Boston Housing,0.2,12,80,20.3,1.912102132,22.21210213
Boston Housing,0.2,12,86,26.6,51.68341154,78.28341154
Boston Housing,0.2,12,87,22.5,-21.74030257,0.7596974307
Boston Housing,0.2,12,89,23.6,12.62252446,36.22252446
Boston Housing,0.2,12,90,28.7,55.27684187,83.97684187
Boston Housing,0.2,12,91,22.6,50.00448644,72.60448644
Boston Housing,0.2,12,107,19.5,-85.37722881,-65.87722881
Boston Housing,0.2,12,108,20.4,66.24632916,86.64632916
Boston Housing,0.2,12,115,18.5,53.3141142,71.8141142
Boston Housing,0.2,12,134,18.4,14.78470854,33.18470854
Boston Housing,0.2,12,173,23.1,-3.089223071,20.01077693
Boston Housing,0.2,12,178,24.6,-2.990526471,21.60947353
Boston Housing,0.2,12,183,37.9,-132.9178706,-95.01787055
Boston Housing,0.2,12,207,24.4,70.5164172,94.9164172
Boston Housing,0.2,12,208,22.5,18.86725554,41.36725554
Boston Housing,0.2,12,209,24.4,-51.9220522,-27.5220522
Boston Housing,0.2,12,211,21.7,-36.62113403,-14.92113403
Boston Housing,0.2,12,216,25,-22.08750801,2.912491985
Boston Housing,0.2,12,218,28.7,123.3846145,152.0846145
Boston Housing,0.2,12,219,21.5,-32.40741911,-10.90741911
Boston Housing,0.2,12,239,23.7,156.2985052,179.9985052
Boston Housing,0.2,12,240,23.3,40.73353112,64.03353112
Boston Housing,0.2,12,241,22,36.59464963,58.59464963
Boston Housing,0.2,12,245,17.6,-62.91549323,-45.31549323
Boston Housing,0.2,12,279,29.1,59.09807959,88.19807959
Boston Housing,0.2,12,289,22.3,-45.56950615,-23.26950615
Boston Housing,0.2,12,290,24.8,17.62393662,42.42393662
Boston Housing,0.2,12,295,21.7,-55.69948445,-33.99948445
Boston Housing,0.2,12,299,22.5,-66.5899027,-44.0899027
Boston Housing,0.2,12,319,23.1,-31.87134086,-8.77134086
Boston Housing,0.2,12,322,23.1,58.81102082,81.91102082
Boston Housing,0.2,12,328,22.2,10.21161215,32.41161215
Boston Housing,0.2,12,332,17.1,-50.75128548,-33.65128548
Boston Housing,0.2,12,334,22.2,10.48391801,32.68391801
Boston Housing,0.2,12,335,20.7,10.42498549,31.12498549
Boston Housing,0.2,12,342,32.7,-20.46261932,12.23738068
Boston Housing,0.2,12,344,23.9,13.47755072,37.37755072
Boston Housing,0.2,12,360,22.6,25.90846352,48.50846352
Boston Housing,0.2,12,382,10.9,33.25554106,44.15554106
Boston Housing,0.2,12,384,12.3,-49.42798359,-37.12798359
Boston Housing,0.2,12,395,12.7,39.29293571,51.99293571
Boston Housing,0.2,12,402,7.2,-24.43737573,-17.23737573
Boston Housing,0.2,12,436,13.4,-88.53154025,-75.13154025
Boston Housing,0.2,12,438,8.7,79.09793741,87.79793741
Boston Housing,0.2,12,440,12.8,3.143726476,15.94372648
Boston Housing,0.2,12,444,15.4,-42.24454983,-26.84454983
Boston Housing,0.2,12,455,14.9,-15.45517534,-0.5551753384
Boston Housing,0.2,12,456,14.1,75.90308369,90.00308369
Boston Housing,0.2,12,466,19.9,23.64991679,43.54991679
Boston Housing,0.2,12,468,19.1,6.992577582,26.09257758
Boston Housing,0.2,12,474,29.8,-93.16613389,-63.36613389
Boston Housing,0.2,12,487,19.1,-52.0979917,-32.9979917
Boston Housing,0.2,12,488,20.6,61.21233847,81.81233847
Boston Housing,0.2,12,494,21.8,35.85997454,57.65997454
Boston Housing,0.2,12,496,23.1,-140.3595679,-117.2595679
Boston Housing,0.2,12,498,18.3,-21.22100338,-2.921003376
Boston Housing,0.2,12,505,22,-106.6187405,-84.61874045
Boston Housing,0.2,13,2,21.6,-124.6224902,-103.0224902
Boston Housing,0.2,13,6,28.7,-44.58833693,-15.88833693
Boston Housing,0.2,13,12,18.9,-177.9987171,-159.0987171
Boston Housing,0.2,13,35,13.5,-83.45516018,-69.95516018
Boston Housing,0.2,13,45,21.2,-5.616483871,15.58351613
Boston Housing,0.2,13,46,19.3,-3.960344229,15.33965577
Boston Housing,0.2,13,62,16,-48.28967347,-32.28967347
Boston Housing,0.2,13,71,24.2,88.24062746,112.4406275
Boston Housing,0.2,13,74,23.4,69.010467,92.410467
Boston Housing,0.2,13,75,24.1,5.769874233,29.86987423
Boston Housing,0.2,13,80,20.3,-17.97547681,2.324523194
Boston Housing,0.2,13,81,28,-43.07405321,-15.07405321
Boston Housing,0.2,13,86,26.6,-26.20380136,0.3961986388
Boston Housing,0.2,13,100,33.2,20.77770609,53.97770609
Boston Housing,0.2,13,105,20.1,38.47662257,58.57662257
Boston Housing,0.2,13,110,19.4,-110.3560798,-90.95607978
Boston Housing,0.2,13,113,18.8,-105.3753231,-86.57532307
Boston Housing,0.2,13,174,23.6,0.8755421446,24.47554214
Boston Housing,0.2,13,176,29.4,65.11718671,94.51718671
Boston Housing,0.2,13,189,29.8,61.11083807,90.91083807
Boston Housing,0.2,13,190,34.9,-90.67060604,-55.77060604
Boston Housing,0.2,13,193,36.4,61.72103356,98.12103356
Boston Housing,0.2,13,207,24.4,-18.43210297,5.967897027
Boston Housing,0.2,13,216,25,-24.556928,0.4430719979
Boston Housing,0.2,13,225,44.8,3.191298426,47.99129843
Boston Housing,0.2,13,235,29,-26.40050669,2.599493314
Boston Housing,0.2,13,247,24.3,-42.12965096,-17.82965096
Boston Housing,0.2,13,248,20.5,-34.17254688,-13.67254688
Boston Housing,0.2,13,270,20.7,104.7690853,125.4690853
Boston Housing,0.2,13,274,35.2,-44.21804464,-9.018044637
Boston Housing,0.2,13,275,32.4,-105.1795095,-72.77950947
Boston Housing,0.2,13,282,35.4,58.29622684,93.69622684
Boston Housing,0.2,13,302,22,58.44478193,80.44478193
Boston Housing,0.2,13,318,19.8,26.31969232,46.11969232
Boston Housing,0.2,13,324,18.5,-6.706124259,11.79387574
Boston Housing,0.2,13,334,22.2,-82.5934876,-60.3934876
Boston Housing,0.2,13,336,21.1,72.52435101,93.62435101
Boston Housing,0.2,13,357,17.8,33.22285075,51.02285075
Boston Housing,0.2,13,360,22.6,50.38891756,72.98891756
Boston Housing,0.2,13,364,16.8,81.66812503,98.46812503
Boston Housing,0.2,13,367,21.9,99.50846382,121.4084638
Boston Housing,0.2,13,378,13.3,-48.11034374,-34.81034374
Boston Housing,0.2,13,383,11.3,29.38043959,40.68043959
Boston Housing,0.2,13,393,9.7,-55.10116276,-45.40116276
Boston Housing,0.2,13,395,12.7,9.511559496,22.2115595
Boston Housing,0.2,13,398,8.5,22.8183359,31.3183359
Boston Housing,0.2,13,403,12.1,19.79564648,31.89564648
Boston Housing,0.2,13,409,17.2,96.23488386,113.4348839
Boston Housing,0.2,13,421,16.7,-111.508394,-94.80839396
Boston Housing,0.2,13,422,14.2,-13.69409075,0.5059092459
Boston Housing,0.2,13,423,20.8,-47.75040351,-26.95040351
Boston Housing,0.2,13,430,9.5,-35.12369771,-25.62369771
Boston Housing,0.2,13,433,16.1,44.08968046,60.18968046
Boston Housing,0.2,13,435,11.7,22.28979241,33.98979241
Boston Housing,0.2,13,436,13.4,19.47155184,32.87155184
Boston Housing,0.2,13,437,9.6,-34.6493809,-25.0493809
Boston Housing,0.2,13,443,18.4,-100.0789692,-81.67896918
Boston Housing,0.2,13,446,11.8,64.78505085,76.58505085
Boston Housing,0.2,13,448,12.6,65.78278129,78.38278129
Boston Housing,0.2,13,460,20,140.9857582,160.9857582
Boston Housing,0.2,13,464,20.2,91.36758553,111.5675855
Boston Housing,0.2,13,466,19.9,-36.56051273,-16.66051273
Boston Housing,0.2,13,467,19,29.72981464,48.72981464
Boston Housing,0.2,13,471,19.9,-125.1813082,-105.2813082
Boston Housing,0.2,13,475,13.8,-55.45330103,-41.65330103
Boston Housing,0.2,13,481,23,53.72099868,76.72099868
Boston Housing,0.2,13,495,24.5,-71.70495501,-47.20495501
Boston Housing,0.2,13,497,19.7,-28.57530323,-8.875303229
Boston Housing,0.2,13,503,20.6,4.981513378,25.58151338
Boston Housing,0.2,13,504,23.9,-8.09005188,15.80994812
Boston Housing,0.2,13,506,11.9,-123.9065618,-112.0065618
Boston Housing,0.2,14,2,21.6,-109.3851845,-87.78518449
Boston Housing,0.2,14,17,23.1,76.91325843,100.0132584
Boston Housing,0.2,14,19,20.2,66.59077065,86.79077065
Boston Housing,0.2,14,20,18.2,19.42099007,37.62099007
Boston Housing,0.2,14,54,23.4,58.03718998,81.43718998
Boston Housing,0.2,14,60,19.6,30.60961047,50.20961047
Boston Housing,0.2,14,61,18.7,50.60786569,69.30786569
Boston Housing,0.2,14,68,22,93.03409063,115.0340906
Boston Housing,0.2,14,74,23.4,5.669667732,29.06966773
Boston Housing,0.2,14,77,20,-16.45644627,3.543553732
Boston Housing,0.2,14,78,20.8,1.054944551,21.85494455
Boston Housing,0.2,14,86,26.6,15.02131011,41.62131011
Boston Housing,0.2,14,92,22,48.88418208,70.88418208
Boston Housing,0.2,14,99,43.8,-7.801029184,35.99897082
Boston Housing,0.2,14,101,27.5,-97.23610296,-69.73610296
Boston Housing,0.2,14,113,18.8,34.26777575,53.06777575
Boston Housing,0.2,14,119,20.4,88.24781484,108.6478148
Boston Housing,0.2,14,128,16.2,9.352792912,25.55279291
Boston Housing,0.2,14,130,14.3,-77.85371623,-63.55371623
Boston Housing,0.2,14,132,19.6,21.93894711,41.53894711
Boston Housing,0.2,14,138,17.1,-44.95316019,-27.85316019
Boston Housing,0.2,14,182,36.2,40.34993984,76.54993984
Boston Housing,0.2,14,183,37.9,53.1007512,91.0007512
Boston Housing,0.2,14,188,32,76.25046506,108.2504651
Boston Housing,0.2,14,189,29.8,56.24932824,86.04932824
Boston Housing,0.2,14,212,19.3,39.94088206,59.24088206
Boston Housing,0.2,14,216,25,-40.99220424,-15.99220424
Boston Housing,0.2,14,217,23.3,-50.61824567,-27.31824567
Boston Housing,0.2,14,220,23,-46.14665028,-23.14665028
Boston Housing,0.2,14,223,27.5,-36.40199881,-8.901998813
Boston Housing,0.2,14,224,30.1,33.91777125,64.01777125
Boston Housing,0.2,14,228,31.6,73.77636134,105.3763613
Boston Housing,0.2,14,230,31.5,134.7843323,166.2843323
Boston Housing,0.2,14,235,29,-44.10048447,-15.10048447
Boston Housing,0.2,14,236,24,25.74677937,49.74677937
Boston Housing,0.2,14,238,31.5,-26.86547262,4.634527382
Boston Housing,0.2,14,239,23.7,39.06535238,62.76535238
Boston Housing,0.2,14,244,23.7,-98.89919265,-75.19919265
Boston Housing,0.2,14,248,20.5,-45.52680214,-25.02680214
Boston Housing,0.2,14,251,24.4,-30.1667367,-5.766736705
Boston Housing,0.2,14,276,32,-18.11326936,13.88673064
Boston Housing,0.2,14,283,46,80.6078292,126.6078292
Boston Housing,0.2,14,289,22.3,165.8357038,188.1357038
Boston Housing,0.2,14,295,21.7,-46.58611542,-24.88611542
Boston Housing,0.2,14,311,16.1,-68.14020113,-52.04020113
Boston Housing,0.2,14,317,17.8,-71.33335247,-53.53335247
Boston Housing,0.2,14,325,25,178.9387755,203.9387755
Boston Housing,0.2,14,334,22.2,-88.68929072,-66.48929072
Boston Housing,0.2,14,338,18.5,-26.22232744,-7.722327439
Boston Housing,0.2,14,358,21.7,-7.962246246,13.73775375
Boston Housing,0.2,14,362,19.9,-6.709516404,13.1904836
Boston Housing,0.2,14,390,11.5,-20.37755339,-8.877553391
Boston Housing,0.2,14,397,12.5,121.6731192,134.1731192
Boston Housing,0.2,14,400,6.3,67.55733746,73.85733746
Boston Housing,0.2,14,402,7.2,-65.27843062,-58.07843062
Boston Housing,0.2,14,403,12.1,2.615184898,14.7151849
Boston Housing,0.2,14,432,14.1,-33.34627136,-19.24627136
Boston Housing,0.2,14,433,16.1,-106.0928987,-89.99289868
Boston Housing,0.2,14,436,13.4,154.1693529,167.5693529
Boston Housing,0.2,14,444,15.4,-40.91756548,-25.51756548
Boston Housing,0.2,14,450,13,79.07928858,92.07928858
Boston Housing,0.2,14,452,15.2,-87.96718813,-72.76718813
Boston Housing,0.2,14,454,17.8,42.52002753,60.32002753
Boston Housing,0.2,14,458,13.5,-20.75267924,-7.252679241
Boston Housing,0.2,14,465,21.4,46.84151198,68.24151198
Boston Housing,0.2,14,469,19.1,-32.90121409,-13.80121409
Boston Housing,0.2,14,472,19.6,-37.26170231,-17.66170231
Boston Housing,0.2,14,498,18.3,61.13537402,79.43537402
Boston Housing,0.2,14,499,21.2,63.34927777,84.54927777
Boston Housing,0.2,14,501,16.8,117.058627,133.858627
Boston Housing,0.2,14,503,20.6,29.99526847,50.59526847
Boston Housing,0.2,15,5,36.2,-81.648103,-45.448103
Boston Housing,0.2,15,7,22.9,-4.01521116,18.88478884
Boston Housing,0.2,15,12,18.9,-15.19770499,3.702295006
Boston Housing,0.2,15,13,21.7,54.97482032,76.67482032
Boston Housing,0.2,15,14,20.4,-112.829741,-92.42974105
Boston Housing,0.2,15,24,14.5,-38.98956117,-24.48956117
Boston Housing,0.2,15,25,15.6,44.72097769,60.32097769
Boston Housing,0.2,15,30,21,-38.81815637,-17.81815637
Boston Housing,0.2,15,33,13.2,-37.2302511,-24.0302511
Boston Housing,0.2,15,34,13.1,16.51047195,29.61047195
Boston Housing,0.2,15,37,20,-16.85951698,3.140483018
Boston Housing,0.2,15,38,21,-20.88731555,0.1126844498
Boston Housing,0.2,15,51,19.7,94.66732388,114.3673239
Boston Housing,0.2,15,63,22.2,25.44359518,47.64359518
Boston Housing,0.2,15,73,22.8,-27.69034615,-4.890346151
Boston Housing,0.2,15,74,23.4,4.734973574,28.13497357
Boston Housing,0.2,15,81,28,53.09213581,81.09213581
Boston Housing,0.2,15,97,21.4,109.2497363,130.6497363
Boston Housing,0.2,15,109,19.8,-121.7067695,-101.9067695
Boston Housing,0.2,15,111,21.7,166.9153912,188.6153912
Boston Housing,0.2,15,117,21.2,-157.3831427,-136.1831427
Boston Housing,0.2,15,119,20.4,38.72520644,59.12520644
Boston Housing,0.2,15,135,15.6,75.3761876,90.9761876
Boston Housing,0.2,15,136,18.1,-51.79028613,-33.69028613
Boston Housing,0.2,15,139,13.3,58.17833887,71.47833887
Boston Housing,0.2,15,180,37.2,68.02669576,105.2266958
Boston Housing,0.2,15,185,26.4,-16.86792683,9.532073167
Boston Housing,0.2,15,190,34.9,8.432910482,43.33291048
Boston Housing,0.2,15,194,31.1,35.81215935,66.91215935
Boston Housing,0.2,15,209,24.4,-13.85028113,10.54971887
Boston Housing,0.2,15,210,20,-0.2357763938,19.76422361
Boston Housing,0.2,15,212,19.3,-4.803251324,14.49674868
Boston Housing,0.2,15,213,22.4,-107.3132549,-84.91325489
Boston Housing,0.2,15,220,23,23.42074272,46.42074272
Boston Housing,0.2,15,237,25.1,-114.3069351,-89.20693513
Boston Housing,0.2,15,247,24.3,119.7241965,144.0241965
Boston Housing,0.2,15,272,25.2,-192.3910468,-167.1910468
Boston Housing,0.2,15,275,32.4,104.2394597,136.6394597
Boston Housing,0.2,15,276,32,-0.8165456503,31.18345435
Boston Housing,0.2,15,277,33.2,12.41799741,45.61799741
Boston Housing,0.2,15,283,46,-144.9089908,-98.90899084
Boston Housing,0.2,15,295,21.7,-0.07577669823,21.6242233
Boston Housing,0.2,15,309,22.8,-11.58525952,11.21474048
Boston Housing,0.2,15,310,20.3,33.85086747,54.15086747
Boston Housing,0.2,15,321,23.8,-75.12563336,-51.32563336
Boston Housing,0.2,15,324,18.5,-110.7496228,-92.24962282
Boston Housing,0.2,15,327,23,68.83406926,91.83406926
Boston Housing,0.2,15,341,18.7,-9.631272002,9.068727998
Boston Housing,0.2,15,374,13.8,131.5826714,145.3826714
Boston Housing,0.2,15,380,10.2,-56.21460625,-46.01460625
Boston Housing,0.2,15,382,10.9,-22.40755421,-11.50755421
Boston Housing,0.2,15,384,12.3,-24.38762336,-12.08762336
Boston Housing,0.2,15,391,15.1,89.94734493,105.0473449
Boston Housing,0.2,15,398,8.5,-58.60669411,-50.10669411
Boston Housing,0.2,15,403,12.1,-94.76089098,-82.66089098
Boston Housing,0.2,15,410,27.5,-116.8911405,-89.3911405
Boston Housing,0.2,15,412,17.2,-47.53110698,-30.33110698
Boston Housing,0.2,15,431,14.5,28.84873502,43.34873502
Boston Housing,0.2,15,446,11.8,-64.50180453,-52.70180453
Boston Housing,0.2,15,447,14.9,10.14625759,25.04625759
Boston Housing,0.2,15,448,12.6,62.38468378,74.98468378
Boston Housing,0.2,15,449,14.1,-34.31502897,-20.21502897
Boston Housing,0.2,15,450,13,-42.66200234,-29.66200234
Boston Housing,0.2,15,458,13.5,-26.53233002,-13.03233002
Boston Housing,0.2,15,461,16.4,-11.73210879,4.667891209
Boston Housing,0.2,15,462,17.7,-137.0112449,-119.3112449
Boston Housing,0.2,15,464,20.2,97.54402576,117.7440258
Boston Housing,0.2,15,466,19.9,33.27465022,53.17465022
Boston Housing,0.2,15,482,23.7,7.312956315,31.01295632
Boston Housing,0.2,15,483,25,31.35089812,56.35089812
Boston Housing,0.2,15,500,17.5,-62.54449773,-45.04449773
Boston Housing,0.2,16,18,17.5,-18.49481672,-0.994816722
Boston Housing,0.2,16,20,18.2,10.65314454,28.85314454
Boston Housing,0.2,16,22,19.6,107.4364028,127.0364028
Boston Housing,0.2,16,32,14.5,-4.293759069,10.20624093
Boston Housing,0.2,16,38,21,5.071612972,26.07161297
Boston Housing,0.2,16,46,19.3,-101.5429391,-82.2429391
Boston Housing,0.2,16,52,20.5,-19.07831608,1.421683918
Boston Housing,0.2,16,72,21.7,-68.34444864,-46.64444864
Boston Housing,0.2,16,86,26.6,-16.43009731,10.16990269
Boston Housing,0.2,16,100,33.2,-60.84527476,-27.64527476
Boston Housing,0.2,16,106,19.5,35.82096509,55.32096509
Boston Housing,0.2,16,111,21.7,3.855608591,25.55560859
Boston Housing,0.2,16,113,18.8,-165.5946183,-146.7946183
Boston Housing,0.2,16,115,18.5,56.21947755,74.71947755
Boston Housing,0.2,16,120,19.3,17.34281523,36.64281523
Boston Housing,0.2,16,129,18,-28.68256824,-10.68256824
Boston Housing,0.2,16,131,19.2,-95.59445541,-76.39445541
Boston Housing,0.2,16,133,23,-38.48449428,-15.48449428
Boston Housing,0.2,16,135,15.6,-28.47818977,-12.87818977
Boston Housing,0.2,16,138,17.1,77.00632634,94.10632634
Boston Housing,0.2,16,174,23.6,2.956391517,26.55639152
Boston Housing,0.2,16,175,22.6,-59.49639297,-36.89639297
Boston Housing,0.2,16,177,23.2,82.56171244,105.7617124
Boston Housing,0.2,16,178,24.6,84.86921477,109.4692148
Boston Housing,0.2,16,192,30.5,-40.50288019,-10.00288019
Boston Housing,0.2,16,213,22.4,19.79047906,42.19047906
Boston Housing,0.2,16,225,44.8,58.18019518,102.9801952
Boston Housing,0.2,16,227,37.6,-9.038674796,28.5613252
Boston Housing,0.2,16,231,24.3,65.92596395,90.22596395
Boston Housing,0.2,16,237,25.1,-38.26752673,-13.16752673
Boston Housing,0.2,16,238,31.5,36.10083469,67.60083469
Boston Housing,0.2,16,243,22.2,-65.46393842,-43.26393842
Boston Housing,0.2,16,244,23.7,184.0349923,207.7349923
Boston Housing,0.2,16,248,20.5,-122.6905724,-102.1905724
Boston Housing,0.2,16,276,32,-69.31352587,-37.31352587
Boston Housing,0.2,16,299,22.5,53.53439728,76.03439728
Boston Housing,0.2,16,302,22,42.69882918,64.69882918
Boston Housing,0.2,16,309,22.8,-11.95947225,10.84052775
Boston Housing,0.2,16,311,16.1,73.79302835,89.89302835
Boston Housing,0.2,16,312,22.1,60.41770815,82.51770815
Boston Housing,0.2,16,316,16.2,6.295995797,22.4959958
Boston Housing,0.2,16,318,19.8,16.10591888,35.90591888
Boston Housing,0.2,16,322,23.1,0.0796784025,23.1796784
Boston Housing,0.2,16,323,20.4,63.4672321,83.8672321
Boston Housing,0.2,16,324,18.5,-32.83762766,-14.33762766
Boston Housing,0.2,16,328,22.2,130.1386924,152.3386924
Boston Housing,0.2,16,357,17.8,13.51003439,31.31003439
Boston Housing,0.2,16,367,21.9,13.95954762,35.85954762
Boston Housing,0.2,16,377,13.9,96.44268359,110.3426836
Boston Housing,0.2,16,380,10.2,-111.7579009,-101.5579009
Boston Housing,0.2,16,382,10.9,-94.75903334,-83.85903334
Boston Housing,0.2,16,390,11.5,-115.9471732,-104.4471732
Boston Housing,0.2,16,395,12.7,8.99855325,21.69855325
Boston Housing,0.2,16,397,12.5,-79.69661019,-67.19661019
Boston Housing,0.2,16,412,17.2,-2.652342433,14.54765757
Boston Housing,0.2,16,417,7.5,-1.498442618,6.001557382
Boston Housing,0.2,16,424,13.4,4.949338434,18.34933843
Boston Housing,0.2,16,435,11.7,26.91343692,38.61343692
Boston Housing,0.2,16,436,13.4,0.2891565239,13.68915652
Boston Housing,0.2,16,437,9.6,-20.17550121,-10.57550121
Boston Housing,0.2,16,438,8.7,-93.82252218,-85.12252218
Boston Housing,0.2,16,440,12.8,-99.78563955,-86.98563955
Boston Housing,0.2,16,452,15.2,-9.020107202,6.179892798
Boston Housing,0.2,16,454,17.8,51.52483011,69.32483011
Boston Housing,0.2,16,462,17.7,-92.60666443,-74.90666443
Boston Housing,0.2,16,465,21.4,-265.8038891,-244.4038891
Boston Housing,0.2,16,466,19.9,118.2299668,138.1299668
Boston Housing,0.2,16,479,14.6,38.67876066,53.27876066
Boston Housing,0.2,16,486,21.2,-78.86990669,-57.66990669
Boston Housing,0.2,16,499,21.2,-15.22678082,5.973219178
Boston Housing,0.2,16,500,17.5,-70.35658121,-52.85658121
Boston Housing,0.2,17,3,34.7,97.9265446,132.6265446
Boston Housing,0.2,17,4,33.4,117.8569156,151.2569156
Boston Housing,0.2,17,6,28.7,-57.57811915,-28.87811915
Boston Housing,0.2,17,16,19.9,-6.153198633,13.74680137
Boston Housing,0.2,17,17,23.1,93.52192596,116.621926
Boston Housing,0.2,17,20,18.2,-56.91870471,-38.71870471
Boston Housing,0.2,17,23,15.2,-19.4650168,-4.265016801
Boston Housing,0.2,17,28,14.8,-69.82920103,-55.02920103
Boston Housing,0.2,17,32,14.5,54.73908577,69.23908577
Boston Housing,0.2,17,48,16.6,40.37543813,56.97543813
Boston Housing,0.2,17,53,25,-31.66683231,-6.666832308
Boston Housing,0.2,17,68,22,83.05553351,105.0555335
Boston Housing,0.2,17,70,20.9,22.02237542,42.92237542
Boston Housing,0.2,17,78,20.8,-18.69336128,2.106638717
Boston Housing,0.2,17,80,20.3,199.8670711,220.1670711
Boston Housing,0.2,17,86,26.6,-214.4310157,-187.8310157
Boston Housing,0.2,17,88,22.2,-139.9273464,-117.7273464
Boston Housing,0.2,17,91,22.6,-47.18735434,-24.58735434
Boston Housing,0.2,17,92,22,23.03863887,45.03863887
Boston Housing,0.2,17,106,19.5,-82.88988383,-63.38988383
Boston Housing,0.2,17,107,19.5,-133.2715492,-113.7715492
Boston Housing,0.2,17,111,21.7,16.51154742,38.21154742
Boston Housing,0.2,17,112,22.8,-126.7801594,-103.9801594
Boston Housing,0.2,17,114,18.7,84.7780481,103.4780481
Boston Housing,0.2,17,115,18.5,-77.93164897,-59.43164897
Boston Housing,0.2,17,135,15.6,-73.21102668,-57.61102668
Boston Housing,0.2,17,136,18.1,87.03112441,105.1311244
Boston Housing,0.2,17,188,32,64.20153512,96.20153512
Boston Housing,0.2,17,193,36.4,66.0051062,102.4051062
Boston Housing,0.2,17,217,23.3,47.7839895,71.0839895
Boston Housing,0.2,17,230,31.5,-30.32993277,1.170067226
Boston Housing,0.2,17,239,23.7,-78.24444415,-54.54444415
Boston Housing,0.2,17,240,23.3,-40.41300543,-17.11300543
Boston Housing,0.2,17,249,24.5,9.351141929,33.85114193
Boston Housing,0.2,17,251,24.4,62.86650185,87.26650185
Boston Housing,0.2,17,272,25.2,-7.135242754,18.06475725
Boston Housing,0.2,17,275,32.4,11.20217656,43.60217656
Boston Housing,0.2,17,280,35.1,51.19588608,86.29588608
Boston Housing,0.2,17,281,45.4,37.51192989,82.91192989
Boston Housing,0.2,17,286,22,-25.27295796,-3.272957962
Boston Housing,0.2,17,289,22.3,-64.92465045,-42.62465045
Boston Housing,0.2,17,294,23.9,-46.83348589,-22.93348589
Boston Housing,0.2,17,296,28.6,62.40100454,91.00100454
Boston Housing,0.2,17,322,23.1,-80.63767537,-57.53767537
Boston Housing,0.2,17,341,18.7,51.47215076,70.17215076
Boston Housing,0.2,17,361,25,-92.24148588,-67.24148588
Boston Housing,0.2,17,367,21.9,5.799160953,27.69916095
Boston Housing,0.2,17,393,9.7,3.110970696,12.8109707
Boston Housing,0.2,17,395,12.7,-53.73431707,-41.03431707
Boston Housing,0.2,17,398,8.5,12.12178236,20.62178236
Boston Housing,0.2,17,402,7.2,-58.18542754,-50.98542754
Boston Housing,0.2,17,424,13.4,38.69281993,52.09281993
Boston Housing,0.2,17,429,11,-100.6619295,-89.66192953
Boston Housing,0.2,17,434,14.3,130.7417327,145.0417327
Boston Housing,0.2,17,440,12.8,0.4840344562,13.28403446
Boston Housing,0.2,17,447,14.9,11.60157578,26.50157578
Boston Housing,0.2,17,450,13,62.16027988,75.16027988
Boston Housing,0.2,17,455,14.9,69.95415829,84.85415829
Boston Housing,0.2,17,456,14.1,-3.960908648,10.13909135
Boston Housing,0.2,17,459,14.9,-28.20952486,-13.30952486
Boston Housing,0.2,17,465,21.4,27.14992601,48.54992601
Boston Housing,0.2,17,468,19.1,39.27319753,58.37319753
Boston Housing,0.2,17,473,23.2,82.71277386,105.9127739
Boston Housing,0.2,17,478,12,-9.010964598,2.989035402
Boston Housing,0.2,17,484,21.8,-113.0797774,-91.27977739
Boston Housing,0.2,17,486,21.2,-68.53969208,-47.33969208
Boston Housing,0.2,17,488,20.6,31.30231636,51.90231636
Boston Housing,0.2,17,494,21.8,-67.94957919,-46.14957919
Boston Housing,0.2,17,500,17.5,-78.56231696,-61.06231696
Boston Housing,0.2,17,502,22.4,157.0980396,179.4980396
Boston Housing,0.2,17,505,22,-0.9190524185,21.08094758
Boston Housing,0.2,18,1,24,33.05325681,57.05325681
Boston Housing,0.2,18,5,36.2,-32.48837119,3.711628811
Boston Housing,0.2,18,10,18.9,80.14362272,99.04362272
Boston Housing,0.2,18,12,18.9,93.94954601,112.849546
Boston Housing,0.2,18,21,13.6,-12.6985334,0.9014665996
Boston Housing,0.2,18,27,16.6,10.8510746,27.4510746
Boston Housing,0.2,18,28,14.8,74.77210042,89.57210042
Boston Housing,0.2,18,46,19.3,14.36277142,33.66277142
Boston Housing,0.2,18,48,16.6,-12.24925013,4.350749869
Boston Housing,0.2,18,51,19.7,78.25385107,97.95385107
Boston Housing,0.2,18,52,20.5,31.31071078,51.81071078
Boston Housing,0.2,18,53,25,75.90920903,100.909209
Boston Housing,0.2,18,54,23.4,30.40713535,53.80713535
Boston Housing,0.2,18,62,16,-6.574658794,9.425341206
Boston Housing,0.2,18,77,20,-109.3802734,-89.3802734
Boston Housing,0.2,18,79,21.2,125.2104486,146.4104486
Boston Housing,0.2,18,82,23.9,-65.33246605,-41.43246605
Boston Housing,0.2,18,85,23.9,-24.16890235,-0.2689023512
Boston Housing,0.2,18,86,26.6,-21.73552274,4.864477259
Boston Housing,0.2,18,87,22.5,49.29984854,71.79984854
Boston Housing,0.2,18,90,28.7,51.24022843,79.94022843
Boston Housing,0.2,18,96,28.4,127.1033489,155.5033489
Boston Housing,0.2,18,97,21.4,-13.96266481,7.437335195
Boston Housing,0.2,18,106,19.5,-6.011464906,13.48853509
Boston Housing,0.2,18,107,19.5,14.02564653,33.52564653
Boston Housing,0.2,18,109,19.8,-3.240873417,16.55912658
Boston Housing,0.2,18,110,19.4,34.00687152,53.40687152
Boston Housing,0.2,18,114,18.7,-38.15077761,-19.45077761
Boston Housing,0.2,18,115,18.5,3.655286075,22.15528608
Boston Housing,0.2,18,128,16.2,-101.208589,-85.008589
Boston Housing,0.2,18,131,19.2,-146.9519197,-127.7519197
Boston Housing,0.2,18,173,23.1,-107.7446743,-84.64467428
Boston Housing,0.2,18,178,24.6,33.3805396,57.9805396
Boston Housing,0.2,18,186,29.6,48.40873581,78.00873581
Boston Housing,0.2,18,218,28.7,50.06752971,78.76752971
Boston Housing,0.2,18,228,31.6,32.70853487,64.30853487
Boston Housing,0.2,18,232,31.7,-40.09761572,-8.397615717
Boston Housing,0.2,18,239,23.7,-6.786932861,16.91306714
Boston Housing,0.2,18,246,18.5,8.217445185,26.71744518
Boston Housing,0.2,18,248,20.5,16.71197561,37.21197561
Boston Housing,0.2,18,251,24.4,34.00994177,58.40994177
Boston Housing,0.2,18,252,24.8,-18.16425269,6.635747313
Boston Housing,0.2,18,276,32,9.04637048,41.04637048
Boston Housing,0.2,18,290,24.8,-146.8472092,-122.0472092
Boston Housing,0.2,18,314,21.6,-6.790286497,14.8097135
Boston Housing,0.2,18,318,19.8,100.364809,120.164809
Boston Housing,0.2,18,324,18.5,-68.5332387,-50.0332387
Boston Housing,0.2,18,336,21.1,-123.8748209,-102.7748209
Boston Housing,0.2,18,337,19.5,-68.28190805,-48.78190805
Boston Housing,0.2,18,341,18.7,13.11347953,31.81347953
Boston Housing,0.2,18,364,16.8,-74.75803919,-57.95803919
Boston Housing,0.2,18,382,10.9,-32.90177749,-22.00177749
Boston Housing,0.2,18,394,13.8,-112.7456081,-98.94560808
Boston Housing,0.2,18,397,12.5,-0.4025164994,12.0974835
Boston Housing,0.2,18,398,8.5,198.9878005,207.4878005
Boston Housing,0.2,18,421,16.7,18.68740648,35.38740648
Boston Housing,0.2,18,424,13.4,22.33925239,35.73925239
Boston Housing,0.2,18,426,8.3,-34.04313044,-25.74313044
Boston Housing,0.2,18,436,13.4,-62.60971811,-49.20971811
Boston Housing,0.2,18,442,17.1,35.14725014,52.24725014
Boston Housing,0.2,18,451,13.4,-24.30424303,-10.90424303
Boston Housing,0.2,18,452,15.2,-1.68356164,13.51643836
Boston Housing,0.2,18,457,12.7,-71.59376738,-58.89376738
Boston Housing,0.2,18,462,17.7,92.17893106,109.8789311
Boston Housing,0.2,18,467,19,-17.12197455,1.878025454
Boston Housing,0.2,18,470,20.1,-90.73387282,-70.63387282
Boston Housing,0.2,18,473,23.2,240.1647403,263.3647403
Boston Housing,0.2,18,482,23.7,83.05764362,106.7576436
Boston Housing,0.2,18,485,20.6,26.04623755,46.64623755
Boston Housing,0.2,18,488,20.6,16.6883542,37.2883542
Boston Housing,0.2,18,505,22,44.77643909,66.77643909
Boston Housing,0.2,19,7,22.9,-35.54119197,-12.64119197
Boston Housing,0.2,19,13,21.7,-121.2202461,-99.52024606
Boston Housing,0.2,19,15,18.2,-152.2905833,-134.0905833
Boston Housing,0.2,19,21,13.6,-30.16708197,-16.56708197
Boston Housing,0.2,19,33,13.2,-60.67942324,-47.47942324
Boston Housing,0.2,19,35,13.5,-80.81897225,-67.31897225
Boston Housing,0.2,19,50,19.4,38.33136112,57.73136112
Boston Housing,0.2,19,62,16,152.0274784,168.0274784
Boston Housing,0.2,19,63,22.2,-8.929974486,13.27002551
Boston Housing,0.2,19,65,33,31.60446353,64.60446353
Boston Housing,0.2,19,78,20.8,-66.46277119,-45.66277119
Boston Housing,0.2,19,79,21.2,-44.84918951,-23.64918951
Boston Housing,0.2,19,80,20.3,129.4894,149.7894
Boston Housing,0.2,19,82,23.9,-145.8177521,-121.9177521
Boston Housing,0.2,19,91,22.6,-24.28760348,-1.687603476
Boston Housing,0.2,19,92,22,1.40687968,23.40687968
Boston Housing,0.2,19,98,38.7,-32.50756259,6.192437406
Boston Housing,0.2,19,99,43.8,-84.85041149,-41.05041149
Boston Housing,0.2,19,100,33.2,104.397723,137.597723
Boston Housing,0.2,19,103,18.6,-44.71255742,-26.11255742
Boston Housing,0.2,19,110,19.4,-78.79399386,-59.39399386
Boston Housing,0.2,19,111,21.7,-43.90568203,-22.20568203
Boston Housing,0.2,19,118,19.2,-112.5824845,-93.38248453
Boston Housing,0.2,19,128,16.2,21.63375576,37.83375576
Boston Housing,0.2,19,129,18,26.74594428,44.74594428
Boston Housing,0.2,19,140,17.8,95.89821876,113.6982188
Boston Housing,0.2,19,173,23.1,8.894681769,31.99468177
Boston Housing,0.2,19,176,29.4,31.51601211,60.91601211
Boston Housing,0.2,19,177,23.2,69.09266802,92.29266802
Boston Housing,0.2,19,180,37.2,36.01756005,73.21756005
Boston Housing,0.2,19,189,29.8,142.8004999,172.6004999
Boston Housing,0.2,19,207,24.4,-12.40377559,11.99622441
Boston Housing,0.2,19,216,25,-111.2027944,-86.20279435
Boston Housing,0.2,19,225,44.8,68.87418944,113.6741894
Boston Housing,0.2,19,238,31.5,28.38612881,59.88612881
Boston Housing,0.2,19,242,20.1,68.34811942,88.44811942
Boston Housing,0.2,19,243,22.2,-45.11270888,-22.91270888
Boston Housing,0.2,19,276,32,33.23794794,65.23794794
Boston Housing,0.2,19,279,29.1,107.3530667,136.4530667
Boston Housing,0.2,19,280,35.1,23.38036616,58.48036616
Boston Housing,0.2,19,282,35.4,-43.58876347,-8.188763472
Boston Housing,0.2,19,286,22,-72.66026539,-50.66026539
Boston Housing,0.2,19,289,22.3,-93.91949768,-71.61949768
Boston Housing,0.2,19,314,21.6,-102.2241662,-80.62416624
Boston Housing,0.2,19,324,18.5,21.65323902,40.15323902
Boston Housing,0.2,19,342,32.7,-41.84704763,-9.147047629
Boston Housing,0.2,19,344,23.9,-11.33085307,12.56914693
Boston Housing,0.2,19,382,10.9,152.7669954,163.6669954
Boston Housing,0.2,19,394,13.8,-219.7879697,-205.9879697
Boston Housing,0.2,19,395,12.7,-172.9069602,-160.2069602
Boston Housing,0.2,19,398,8.5,-38.58492718,-30.08492718
Boston Housing,0.2,19,402,7.2,72.14914611,79.34914611
Boston Housing,0.2,19,412,17.2,21.25008097,38.45008097
Boston Housing,0.2,19,421,16.7,-22.30425746,-5.60425746
Boston Housing,0.2,19,427,10.2,90.1355852,100.3355852
Boston Housing,0.2,19,430,9.5,71.7667222,81.2667222
Boston Housing,0.2,19,435,11.7,-9.192903836,2.507096164
Boston Housing,0.2,19,438,8.7,-0.2406815341,8.459318466
Boston Housing,0.2,19,454,17.8,40.65116386,58.45116386
Boston Housing,0.2,19,460,20,-73.90178795,-53.90178795
Boston Housing,0.2,19,463,19.5,39.0632301,58.5632301
Boston Housing,0.2,19,464,20.2,49.55451883,69.75451883
Boston Housing,0.2,19,465,21.4,12.37282925,33.77282925
Boston Housing,0.2,19,471,19.9,8.606061176,28.50606118
Boston Housing,0.2,19,474,29.8,-72.62237548,-42.82237548
Boston Housing,0.2,19,475,13.8,-6.020556595,7.779443405
Boston Housing,0.2,19,486,21.2,82.41608057,103.6160806
Boston Housing,0.2,19,494,21.8,-102.4330498,-80.63304976
Boston Housing,0.2,19,497,19.7,-118.0175137,-98.3175137
Boston Housing,0.2,19,501,16.8,-15.18928033,1.61071967
Boston Housing,0.2,19,504,23.9,-65.72994826,-41.82994826
Boston Housing,0.2,20,6,28.7,24.4330173,53.1330173
Boston Housing,0.2,20,10,18.9,-41.64814608,-22.74814608
Boston Housing,0.2,20,19,20.2,-119.4170344,-99.21703441
Boston Housing,0.2,20,26,13.9,-199.2340478,-185.3340478
Boston Housing,0.2,20,28,14.8,11.57932137,26.37932137
Boston Housing,0.2,20,31,12.7,14.73214345,27.43214345
Boston Housing,0.2,20,32,14.5,-32.72125906,-18.22125906
Boston Housing,0.2,20,44,24.7,-0.2533394011,24.4466606
Boston Housing,0.2,20,45,21.2,-162.4645102,-141.2645102
Boston Housing,0.2,20,48,16.6,16.35509215,32.95509215
Boston Housing,0.2,20,51,19.7,66.31108585,86.01108585
Boston Housing,0.2,20,62,16,-32.36791369,-16.36791369
Boston Housing,0.2,20,65,33,51.59679736,84.59679736
Boston Housing,0.2,20,68,22,151.2785212,173.2785212
Boston Housing,0.2,20,71,24.2,45.72831121,69.92831121
Boston Housing,0.2,20,75,24.1,-77.67129475,-53.57129475
Boston Housing,0.2,20,79,21.2,73.26895011,94.46895011
Boston Housing,0.2,20,85,23.9,37.09396924,60.99396924
Boston Housing,0.2,20,90,28.7,25.03870022,53.73870022
Boston Housing,0.2,20,120,19.3,-37.11149713,-17.81149713
Boston Housing,0.2,20,128,16.2,-46.3245471,-30.1245471
Boston Housing,0.2,20,135,15.6,97.17328909,112.7732891
Boston Housing,0.2,20,137,17.4,16.17961401,33.57961401
Boston Housing,0.2,20,138,17.1,-40.10335801,-23.00335801
Boston Housing,0.2,20,178,24.6,-28.3874022,-3.7874022
Boston Housing,0.2,20,180,37.2,-5.283729969,31.91627003
Boston Housing,0.2,20,190,34.9,-48.07533808,-13.17533808
Boston Housing,0.2,20,194,31.1,74.48011492,105.5801149
Boston Housing,0.2,20,195,29.1,-132.5439529,-103.4439529
Boston Housing,0.2,20,212,19.3,-153.1365443,-133.8365443
Boston Housing,0.2,20,213,22.4,-50.59513443,-28.19513443
Boston Housing,0.2,20,214,28.1,-33.44859694,-5.348596937
Boston Housing,0.2,20,216,25,-38.74294096,-13.74294096
Boston Housing,0.2,20,218,28.7,-45.0172014,-16.3172014
Boston Housing,0.2,20,228,31.6,105.929909,137.529909
Boston Housing,0.2,20,236,24,-82.4587702,-58.4587702
Boston Housing,0.2,20,244,23.7,-40.73581141,-17.03581141
Boston Housing,0.2,20,250,26.2,147.8790233,174.0790233
Boston Housing,0.2,20,251,24.4,-60.24387653,-35.84387653
Boston Housing,0.2,20,274,35.2,74.0509949,109.2509949
Boston Housing,0.2,20,278,33.1,28.73245043,61.83245043
Boston Housing,0.2,20,281,45.4,-64.76978122,-19.36978122
Boston Housing,0.2,20,282,35.4,5.182903626,40.58290363
Boston Housing,0.2,20,290,24.8,-17.25790506,7.54209494
Boston Housing,0.2,20,295,21.7,44.55541352,66.25541352
Boston Housing,0.2,20,297,27.1,-44.26956808,-17.16956808
Boston Housing,0.2,20,299,22.5,16.01341984,38.51341984
Boston Housing,0.2,20,300,29,31.55397199,60.55397199
Boston Housing,0.2,20,304,33.1,22.66884678,55.76884678
Boston Housing,0.2,20,312,22.1,68.09462299,90.19462299
Boston Housing,0.2,20,317,17.8,31.36558879,49.16558879
Boston Housing,0.2,20,323,20.4,-14.22390748,6.176092521
Boston Housing,0.2,20,325,25,4.898693314,29.89869331
Boston Housing,0.2,20,328,22.2,51.7216967,73.9216967
Boston Housing,0.2,20,337,19.5,71.84286706,91.34286706
Boston Housing,0.2,20,341,18.7,-56.75724506,-38.05724506
Boston Housing,0.2,20,390,11.5,26.55058795,38.05058795
Boston Housing,0.2,20,420,8.4,86.48902497,94.88902497
Boston Housing,0.2,20,423,20.8,99.06069082,119.8606908
Boston Housing,0.2,20,437,9.6,-125.8195093,-116.2195093
Boston Housing,0.2,20,438,8.7,-61.2106773,-52.5106773
Boston Housing,0.2,20,452,15.2,7.808609181,23.00860918
Boston Housing,0.2,20,453,16.1,-67.11360884,-51.01360884
Boston Housing,0.2,20,460,20,-33.11560763,-13.11560763
Boston Housing,0.2,20,464,20.2,-148.163364,-127.963364
Boston Housing,0.2,20,469,19.1,-101.3399387,-82.23993869
Boston Housing,0.2,20,472,19.6,-57.40469916,-37.80469916
Boston Housing,0.2,20,476,13.3,-95.55244342,-82.25244342
Boston Housing,0.2,20,498,18.3,-74.58001234,-56.28001234
Boston Housing,0.2,20,503,20.6,-23.53048737,-2.930487365
Boston Housing,0.2,20,506,11.9,-23.73241485,-11.83241485
Boston Housing,0.2,21,4,33.4,97.40179369,130.8017937
Boston Housing,0.2,21,16,19.9,-5.238222482,14.66177752
Boston Housing,0.2,21,17,23.1,137.2536877,160.3536877
Boston Housing,0.2,21,21,13.6,44.91182472,58.51182472
Boston Housing,0.2,21,24,14.5,-105.0169333,-90.51693328
Boston Housing,0.2,21,43,25.3,44.18575215,69.48575215
Boston Housing,0.2,21,44,24.7,-64.1004371,-39.4004371
Boston Housing,0.2,21,47,20,-24.76710516,-4.767105162
Boston Housing,0.2,21,74,23.4,-28.34294478,-4.942944775
Boston Housing,0.2,21,75,24.1,-38.99544169,-14.89544169
Boston Housing,0.2,21,88,22.2,-57.04680618,-34.84680618
Boston Housing,0.2,21,91,22.6,-16.44793001,6.152069992
Boston Housing,0.2,21,97,21.4,-55.63784991,-34.23784991
Boston Housing,0.2,21,101,27.5,-23.30362453,4.19637547
Boston Housing,0.2,21,102,26.5,-89.82233338,-63.32233338
Boston Housing,0.2,21,108,20.4,15.37545584,35.77545584
Boston Housing,0.2,21,115,18.5,-31.78306117,-13.28306117
Boston Housing,0.2,21,116,18.3,132.8997731,151.1997731
Boston Housing,0.2,21,132,19.6,28.00735332,47.60735332
Boston Housing,0.2,21,136,18.1,108.0084626,126.1084626
Boston Housing,0.2,21,183,37.9,-26.51489671,11.38510329
Boston Housing,0.2,21,189,29.8,-126.6352463,-96.83524629
Boston Housing,0.2,21,191,37,60.98087613,97.98087613
Boston Housing,0.2,21,192,30.5,43.52265322,74.02265322
Boston Housing,0.2,21,207,24.4,-140.8541256,-116.4541256
Boston Housing,0.2,21,211,21.7,36.00219729,57.70219729
Boston Housing,0.2,21,228,31.6,-54.17789558,-22.57789558
Boston Housing,0.2,21,232,31.7,-9.086482332,22.61351767
Boston Housing,0.2,21,235,29,63.96496994,92.96496994
Boston Housing,0.2,21,244,23.7,83.53964464,107.2396446
Boston Housing,0.2,21,246,18.5,-74.79631084,-56.29631084
Boston Housing,0.2,21,271,21.1,-104.0376953,-82.93769527
Boston Housing,0.2,21,281,45.4,214.5004026,259.9004026
Boston Housing,0.2,21,290,24.8,26.13207006,50.93207006
Boston Housing,0.2,21,295,21.7,12.61972794,34.31972794
Boston Housing,0.2,21,300,29,19.22747051,48.22747051
Boston Housing,0.2,21,310,20.3,-45.57717172,-25.27717172
Boston Housing,0.2,21,317,17.8,-150.853647,-133.053647
Boston Housing,0.2,21,322,23.1,155.5077619,178.6077619
Boston Housing,0.2,21,328,22.2,37.08320812,59.28320812
Boston Housing,0.2,21,335,20.7,-51.46509068,-30.76509068
Boston Housing,0.2,21,357,17.8,40.52542002,58.32542002
Boston Housing,0.2,21,362,19.9,-79.07236407,-59.17236407
Boston Housing,0.2,21,367,21.9,13.50733982,35.40733982
Boston Housing,0.2,21,374,13.8,26.73145125,40.53145125
Boston Housing,0.2,21,377,13.9,-17.88936648,-3.989366476
Boston Housing,0.2,21,382,10.9,-65.87182259,-54.97182259
Boston Housing,0.2,21,402,7.2,-40.41340434,-33.21340434
Boston Housing,0.2,21,403,12.1,-70.15855136,-58.05855136
Boston Housing,0.2,21,410,27.5,-15.89879656,11.60120344
Boston Housing,0.2,21,412,17.2,-61.22929283,-44.02929283
Boston Housing,0.2,21,423,20.8,-90.52536123,-69.72536123
Boston Housing,0.2,21,427,10.2,5.838777669,16.03877767
Boston Housing,0.2,21,432,14.1,98.41416008,112.5141601
Boston Housing,0.2,21,433,16.1,-64.8482557,-48.7482557
Boston Housing,0.2,21,434,14.3,84.0607185,98.3607185
Boston Housing,0.2,21,437,9.6,-63.72331249,-54.12331249
Boston Housing,0.2,21,443,18.4,5.617239059,24.01723906
Boston Housing,0.2,21,450,13,-76.41395829,-63.41395829
Boston Housing,0.2,21,451,13.4,-11.92986533,1.470134672
Boston Housing,0.2,21,455,14.9,100.9400718,115.8400718
Boston Housing,0.2,21,456,14.1,-38.72564708,-24.62564708
Boston Housing,0.2,21,458,13.5,-42.29446397,-28.79446397
Boston Housing,0.2,21,460,20,-2.449813757,17.55018624
Boston Housing,0.2,21,462,17.7,83.31535409,101.0153541
Boston Housing,0.2,21,463,19.5,101.6368135,121.1368135
Boston Housing,0.2,21,473,23.2,-50.30818834,-27.10818834
Boston Housing,0.2,21,477,16.7,26.84396519,43.54396519
Boston Housing,0.2,21,483,25,23.4094363,48.4094363
Boston Housing,0.2,21,484,21.8,-12.22804556,9.571954439
Boston Housing,0.2,21,503,20.6,-137.3263168,-116.7263168
Boston Housing,0.2,22,6,28.7,-72.54860935,-43.84860935
Boston Housing,0.2,22,15,18.2,-54.98435383,-36.78435383
Boston Housing,0.2,22,20,18.2,78.736744,96.936744
Boston Housing,0.2,22,22,19.6,-135.5015351,-115.9015351
Boston Housing,0.2,22,28,14.8,21.10703134,35.90703134
Boston Housing,0.2,22,31,12.7,32.52395177,45.22395177
Boston Housing,0.2,22,53,25,43.32927978,68.32927978
Boston Housing,0.2,22,61,18.7,70.16012775,88.86012775
Boston Housing,0.2,22,74,23.4,-61.28310036,-37.88310036
Boston Housing,0.2,22,77,20,-116.3242512,-96.32425118
Boston Housing,0.2,22,87,22.5,-35.64154635,-13.14154635
Boston Housing,0.2,22,90,28.7,-90.0224752,-61.3224752
Boston Housing,0.2,22,106,19.5,75.4087473,94.9087473
Boston Housing,0.2,22,110,19.4,-57.80766159,-38.40766159
Boston Housing,0.2,22,119,20.4,1.649560716,22.04956072
Boston Housing,0.2,22,130,14.3,-148.8683422,-134.5683422
Boston Housing,0.2,22,140,17.8,-92.57845318,-74.77845318
Boston Housing,0.2,22,173,23.1,39.8888791,62.9888791
Boston Housing,0.2,22,177,23.2,-16.9384375,6.2615625
Boston Housing,0.2,22,186,29.6,-105.6796467,-76.0796467
Boston Housing,0.2,22,189,29.8,78.54454478,108.3445448
Boston Housing,0.2,22,190,34.9,31.9799734,66.8799734
Boston Housing,0.2,22,191,37,-39.21582973,-2.215829726
Boston Housing,0.2,22,193,36.4,6.88968581,43.28968581
Boston Housing,0.2,22,195,29.1,-67.35621017,-38.25621017
Boston Housing,0.2,22,207,24.4,112.8590498,137.2590498
Boston Housing,0.2,22,208,22.5,-36.72611691,-14.22611691
Boston Housing,0.2,22,210,20,-20.20141207,-0.2014120672
Boston Housing,0.2,22,212,19.3,103.4818319,122.7818319
Boston Housing,0.2,22,214,28.1,-37.25285219,-9.152852193
Boston Housing,0.2,22,217,23.3,7.842152792,31.14215279
Boston Housing,0.2,22,218,28.7,-62.06016468,-33.36016468
Boston Housing,0.2,22,222,21.7,67.8100914,89.5100914
Boston Housing,0.2,22,227,37.6,-94.80006673,-57.20006673
Boston Housing,0.2,22,235,29,-67.14358809,-38.14358809
Boston Housing,0.2,22,238,31.5,44.70653068,76.20653068
Boston Housing,0.2,22,239,23.7,-26.98212443,-3.282124432
Boston Housing,0.2,22,241,22,176.2149572,198.2149572
Boston Housing,0.2,22,248,20.5,-92.31238851,-71.81238851
Boston Housing,0.2,22,249,24.5,58.44695812,82.94695812
Boston Housing,0.2,22,251,24.4,59.61289668,84.01289668
Boston Housing,0.2,22,253,29.6,-79.13729269,-49.53729269
Boston Housing,0.2,22,278,33.1,140.389266,173.489266
Boston Housing,0.2,22,288,23.2,-44.81756778,-21.61756778
Boston Housing,0.2,22,289,22.3,-80.99611714,-58.69611714
Boston Housing,0.2,22,290,24.8,91.91274284,116.7127428
Boston Housing,0.2,22,297,27.1,-28.82248439,-1.72248439
Boston Housing,0.2,22,302,22,-37.87409142,-15.87409142
Boston Housing,0.2,22,312,22.1,-9.067142816,13.03285718
Boston Housing,0.2,22,319,23.1,147.729963,170.829963
Boston Housing,0.2,22,322,23.1,-80.81478633,-57.71478633
Boston Housing,0.2,22,325,25,-33.86327971,-8.863279709
Boston Housing,0.2,22,337,19.5,28.93675163,48.43675163
Boston Housing,0.2,22,342,32.7,37.83809856,70.53809856
Boston Housing,0.2,22,344,23.9,-1.135355216,22.76464478
Boston Housing,0.2,22,345,31.2,81.36144231,112.5614423
Boston Housing,0.2,22,358,21.7,49.55934126,71.25934126
Boston Housing,0.2,22,374,13.8,50.4166001,64.2166001
Boston Housing,0.2,22,390,11.5,-100.0022738,-88.50227377
Boston Housing,0.2,22,393,9.7,-1.515924757,8.184075243
Boston Housing,0.2,22,396,13.1,-75.20150786,-62.10150786
Boston Housing,0.2,22,400,6.3,-17.45069721,-11.15069721
Boston Housing,0.2,22,403,12.1,-41.76357646,-29.66357646
Boston Housing,0.2,22,410,27.5,-19.28149568,8.218504317
Boston Housing,0.2,22,459,14.9,51.76828304,66.66828304
Boston Housing,0.2,22,465,21.4,0.9811655007,22.3811655
Boston Housing,0.2,22,469,19.1,32.9489804,52.0489804
Boston Housing,0.2,22,478,12,-56.87637529,-44.87637529
Boston Housing,0.2,22,495,24.5,28.80293354,53.30293354
Boston Housing,0.2,22,499,21.2,-87.08669041,-65.88669041
Boston Housing,0.2,22,502,22.4,20.16647459,42.56647459
Boston Housing,0.2,23,3,34.7,-49.3385248,-14.6385248
Boston Housing,0.2,23,8,27.1,-47.29328807,-20.19328807
Boston Housing,0.2,23,15,18.2,-73.16020888,-54.96020888
Boston Housing,0.2,23,17,23.1,-77.87395533,-54.77395533
Boston Housing,0.2,23,18,17.5,64.66565745,82.16565745
Boston Housing,0.2,23,23,15.2,-0.5725492355,14.62745076
Boston Housing,0.2,23,27,16.6,24.63441732,41.23441732
Boston Housing,0.2,23,28,14.8,-20.21702932,-5.417029323
Boston Housing,0.2,23,29,18.4,-55.55809951,-37.15809951
Boston Housing,0.2,23,30,21,32.37065699,53.37065699
Boston Housing,0.2,23,31,12.7,-32.07083878,-19.37083878
Boston Housing,0.2,23,36,18.9,-7.570420898,11.3295791
Boston Housing,0.2,23,44,24.7,-14.20702197,10.49297803
Boston Housing,0.2,23,46,19.3,-81.5877869,-62.2877869
Boston Housing,0.2,23,53,25,-24.83157276,0.1684272442
Boston Housing,0.2,23,60,19.6,-1.231295383,18.36870462
Boston Housing,0.2,23,69,17.4,35.53595843,52.93595843
Boston Housing,0.2,23,72,21.7,-8.326622943,13.37337706
Boston Housing,0.2,23,78,20.8,34.4278132,55.2278132
Boston Housing,0.2,23,81,28,25.27397129,53.27397129
Boston Housing,0.2,23,98,38.7,-139.764793,-101.064793
Boston Housing,0.2,23,104,19.3,-30.00228323,-10.70228323
Boston Housing,0.2,23,106,19.5,3.03627077,22.53627077
Boston Housing,0.2,23,111,21.7,-27.25529855,-5.555298552
Boston Housing,0.2,23,130,14.3,-28.91485083,-14.61485083
Boston Housing,0.2,23,134,18.4,77.43567771,95.83567771
Boston Housing,0.2,23,138,17.1,-1.084817695,16.01518231
Boston Housing,0.2,23,176,29.4,-32.17373194,-2.773731939
Boston Housing,0.2,23,179,29.9,-98.09860252,-68.19860252
Boston Housing,0.2,23,180,37.2,81.82688551,119.0268855
Boston Housing,0.2,23,183,37.9,57.68887982,95.58887982
Boston Housing,0.2,23,185,26.4,-30.18096975,-3.780969753
Boston Housing,0.2,23,235,29,49.59310372,78.59310372
Boston Housing,0.2,23,239,23.7,-60.89272692,-37.19272692
Boston Housing,0.2,23,241,22,-67.50091963,-45.50091963
Boston Housing,0.2,23,247,24.3,-47.13733632,-22.83733632
Boston Housing,0.2,23,249,24.5,83.20709024,107.7070902
Boston Housing,0.2,23,253,29.6,-16.21071362,13.38928638
Boston Housing,0.2,23,270,20.7,98.78041699,119.480417
Boston Housing,0.2,23,276,32,58.36433266,90.36433266
Boston Housing,0.2,23,296,28.6,-122.7701824,-94.17018237
Boston Housing,0.2,23,302,22,18.67588474,40.67588474
Boston Housing,0.2,23,309,22.8,85.00945448,107.8094545
Boston Housing,0.2,23,313,19.4,64.20443135,83.60443135
Boston Housing,0.2,23,317,17.8,-44.55251456,-26.75251456
Boston Housing,0.2,23,319,23.1,86.92483491,110.0248349
Boston Housing,0.2,23,321,23.8,59.74972471,83.54972471
Boston Housing,0.2,23,336,21.1,36.78771405,57.88771405
Boston Housing,0.2,23,339,20.6,2.834333078,23.43433308
Boston Housing,0.2,23,342,32.7,7.46755192,40.16755192
Boston Housing,0.2,23,358,21.7,-25.6549411,-3.954941098
Boston Housing,0.2,23,374,13.8,86.50301684,100.3030168
Boston Housing,0.2,23,400,6.3,45.07361246,51.37361246
Boston Housing,0.2,23,402,7.2,-3.750506682,3.449493318
Boston Housing,0.2,23,417,7.5,-73.59958413,-66.09958413
Boston Housing,0.2,23,421,16.7,40.83309845,57.53309845
Boston Housing,0.2,23,423,20.8,-95.52853601,-74.72853601
Boston Housing,0.2,23,425,11.7,-12.95515616,-1.255156158
Boston Housing,0.2,23,435,11.7,-100.0167262,-88.31672615
Boston Housing,0.2,23,450,13,108.3835817,121.3835817
Boston Housing,0.2,23,452,15.2,40.13959336,55.33959336
Boston Housing,0.2,23,453,16.1,35.16350507,51.26350507
Boston Housing,0.2,23,459,14.9,-103.019371,-88.11937105
Boston Housing,0.2,23,462,17.7,73.78841465,91.48841465
Boston Housing,0.2,23,464,20.2,100.2099224,120.4099224
Boston Housing,0.2,23,466,19.9,12.23569648,32.13569648
Boston Housing,0.2,23,476,13.3,44.76651999,58.06651999
Boston Housing,0.2,23,477,16.7,-31.80082743,-15.10082743
Boston Housing,0.2,23,486,21.2,19.73003503,40.93003503
Boston Housing,0.2,23,499,21.2,61.7689166,82.9689166
Boston Housing,0.2,23,502,22.4,113.6113169,136.0113169
Boston Housing,0.2,24,4,33.4,-84.27673423,-50.87673423
Boston Housing,0.2,24,7,22.9,98.78218974,121.6821897
Boston Housing,0.2,24,18,17.5,5.722521543,23.22252154
Boston Housing,0.2,24,19,20.2,-90.89773594,-70.69773594
Boston Housing,0.2,24,25,15.6,133.2130467,148.8130467
Boston Housing,0.2,24,31,12.7,-47.15935654,-34.45935654
Boston Housing,0.2,24,39,24.7,-18.52195519,6.178044809
Boston Housing,0.2,24,44,24.7,-17.33446721,7.365532791
Boston Housing,0.2,24,45,21.2,-53.11301639,-31.91301639
Boston Housing,0.2,24,50,19.4,-17.35422924,2.045770764
Boston Housing,0.2,24,59,23.3,15.62269807,38.92269807
Boston Housing,0.2,24,72,21.7,-22.96787976,-1.267879764
Boston Housing,0.2,24,77,20,61.10925831,81.10925831
Boston Housing,0.2,24,81,28,18.04783047,46.04783047
Boston Housing,0.2,24,90,28.7,-13.5554154,15.1445846
Boston Housing,0.2,24,96,28.4,-13.70820455,14.69179545
Boston Housing,0.2,24,98,38.7,-48.20618496,-9.506184961
Boston Housing,0.2,24,99,43.8,86.56122475,130.3612248
Boston Housing,0.2,24,109,19.8,-8.667928981,11.13207102
Boston Housing,0.2,24,118,19.2,-19.86399176,-0.6639917628
Boston Housing,0.2,24,128,16.2,53.19099074,69.39099074
Boston Housing,0.2,24,130,14.3,-61.60047604,-47.30047604
Boston Housing,0.2,24,135,15.6,22.10780732,37.70780732
Boston Housing,0.2,24,178,24.6,125.1562929,149.7562929
Boston Housing,0.2,24,180,37.2,-78.96309641,-41.76309641
Boston Housing,0.2,24,182,36.2,-107.8677695,-71.66776953
Boston Housing,0.2,24,185,26.4,61.17016519,87.57016519
Boston Housing,0.2,24,186,29.6,123.6203412,153.2203412
Boston Housing,0.2,24,191,37,69.35061329,106.3506133
Boston Housing,0.2,24,213,22.4,-131.5189552,-109.1189552
Boston Housing,0.2,24,224,30.1,24.0803267,54.1803267
Boston Housing,0.2,24,227,37.6,38.97914663,76.57914663
Boston Housing,0.2,24,228,31.6,82.01359654,113.6135965
Boston Housing,0.2,24,230,31.5,-4.966622197,26.5333778
Boston Housing,0.2,24,233,41.7,18.36487305,60.06487305
Boston Housing,0.2,24,238,31.5,24.70567683,56.20567683
Boston Housing,0.2,24,243,22.2,15.24973203,37.44973203
Boston Housing,0.2,24,244,23.7,-67.54735359,-43.84735359
Boston Housing,0.2,24,248,20.5,35.80708837,56.30708837
Boston Housing,0.2,24,251,24.4,89.53685818,113.9368582
Boston Housing,0.2,24,271,21.1,-75.68000263,-54.58000263
Boston Housing,0.2,24,274,35.2,59.466858,94.666858
Boston Housing,0.2,24,277,33.2,10.45572942,43.65572942
Boston Housing,0.2,24,278,33.1,12.39282872,45.49282872
Boston Housing,0.2,24,289,22.3,-18.29359722,4.006402776
Boston Housing,0.2,24,290,24.8,-42.19883523,-17.39883523
Boston Housing,0.2,24,295,21.7,66.05274602,87.75274602
Boston Housing,0.2,24,316,16.2,-27.28693934,-11.08693934
Boston Housing,0.2,24,317,17.8,-112.8556415,-95.0556415
Boston Housing,0.2,24,324,18.5,84.54774842,103.0477484
Boston Housing,0.2,24,336,21.1,25.73416163,46.83416163
Boston Housing,0.2,24,341,18.7,71.22340426,89.92340426
Boston Housing,0.2,24,358,21.7,-53.0173549,-31.3173549
Boston Housing,0.2,24,360,22.6,19.32796125,41.92796125
Boston Housing,0.2,24,386,7.2,13.01321374,20.21321374
Boston Housing,0.2,24,397,12.5,112.8268804,125.3268804
Boston Housing,0.2,24,398,8.5,-77.93819168,-69.43819168
Boston Housing,0.2,24,436,13.4,5.808138782,19.20813878
Boston Housing,0.2,24,437,9.6,175.8295998,185.4295998
Boston Housing,0.2,24,442,17.1,2.58333678,19.68333678
Boston Housing,0.2,24,443,18.4,80.23298803,98.63298803
Boston Housing,0.2,24,449,14.1,69.1278322,83.2278322
Boston Housing,0.2,24,454,17.8,-189.8863376,-172.0863376
Boston Housing,0.2,24,457,12.7,93.20886608,105.9088661
Boston Housing,0.2,24,458,13.5,22.76017849,36.26017849
Boston Housing,0.2,24,462,17.7,-34.96837554,-17.26837554
Boston Housing,0.2,24,469,19.1,55.12671902,74.22671902
Boston Housing,0.2,24,479,14.6,-2.597544066,12.00245593
Boston Housing,0.2,24,495,24.5,-47.61912295,-23.11912295
Boston Housing,0.2,24,502,22.4,143.6624058,166.0624058
Boston Housing,0.2,24,503,20.6,17.99878139,38.59878139
Boston Housing,0.2,25,7,22.9,22.36283084,45.26283084
Boston Housing,0.2,25,12,18.9,10.56072913,29.46072913
Boston Housing,0.2,25,14,20.4,-120.0146743,-99.61467431
Boston Housing,0.2,25,19,20.2,-9.434470669,10.76552933
Boston Housing,0.2,25,21,13.6,132.191831,145.791831
Boston Housing,0.2,25,22,19.6,-82.51352708,-62.91352708
Boston Housing,0.2,25,26,13.9,-113.6836883,-99.78368828
Boston Housing,0.2,25,30,21,-36.91301774,-15.91301774
Boston Housing,0.2,25,33,13.2,162.3994667,175.5994667
Boston Housing,0.2,25,47,20,-7.844468487,12.15553151
Boston Housing,0.2,25,54,23.4,-34.9041897,-11.5041897
Boston Housing,0.2,25,92,22,-50.1300094,-28.1300094
Boston Housing,0.2,25,96,28.4,98.24415656,126.6441566
Boston Housing,0.2,25,102,26.5,-8.043764714,18.45623529
Boston Housing,0.2,25,104,19.3,60.49959083,79.79959083
Boston Housing,0.2,25,105,20.1,41.83582968,61.93582968
Boston Housing,0.2,25,110,19.4,-97.50784275,-78.10784275
Boston Housing,0.2,25,111,21.7,122.0577508,143.7577508
Boston Housing,0.2,25,115,18.5,94.42512399,112.925124
Boston Housing,0.2,25,129,18,-103.1780468,-85.17804677
Boston Housing,0.2,25,133,23,-28.70134377,-5.701343774
Boston Housing,0.2,25,176,29.4,-25.59277478,3.80722522
Boston Housing,0.2,25,181,39.8,-15.19503783,24.60496217
Boston Housing,0.2,25,182,36.2,-20.56539253,15.63460747
Boston Housing,0.2,25,183,37.9,-108.1561908,-70.25619077
Boston Housing,0.2,25,194,31.1,-128.6731678,-97.57316777
Boston Housing,0.2,25,209,24.4,-40.32879835,-15.92879835
Boston Housing,0.2,25,212,19.3,129.4151027,148.7151027
Boston Housing,0.2,25,219,21.5,9.722221253,31.22222125
Boston Housing,0.2,25,228,31.6,-40.48943215,-8.889432151
Boston Housing,0.2,25,233,41.7,-51.00391571,-9.303915706
Boston Housing,0.2,25,236,24,-10.13617331,13.86382669
Boston Housing,0.2,25,239,23.7,75.95760829,99.65760829
Boston Housing,0.2,25,243,22.2,-66.64777355,-44.44777355
Boston Housing,0.2,25,245,17.6,-49.05614567,-31.45614567
Boston Housing,0.2,25,247,24.3,-35.9132777,-11.6132777
Boston Housing,0.2,25,289,22.3,65.33149142,87.63149142
Boston Housing,0.2,25,294,23.9,69.8323284,93.7323284
Boston Housing,0.2,25,299,22.5,-19.7299154,2.770084604
Boston Housing,0.2,25,310,20.3,-57.56697896,-37.26697896
Boston Housing,0.2,25,311,16.1,-71.23814548,-55.13814548
Boston Housing,0.2,25,315,23.8,-17.77786281,6.022137187
Boston Housing,0.2,25,316,16.2,-14.50678025,1.693219749
Boston Housing,0.2,25,334,22.2,79.6093879,101.8093879
Boston Housing,0.2,25,336,21.1,25.02948499,46.12948499
Boston Housing,0.2,25,339,20.6,17.98641084,38.58641084
Boston Housing,0.2,25,359,22.7,68.80816083,91.50816083
Boston Housing,0.2,25,374,13.8,-106.7558728,-92.95587281
Boston Housing,0.2,25,398,8.5,113.6308647,122.1308647
Boston Housing,0.2,25,400,6.3,21.61589843,27.91589843
Boston Housing,0.2,25,402,7.2,-88.3920657,-81.1920657
Boston Housing,0.2,25,410,27.5,49.37006232,76.87006232
Boston Housing,0.2,25,421,16.7,123.2632619,139.9632619
Boston Housing,0.2,25,424,13.4,27.95207999,41.35207999
Boston Housing,0.2,25,425,11.7,-22.6938463,-10.9938463
Boston Housing,0.2,25,432,14.1,39.24347116,53.34347116
Boston Housing,0.2,25,435,11.7,-57.01969805,-45.31969805
Boston Housing,0.2,25,448,12.6,102.7375734,115.3375734
Boston Housing,0.2,25,454,17.8,-77.86831477,-60.06831477
Boston Housing,0.2,25,456,14.1,22.67936515,36.77936515
Boston Housing,0.2,25,458,13.5,120.3356877,133.8356877
Boston Housing,0.2,25,462,17.7,-39.22977768,-21.52977768
Boston Housing,0.2,25,465,21.4,72.81575828,94.21575828
Boston Housing,0.2,25,468,19.1,133.1730771,152.2730771
Boston Housing,0.2,25,472,19.6,13.76102495,33.36102495
Boston Housing,0.2,25,481,23,-59.14746218,-36.14746218
Boston Housing,0.2,25,486,21.2,11.12806668,32.32806668
Boston Housing,0.2,25,495,24.5,172.7382292,197.2382292
Boston Housing,0.2,25,496,23.1,-26.3943949,-3.294394898
Boston Housing,0.2,25,502,22.4,-7.629704475,14.77029552
Boston Housing,0.2,25,503,20.6,-21.92318662,-1.323186619
Boston Housing,0.2,26,5,36.2,80.44268783,116.6426878
Boston Housing,0.2,26,8,27.1,-1.845829106,25.25417089
Boston Housing,0.2,26,18,17.5,25.12492453,42.62492453
Boston Housing,0.2,26,24,14.5,94.21437795,108.7143779
Boston Housing,0.2,26,29,18.4,-8.796086857,9.603913143
Boston Housing,0.2,26,36,18.9,-65.35149382,-46.45149382
Boston Housing,0.2,26,45,21.2,10.04622514,31.24622514
Boston Housing,0.2,26,50,19.4,-1.261562653,18.13843735
Boston Housing,0.2,26,59,23.3,-8.593555581,14.70644442
Boston Housing,0.2,26,68,22,73.03828521,95.03828521
Boston Housing,0.2,26,70,20.9,41.18018893,62.08018893
Boston Housing,0.2,26,74,23.4,64.95719591,88.35719591
Boston Housing,0.2,26,87,22.5,24.25032525,46.75032525
Boston Housing,0.2,26,91,22.6,-81.84106255,-59.24106255
Boston Housing,0.2,26,102,26.5,-37.04119653,-10.54119653
Boston Housing,0.2,26,103,18.6,100.106871,118.706871
Boston Housing,0.2,26,105,20.1,45.27583577,65.37583577
Boston Housing,0.2,26,107,19.5,71.32212661,90.82212661
Boston Housing,0.2,26,109,19.8,40.17873298,59.97873298
Boston Housing,0.2,26,111,21.7,-32.63795766,-10.93795766
Boston Housing,0.2,26,128,16.2,50.13741407,66.33741407
Boston Housing,0.2,26,130,14.3,-19.24239069,-4.942390687
Boston Housing,0.2,26,132,19.6,-68.73834214,-49.13834214
Boston Housing,0.2,26,134,18.4,-14.94318353,3.456816471
Boston Housing,0.2,26,178,24.6,1.241235059,25.84123506
Boston Housing,0.2,26,188,32,5.12622558,37.12622558
Boston Housing,0.2,26,193,36.4,80.11711652,116.5171165
Boston Housing,0.2,26,208,22.5,45.38934237,67.88934237
Boston Housing,0.2,26,213,22.4,51.23067612,73.63067612
Boston Housing,0.2,26,217,23.3,-60.21316307,-36.91316307
Boston Housing,0.2,26,223,27.5,-22.38966037,5.110339628
Boston Housing,0.2,26,231,24.3,10.72681783,35.02681783
Boston Housing,0.2,26,232,31.7,-47.58625104,-15.88625104
Boston Housing,0.2,26,242,20.1,-37.39735128,-17.29735128
Boston Housing,0.2,26,245,17.6,81.57078517,99.17078517
Boston Housing,0.2,26,272,25.2,-15.19529336,10.00470664
Boston Housing,0.2,26,276,32,51.29072632,83.29072632
Boston Housing,0.2,26,280,35.1,-89.85761813,-54.75761813
Boston Housing,0.2,26,288,23.2,92.47253374,115.6725337
Boston Housing,0.2,26,290,24.8,-9.02800971,15.77199029
Boston Housing,0.2,26,313,19.4,-47.66543404,-28.26543404
Boston Housing,0.2,26,316,16.2,-47.07813909,-30.87813909
Boston Housing,0.2,26,319,23.1,109.1646856,132.2646856
Boston Housing,0.2,26,322,23.1,17.39324856,40.49324856
Boston Housing,0.2,26,328,22.2,-117.4782386,-95.27823857
Boston Housing,0.2,26,344,23.9,211.3494331,235.2494331
Boston Housing,0.2,26,359,22.7,86.91775143,109.6177514
Boston Housing,0.2,26,384,12.3,85.94669094,98.24669094
Boston Housing,0.2,26,392,23.2,113.5962842,136.7962842
Boston Housing,0.2,26,395,12.7,-63.70929777,-51.00929777
Boston Housing,0.2,26,398,8.5,45.97614223,54.47614223
Boston Housing,0.2,26,420,8.4,5.900002497,14.3000025
Boston Housing,0.2,26,423,20.8,-31.2777166,-10.4777166
Boston Housing,0.2,26,426,8.3,-10.54081974,-2.240819742
Boston Housing,0.2,26,431,14.5,-53.07724109,-38.57724109
Boston Housing,0.2,26,434,14.3,73.01904016,87.31904016
Boston Housing,0.2,26,437,9.6,-39.89298079,-30.29298079
Boston Housing,0.2,26,446,11.8,-57.1253259,-45.3253259
Boston Housing,0.2,26,451,13.4,-12.99257505,0.4074249466
Boston Housing,0.2,26,457,12.7,88.74093479,101.4409348
Boston Housing,0.2,26,459,14.9,-58.71753836,-43.81753836
Boston Housing,0.2,26,468,19.1,-77.93671489,-58.83671489
Boston Housing,0.2,26,474,29.8,87.06265474,116.8626547
Boston Housing,0.2,26,475,13.8,-50.71922725,-36.91922725
Boston Housing,0.2,26,478,12,25.35623831,37.35623831
Boston Housing,0.2,26,481,23,-17.28374019,5.716259808
Boston Housing,0.2,26,484,21.8,11.31240633,33.11240633
Boston Housing,0.2,26,485,20.6,85.45285816,106.0528582
Boston Housing,0.2,26,495,24.5,-89.78875222,-65.28875222
Boston Housing,0.2,26,496,23.1,-90.29030705,-67.19030705
Boston Housing,0.2,26,503,20.6,116.0733906,136.6733906
Boston Housing,0.2,27,3,34.7,71.1513235,105.8513235
Boston Housing,0.2,27,12,18.9,-44.27117752,-25.37117752
Boston Housing,0.2,27,19,20.2,-114.8550572,-94.65505716
Boston Housing,0.2,27,23,15.2,55.28808708,70.48808708
Boston Housing,0.2,27,32,14.5,-76.44471584,-61.94471584
Boston Housing,0.2,27,38,21,-8.158942469,12.84105753
Boston Housing,0.2,27,43,25.3,92.74046782,118.0404678
Boston Housing,0.2,27,44,24.7,-27.23439655,-2.534396553
Boston Housing,0.2,27,60,19.6,16.57650085,36.17650085
Boston Housing,0.2,27,77,20,-10.58004283,9.419957172
Boston Housing,0.2,27,83,24.8,4.996939322,29.79693932
Boston Housing,0.2,27,97,21.4,-63.29420891,-41.89420891
Boston Housing,0.2,27,99,43.8,47.1796243,90.9796243
Boston Housing,0.2,27,113,18.8,83.50843248,102.3084325
Boston Housing,0.2,27,115,18.5,52.94799101,71.44799101
Boston Housing,0.2,27,116,18.3,-11.12862042,7.171379583
Boston Housing,0.2,27,120,19.3,22.83452328,42.13452328
Boston Housing,0.2,27,133,23,-3.773850185,19.22614982
Boston Housing,0.2,27,134,18.4,-30.98780557,-12.58780557
Boston Housing,0.2,27,135,15.6,15.99075654,31.59075654
Boston Housing,0.2,27,175,22.6,10.31784813,32.91784813
Boston Housing,0.2,27,179,29.9,-78.40740199,-48.50740199
Boston Housing,0.2,27,183,37.9,-150.5292384,-112.6292384
Boston Housing,0.2,27,185,26.4,-15.28589681,11.11410319
Boston Housing,0.2,27,186,29.6,13.91166564,43.51166564
Boston Housing,0.2,27,210,20,24.31563171,44.31563171
Boston Housing,0.2,27,212,19.3,-8.385153449,10.91484655
Boston Housing,0.2,27,213,22.4,-50.86087268,-28.46087268
Boston Housing,0.2,27,219,21.5,-27.60995949,-6.109959493
Boston Housing,0.2,27,231,24.3,24.015758,48.315758
Boston Housing,0.2,27,233,41.7,-16.0878026,25.6121974
Boston Housing,0.2,27,239,23.7,88.10103748,111.8010375
Boston Housing,0.2,27,244,23.7,-10.5886516,13.1113484
Boston Housing,0.2,27,245,17.6,-8.487127735,9.112872265
Boston Housing,0.2,27,248,20.5,-55.77611477,-35.27611477
Boston Housing,0.2,27,272,25.2,-123.687711,-98.48771104
Boston Housing,0.2,27,276,32,-103.4823361,-71.48233607
Boston Housing,0.2,27,277,33.2,-113.285268,-80.085268
Boston Housing,0.2,27,283,46,55.53883632,101.5388363
Boston Housing,0.2,27,286,22,13.37015418,35.37015418
Boston Housing,0.2,27,299,22.5,-50.41936641,-27.91936641
Boston Housing,0.2,27,304,33.1,10.15979776,43.25979776
Boston Housing,0.2,27,314,21.6,-146.4086452,-124.8086452
Boston Housing,0.2,27,317,17.8,50.55915032,68.35915032
Boston Housing,0.2,27,323,20.4,76.7444438,97.1444438
Boston Housing,0.2,27,339,20.6,-25.48363135,-4.883631351
Boston Housing,0.2,27,345,31.2,40.15484915,71.35484915
Boston Housing,0.2,27,361,25,-44.71487977,-19.71487977
Boston Housing,0.2,27,367,21.9,-72.3779959,-50.4779959
Boston Housing,0.2,27,395,12.7,57.4745464,70.1745464
Boston Housing,0.2,27,423,20.8,-44.94343897,-24.14343897
Boston Housing,0.2,27,426,8.3,-96.69938607,-88.39938607
Boston Housing,0.2,27,432,14.1,-69.61961732,-55.51961732
Boston Housing,0.2,27,433,16.1,-28.30527088,-12.20527088
Boston Housing,0.2,27,435,11.7,38.54156484,50.24156484
Boston Housing,0.2,27,437,9.6,7.023379058,16.62337906
Boston Housing,0.2,27,438,8.7,69.40623829,78.10623829
Boston Housing,0.2,27,444,15.4,71.35799585,86.75799585
Boston Housing,0.2,27,445,10.8,-133.489633,-122.689633
Boston Housing,0.2,27,451,13.4,-15.657455,-2.257455005
Boston Housing,0.2,27,454,17.8,-14.18396017,3.61603983
Boston Housing,0.2,27,455,14.9,37.55066313,52.45066313
Boston Housing,0.2,27,459,14.9,82.13724184,97.03724184
Boston Housing,0.2,27,460,20,9.886391034,29.88639103
Boston Housing,0.2,27,470,20.1,76.96933626,97.06933626
Boston Housing,0.2,27,471,19.9,-118.1345827,-98.23458275
Boston Housing,0.2,27,475,13.8,-70.09670999,-56.29670999
Boston Housing,0.2,27,476,13.3,46.06294198,59.36294198
Boston Housing,0.2,27,484,21.8,-52.51476088,-30.71476088
Boston Housing,0.2,27,496,23.1,26.18800177,49.28800177
Boston Housing,0.2,27,506,11.9,14.74626295,26.64626295
Boston Housing,0.2,28,5,36.2,42.73585158,78.93585158
Boston Housing,0.2,28,6,28.7,32.33586399,61.03586399
Boston Housing,0.2,28,17,23.1,-163.5238216,-140.4238216
Boston Housing,0.2,28,20,18.2,10.92564782,29.12564782
Boston Housing,0.2,28,31,12.7,127.6338611,140.3338611
Boston Housing,0.2,28,35,13.5,6.80034964,20.30034964
Boston Housing,0.2,28,37,20,41.39288545,61.39288545
Boston Housing,0.2,28,59,23.3,99.99821266,123.2982127
Boston Housing,0.2,28,62,16,-107.9462603,-91.94626031
Boston Housing,0.2,28,79,21.2,-56.67035715,-35.47035715
Boston Housing,0.2,28,80,20.3,25.43776956,45.73776956
Boston Housing,0.2,28,87,22.5,-50.46246553,-27.96246553
Boston Housing,0.2,28,92,22,91.11736259,113.1173626
Boston Housing,0.2,28,100,33.2,50.98797204,84.18797204
Boston Housing,0.2,28,102,26.5,-131.6069089,-105.1069089
Boston Housing,0.2,28,105,20.1,71.80969563,91.90969563
Boston Housing,0.2,28,107,19.5,-46.78648698,-27.28648698
Boston Housing,0.2,28,111,21.7,20.80609564,42.50609564
Boston Housing,0.2,28,114,18.7,-0.2892477616,18.41075224
Boston Housing,0.2,28,117,21.2,128.6305287,149.8305287
Boston Housing,0.2,28,120,19.3,30.95210133,50.25210133
Boston Housing,0.2,28,133,23,-5.151707058,17.84829294
Boston Housing,0.2,28,173,23.1,-7.386141897,15.7138581
Boston Housing,0.2,28,174,23.6,-83.76272363,-60.16272363
Boston Housing,0.2,28,177,23.2,-25.30257212,-2.102572124
Boston Housing,0.2,28,178,24.6,-92.86224806,-68.26224806
Boston Housing,0.2,28,190,34.9,-12.88377805,22.01622195
Boston Housing,0.2,28,194,31.1,-7.480447608,23.61955239
Boston Housing,0.2,28,206,22.6,13.8830111,36.4830111
Boston Housing,0.2,28,208,22.5,102.7030799,125.2030799
Boston Housing,0.2,28,211,21.7,22.94184081,44.64184081
Boston Housing,0.2,28,213,22.4,-24.65586627,-2.255866266
Boston Housing,0.2,28,214,28.1,-61.87186037,-33.77186037
Boston Housing,0.2,28,217,23.3,-34.79415757,-11.49415757
Boston Housing,0.2,28,244,23.7,82.11297104,105.812971
Boston Housing,0.2,28,275,32.4,20.14842322,52.54842322
Boston Housing,0.2,28,286,22,-5.06593718,16.93406282
Boston Housing,0.2,28,289,22.3,-37.13608434,-14.83608434
Boston Housing,0.2,28,296,28.6,174.5774736,203.1774736
Boston Housing,0.2,28,297,27.1,-38.92115051,-11.82115051
Boston Housing,0.2,28,300,29,50.16648254,79.16648254
Boston Housing,0.2,28,303,26.4,32.95310421,59.35310421
Boston Housing,0.2,28,313,19.4,10.82710456,30.22710456
Boston Housing,0.2,28,317,17.8,11.8144372,29.6144372
Boston Housing,0.2,28,320,21,-53.52330128,-32.52330128
Boston Housing,0.2,28,321,23.8,-27.37650926,-3.57650926
Boston Housing,0.2,28,322,23.1,-27.1771672,-4.077167198
Boston Housing,0.2,28,334,22.2,-101.6299079,-79.42990793
Boston Housing,0.2,28,344,23.9,-74.63483609,-50.73483609
Boston Housing,0.2,28,358,21.7,77.36074648,99.06074648
Boston Housing,0.2,28,360,22.6,-0.7806621545,21.81933785
Boston Housing,0.2,28,378,13.3,-3.627763016,9.672236984
Boston Housing,0.2,28,380,10.2,-93.18331231,-82.98331231
Boston Housing,0.2,28,392,23.2,-47.08367728,-23.88367728
Boston Housing,0.2,28,393,9.7,-64.53302257,-54.83302257
Boston Housing,0.2,28,394,13.8,1.547843443,15.34784344
Boston Housing,0.2,28,403,12.1,-129.0970046,-116.9970046
Boston Housing,0.2,28,423,20.8,-101.3103061,-80.51030611
Boston Housing,0.2,28,427,10.2,16.6765824,26.8765824
Boston Housing,0.2,28,442,17.1,-80.06573999,-62.96573999
Boston Housing,0.2,28,445,10.8,33.68716361,44.48716361
Boston Housing,0.2,28,453,16.1,-77.90932198,-61.80932198
Boston Housing,0.2,28,456,14.1,6.081024274,20.18102427
Boston Housing,0.2,28,459,14.9,-57.04914557,-42.14914557
Boston Housing,0.2,28,467,19,-118.5288409,-99.5288409
Boston Housing,0.2,28,468,19.1,25.2419697,44.3419697
Boston Housing,0.2,28,479,14.6,-16.64473949,-2.044739489
Boston Housing,0.2,28,488,20.6,-1.110382547,19.48961745
Boston Housing,0.2,28,494,21.8,-11.31653437,10.48346563
Boston Housing,0.2,28,502,22.4,26.43946725,48.83946725
Boston Housing,0.2,28,504,23.9,8.345775718,32.24577572
Boston Housing,0.2,29,5,36.2,-23.8204716,12.3795284
Boston Housing,0.2,29,7,22.9,-17.27025895,5.629741049
Boston Housing,0.2,29,21,13.6,41.28651176,54.88651176
Boston Housing,0.2,29,30,21,-15.97866852,5.021331481
Boston Housing,0.2,29,37,20,-49.69577342,-29.69577342
Boston Housing,0.2,29,44,24.7,84.32472168,109.0247217
Boston Housing,0.2,29,46,19.3,-40.93571873,-21.63571873
Boston Housing,0.2,29,51,19.7,3.566837526,23.26683753
Boston Housing,0.2,29,54,23.4,8.014153967,31.41415397
Boston Housing,0.2,29,69,17.4,-63.88120589,-46.48120589
Boston Housing,0.2,29,73,22.8,-39.9675484,-17.1675484
Boston Housing,0.2,29,79,21.2,129.9155985,151.1155985
Boston Housing,0.2,29,81,28,-60.11762098,-32.11762098
Boston Housing,0.2,29,84,22.9,-110.0914893,-87.19148927
Boston Housing,0.2,29,88,22.2,-63.59776447,-41.39776447
Boston Housing,0.2,29,90,28.7,-11.30233737,17.39766263
Boston Housing,0.2,29,96,28.4,12.41433214,40.81433214
Boston Housing,0.2,29,97,21.4,4.052383459,25.45238346
Boston Housing,0.2,29,101,27.5,78.74379322,106.2437932
Boston Housing,0.2,29,102,26.5,-51.56652831,-25.06652831
Boston Housing,0.2,29,113,18.8,51.36134308,70.16134308
Boston Housing,0.2,29,114,18.7,-4.741852907,13.95814709
Boston Housing,0.2,29,130,14.3,-18.53926979,-4.239269793
Boston Housing,0.2,29,138,17.1,-29.97547167,-12.87547167
Boston Housing,0.2,29,140,17.8,73.8224847,91.6224847
Boston Housing,0.2,29,180,37.2,27.59133663,64.79133663
Boston Housing,0.2,29,185,26.4,-40.18263392,-13.78263392
Boston Housing,0.2,29,186,29.6,27.07226853,56.67226853
Boston Housing,0.2,29,192,30.5,15.27793646,45.77793646
Boston Housing,0.2,29,194,31.1,45.88541269,76.98541269
Boston Housing,0.2,29,209,24.4,-85.6993297,-61.2993297
Boston Housing,0.2,29,217,23.3,22.53780404,45.83780404
Boston Housing,0.2,29,218,28.7,118.2023948,146.9023948
Boston Housing,0.2,29,225,44.8,2.555490764,47.35549076
Boston Housing,0.2,29,227,37.6,-104.4318521,-66.83185214
Boston Housing,0.2,29,228,31.6,-37.27326576,-5.673265757
Boston Housing,0.2,29,232,31.7,-39.65123523,-7.951235233
Boston Housing,0.2,29,240,23.3,101.288074,124.588074
Boston Housing,0.2,29,248,20.5,39.09056207,59.59056207
Boston Housing,0.2,29,274,35.2,8.11217296,43.31217296
Boston Housing,0.2,29,277,33.2,-61.44733046,-28.24733046
Boston Housing,0.2,29,289,22.3,19.12775621,41.42775621
Boston Housing,0.2,29,303,26.4,-65.42249291,-39.02249291
Boston Housing,0.2,29,310,20.3,-7.719033117,12.58096688
Boston Housing,0.2,29,311,16.1,-74.97539961,-58.87539961
Boston Housing,0.2,29,314,21.6,29.59144523,51.19144523
Boston Housing,0.2,29,318,19.8,34.38348368,54.18348368
Boston Housing,0.2,29,319,23.1,-206.1849545,-183.0849545
Boston Housing,0.2,29,328,22.2,-121.1027985,-98.9027985
Boston Housing,0.2,29,332,17.1,103.8243438,120.9243438
Boston Housing,0.2,29,340,19,-18.93313604,0.06686396269
Boston Housing,0.2,29,357,17.8,-21.92172405,-4.121724053
Boston Housing,0.2,29,378,13.3,-56.95127877,-43.65127877
Boston Housing,0.2,29,390,11.5,152.4260493,163.9260493
Boston Housing,0.2,29,396,13.1,49.48976428,62.58976428
Boston Housing,0.2,29,417,7.5,-75.60634078,-68.10634078
Boston Housing,0.2,29,423,20.8,-52.93562893,-32.13562893
Boston Housing,0.2,29,427,10.2,-68.20581375,-58.00581375
Boston Housing,0.2,29,438,8.7,48.3634021,57.0634021
Boston Housing,0.2,29,443,18.4,85.27973466,103.6797347
Boston Housing,0.2,29,444,15.4,26.78133627,42.18133627
Boston Housing,0.2,29,456,14.1,59.55107447,73.65107447
Boston Housing,0.2,29,457,12.7,82.5591875,95.2591875
Boston Housing,0.2,29,459,14.9,41.57823656,56.47823656
Boston Housing,0.2,29,463,19.5,106.9566598,126.4566598
Boston Housing,0.2,29,468,19.1,-15.99817265,3.101827352
Boston Housing,0.2,29,478,12,-53.59513356,-41.59513356
Boston Housing,0.2,29,480,21.4,80.91468567,102.3146857
Boston Housing,0.2,29,488,20.6,7.779310115,28.37931012
Boston Housing,0.2,29,495,24.5,118.7977116,143.2977116
Boston Housing,0.2,29,504,23.9,-37.98382299,-14.08382299
Boston Housing,0.2,30,1,24,-61.53589387,-37.53589387
Boston Housing,0.2,30,7,22.9,17.34170353,40.24170353
Boston Housing,0.2,30,17,23.1,-102.2863427,-79.18634275
Boston Housing,0.2,30,20,18.2,50.75208814,68.95208814
Boston Housing,0.2,30,30,21,-98.83269937,-77.83269937
Boston Housing,0.2,30,31,12.7,12.06656973,24.76656973
Boston Housing,0.2,30,38,21,102.5071283,123.5071283
Boston Housing,0.2,30,39,24.7,-6.406892451,18.29310755
Boston Housing,0.2,30,47,20,-85.98438774,-65.98438774
Boston Housing,0.2,30,48,16.6,52.52879984,69.12879984
Boston Housing,0.2,30,62,16,40.95606445,56.95606445
Boston Housing,0.2,30,68,22,51.7289044,73.7289044
Boston Housing,0.2,30,70,20.9,-69.74968073,-48.84968073
Boston Housing,0.2,30,74,23.4,84.03217752,107.4321775
Boston Housing,0.2,30,76,21.4,-75.23434256,-53.83434256
Boston Housing,0.2,30,78,20.8,-33.27620358,-12.47620358
Boston Housing,0.2,30,80,20.3,-46.32802152,-26.02802152
Boston Housing,0.2,30,84,22.9,-15.63174533,7.268254673
Boston Housing,0.2,30,97,21.4,-51.95554182,-30.55554182
Boston Housing,0.2,30,114,18.7,35.37072109,54.07072109
Boston Housing,0.2,30,133,23,-4.645251149,18.35474885
Boston Housing,0.2,30,134,18.4,103.4310319,121.8310319
Boston Housing,0.2,30,137,17.4,-23.79642422,-6.396424218
Boston Housing,0.2,30,139,13.3,66.40757049,79.70757049
Boston Housing,0.2,30,184,32.5,-8.387980453,24.11201955
Boston Housing,0.2,30,185,26.4,-21.02177298,5.378227017
Boston Housing,0.2,30,194,31.1,-26.02879357,5.071206432
Boston Housing,0.2,30,212,19.3,-122.7583667,-103.4583667
Boston Housing,0.2,30,213,22.4,32.88307773,55.28307773
Boston Housing,0.2,30,214,28.1,132.1750275,160.2750275
Boston Housing,0.2,30,216,25,-136.800779,-111.800779
Boston Housing,0.2,30,220,23,6.004895762,29.00489576
Boston Housing,0.2,30,225,44.8,-34.94937373,9.850626275
Boston Housing,0.2,30,227,37.6,20.06967165,57.66967165
Boston Housing,0.2,30,236,24,85.36014254,109.3601425
Boston Housing,0.2,30,241,22,-78.81013653,-56.81013653
Boston Housing,0.2,30,244,23.7,-45.64404146,-21.94404146
Boston Housing,0.2,30,249,24.5,10.14848479,34.64848479
Boston Housing,0.2,30,250,26.2,-0.9750641145,25.22493589
Boston Housing,0.2,30,274,35.2,46.91772803,82.11772803
Boston Housing,0.2,30,275,32.4,-31.38075137,1.019248625
Boston Housing,0.2,30,276,32,82.47164708,114.4716471
Boston Housing,0.2,30,279,29.1,51.03710908,80.13710908
Boston Housing,0.2,30,281,45.4,51.85104128,97.25104128
Boston Housing,0.2,30,283,46,-116.3506914,-70.3506914
Boston Housing,0.2,30,294,23.9,-83.1562055,-59.2562055
Boston Housing,0.2,30,297,27.1,4.040667984,31.14066798
Boston Housing,0.2,30,302,22,-71.55022012,-49.55022012
Boston Housing,0.2,30,315,23.8,14.42093249,38.22093249
Boston Housing,0.2,30,320,21,68.88535543,89.88535543
Boston Housing,0.2,30,325,25,-84.26590083,-59.26590083
Boston Housing,0.2,30,335,20.7,22.85022039,43.55022039
Boston Housing,0.2,30,342,32.7,89.1698244,121.8698244
Boston Housing,0.2,30,367,21.9,-119.8426751,-97.94267511
Boston Housing,0.2,30,397,12.5,-6.418501515,6.081498485
Boston Housing,0.2,30,410,27.5,12.35838973,39.85838973
Boston Housing,0.2,30,422,14.2,58.93247052,73.13247052
Boston Housing,0.2,30,434,14.3,-16.00561865,-1.705618646
Boston Housing,0.2,30,442,17.1,46.62456634,63.72456634
Boston Housing,0.2,30,443,18.4,13.51305093,31.91305093
Boston Housing,0.2,30,447,14.9,-112.5953971,-97.69539712
Boston Housing,0.2,30,453,16.1,-174.8884737,-158.7884737
Boston Housing,0.2,30,469,19.1,-82.02105234,-62.92105234
Boston Housing,0.2,30,473,23.2,-17.88210031,5.317899688
Boston Housing,0.2,30,477,16.7,-163.3676477,-146.6676477
Boston Housing,0.2,30,480,21.4,219.544814,240.944814
Boston Housing,0.2,30,481,23,50.48039489,73.48039489
Boston Housing,0.2,30,482,23.7,-70.92340491,-47.22340491
Boston Housing,0.2,30,495,24.5,46.38047018,70.88047018
Boston Housing,0.2,30,498,18.3,30.11474656,48.41474656
Boston Housing,0.2,30,504,23.9,-124.6394852,-100.7394852
Concrete Strength,0.05,1,6,47.02984744,-450.6573637,-403.6275163
Concrete Strength,0.05,1,68,30.27558064,7.887478137,38.16305877
Concrete Strength,0.05,1,81,33.39821744,402.8737769,436.2719943
Concrete Strength,0.05,1,95,42.79577532,-9.968843425,32.82693189
Concrete Strength,0.05,1,111,37.99702236,-281.9666373,-243.9696149
Concrete Strength,0.05,1,119,60.2946762,436.9604166,497.2550928
Concrete Strength,0.05,1,125,50.69717028,78.08803051,128.7852008
Concrete Strength,0.05,1,127,60.2946762,314.4125429,374.7072191
Concrete Strength,0.05,1,139,49.89737812,310.9465127,360.8438908
Concrete Strength,0.05,1,193,27.66177712,-6.206380479,21.45539664
Concrete Strength,0.05,1,218,38.56239268,184.6853675,223.2477601
Concrete Strength,0.05,1,241,22.31833812,384.8640976,407.1824358
Concrete Strength,0.05,1,260,13.33446584,-102.5476969,-89.21323108
Concrete Strength,0.05,1,267,38.50033984,-624.7019194,-586.2015795
Concrete Strength,0.05,1,280,13.12072828,-151.5669344,-138.4462061
Concrete Strength,0.05,1,282,32.66047812,-187.9845568,-155.3240787
Concrete Strength,0.05,1,333,60.32225524,19.6132926,79.93554784
Concrete Strength,0.05,1,343,51.95891136,238.2195629,290.1784742
Concrete Strength,0.05,1,367,52.20022796,-326.4906143,-274.2903863
Concrete Strength,0.05,1,411,21.29101888,59.90605274,81.19707162
Concrete Strength,0.05,1,499,55.45455468,518.4794099,573.9339645
Concrete Strength,0.05,1,561,25.74503384,76.58309642,102.3281303
Concrete Strength,0.05,1,570,22.48932817,-48.17248879,-25.68316062
Concrete Strength,0.05,1,618,9.307926,490.3746414,499.6825674
Concrete Strength,0.05,1,660,29.23171397,-49.4929966,-20.26128263
Concrete Strength,0.05,1,665,19.35014394,54.87349842,74.22364236
Concrete Strength,0.05,1,670,16.10960674,111.7664831,127.8760898
Concrete Strength,0.05,1,694,17.96429718,-172.1670741,-154.202777
Concrete Strength,0.05,1,698,7.723510152,101.0434467,108.7669569
Concrete Strength,0.05,1,718,4.827710952,-34.60284563,-29.77513468
Concrete Strength,0.05,1,726,38.70028788,-140.973915,-102.2736271
Concrete Strength,0.05,1,742,43.89204216,81.07402876,124.9660709
Concrete Strength,0.05,1,759,22.53207568,-47.67369585,-25.14162017
Concrete Strength,0.05,1,838,39.05192064,278.323221,317.3751417
Concrete Strength,0.05,1,860,15.08573488,373.7435088,388.8292437
Concrete Strength,0.05,1,871,23.69039536,-85.50737998,-61.81698462
Concrete Strength,0.05,1,890,33.7153764,37.98449056,71.69986696
Concrete Strength,0.05,1,930,21.91154728,219.4085764,241.3201237
Concrete Strength,0.05,1,934,23.8903434,-249.7411626,-225.8508192
Concrete Strength,0.05,1,960,52.44637089,-103.3279384,-50.88156746
Concrete Strength,0.05,1,973,23.74417449,-217.4800849,-193.7359104
Concrete Strength,0.05,1,1000,15.56974703,-218.7321694,-203.1624224
Concrete Strength,0.05,2,58,9.131420144,89.80058686,98.93200701
Concrete Strength,0.05,2,128,55.49592324,93.90613648,149.4020597
Concrete Strength,0.05,2,130,71.29871316,457.0006567,528.2993699
Concrete Strength,0.05,2,151,66.10006412,-26.9764792,39.12358492
Concrete Strength,0.05,2,154,80.19984832,285.7004733,365.9003217
Concrete Strength,0.05,2,165,65.19685056,16.71643796,81.91328852
Concrete Strength,0.05,2,205,12.47262084,-513.891707,-501.4190861
Concrete Strength,0.05,2,215,9.4458212,410.8458316,420.2916528
Concrete Strength,0.05,2,231,30.38520732,-123.1366491,-92.75144183
Concrete Strength,0.05,2,254,42.34761592,-255.6328944,-213.2852785
Concrete Strength,0.05,2,270,15.43736764,77.57503031,93.01239795
Concrete Strength,0.05,2,271,26.77235308,95.00933702,121.7816901
Concrete Strength,0.05,2,280,13.12072828,-218.8247211,-205.7039928
Concrete Strength,0.05,2,290,7.31534036,302.5885738,309.9039142
Concrete Strength,0.05,2,292,31.2677366,421.6869691,452.9547057
Concrete Strength,0.05,2,337,51.3314882,22.68730161,74.01878981
Concrete Strength,0.05,2,338,56.8472962,-105.60916,-48.76186375
Concrete Strength,0.05,2,343,51.95891136,-206.0987589,-154.1398476
Concrete Strength,0.05,2,349,50.07664188,12.80083907,62.87748095
Concrete Strength,0.05,2,393,47.27736932,162.5150007,209.79237
Concrete Strength,0.05,2,398,29.15794004,-188.523508,-159.365568
Concrete Strength,0.05,2,401,67.86512268,-42.78722824,25.07789444
Concrete Strength,0.05,2,414,15.81657944,44.12055537,59.93713481
Concrete Strength,0.05,2,464,56.06129356,596.8768866,652.9381801
Concrete Strength,0.05,2,491,34.77027468,-54.31279696,-19.54252228
Concrete Strength,0.05,2,494,41.66503468,-296.4299042,-254.7648695
Concrete Strength,0.05,2,495,56.33708396,57.81739258,114.1544765
Concrete Strength,0.05,2,522,24.13166,-136.9283828,-112.7967228
Concrete Strength,0.05,2,529,38.610656,621.8434812,660.4541372
Concrete Strength,0.05,2,530,68.75060685,-4.75747436,63.99313249
Concrete Strength,0.05,2,535,19.1991487,-217.2192162,-198.0200675
Concrete Strength,0.05,2,564,21.81984697,-206.6448797,-184.8250327
Concrete Strength,0.05,2,565,21.0662497,-26.6633441,-5.597094398
Concrete Strength,0.05,2,571,25.21689522,-162.0189336,-136.8020384
Concrete Strength,0.05,2,595,24.43778734,-230.5179549,-206.0801675
Concrete Strength,0.05,2,634,14.2032056,68.23478468,82.43799028
Concrete Strength,0.05,2,656,33.94772981,-152.5808358,-118.633106
Concrete Strength,0.05,2,727,14.306627,175.1642289,189.4708559
Concrete Strength,0.05,2,780,25.17966352,25.47765549,50.65731901
Concrete Strength,0.05,2,879,31.02642,-404.025932,-372.999512
Concrete Strength,0.05,2,914,35.85964676,145.7474927,181.6071395
Concrete Strength,0.05,2,1026,44.284354,425.2234756,469.5078296
Concrete Strength,0.05,3,63,9.86640156,138.4508626,148.3172642
Concrete Strength,0.05,3,88,24.40055564,-216.4972817,-192.0967261
Concrete Strength,0.05,3,157,72.99482412,316.0088445,389.0036686
Concrete Strength,0.05,3,176,79.29663476,13.4618913,92.75852606
Concrete Strength,0.05,3,196,24.98661024,405.4531707,430.439781
Concrete Strength,0.05,3,209,39.6103962,-318.2717298,-278.6613336
Concrete Strength,0.05,3,222,21.53923024,-24.95244851,-3.41321827
Concrete Strength,0.05,3,235,13.18278112,-148.237235,-135.0544538
Concrete Strength,0.05,3,272,33.72916592,275.2120132,308.9411791
Concrete Strength,0.05,3,289,45.3675208,-129.8880298,-84.52050898
Concrete Strength,0.05,3,323,42.03045696,-261.5474797,-219.5170227
Concrete Strength,0.05,3,337,51.3314882,45.74325426,97.07474246
Concrete Strength,0.05,3,345,17.57474324,69.03926706,86.6140103
Concrete Strength,0.05,3,358,66.82401392,-56.02220449,10.80180943
Concrete Strength,0.05,3,362,55.50971276,-283.1216061,-227.6118934
Concrete Strength,0.05,3,423,31.81242264,-78.77191632,-46.95949368
Concrete Strength,0.05,3,428,19.41564416,-213.5241457,-194.1085016
Concrete Strength,0.05,3,436,41.20308576,254.1905492,295.393635
Concrete Strength,0.05,3,464,56.06129356,-473.3953474,-417.3340538
Concrete Strength,0.05,3,486,50.23522136,-30.9981804,19.23704096
Concrete Strength,0.05,3,526,25.11662572,-421.5494347,-396.432809
Concrete Strength,0.05,3,536,48.8466167,87.43844199,136.2850587
Concrete Strength,0.05,3,569,25.44786968,-215.9985803,-190.5507106
Concrete Strength,0.05,3,573,13.08901238,-314.2449093,-301.155897
Concrete Strength,0.05,3,575,7.507014688,-15.67022196,-8.163207273
Concrete Strength,0.05,3,667,12.78840085,-49.8808346,-37.09243375
Concrete Strength,0.05,3,675,13.5654403,142.0364692,155.6019095
Concrete Strength,0.05,3,699,41.68434001,193.8929082,235.5772482
Concrete Strength,0.05,3,711,36.96418731,-197.8937757,-160.9295884
Concrete Strength,0.05,3,727,14.306627,-232.3216959,-218.0150689
Concrete Strength,0.05,3,733,9.01145132,-274.9325727,-265.9211214
Concrete Strength,0.05,3,742,43.89204216,-3.679994716,40.21204744
Concrete Strength,0.05,3,773,24.00065956,-72.90023285,-48.89957329
Concrete Strength,0.05,3,776,22.43554904,140.4980082,162.9335573
Concrete Strength,0.05,3,785,13.52062436,61.10019741,74.62082177
Concrete Strength,0.05,3,794,18.12632404,45.41873121,63.54505525
Concrete Strength,0.05,3,833,19.98790924,-160.4886742,-140.500765
Concrete Strength,0.05,3,838,39.05192064,-128.8632166,-89.81129592
Concrete Strength,0.05,3,855,41.94082508,-317.3175194,-275.3766943
Concrete Strength,0.05,3,904,12.45883132,-56.30521596,-43.84638464
Concrete Strength,0.05,3,1000,15.56974703,-313.9928132,-298.4230662
Concrete Strength,0.05,3,1001,44.6118551,-212.0883718,-167.4765167
Concrete Strength,0.05,4,14,42.32693164,144.0056486,186.3325803
Concrete Strength,0.05,4,23,8.06342182,-243.0191985,-234.9557767
Concrete Strength,0.05,4,84,35.3011712,-238.8328234,-203.5316522
Concrete Strength,0.05,4,112,55.89581932,423.7141844,479.6100037
Concrete Strength,0.05,4,119,60.2946762,-318.4463669,-258.1516907
Concrete Strength,0.05,4,152,73.69808964,-120.3321047,-46.63401501
Concrete Strength,0.05,4,162,59.89478012,227.3780768,287.2728569
Concrete Strength,0.05,4,174,68.09954452,15.24725181,83.34679633
Concrete Strength,0.05,4,175,75.497622,-381.132922,-305.6353
Concrete Strength,0.05,4,181,73.29819356,72.83733146,146.135525
Concrete Strength,0.05,4,216,22.7182342,-425.7313574,-403.0131232
Concrete Strength,0.05,4,260,13.33446584,340.1849828,353.5194486
Concrete Strength,0.05,4,272,33.72916592,-84.94996045,-51.22079453
Concrete Strength,0.05,4,289,45.3675208,300.5394523,345.9069731
Concrete Strength,0.05,4,348,46.6430514,-71.21369948,-24.57064808
Concrete Strength,0.05,4,350,17.36790044,-102.8254257,-85.45752526
Concrete Strength,0.05,4,411,21.29101888,99.91055935,121.2015782
Concrete Strength,0.05,4,414,15.81657944,-130.6563085,-114.8397291
Concrete Strength,0.05,4,428,19.41564416,-196.0898795,-176.6742354
Concrete Strength,0.05,4,431,24.28334472,209.7900113,234.0733561
Concrete Strength,0.05,4,434,46.38794528,261.1287206,307.5166659
Concrete Strength,0.05,4,443,44.63667624,261.9541502,306.5908265
Concrete Strength,0.05,4,493,45.89841732,-315.1209859,-269.2225686
Concrete Strength,0.05,4,529,38.610656,-378.5151989,-339.9045429
Concrete Strength,0.05,4,530,68.75060685,-137.6726036,-68.9219968
Concrete Strength,0.05,4,565,21.0662497,-188.8802715,-167.8140218
Concrete Strength,0.05,4,638,26.0621928,-441.5367144,-415.4745216
Concrete Strength,0.05,4,658,20.59395864,393.9234335,414.5173921
Concrete Strength,0.05,4,683,24.04616498,3.8973135,27.94347848
Concrete Strength,0.05,4,692,6.8085755,-195.3950993,-188.5865238
Concrete Strength,0.05,4,700,9.561653168,-98.2481595,-88.68650634
Concrete Strength,0.05,4,718,4.827710952,448.1449515,452.9726624
Concrete Strength,0.05,4,731,39.38286912,36.7017406,76.08460972
Concrete Strength,0.05,4,738,17.54026944,-156.1948811,-138.6546116
Concrete Strength,0.05,4,739,18.91232668,159.8958055,178.8081322
Concrete Strength,0.05,4,742,43.89204216,179.988989,223.8810311
Concrete Strength,0.05,4,765,14.69962832,-49.8086722,-35.10904388
Concrete Strength,0.05,4,789,18.12632404,1.158262105,19.28458614
Concrete Strength,0.05,4,823,25.17966352,204.1188064,229.2984699
Concrete Strength,0.05,4,861,38.45897128,48.2079785,86.66694978
Concrete Strength,0.05,4,869,44.27814872,26.91089679,71.18904551
Concrete Strength,0.05,4,944,12.18097249,-53.83314628,-41.65217379
Concrete Strength,0.05,5,56,14.63826496,70.99249233,85.63075729
Concrete Strength,0.05,5,58,9.131420144,-61.50823546,-52.37681532
Concrete Strength,0.05,5,79,28.096147,-236.9154577,-208.8193107
Concrete Strength,0.05,5,140,63.3973182,64.94977876,128.347097
Concrete Strength,0.05,5,178,79.29663476,-671.9925495,-592.6959147
Concrete Strength,0.05,5,201,21.0634918,152.0263114,173.0898032
Concrete Strength,0.05,5,230,17.9953236,15.79197614,33.78729974
Concrete Strength,0.05,5,287,27.77209328,57.15034672,84.92244
Concrete Strength,0.05,5,323,42.03045696,88.09152638,130.1219833
Concrete Strength,0.05,5,336,38.76923548,-207.4362684,-168.6670329
Concrete Strength,0.05,5,347,40.14818748,101.2200889,141.3682763
Concrete Strength,0.05,5,362,55.50971276,-314.5634425,-259.0537297
Concrete Strength,0.05,5,369,56.63355864,-228.6331431,-171.9995845
Concrete Strength,0.05,5,378,36.3009114,84.72122375,121.0221352
Concrete Strength,0.05,5,410,14.94094492,-20.4025861,-5.461641182
Concrete Strength,0.05,5,421,33.08795324,-217.0400711,-183.9521179
Concrete Strength,0.05,5,422,34.23937816,280.8225335,315.0619116
Concrete Strength,0.05,5,424,29.7508894,12.45148526,42.20237466
Concrete Strength,0.05,5,434,46.38794528,116.9156619,163.3036072
Concrete Strength,0.05,5,436,41.20308576,126.0341441,167.2372299
Concrete Strength,0.05,5,439,41.40992856,29.12526818,70.53519674
Concrete Strength,0.05,5,450,35.852752,124.8146726,160.6674246
Concrete Strength,0.05,5,468,41.1617172,140.7933466,181.9550638
Concrete Strength,0.05,5,479,52.00717468,-280.1445182,-228.1373435
Concrete Strength,0.05,5,496,47.96684532,-97.42037904,-49.45353372
Concrete Strength,0.05,5,499,55.45455468,-303.9551278,-248.5005731
Concrete Strength,0.05,5,582,12.37264682,-585.7225551,-573.3499083
Concrete Strength,0.05,5,594,11.48391226,684.0870554,695.5709676
Concrete Strength,0.05,5,640,43.69898888,438.9419063,482.6408952
Concrete Strength,0.05,5,642,12.73462172,29.14681292,41.88143464
Concrete Strength,0.05,5,664,27.8748252,489.693137,517.5679622
Concrete Strength,0.05,5,665,19.35014394,290.4763016,309.8264456
Concrete Strength,0.05,5,670,16.10960674,85.90780667,102.0174134
Concrete Strength,0.05,5,692,6.8085755,203.3335068,210.1420823
Concrete Strength,0.05,5,704,30.43967592,-73.53985719,-43.10018127
Concrete Strength,0.05,5,781,17.54026944,-217.4668901,-199.9266206
Concrete Strength,0.05,5,840,26.8550902,-260.39333,-233.5382398
Concrete Strength,0.05,5,893,32.23989776,503.7359382,535.975836
Concrete Strength,0.05,5,945,25.5595648,91.80351369,117.3630785
Concrete Strength,0.05,5,966,56.61907964,-22.10513997,34.51393967
Concrete Strength,0.05,5,982,10.53588276,40.69933233,51.23521509
Concrete Strength,0.05,5,999,30.12320644,-552.8991584,-522.7759519
Concrete Strength,0.05,6,6,47.02984744,227.8826579,274.9125054
Concrete Strength,0.05,6,83,41.09966436,349.6146236,390.7142879
Concrete Strength,0.05,6,106,54.09628696,-158.9867604,-104.8904735
Concrete Strength,0.05,6,129,68.4994406,373.2454838,441.7449244
Concrete Strength,0.05,6,135,71.29871316,354.4418714,425.7405845
Concrete Strength,0.05,6,157,72.99482412,20.71967847,93.71450259
Concrete Strength,0.05,6,170,65.19685056,-385.7612601,-320.5644096
Concrete Strength,0.05,6,178,79.29663476,-13.60554239,65.69109237
Concrete Strength,0.05,6,192,22.83544512,70.4399594,93.27540452
Concrete Strength,0.05,6,204,40.56876784,106.806924,147.3756918
Concrete Strength,0.05,6,231,30.38520732,-108.4977137,-78.11250634
Concrete Strength,0.05,6,233,50.77301264,-86.062056,-35.28904336
Concrete Strength,0.05,6,279,43.58177796,-2.952483775,40.62929419
Concrete Strength,0.05,6,281,24.42813468,-372.5802141,-348.1520794
Concrete Strength,0.05,6,293,43.49904084,-115.8971067,-72.3980659
Concrete Strength,0.05,6,348,46.6430514,-67.85832752,-21.21527612
Concrete Strength,0.05,6,376,25.62092816,-37.36601993,-11.74509177
Concrete Strength,0.05,6,393,47.27736932,-172.2024106,-124.9250413
Concrete Strength,0.05,6,410,14.94094492,38.02167817,52.96262309
Concrete Strength,0.05,6,414,15.81657944,-250.8684959,-235.0519165
Concrete Strength,0.05,6,425,33.00521612,173.0436619,206.0488781
Concrete Strength,0.05,6,438,38.20386516,222.8551635,261.0590287
Concrete Strength,0.05,6,516,21.96670536,62.02152341,83.98822877
Concrete Strength,0.05,6,520,43.73346268,-110.9563114,-67.2228487
Concrete Strength,0.05,6,539,34.56963716,34.25353947,68.82317664
Concrete Strength,0.05,6,570,22.48932817,271.0623019,293.5516301
Concrete Strength,0.05,6,580,22.62998127,-61.94493598,-39.31495471
Concrete Strength,0.05,6,625,27.53077668,59.6237338,87.15451048
Concrete Strength,0.05,6,636,15.57526284,-16.52402415,-0.9487613149
Concrete Strength,0.05,6,643,20.87043852,-164.6203926,-143.749954
Concrete Strength,0.05,6,651,33.19206412,-215.5311626,-182.3390984
Concrete Strength,0.05,6,730,37.91428524,22.13181561,60.04610085
Concrete Strength,0.05,6,737,12.05204048,-8.416251626,3.635788854
Concrete Strength,0.05,6,776,22.43554904,-59.38220568,-36.94665664
Concrete Strength,0.05,6,841,45.2985732,-363.0432673,-317.7446941
Concrete Strength,0.05,6,912,15.52010476,-317.9404441,-302.4203393
Concrete Strength,0.05,6,915,41.05140104,-43.7116557,-2.660254656
Concrete Strength,0.05,6,943,40.92522693,-361.1680886,-320.2428616
Concrete Strength,0.05,6,962,44.86834018,-214.7671482,-169.898808
Concrete Strength,0.05,6,996,27.68108245,230.0974749,257.7785573
Concrete Strength,0.05,6,1008,37.36339392,-505.655846,-468.2924521
Concrete Strength,0.05,6,1014,40.8686899,-87.46159342,-46.59290352
Concrete Strength,0.05,7,105,33.39821744,-122.3990739,-89.00085643
Concrete Strength,0.05,7,125,50.69717028,241.868328,292.5654983
Concrete Strength,0.05,7,131,74.69782984,-97.1021463,-22.40431646
Concrete Strength,0.05,7,133,71.29871316,-243.6396029,-172.3408898
Concrete Strength,0.05,7,158,77.29715436,-110.3376237,-33.04046938
Concrete Strength,0.05,7,174,68.09954452,380.618851,448.7183955
Concrete Strength,0.05,7,203,35.34253976,17.44218908,52.78472884
Concrete Strength,0.05,7,295,7.39807748,135.0549657,142.4530432
Concrete Strength,0.05,7,302,34.73580088,54.04739774,88.78319862
Concrete Strength,0.05,7,303,45.08483564,-25.84301095,19.24182469
Concrete Strength,0.05,7,313,48.71837416,-101.1283932,-52.41001906
Concrete Strength,0.05,7,345,17.57474324,156.2494949,173.8242381
Concrete Strength,0.05,7,374,46.2293658,-6.831581243,39.39778456
Concrete Strength,0.05,7,375,16.27852836,-154.5951298,-138.3166015
Concrete Strength,0.05,7,451,53.77223324,371.175874,424.9481073
Concrete Strength,0.05,7,465,56.8128224,223.6671888,280.4800112
Concrete Strength,0.05,7,485,54.76507868,-290.5680203,-235.8029416
Concrete Strength,0.05,7,499,55.45455468,254.3755446,309.8300993
Concrete Strength,0.05,7,537,39.60488039,-74.49110307,-34.88622268
Concrete Strength,0.05,7,576,17.57612219,262.316897,279.8930192
Concrete Strength,0.05,7,589,7.995853172,-124.7485125,-116.7526593
Concrete Strength,0.05,7,595,24.43778734,-141.6122684,-117.1744811
Concrete Strength,0.05,7,597,10.73031499,99.3062925,110.0366075
Concrete Strength,0.05,7,633,30.57136584,-81.31575251,-50.74438667
Concrete Strength,0.05,7,656,33.94772981,-83.98583923,-50.03810942
Concrete Strength,0.05,7,659,25.89396066,-307.6675656,-281.7736049
Concrete Strength,0.05,7,674,15.0305768,-89.64905223,-74.61847543
Concrete Strength,0.05,7,677,15.74832132,329.6332436,345.3815649
Concrete Strength,0.05,7,699,41.68434001,-544.5879428,-502.9036028
Concrete Strength,0.05,7,714,9.694722036,-302.4173035,-292.7225815
Concrete Strength,0.05,7,737,12.05204048,-309.2047673,-297.1527268
Concrete Strength,0.05,7,740,25.17966352,-81.75236025,-56.57269673
Concrete Strength,0.05,7,825,21.7529678,-437.148492,-415.3955242
Concrete Strength,0.05,7,883,36.4388066,-150.8870417,-114.4482351
Concrete Strength,0.05,7,893,32.23989776,-98.55632244,-66.31642468
Concrete Strength,0.05,7,907,39.41734292,199.8033821,239.2207251
Concrete Strength,0.05,7,938,36.80491836,-48.99037491,-12.18545656
Concrete Strength,0.05,7,957,23.52423164,143.748944,167.2731756
Concrete Strength,0.05,7,986,33.798803,511.1165389,544.9153419
Concrete Strength,0.05,7,1010,42.6440906,170.4931982,213.1372888
Concrete Strength,0.05,7,1016,52.42637609,-73.62857753,-21.20220144
Concrete Strength,0.05,7,1029,32.76803638,88.23738479,121.0054212
Concrete Strength,0.05,8,73,33.39821744,-81.01334944,-47.615132
Concrete Strength,0.05,8,88,24.40055564,13.44698443,37.84754007
Concrete Strength,0.05,8,127,60.2946762,-264.6526867,-204.3580105
Concrete Strength,0.05,8,168,74.19451236,191.7054915,265.9000039
Concrete Strength,0.05,8,203,35.34253976,-132.1654514,-96.82291167
Concrete Strength,0.05,8,204,40.56876784,-201.6977676,-161.1289997
Concrete Strength,0.05,8,211,20.08443588,-43.52101845,-23.43658257
Concrete Strength,0.05,8,221,25.48303296,-739.2074456,-713.7244127
Concrete Strength,0.05,8,224,33.5430074,-25.69143458,7.851572816
Concrete Strength,0.05,8,253,38.32797084,-53.62347601,-15.29550517
Concrete Strength,0.05,8,292,31.2677366,309.5811049,340.8488415
Concrete Strength,0.05,8,310,22.94576128,32.26812477,55.21388605
Concrete Strength,0.05,8,318,44.14025352,281.4203493,325.5606028
Concrete Strength,0.05,8,326,42.29245784,-62.35729011,-20.06483227
Concrete Strength,0.05,8,332,52.5035974,-35.86666581,16.63693159
Concrete Strength,0.05,8,335,23.80071152,-394.3066842,-370.5059726
Concrete Strength,0.05,8,364,63.52831864,-197.1659795,-133.6376609
Concrete Strength,0.05,8,369,56.63355864,-15.64007041,40.99348823
Concrete Strength,0.05,8,438,38.20386516,-249.6060027,-211.4021376
Concrete Strength,0.05,8,483,56.14403068,-359.6632485,-303.5192178
Concrete Strength,0.05,8,531,66.78067543,-110.9278766,-44.14720115
Concrete Strength,0.05,8,535,19.1991487,263.2166303,282.415779
Concrete Strength,0.05,8,539,34.56963716,-205.0256081,-170.4559709
Concrete Strength,0.05,8,562,33.08243743,-305.0580633,-271.9756259
Concrete Strength,0.05,8,566,14.8437288,-66.29262491,-51.4488961
Concrete Strength,0.05,8,568,11.95758227,29.71137721,41.66895948
Concrete Strength,0.05,8,595,24.43778734,-261.6712363,-237.233449
Concrete Strength,0.05,8,607,12.83804312,96.13279519,108.9708383
Concrete Strength,0.05,8,640,43.69898888,-222.1954861,-178.4964973
Concrete Strength,0.05,8,644,20.27748916,137.4641079,157.741597
Concrete Strength,0.05,8,657,11.41427518,227.5244781,238.9387532
Concrete Strength,0.05,8,697,10.7875415,252.0917512,262.8792927
Concrete Strength,0.05,8,701,6.883728384,15.00514693,21.88887531
Concrete Strength,0.05,8,712,54.59891496,-144.8382776,-90.2393626
Concrete Strength,0.05,8,717,10.08979178,-332.9446954,-322.8549036
Concrete Strength,0.05,8,743,54.27555072,60.20133289,114.4768836
Concrete Strength,0.05,8,823,25.17966352,-164.5033166,-139.323653
Concrete Strength,0.05,8,873,32.39847724,396.6725868,429.071064
Concrete Strength,0.05,8,938,36.80491836,36.78818946,73.59310781
Concrete Strength,0.05,8,961,40.9348796,-279.3120939,-238.3772143
Concrete Strength,0.05,8,985,9.738159024,3.979103817,13.71726284
Concrete Strength,0.05,8,999,30.12320644,-444.4961459,-414.3729395
Concrete Strength,0.05,9,76,37.79707432,277.3761398,315.1732141
Concrete Strength,0.05,9,83,41.09966436,-21.96580998,19.13385438
Concrete Strength,0.05,9,84,35.3011712,8.904602982,44.20577418
Concrete Strength,0.05,9,85,28.29609504,180.982204,209.2782991
Concrete Strength,0.05,9,110,55.89581932,-270.929448,-215.0336287
Concrete Strength,0.05,9,133,71.29871316,14.83329767,86.13201083
Concrete Strength,0.05,9,150,64.30053176,-246.2571846,-181.9566528
Concrete Strength,0.05,9,183,79.29663476,-18.78005391,60.51658085
Concrete Strength,0.05,9,187,24.8900836,391.2198402,416.1099238
Concrete Strength,0.05,9,238,47.13257936,129.2388518,176.3714312
Concrete Strength,0.05,9,248,39.58971192,356.7528345,396.3425464
Concrete Strength,0.05,9,275,17.22311048,154.5047507,171.7278612
Concrete Strength,0.05,9,334,66.42411784,147.4082887,213.8324065
Concrete Strength,0.05,9,347,40.14818748,167.6092715,207.757459
Concrete Strength,0.05,9,354,59.30183076,21.93344579,81.23527655
Concrete Strength,0.05,9,360,27.42046052,265.6751411,293.0956016
Concrete Strength,0.05,9,386,60.28088668,-137.9532735,-77.67238687
Concrete Strength,0.05,9,418,12.17614616,42.65952362,54.83566978
Concrete Strength,0.05,9,458,39.2656582,161.7500418,201.0157
Concrete Strength,0.05,9,494,41.66503468,-211.4401658,-169.7751311
Concrete Strength,0.05,9,508,62.05284,359.8214501,421.8742901
Concrete Strength,0.05,9,524,62.93536928,395.3261935,458.2615628
Concrete Strength,0.05,9,577,21.17932377,-124.6332465,-103.4539228
Concrete Strength,0.05,9,581,21.8591471,141.9535558,163.8127029
Concrete Strength,0.05,9,586,33.0431373,-5.793499318,27.24963798
Concrete Strength,0.05,9,686,13.66403537,-60.51899494,-46.85495958
Concrete Strength,0.05,9,687,14.14391066,289.9085527,304.0524634
Concrete Strength,0.05,9,705,9.731264264,182.0746655,191.8059298
Concrete Strength,0.05,9,710,32.10269204,-382.3784654,-350.2757734
Concrete Strength,0.05,9,713,21.48062478,-113.4175622,-91.93693741
Concrete Strength,0.05,9,716,39.6621069,-99.20999421,-59.54788731
Concrete Strength,0.05,9,722,11.85209244,494.6847232,506.5368157
Concrete Strength,0.05,9,758,18.12632404,159.5361635,177.6624875
Concrete Strength,0.05,9,759,22.53207568,27.52106853,50.05314421
Concrete Strength,0.05,9,833,19.98790924,6.650638713,26.63854795
Concrete Strength,0.05,9,845,53.52402188,427.977054,481.5010759
Concrete Strength,0.05,9,868,37.91428524,-6.008259331,31.90602591
Concrete Strength,0.05,9,884,32.9569528,100.5148364,133.4717892
Concrete Strength,0.05,9,928,33.05347944,317.1391414,350.1926209
Concrete Strength,0.05,9,947,32.96384756,143.4185048,176.3823523
Concrete Strength,0.05,9,982,10.53588276,248.7414845,259.2773672
Concrete Strength,0.05,9,1018,38.46103971,190.2425641,228.7036038
Concrete Strength,0.05,10,23,8.06342182,-187.7726237,-179.7092019
Concrete Strength,0.05,10,79,28.096147,45.62047918,73.71662618
Concrete Strength,0.05,10,127,60.2946762,-353.3217838,-293.0271076
Concrete Strength,0.05,10,128,55.49592324,-170.5604515,-115.0645282
Concrete Strength,0.05,10,129,68.4994406,-248.3209542,-179.8215136
Concrete Strength,0.05,10,191,22.13907436,166.6351609,188.7742353
Concrete Strength,0.05,10,194,34.55653712,183.3315289,217.888066
Concrete Strength,0.05,10,195,12.45193656,46.76294236,59.21487892
Concrete Strength,0.05,10,212,24.48329276,400.3155897,424.7988825
Concrete Strength,0.05,10,243,31.35047372,175.8019853,207.152459
Concrete Strength,0.05,10,254,42.34761592,89.19563783,131.5432538
Concrete Strength,0.05,10,265,19.51906556,-93.37345072,-73.85438516
Concrete Strength,0.05,10,274,45.83636448,158.9660132,204.8023777
Concrete Strength,0.05,10,277,29.65436276,-51.42485423,-21.77049147
Concrete Strength,0.05,10,316,33.35684888,-33.1459217,0.2109271817
Concrete Strength,0.05,10,370,15.340841,-77.78756113,-62.44672013
Concrete Strength,0.05,10,375,16.27852836,285.2511302,301.5296586
Concrete Strength,0.05,10,429,24.65566176,-320.7474339,-296.0917722
Concrete Strength,0.05,10,453,48.9872698,102.4609302,151.4482
Concrete Strength,0.05,10,477,25.02108404,5.297644246,30.31872829
Concrete Strength,0.05,10,486,50.23522136,-327.2904411,-277.0552198
Concrete Strength,0.05,10,511,39.00464228,-111.3777714,-72.37312914
Concrete Strength,0.05,10,516,21.96670536,271.9785792,293.9452846
Concrete Strength,0.05,10,541,24.4046925,-118.0168894,-93.61219692
Concrete Strength,0.05,10,551,27.74244581,-116.6734587,-88.9310129
Concrete Strength,0.05,10,557,32.6266938,-156.179584,-123.5528902
Concrete Strength,0.05,10,567,32.05167081,-501.1828383,-469.1311675
Concrete Strength,0.05,10,574,38.70028788,-503.8421119,-465.141824
Concrete Strength,0.05,10,599,13.22414968,-131.2698831,-118.0457334
Concrete Strength,0.05,10,668,39.32150576,-348.3120142,-308.9905084
Concrete Strength,0.05,10,672,20.41607384,317.7647113,338.1807851
Concrete Strength,0.05,10,700,9.561653168,622.0005469,631.5622001
Concrete Strength,0.05,10,775,11.46598588,-418.1359218,-406.6699359
Concrete Strength,0.05,10,812,27.923778,-119.2792168,-91.35543877
Concrete Strength,0.05,10,845,53.52402188,-71.31703247,-17.79301059
Concrete Strength,0.05,10,856,61.23236356,50.91394507,112.1463086
Concrete Strength,0.05,10,881,12.17614616,159.4790491,171.6551953
Concrete Strength,0.05,10,926,27.234302,121.3777321,148.6120341
Concrete Strength,0.05,10,946,36.44363293,217.599466,254.043099
Concrete Strength,0.05,10,959,49.77327244,502.8525095,552.625782
Concrete Strength,0.05,10,1003,57.21823429,-6.170294775,51.04793951
Concrete Strength,0.05,10,1008,37.36339392,150.88637,188.2497639
Concrete Strength,0.05,11,116,35.10122316,4.999908306,40.10113147
Concrete Strength,0.05,11,117,61.09446836,25.52786133,86.62232969
Concrete Strength,0.05,11,118,59.79825348,-161.1350662,-101.3368127
Concrete Strength,0.05,11,161,77.29715436,36.81737124,114.1145256
Concrete Strength,0.05,11,165,65.19685056,-305.003118,-239.8062674
Concrete Strength,0.05,11,187,24.8900836,50.18577541,75.07585901
Concrete Strength,0.05,11,213,31.53663224,137.2004803,168.7371125
Concrete Strength,0.05,11,246,25.68987576,-149.1555436,-123.4656679
Concrete Strength,0.05,11,269,47.8151606,-104.4360823,-56.62092166
Concrete Strength,0.05,11,276,29.93015316,-226.4988576,-196.5687044
Concrete Strength,0.05,11,310,22.94576128,30.17139949,53.11716077
Concrete Strength,0.05,11,322,30.84715624,-181.6676617,-150.8205054
Concrete Strength,0.05,11,350,17.36790044,-130.8117707,-113.4438702
Concrete Strength,0.05,11,351,33.70158688,63.45532148,97.15690836
Concrete Strength,0.05,11,359,66.9481196,-249.7391027,-182.7909831
Concrete Strength,0.05,11,369,56.63355864,505.5700798,562.2036385
Concrete Strength,0.05,11,439,41.40992856,23.07752062,64.48744918
Concrete Strength,0.05,11,448,48.58737372,17.68401438,66.2713881
Concrete Strength,0.05,11,456,51.25564584,73.84513546,125.1007813
Concrete Strength,0.05,11,466,50.93848688,-42.38801546,8.550471416
Concrete Strength,0.05,11,488,46.68441996,-301.1584658,-254.4740459
Concrete Strength,0.05,11,489,22.752708,187.2326289,209.9853369
Concrete Strength,0.05,11,523,44.52045028,-221.3042109,-176.7837606
Concrete Strength,0.05,11,528,35.75425543,-120.7973212,-85.04306574
Concrete Strength,0.05,11,550,41.68020315,-439.6536679,-397.9734647
Concrete Strength,0.05,11,570,22.48932817,204.9977411,227.4870693
Concrete Strength,0.05,11,592,19.76520849,39.46059957,59.22580806
Concrete Strength,0.05,11,688,47.78206575,-52.95678372,-5.174717965
Concrete Strength,0.05,11,694,17.96429718,-49.46036468,-31.4960675
Concrete Strength,0.05,11,728,17.43684804,-151.5838895,-134.1470415
Concrete Strength,0.05,11,744,36.93522932,-210.1606657,-173.2254364
Concrete Strength,0.05,11,772,13.52062436,59.28007236,72.80069672
Concrete Strength,0.05,11,773,24.00065956,232.7754886,256.7761482
Concrete Strength,0.05,11,808,37.42475728,-56.25350697,-18.82874969
Concrete Strength,0.05,11,843,15.56836808,-124.6277574,-109.0593894
Concrete Strength,0.05,11,848,52.82075636,14.99613722,67.81689358
Concrete Strength,0.05,11,895,29.72331036,126.5712495,156.2945599
Concrete Strength,0.05,11,915,41.05140104,57.24537488,98.29677592
Concrete Strength,0.05,11,920,25.0969264,-198.4595652,-173.3626388
Concrete Strength,0.05,11,953,33.71882378,-13.74732543,19.97149835
Concrete Strength,0.05,11,970,39.42147978,17.88219236,57.30367214
Concrete Strength,0.05,11,984,29.07313449,-600.1882017,-571.1150672
Concrete Strength,0.05,12,6,47.02984744,-110.7889189,-63.75907144
Concrete Strength,0.05,12,37,30.07976945,-174.7453265,-144.6655571
Concrete Strength,0.05,12,69,40.85696881,-372.2365291,-331.3795603
Concrete Strength,0.05,12,92,35.3011712,199.9035371,235.2047083
Concrete Strength,0.05,12,108,49.80085148,-294.9606195,-245.159768
Concrete Strength,0.05,12,115,22.89749796,425.2138051,448.111303
Concrete Strength,0.05,12,128,55.49592324,111.8903526,167.3862759
Concrete Strength,0.05,12,138,71.29871316,11.68827089,82.98698405
Concrete Strength,0.05,12,162,59.89478012,-24.14227991,35.75250021
Concrete Strength,0.05,12,192,22.83544512,-112.181461,-89.34601591
Concrete Strength,0.05,12,208,34.20490436,-82.42748264,-48.22257828
Concrete Strength,0.05,12,262,37.404073,-103.0698963,-65.66582328
Concrete Strength,0.05,12,304,48.97348028,372.4302137,421.4036939
Concrete Strength,0.05,12,308,51.03501352,78.450408,129.4854215
Concrete Strength,0.05,12,313,48.71837416,-74.49500188,-25.77662772
Concrete Strength,0.05,12,343,51.95891136,118.1464101,170.1053215
Concrete Strength,0.05,12,345,17.57474324,64.53890198,82.11364522
Concrete Strength,0.05,12,359,66.9481196,87.76683997,154.7149596
Concrete Strength,0.05,12,368,53.95839176,364.9021714,418.8605631
Concrete Strength,0.05,12,374,46.2293658,-416.8637334,-370.6343676
Concrete Strength,0.05,12,400,39.300132,-100.1364429,-60.83631091
Concrete Strength,0.05,12,426,32.90179472,150.4396284,183.3414231
Concrete Strength,0.05,12,481,39.300132,-1.799366086,37.50076591
Concrete Strength,0.05,12,509,32.01138572,125.1359578,157.1473435
Concrete Strength,0.05,12,518,15.06997543,-102.5971372,-87.52716174
Concrete Strength,0.05,12,527,23.63917715,-293.2618895,-269.6227123
Concrete Strength,0.05,12,534,11.6549023,-105.2257093,-93.57080699
Concrete Strength,0.05,12,553,9.617500724,122.747942,132.3654427
Concrete Strength,0.05,12,569,25.44786968,15.99840864,41.44627833
Concrete Strength,0.05,12,577,21.17932377,16.0112052,37.19052897
Concrete Strength,0.05,12,666,11.39221195,210.8983644,222.2905763
Concrete Strength,0.05,12,671,43.37700359,-164.1501252,-120.7731216
Concrete Strength,0.05,12,687,14.14391066,-86.49508772,-72.35117705
Concrete Strength,0.05,12,706,3.31982694,446.0610074,449.3808344
Concrete Strength,0.05,12,707,26.32281473,-178.3860611,-152.0632464
Concrete Strength,0.05,12,716,39.6621069,-73.38873743,-33.72663053
Concrete Strength,0.05,12,739,18.91232668,-210.3360436,-191.4237169
Concrete Strength,0.05,12,772,13.52062436,-459.7416573,-446.221033
Concrete Strength,0.05,12,831,33.75674496,26.29499239,60.05173735
Concrete Strength,0.05,12,885,23.83518532,144.7122404,168.5474257
Concrete Strength,0.05,12,926,27.234302,-175.3819358,-148.1476338
Concrete Strength,0.05,12,951,38.6306508,7.642692602,46.27334341
Concrete Strength,0.05,13,50,32.82319446,257.1264494,289.9496438
Concrete Strength,0.05,13,76,37.79707432,161.3840073,199.1810816
Concrete Strength,0.05,13,102,34.90127512,104.4262069,139.327482
Concrete Strength,0.05,13,112,55.89581932,-357.5205168,-301.6246974
Concrete Strength,0.05,13,147,64.30053176,42.44722257,106.7477543
Concrete Strength,0.05,13,166,66.69990824,63.45041538,130.1503236
Concrete Strength,0.05,13,183,79.29663476,208.2273281,287.5239629
Concrete Strength,0.05,13,192,22.83544512,138.9802021,161.8156472
Concrete Strength,0.05,13,195,12.45193656,-254.0096297,-241.5576932
Concrete Strength,0.05,13,243,31.35047372,0.3606223975,31.71109612
Concrete Strength,0.05,13,249,44.298833,67.13372261,111.4325556
Concrete Strength,0.05,13,258,42.54756396,166.3174245,208.8649884
Concrete Strength,0.05,13,262,37.404073,-118.1211316,-80.71705858
Concrete Strength,0.05,13,269,47.8151606,103.3725718,151.1877324
Concrete Strength,0.05,13,273,42.69924868,-159.4625798,-116.7633311
Concrete Strength,0.05,13,314,52.04164848,-377.4689529,-325.4273044
Concrete Strength,0.05,13,359,66.9481196,148.1338622,215.0819818
Concrete Strength,0.05,13,387,56.83350668,-74.0219032,-17.18839652
Concrete Strength,0.05,13,396,49.24927068,156.7259689,205.9752396
Concrete Strength,0.05,13,408,19.41564416,126.4973266,145.9129708
Concrete Strength,0.05,13,426,32.90179472,-114.3794746,-81.47767989
Concrete Strength,0.05,13,458,39.2656582,-75.62846176,-36.36280356
Concrete Strength,0.05,13,461,49.99390476,-263.0271438,-213.033239
Concrete Strength,0.05,13,470,44.27814872,-211.4948317,-167.216683
Concrete Strength,0.05,13,472,57.02655996,-27.29856064,29.72799932
Concrete Strength,0.05,13,498,44.02993736,-88.27222113,-44.24228377
Concrete Strength,0.05,13,521,13.39553372,-63.84062619,-50.44509247
Concrete Strength,0.05,13,645,34.29453624,-329.141817,-294.8472807
Concrete Strength,0.05,13,649,29.89223198,-115.1540631,-85.26183116
Concrete Strength,0.05,13,650,6.902344236,449.6016944,456.5040386
Concrete Strength,0.05,13,652,4.903553312,-193.9344203,-189.030867
Concrete Strength,0.05,13,660,29.23171397,-11.86596749,17.36574648
Concrete Strength,0.05,13,687,14.14391066,-17.2488819,-3.104971241
Concrete Strength,0.05,13,729,31.74347504,343.1123772,374.8558523
Concrete Strength,0.05,13,761,29.97841648,-8.0931056,21.88531088
Concrete Strength,0.05,13,767,27.923778,-254.2092348,-226.2854568
Concrete Strength,0.05,13,848,52.82075636,-369.8344853,-317.013729
Concrete Strength,0.05,13,898,40.93419012,158.2397814,199.1739715
Concrete Strength,0.05,13,900,13.19657064,-75.58686004,-62.3902894
Concrete Strength,0.05,13,913,43.5748832,-80.34915859,-36.77427539
Concrete Strength,0.05,13,982,10.53588276,98.25037961,108.7862624
Concrete Strength,0.05,13,995,39.0560575,-56.97667825,-17.92062075
Concrete Strength,0.05,14,49,26.25800398,-116.9468918,-90.68888778
Concrete Strength,0.05,14,82,25.2003478,-267.2161398,-242.015792
Concrete Strength,0.05,14,180,79.29663476,-404.5761595,-325.2795248
Concrete Strength,0.05,14,192,22.83544512,145.6139888,168.4494339
Concrete Strength,0.05,14,198,33.96358776,120.4480873,154.4116751
Concrete Strength,0.05,14,201,21.0634918,88.10373733,109.1672291
Concrete Strength,0.05,14,235,13.18278112,309.2866128,322.469394
Concrete Strength,0.05,14,247,30.2335226,-369.2538475,-339.0203249
Concrete Strength,0.05,14,279,43.58177796,194.1410655,237.7228434
Concrete Strength,0.05,14,298,39.14844728,-146.156582,-107.0081347
Concrete Strength,0.05,14,306,41.885667,-360.1248542,-318.2391872
Concrete Strength,0.05,14,309,55.6407132,22.13225007,77.77296327
Concrete Strength,0.05,14,311,35.2322236,183.9090788,219.1413024
Concrete Strength,0.05,14,322,30.84715624,-92.0400271,-61.19287086
Concrete Strength,0.05,14,358,66.82401392,309.8610576,376.6850715
Concrete Strength,0.05,14,368,53.95839176,261.0074424,314.9658342
Concrete Strength,0.05,14,372,30.21973308,-235.8718785,-205.6521454
Concrete Strength,0.05,14,413,15.52010476,-6.739271242,8.780833518
Concrete Strength,0.05,14,453,48.9872698,-80.05039231,-31.06312251
Concrete Strength,0.05,14,465,56.8128224,169.9183507,226.7311731
Concrete Strength,0.05,14,512,65.69721315,-132.3006884,-66.60347528
Concrete Strength,0.05,14,519,23.24519085,67.18796632,90.43315718
Concrete Strength,0.05,14,529,38.610656,-63.57393822,-24.96328222
Concrete Strength,0.05,14,549,25.57335432,-199.9909045,-174.4175502
Concrete Strength,0.05,14,563,24.0654703,32.47261707,56.53808738
Concrete Strength,0.05,14,595,24.43778734,-75.90649583,-51.46870849
Concrete Strength,0.05,14,599,13.22414968,-41.61306581,-28.38891613
Concrete Strength,0.05,14,656,33.94772981,-105.8409369,-71.89320712
Concrete Strength,0.05,14,664,27.8748252,364.1560564,392.0308816
Concrete Strength,0.05,14,678,7.675936308,137.5691896,145.2451259
Concrete Strength,0.05,14,699,41.68434001,114.9137224,156.5980624
Concrete Strength,0.05,14,703,17.16588397,-60.38260138,-43.21671741
Concrete Strength,0.05,14,767,27.923778,28.46702699,56.39080499
Concrete Strength,0.05,14,773,24.00065956,12.76715883,36.76781839
Concrete Strength,0.05,14,840,26.8550902,-213.4271575,-186.5720673
Concrete Strength,0.05,14,853,42.63719584,-462.5822815,-419.9450857
Concrete Strength,0.05,14,854,40.0585556,251.827768,291.8863236
Concrete Strength,0.05,14,905,23.786922,-57.66383833,-33.87691633
Concrete Strength,0.05,14,906,13.29309728,22.54276047,35.83585775
Concrete Strength,0.05,14,920,25.0969264,173.5665746,198.663501
Concrete Strength,0.05,14,970,39.42147978,-154.2957453,-114.8742655
Concrete Strength,0.05,14,1007,18.03393426,-43.7849631,-25.75102884
Concrete Strength,0.05,15,56,14.63826496,-220.0893296,-205.4510647
Concrete Strength,0.05,15,69,40.85696881,170.7488553,211.6058242
Concrete Strength,0.05,15,72,28.79941252,-68.88384025,-40.08442773
Concrete Strength,0.05,15,82,25.2003478,-115.7803471,-90.57999935
Concrete Strength,0.05,15,88,24.40055564,23.96129543,48.36185107
Concrete Strength,0.05,15,119,60.2946762,-34.86877194,25.42590426
Concrete Strength,0.05,15,159,71.69860924,88.00838523,159.7069945
Concrete Strength,0.05,15,161,77.29715436,-135.3250836,-58.02792921
Concrete Strength,0.05,15,181,73.29819356,-146.3576832,-73.05948968
Concrete Strength,0.05,15,196,24.98661024,-298.7130899,-273.7264796
Concrete Strength,0.05,15,219,40.38950408,27.35871177,67.74821585
Concrete Strength,0.05,15,249,44.298833,332.1323777,376.4312107
Concrete Strength,0.05,15,263,44.39535964,-44.75811227,-0.3627526268
Concrete Strength,0.05,15,281,24.42813468,-357.1289481,-332.7008134
Concrete Strength,0.05,15,312,39.94134468,-59.59074152,-19.64939684
Concrete Strength,0.05,15,342,47.401475,-281.9318918,-234.5304168
Concrete Strength,0.05,15,348,46.6430514,42.82921001,89.47226141
Concrete Strength,0.05,15,375,16.27852836,15.69936332,31.97789168
Concrete Strength,0.05,15,388,51.021224,-128.7985333,-77.77730928
Concrete Strength,0.05,15,389,55.55108132,93.98634458,149.5374259
Concrete Strength,0.05,15,424,29.7508894,144.5644558,174.3153452
Concrete Strength,0.05,15,440,37.81086384,-71.18928173,-33.37841789
Concrete Strength,0.05,15,557,32.6266938,-258.1369247,-225.5102309
Concrete Strength,0.05,15,594,11.48391226,-54.43040026,-42.946488
Concrete Strength,0.05,15,654,25.46096973,445.0542308,470.5152005
Concrete Strength,0.05,15,663,33.66435518,221.9414169,255.6057721
Concrete Strength,0.05,15,670,16.10960674,108.5303592,124.6399659
Concrete Strength,0.05,15,678,7.675936308,-569.5625741,-561.8866378
Concrete Strength,0.05,15,702,50.52686971,-104.4931251,-53.96625534
Concrete Strength,0.05,15,741,30.9574724,-50.68649577,-19.72902337
Concrete Strength,0.05,15,775,11.46598588,136.6226955,148.0886814
Concrete Strength,0.05,15,802,19.69143456,-35.07686714,-15.38543258
Concrete Strength,0.05,15,847,65.90701084,-215.1970115,-149.2900007
Concrete Strength,0.05,15,855,41.94082508,-145.8710683,-103.9302432
Concrete Strength,0.05,15,859,52.42086028,223.5506676,275.9715279
Concrete Strength,0.05,15,870,31.17810472,-157.8281174,-126.6500127
Concrete Strength,0.05,15,895,29.72331036,27.41511234,57.1384227
Concrete Strength,0.05,15,938,36.80491836,-35.79379499,1.011123364
Concrete Strength,0.05,15,996,27.68108245,109.4642488,137.1453313
Concrete Strength,0.05,15,1001,44.6118551,-160.1901101,-115.578255
Concrete Strength,0.05,15,1004,65.90907927,273.0535997,338.9626789
Concrete Strength,0.05,15,1017,15.09125069,309.7485946,324.8398453
Concrete Strength,0.05,16,158,77.29715436,-123.8368634,-46.539709
Concrete Strength,0.05,16,180,79.29663476,-59.72124053,19.57539423
Concrete Strength,0.05,16,189,40.7135578,49.73933752,90.45289532
Concrete Strength,0.05,16,205,12.47262084,-130.6612127,-118.1885919
Concrete Strength,0.05,16,210,10.0318758,150.4907801,160.5226559
Concrete Strength,0.05,16,215,9.4458212,231.6965864,241.1424076
Concrete Strength,0.05,16,219,40.38950408,45.02249097,85.41199505
Concrete Strength,0.05,16,276,29.93015316,398.9978861,428.9280393
Concrete Strength,0.05,16,281,24.42813468,-138.5620132,-114.1338785
Concrete Strength,0.05,16,301,34.67374804,-21.98144318,12.69230486
Concrete Strength,0.05,16,342,47.401475,639.3206633,686.7221383
Concrete Strength,0.05,16,376,25.62092816,232.1394404,257.7603686
Concrete Strength,0.05,16,410,14.94094492,-40.5682898,-25.62734488
Concrete Strength,0.05,16,415,12.5484632,143.1092949,155.6577581
Concrete Strength,0.05,16,422,34.23937816,-85.83371731,-51.59433915
Concrete Strength,0.05,16,425,33.00521612,-2.357870937,30.64734518
Concrete Strength,0.05,16,426,32.90179472,-35.48350823,-2.581713512
Concrete Strength,0.05,16,434,46.38794528,295.0939036,341.4818489
Concrete Strength,0.05,16,479,52.00717468,-335.7867795,-283.7796048
Concrete Strength,0.05,16,484,55.25460664,-53.67565675,1.578949895
Concrete Strength,0.05,16,509,32.01138572,90.84494946,122.8563352
Concrete Strength,0.05,16,542,15.61594192,-148.8468936,-133.2309517
Concrete Strength,0.05,16,562,33.08243743,-145.24177,-112.1593326
Concrete Strength,0.05,16,565,21.0662497,-144.7104451,-123.6441954
Concrete Strength,0.05,16,577,21.17932377,-108.9555425,-87.77621869
Concrete Strength,0.05,16,600,20.96696516,86.72554422,107.6925094
Concrete Strength,0.05,16,634,14.2032056,-191.3761683,-177.1729627
Concrete Strength,0.05,16,635,24.49708228,-53.39009975,-28.89301747
Concrete Strength,0.05,16,660,29.23171397,-398.029818,-368.798104
Concrete Strength,0.05,16,676,32.53292506,206.8735916,239.4065166
Concrete Strength,0.05,16,684,36.58842289,118.9051185,155.4935413
Concrete Strength,0.05,16,716,39.6621069,-145.4268507,-105.7647438
Concrete Strength,0.05,16,776,22.43554904,263.7089115,286.1444605
Concrete Strength,0.05,16,801,13.71367764,-5.55979117,8.15388647
Concrete Strength,0.05,16,837,33.41890172,-29.9961901,3.422711618
Concrete Strength,0.05,16,918,26.91714304,102.8081384,129.7252814
Concrete Strength,0.05,16,932,15.340841,18.21731507,33.55815607
Concrete Strength,0.05,16,940,32.72046253,230.2681204,262.9885829
Concrete Strength,0.05,16,967,12.4595208,-262.0829188,-249.623398
Concrete Strength,0.05,16,979,28.99108685,37.02407947,66.01516632
Concrete Strength,0.05,16,988,33.76226077,-346.2469807,-312.4847199
Concrete Strength,0.05,16,997,26.85991653,-415.1393992,-388.2794827
Concrete Strength,0.05,17,60,33.01900564,49.20291318,82.22191882
Concrete Strength,0.05,17,119,60.2946762,219.5029009,279.7975771
Concrete Strength,0.05,17,153,77.29715436,86.16450673,163.4616611
Concrete Strength,0.05,17,158,77.29715436,196.9003409,274.1974953
Concrete Strength,0.05,17,163,64.90037588,-224.6159956,-159.7156197
Concrete Strength,0.05,17,181,73.29819356,-185.7326656,-112.434472
Concrete Strength,0.05,17,183,79.29663476,-53.75740238,25.53923238
Concrete Strength,0.05,17,195,12.45193656,-199.8099465,-187.3580099
Concrete Strength,0.05,17,210,10.0318758,-84.34584662,-74.31397082
Concrete Strength,0.05,17,223,28.62704352,-149.2966862,-120.6696427
Concrete Strength,0.05,17,236,17.83674412,-71.11188062,-53.2751365
Concrete Strength,0.05,17,237,40.2309246,172.5140524,212.744977
Concrete Strength,0.05,17,253,38.32797084,47.28603436,85.6140052
Concrete Strength,0.05,17,260,13.33446584,405.2065217,418.5409875
Concrete Strength,0.05,17,332,52.5035974,123.8612088,176.3648062
Concrete Strength,0.05,17,396,49.24927068,-256.9066268,-207.6573561
Concrete Strength,0.05,17,408,19.41564416,-67.53949046,-48.1238463
Concrete Strength,0.05,17,450,35.852752,-83.45773331,-47.60498131
Concrete Strength,0.05,17,487,46.68441996,-91.27091305,-44.58649309
Concrete Strength,0.05,17,511,39.00464228,-294.8022309,-255.7975886
Concrete Strength,0.05,17,535,19.1991487,-85.80856447,-66.60941577
Concrete Strength,0.05,17,552,8.204074924,-486.0967635,-477.8926886
Concrete Strength,0.05,17,558,17.23621052,207.293134,224.5293445
Concrete Strength,0.05,17,561,25.74503384,-269.3982811,-243.6532473
Concrete Strength,0.05,17,589,7.995853172,-30.00010493,-22.00425176
Concrete Strength,0.05,17,618,9.307926,-362.7123628,-353.4044368
Concrete Strength,0.05,17,637,26.84819544,91.99927483,118.8474703
Concrete Strength,0.05,17,662,10.3938507,278.7187929,289.1126436
Concrete Strength,0.05,17,670,16.10960674,195.889625,211.9992317
Concrete Strength,0.05,17,718,4.827710952,-343.9558291,-339.1281182
Concrete Strength,0.05,17,735,40.65839972,61.68142497,102.3398247
Concrete Strength,0.05,17,772,13.52062436,-45.35365906,-31.8330347
Concrete Strength,0.05,17,805,39.58281716,88.34024994,127.9230671
Concrete Strength,0.05,17,833,19.98790924,-159.7996469,-139.8117376
Concrete Strength,0.05,17,844,44.6090972,-399.1261214,-354.5170242
Concrete Strength,0.05,17,857,40.86524252,-41.93223271,-1.06699019
Concrete Strength,0.05,17,870,31.17810472,-47.13161282,-15.9535081
Concrete Strength,0.05,17,918,26.91714304,-215.1144076,-188.1972646
Concrete Strength,0.05,17,969,13.29378676,-142.6655169,-129.3717302
Concrete Strength,0.05,17,975,15.52631004,321.3746915,336.9010016
Concrete Strength,0.05,17,998,45.30477848,499.4675903,544.7723688
Concrete Strength,0.05,17,1001,44.6118551,183.4375387,228.0493938
Concrete Strength,0.05,18,93,24.0971862,-136.8052588,-112.7080726
Concrete Strength,0.05,18,188,29.44751996,416.1647287,445.6122487
Concrete Strength,0.05,18,212,24.48329276,108.3240797,132.8073725
Concrete Strength,0.05,18,214,35.34253976,-106.5326657,-71.19012589
Concrete Strength,0.05,18,219,40.38950408,143.0225293,183.4120334
Concrete Strength,0.05,18,239,49.97322048,60.74346267,110.7166832
Concrete Strength,0.05,18,240,13.35515012,108.0945008,121.4496509
Concrete Strength,0.05,18,279,43.58177796,-38.22850515,5.353272808
Concrete Strength,0.05,18,295,7.39807748,-25.3593395,-17.96126202
Concrete Strength,0.05,18,307,48.28400428,207.5167131,255.8007174
Concrete Strength,0.05,18,328,55.82687172,-151.0830003,-95.25612859
Concrete Strength,0.05,18,353,51.4349096,264.918593,316.3535026
Concrete Strength,0.05,18,410,14.94094492,149.5624287,164.5033736
Concrete Strength,0.05,18,412,23.07676172,63.32200096,86.39876268
Concrete Strength,0.05,18,421,33.08795324,-471.6866253,-438.5986721
Concrete Strength,0.05,18,424,29.7508894,-226.4032781,-196.6523887
Concrete Strength,0.05,18,445,33.27411176,64.50451184,97.7786236
Concrete Strength,0.05,18,448,48.58737372,387.0694523,435.656826
Concrete Strength,0.05,18,462,53.65502232,81.48819236,135.1432147
Concrete Strength,0.05,18,474,51.021224,373.0102422,424.0314662
Concrete Strength,0.05,18,490,25.510612,-116.150531,-90.63991899
Concrete Strength,0.05,18,512,65.69721315,-131.1411508,-65.44393769
Concrete Strength,0.05,18,517,9.849657146,-257.9187704,-248.0691133
Concrete Strength,0.05,18,539,34.56963716,-36.5726372,-2.003000035
Concrete Strength,0.05,18,549,25.57335432,-64.59652238,-39.02316806
Concrete Strength,0.05,18,571,25.21689522,504.1705455,529.3874407
Concrete Strength,0.05,18,578,18.19871902,-34.33852967,-16.13981065
Concrete Strength,0.05,18,583,25.72641799,79.22407853,104.9504965
Concrete Strength,0.05,18,589,7.995853172,371.2065912,379.2024444
Concrete Strength,0.05,18,640,43.69898888,-31.66049162,12.03849726
Concrete Strength,0.05,18,650,6.902344236,130.2984468,137.200791
Concrete Strength,0.05,18,657,11.41427518,-37.88718353,-26.47290835
Concrete Strength,0.05,18,668,39.32150576,-67.58628055,-28.26477479
Concrete Strength,0.05,18,672,20.41607384,260.8544344,281.2705082
Concrete Strength,0.05,18,774,37.42475728,-138.6511843,-101.226427
Concrete Strength,0.05,18,791,39.48629052,-128.2503497,-88.76405923
Concrete Strength,0.05,18,826,39.0932892,-433.9468137,-394.8535245
Concrete Strength,0.05,18,875,36.80422888,-36.16383129,0.640397587
Concrete Strength,0.05,18,902,29.86810032,-275.2570562,-245.3889559
Concrete Strength,0.05,18,904,12.45883132,163.2679061,175.7267374
Concrete Strength,0.05,18,914,35.85964676,-332.1245092,-296.2648625
Concrete Strength,0.05,18,975,15.52631004,796.8917242,812.4180342
Concrete Strength,0.05,19,50,32.82319446,126.2910104,159.1142049
Concrete Strength,0.05,19,122,68.29949256,-56.32553712,11.97395544
Concrete Strength,0.05,19,130,71.29871316,31.08824344,102.3869566
Concrete Strength,0.05,19,197,25.72434956,-316.9341852,-291.2098357
Concrete Strength,0.05,19,217,28.46846404,259.3894524,287.8579164
Concrete Strength,0.05,19,237,40.2309246,-316.0909294,-275.8600048
Concrete Strength,0.05,19,268,45.08483564,112.0603266,157.1451622
Concrete Strength,0.05,19,276,29.93015316,-125.3537935,-95.42364036
Concrete Strength,0.05,19,285,13.62404576,-63.92689573,-50.30284997
Concrete Strength,0.05,19,292,31.2677366,-195.7150728,-164.4473362
Concrete Strength,0.05,19,293,43.49904084,186.0230641,229.5221049
Concrete Strength,0.05,19,302,34.73580088,18.48514297,53.22094385
Concrete Strength,0.05,19,347,40.14818748,23.98452422,64.1327117
Concrete Strength,0.05,19,436,41.20308576,66.74853692,107.9516227
Concrete Strength,0.05,19,444,37.2661778,-50.33074225,-13.06456445
Concrete Strength,0.05,19,453,48.9872698,112.2500136,161.2372834
Concrete Strength,0.05,19,486,50.23522136,44.0841395,94.31936086
Concrete Strength,0.05,19,490,25.510612,-88.90852153,-63.39790953
Concrete Strength,0.05,19,508,62.05284,-194.3824584,-132.3296184
Concrete Strength,0.05,19,533,32.06821824,-147.6410334,-115.5728152
Concrete Strength,0.05,19,573,13.08901238,-436.4864119,-423.3973995
Concrete Strength,0.05,19,618,9.307926,-379.3987016,-370.0907756
Concrete Strength,0.05,19,641,30.14389072,27.16072331,57.30461403
Concrete Strength,0.05,19,664,27.8748252,50.22128808,78.09611328
Concrete Strength,0.05,19,666,11.39221195,-46.58351894,-35.19130699
Concrete Strength,0.05,19,707,26.32281473,-60.4297712,-34.10695647
Concrete Strength,0.05,19,739,18.91232668,95.70331796,114.6156446
Concrete Strength,0.05,19,786,16.26473884,239.9804667,256.2452055
Concrete Strength,0.05,19,789,18.12632404,-41.49903601,-23.37271197
Concrete Strength,0.05,19,804,19.10537996,-25.91443567,-6.80905571
Concrete Strength,0.05,19,838,39.05192064,203.9653296,243.0172502
Concrete Strength,0.05,19,856,61.23236356,-139.0641473,-77.83178376
Concrete Strength,0.05,19,883,36.4388066,36.72494107,73.16374767
Concrete Strength,0.05,19,885,23.83518532,116.7517501,140.5869354
Concrete Strength,0.05,19,897,52.44154456,54.26328908,106.7048336
Concrete Strength,0.05,19,923,33.79811352,-42.43007388,-8.631960357
Concrete Strength,0.05,19,925,26.96540636,-5.1007853,21.86462106
Concrete Strength,0.05,19,942,28.9379972,-83.76552124,-54.82752404
Concrete Strength,0.05,19,959,49.77327244,-216.1578848,-166.3846124
Concrete Strength,0.05,19,969,13.29378676,-104.4014592,-91.10767244
Concrete Strength,0.05,19,1005,52.82696164,83.38101739,136.207979
Concrete Strength,0.05,19,1013,61.23581094,81.72144164,142.9572526
Concrete Strength,0.05,20,55,14.58931216,-121.7927266,-107.2034145
Concrete Strength,0.05,20,63,9.86640156,-12.64768572,-2.781284159
Concrete Strength,0.05,20,84,35.3011712,153.4374777,188.7386489
Concrete Strength,0.05,20,94,46.20178676,-105.8300951,-59.62830837
Concrete Strength,0.05,20,106,54.09628696,-107.9757255,-53.87943853
Concrete Strength,0.05,20,166,66.69990824,728.9901737,795.690082
Concrete Strength,0.05,20,190,10.38350856,-209.8293779,-199.4458693
Concrete Strength,0.05,20,215,9.4458212,-85.72572851,-76.27990731
Concrete Strength,0.05,20,256,26.31040416,270.00449,296.3148942
Concrete Strength,0.05,20,275,17.22311048,-67.42526366,-50.20215318
Concrete Strength,0.05,20,280,13.12072828,-314.6699927,-301.5492645
Concrete Strength,0.05,20,290,7.31534036,257.5403513,264.8556917
Concrete Strength,0.05,20,339,58.60546,351.5721504,410.1776104
Concrete Strength,0.05,20,344,56.7438748,22.10476786,78.84864266
Concrete Strength,0.05,20,356,47.7117392,35.17646678,82.88820598
Concrete Strength,0.05,20,396,49.24927068,366.2151439,415.4644146
Concrete Strength,0.05,20,428,19.41564416,265.2930013,284.7086454
Concrete Strength,0.05,20,457,43.38872468,453.843406,497.2321307
Concrete Strength,0.05,20,482,61.06688932,-357.4995356,-296.4326463
Concrete Strength,0.05,20,534,11.6549023,157.3664704,169.0213727
Concrete Strength,0.05,20,544,10.22217118,-73.39486175,-63.17269057
Concrete Strength,0.05,20,565,21.0662497,393.9258005,414.9920502
Concrete Strength,0.05,20,594,11.48391226,209.9499916,221.4339039
Concrete Strength,0.05,20,597,10.73031499,67.65780297,78.38811796
Concrete Strength,0.05,20,626,32.922479,-135.9696751,-103.0471961
Concrete Strength,0.05,20,639,38.21075992,258.1190736,296.3298335
Concrete Strength,0.05,20,652,4.903553312,13.69020938,18.5937627
Concrete Strength,0.05,20,666,11.39221195,-179.2631402,-167.8709282
Concrete Strength,0.05,20,688,47.78206575,145.5913987,193.3734645
Concrete Strength,0.05,20,690,16.8894041,-19.26272685,-2.373322755
Concrete Strength,0.05,20,703,17.16588397,-184.7825068,-167.6166228
Concrete Strength,0.05,20,759,22.53207568,-327.584877,-305.0528013
Concrete Strength,0.05,20,760,27.3377234,235.0406149,262.3783383
Concrete Strength,0.05,20,779,14.79615496,-358.9847093,-344.1885543
Concrete Strength,0.05,20,812,27.923778,-68.86016524,-40.93638724
Concrete Strength,0.05,20,844,44.6090972,178.0202354,222.6293326
Concrete Strength,0.05,20,850,18.0297974,-74.27666495,-56.24686755
Concrete Strength,0.05,20,864,42.13387836,-137.9237738,-95.78989546
Concrete Strength,0.05,20,877,33.0603742,187.7538734,220.8142476
Concrete Strength,0.05,20,896,49.77327244,-41.96857146,7.804700982
Concrete Strength,0.05,20,918,26.91714304,-345.7851865,-318.8680435
Concrete Strength,0.05,20,987,37.17103011,385.8180816,422.9891117
Concrete Strength,0.05,21,78,33.39821744,412.4130794,445.8112969
Concrete Strength,0.05,21,82,25.2003478,59.82737659,85.02772439
Concrete Strength,0.05,21,93,24.0971862,84.37071836,108.4679046
Concrete Strength,0.05,21,94,46.20178676,-284.6610017,-238.459215
Concrete Strength,0.05,21,139,49.89737812,75.99234975,125.8897279
Concrete Strength,0.05,21,170,65.19685056,-48.55385248,16.64299808
Concrete Strength,0.05,21,203,35.34253976,354.8752014,390.2177411
Concrete Strength,0.05,21,205,12.47262084,245.9053449,258.3779657
Concrete Strength,0.05,21,215,9.4458212,-151.6305025,-142.1846813
Concrete Strength,0.05,21,259,42.919881,-512.1575184,-469.2376374
Concrete Strength,0.05,21,273,42.69924868,138.7982119,181.4974605
Concrete Strength,0.05,21,294,48.67011084,-40.17608687,8.494023974
Concrete Strength,0.05,21,295,7.39807748,169.9874164,177.3854939
Concrete Strength,0.05,21,334,66.42411784,342.811244,409.2353619
Concrete Strength,0.05,21,343,51.95891136,46.99120664,98.950118
Concrete Strength,0.05,21,345,17.57474324,211.8450015,229.4197447
Concrete Strength,0.05,21,362,55.50971276,-87.90976218,-32.40004942
Concrete Strength,0.05,21,366,38.60376124,46.10098219,84.70474343
Concrete Strength,0.05,21,377,31.97100212,144.5276265,176.4986287
Concrete Strength,0.05,21,419,11.98309288,-317.2021448,-305.2190519
Concrete Strength,0.05,21,424,29.7508894,45.00360346,74.75449286
Concrete Strength,0.05,21,437,33.68779736,107.570744,141.2585413
Concrete Strength,0.05,21,440,37.81086384,-491.4947432,-453.6838794
Concrete Strength,0.05,21,441,24.84871504,179.9191305,204.7678456
Concrete Strength,0.05,21,458,39.2656582,-66.52911966,-27.26346146
Concrete Strength,0.05,21,480,38.01770664,-308.4520492,-270.4343426
Concrete Strength,0.05,21,550,41.68020315,169.8550342,211.5352374
Concrete Strength,0.05,21,574,38.70028788,161.7656951,200.4659829
Concrete Strength,0.05,21,638,26.0621928,-62.39090846,-36.32871566
Concrete Strength,0.05,21,653,4.565020596,102.3379399,106.9029605
Concrete Strength,0.05,21,689,2.331807832,192.5454418,194.8772497
Concrete Strength,0.05,21,711,36.96418731,-35.32277451,1.641412804
Concrete Strength,0.05,21,712,54.59891496,-65.43478357,-10.83586861
Concrete Strength,0.05,21,734,33.60506024,-408.6183244,-375.0132642
Concrete Strength,0.05,21,764,6.26733684,-45.17121925,-38.90388241
Concrete Strength,0.05,21,789,18.12632404,151.857126,169.98345
Concrete Strength,0.05,21,840,26.8550902,-56.5289696,-29.6738794
Concrete Strength,0.05,21,884,32.9569528,147.6869264,180.6438792
Concrete Strength,0.05,21,944,12.18097249,-116.1594825,-103.97851
Concrete Strength,0.05,21,948,23.8358748,-208.8273728,-184.991498
Concrete Strength,0.05,21,976,43.57833058,-105.4604596,-61.88212899
Concrete Strength,0.05,21,1000,15.56974703,18.23698488,33.80673191
Concrete Strength,0.05,22,56,14.63826496,-364.2219094,-349.5836445
Concrete Strength,0.05,22,68,30.27558064,-172.7797517,-142.5041711
Concrete Strength,0.05,22,83,41.09966436,-28.88420696,12.2154574
Concrete Strength,0.05,22,92,35.3011712,38.98539737,74.28656857
Concrete Strength,0.05,22,131,74.69782984,-90.16893395,-15.47110411
Concrete Strength,0.05,22,161,77.29715436,-280.2516559,-202.9545015
Concrete Strength,0.05,22,204,40.56876784,33.1592584,73.72802624
Concrete Strength,0.05,22,209,39.6103962,-188.5836892,-148.973293
Concrete Strength,0.05,22,242,24.53845084,222.4548932,246.993344
Concrete Strength,0.05,22,252,29.21999288,-15.74898201,13.47101087
Concrete Strength,0.05,22,263,44.39535964,-67.11153882,-22.71617918
Concrete Strength,0.05,22,283,36.63875464,33.72559318,70.36434782
Concrete Strength,0.05,22,284,44.20920112,-323.9690658,-279.7598647
Concrete Strength,0.05,22,317,33.94290348,98.02942364,131.9723271
Concrete Strength,0.05,22,348,46.6430514,-462.3162979,-415.6732465
Concrete Strength,0.05,22,357,63.14221208,-248.2638266,-185.1216145
Concrete Strength,0.05,22,372,30.21973308,174.0502943,204.2700274
Concrete Strength,0.05,22,411,21.29101888,-212.8454789,-191.55446
Concrete Strength,0.05,22,509,32.01138572,96.35090892,128.3622946
Concrete Strength,0.05,22,517,9.849657146,313.4768482,323.3265054
Concrete Strength,0.05,22,522,24.13166,87.81705403,111.948714
Concrete Strength,0.05,22,546,18.74616296,-24.50327404,-5.757111078
Concrete Strength,0.05,22,586,33.0431373,435.1413223,468.1844596
Concrete Strength,0.05,22,603,35.17017076,-256.704645,-221.5344743
Concrete Strength,0.05,22,631,17.3403214,367.0409938,384.3813152
Concrete Strength,0.05,22,679,38.80439876,-167.0857342,-128.2813355
Concrete Strength,0.05,22,694,17.96429718,137.8371933,155.8014905
Concrete Strength,0.05,22,717,10.08979178,-364.7547847,-354.6649929
Concrete Strength,0.05,22,746,22.43554904,164.8154838,187.2510328
Concrete Strength,0.05,22,764,6.26733684,-128.0010312,-121.7336943
Concrete Strength,0.05,22,825,21.7529678,-45.80576917,-24.05280137
Concrete Strength,0.05,22,856,61.23236356,351.3141341,412.5464977
Concrete Strength,0.05,22,858,33.3016908,115.0761886,148.3778794
Concrete Strength,0.05,22,872,32.76389952,-137.2085994,-104.4446999
Concrete Strength,0.05,22,905,23.786922,-498.4791732,-474.6922512
Concrete Strength,0.05,22,916,28.98557104,10.43935375,39.42492479
Concrete Strength,0.05,22,929,24.5798194,211.6344601,236.2142795
Concrete Strength,0.05,22,971,46.23419213,-394.2257632,-347.9915711
Concrete Strength,0.05,22,975,15.52631004,-227.078153,-211.551843
Concrete Strength,0.05,22,978,41.05346947,351.6296568,392.6831262
Concrete Strength,0.05,22,980,46.24729218,-239.3280383,-193.0807461
Concrete Strength,0.05,22,1003,57.21823429,94.15139901,151.3696333
Concrete Strength,0.05,23,89,35.3011712,395.6141921,430.9153633
Concrete Strength,0.05,23,99,55.59934464,16.81807396,72.4174186
Concrete Strength,0.05,23,171,57.59882504,68.56548414,126.1643092
Concrete Strength,0.05,23,188,29.44751996,421.7436538,451.1911738
Concrete Strength,0.05,23,208,34.20490436,-323.7351845,-289.5302802
Concrete Strength,0.05,23,221,25.48303296,-168.4765603,-142.9935274
Concrete Strength,0.05,23,245,19.93275116,332.1766101,352.1093613
Concrete Strength,0.05,23,247,30.2335226,5.835252233,36.06877483
Concrete Strength,0.05,23,284,44.20920112,-137.3705949,-93.16139382
Concrete Strength,0.05,23,289,45.3675208,-50.55430769,-5.186786889
Concrete Strength,0.05,23,294,48.67011084,183.7857481,232.455859
Concrete Strength,0.05,23,300,22.50449664,-478.337048,-455.8325514
Concrete Strength,0.05,23,319,45.3675208,-47.72750729,-2.359986494
Concrete Strength,0.05,23,349,50.07664188,289.2308376,339.3074795
Concrete Strength,0.05,23,351,33.70158688,240.7121567,274.4137436
Concrete Strength,0.05,23,359,66.9481196,-144.7710274,-77.82290778
Concrete Strength,0.05,23,360,27.42046052,1.369440548,28.78990107
Concrete Strength,0.05,23,365,18.01600788,128.7497387,146.7657465
Concrete Strength,0.05,23,373,37.2661778,89.08493151,126.3511093
Concrete Strength,0.05,23,441,24.84871504,26.28389875,51.13261379
Concrete Strength,0.05,23,451,53.77223324,119.8798894,173.6521226
Concrete Strength,0.05,23,475,53.38612668,33.53841708,86.92454376
Concrete Strength,0.05,23,490,25.510612,260.7600305,286.2706425
Concrete Strength,0.05,23,531,66.78067543,-45.58304863,21.1976268
Concrete Strength,0.05,23,557,32.6266938,15.83245922,48.45915301
Concrete Strength,0.05,23,579,17.20035777,21.60954426,38.80990203
Concrete Strength,0.05,23,581,21.8591471,103.0199306,124.8790777
Concrete Strength,0.05,23,599,13.22414968,199.9803681,213.2045178
Concrete Strength,0.05,23,633,30.57136584,152.3903685,182.9617344
Concrete Strength,0.05,23,647,47.7144971,9.68073855,57.39523565
Concrete Strength,0.05,23,663,33.66435518,62.08439549,95.74875067
Concrete Strength,0.05,23,782,14.2032056,-59.3280571,-45.1248515
Concrete Strength,0.05,23,790,32.72253096,202.8148795,235.5374105
Concrete Strength,0.05,23,827,24.39366088,86.1011925,110.4948534
Concrete Strength,0.05,23,857,40.86524252,173.1963155,214.061558
Concrete Strength,0.05,23,877,33.0603742,-218.9131592,-185.852785
Concrete Strength,0.05,23,927,30.6472082,21.78274849,52.42995669
Concrete Strength,0.05,23,928,33.05347944,92.07789128,125.1313707
Concrete Strength,0.05,23,951,38.6306508,289.488448,328.1190988
Concrete Strength,0.05,23,952,19.0095428,-449.5251943,-430.5156515
Concrete Strength,0.05,23,976,43.57833058,190.431382,234.0097126
Concrete Strength,0.05,23,1003,57.21823429,32.64371068,89.86194497
Concrete Strength,0.05,24,6,47.02984744,11.7577978,58.78764523
Concrete Strength,0.05,24,14,42.32693164,-193.0327099,-150.7057782
Concrete Strength,0.05,24,17,39.35804798,-303.4881992,-264.1301512
Concrete Strength,0.05,24,119,60.2946762,3.590416553,63.88509275
Concrete Strength,0.05,24,133,71.29871316,31.23635996,102.5350731
Concrete Strength,0.05,24,153,77.29715436,136.9615796,214.258734
Concrete Strength,0.05,24,161,77.29715436,29.96380395,107.2609583
Concrete Strength,0.05,24,199,37.34202016,-5.530127772,31.81189239
Concrete Strength,0.05,24,257,31.64005364,-292.981853,-261.3417993
Concrete Strength,0.05,24,335,23.80071152,293.8833677,317.6840792
Concrete Strength,0.05,24,340,21.91154728,-213.0647108,-191.1531635
Concrete Strength,0.05,24,354,59.30183076,-52.25479116,7.047039597
Concrete Strength,0.05,24,359,66.9481196,72.28473055,139.2328501
Concrete Strength,0.05,24,414,15.81657944,-154.0889369,-138.2723574
Concrete Strength,0.05,24,427,29.55094136,-200.3316981,-170.7807567
Concrete Strength,0.05,24,471,40.14818748,-179.3694754,-139.2212879
Concrete Strength,0.05,24,518,15.06997543,266.20479,281.2747654
Concrete Strength,0.05,24,529,38.610656,-119.3000179,-80.68936188
Concrete Strength,0.05,24,537,39.60488039,-216.7955816,-177.1907012
Concrete Strength,0.05,24,548,23.4049523,163.6200289,187.0249812
Concrete Strength,0.05,24,576,17.57612219,274.1761297,291.7522519
Concrete Strength,0.05,24,592,19.76520849,-29.3115919,-9.546383403
Concrete Strength,0.05,24,630,11.1695112,128.1269804,139.2964916
Concrete Strength,0.05,24,652,4.903553312,-316.2645061,-311.3609528
Concrete Strength,0.05,24,667,12.78840085,-203.6552712,-190.8668704
Concrete Strength,0.05,24,677,15.74832132,-182.8200486,-167.0717273
Concrete Strength,0.05,24,744,36.93522932,-141.0020376,-104.0668083
Concrete Strength,0.05,24,760,27.3377234,-498.242278,-470.9045546
Concrete Strength,0.05,24,766,23.22155168,285.5037673,308.7253189
Concrete Strength,0.05,24,778,31.84000168,20.9232343,52.76323598
Concrete Strength,0.05,24,783,21.6495464,53.5621417,75.2116881
Concrete Strength,0.05,24,822,20.77391188,381.3426271,402.116539
Concrete Strength,0.05,24,894,23.51802636,-57.11767501,-33.59964865
Concrete Strength,0.05,24,906,13.29309728,6.21817424,19.51127152
Concrete Strength,0.05,24,952,19.0095428,170.6252687,189.6348115
Concrete Strength,0.05,24,978,41.05346947,249.6285318,290.6820012
Concrete Strength,0.05,24,1005,52.82696164,287.0510681,339.8780297
Concrete Strength,0.05,24,1007,18.03393426,195.1076202,213.1415545
Concrete Strength,0.05,24,1011,40.06200298,298.6534877,338.7154907
Concrete Strength,0.05,24,1014,40.8686899,-271.190694,-230.3220041
Concrete Strength,0.05,24,1015,33.30651713,228.9876318,262.2941489
Concrete Strength,0.05,24,1017,15.09125069,-303.5960787,-288.504828
Concrete Strength,0.05,25,72,28.79941252,49.97451515,78.77392767
Concrete Strength,0.05,25,96,49.20100736,-6.947660877,42.25334648
Concrete Strength,0.05,25,125,50.69717028,-168.619333,-117.9221628
Concrete Strength,0.05,25,145,72.29845336,-158.6058472,-86.30739383
Concrete Strength,0.05,25,152,73.69808964,499.0015927,572.6996824
Concrete Strength,0.05,25,262,37.404073,234.3006581,271.7047311
Concrete Strength,0.05,25,268,45.08483564,276.2803062,321.3651419
Concrete Strength,0.05,25,283,36.63875464,261.679479,298.3182337
Concrete Strength,0.05,25,309,55.6407132,-224.0813856,-168.4406724
Concrete Strength,0.05,25,325,21.78054684,-269.6033239,-247.8227771
Concrete Strength,0.05,25,430,29.59230992,-97.72533897,-68.13302905
Concrete Strength,0.05,25,456,51.25564584,122.5879765,173.8436224
Concrete Strength,0.05,25,472,57.02655996,105.1105339,162.1370939
Concrete Strength,0.05,25,473,44.42293868,-66.03699136,-21.61405268
Concrete Strength,0.05,25,477,25.02108404,-124.164631,-99.14354692
Concrete Strength,0.05,25,486,50.23522136,-353.1403084,-302.905087
Concrete Strength,0.05,25,488,46.68441996,249.8755751,296.5599951
Concrete Strength,0.05,25,492,36.83870268,-23.14555816,13.69314452
Concrete Strength,0.05,25,570,22.48932817,-59.51287328,-37.02354511
Concrete Strength,0.05,25,601,27.04124872,-10.1726989,16.86854982
Concrete Strength,0.05,25,615,31.25394708,-93.9538554,-62.69990832
Concrete Strength,0.05,25,624,12.54156844,-249.9692346,-237.4276662
Concrete Strength,0.05,25,635,24.49708228,387.8484894,412.3455717
Concrete Strength,0.05,25,637,26.84819544,-149.7401019,-122.8919065
Concrete Strength,0.05,25,654,25.46096973,-673.8371613,-648.3761915
Concrete Strength,0.05,25,656,33.94772981,-403.4854382,-369.5377083
Concrete Strength,0.05,25,758,18.12632404,364.1352421,382.2615662
Concrete Strength,0.05,25,779,14.79615496,-210.7115238,-195.9153689
Concrete Strength,0.05,25,791,39.48629052,-174.4002573,-134.9139667
Concrete Strength,0.05,25,834,36.34917472,-416.5687604,-380.2195857
Concrete Strength,0.05,25,837,33.41890172,34.36828396,67.78718568
Concrete Strength,0.05,25,873,32.39847724,159.7017776,192.1002549
Concrete Strength,0.05,25,880,44.38846488,-637.3223326,-592.9338677
Concrete Strength,0.05,25,931,30.88163004,169.8078595,200.6894895
Concrete Strength,0.05,25,940,32.72046253,-294.3240721,-261.6036096
Concrete Strength,0.05,25,990,19.98790924,-208.0734666,-188.0855573
Concrete Strength,0.05,25,994,33.4195912,133.8399997,167.2595909
Concrete Strength,0.05,25,996,27.68108245,276.4694953,304.1505777
Concrete Strength,0.05,25,1005,52.82696164,474.9199053,527.7468669
Concrete Strength,0.05,25,1011,40.06200298,-139.7437024,-99.68169944
Concrete Strength,0.05,25,1017,15.09125069,-445.0409667,-429.949716
Concrete Strength,0.05,25,1019,37.26548832,-58.45154804,-21.18605972
Concrete Strength,0.05,26,55,14.58931216,-185.7334696,-171.1441574
Concrete Strength,0.05,26,56,14.63826496,-398.7699022,-384.1316372
Concrete Strength,0.05,26,106,54.09628696,-100.4680074,-46.37172043
Concrete Strength,0.05,26,120,61.79773388,-133.295013,-71.49727917
Concrete Strength,0.05,26,141,64.90037588,123.366415,188.2667909
Concrete Strength,0.05,26,166,66.69990824,171.3015545,238.0014628
Concrete Strength,0.05,26,190,10.38350856,-32.98934706,-22.6058385
Concrete Strength,0.05,26,199,37.34202016,52.16402276,89.50604292
Concrete Strength,0.05,26,213,31.53663224,-221.0775516,-189.5409194
Concrete Strength,0.05,26,219,40.38950408,335.7474838,376.1369879
Concrete Strength,0.05,26,221,25.48303296,253.6836378,279.1666708
Concrete Strength,0.05,26,279,43.58177796,103.6180563,147.1998342
Concrete Strength,0.05,26,325,21.78054684,129.4041246,151.1846714
Concrete Strength,0.05,26,334,66.42411784,205.6429118,272.0670296
Concrete Strength,0.05,26,367,52.20022796,-95.13773899,-42.93751103
Concrete Strength,0.05,26,404,58.99846132,306.9988964,365.9973577
Concrete Strength,0.05,26,416,8.48744956,-51.49754615,-43.01009659
Concrete Strength,0.05,26,457,43.38872468,214.0124089,257.4011336
Concrete Strength,0.05,26,486,50.23522136,107.3456925,157.5809138
Concrete Strength,0.05,26,498,44.02993736,-105.1681102,-61.13817287
Concrete Strength,0.05,26,516,21.96670536,-328.1131454,-306.14644
Concrete Strength,0.05,26,519,23.24519085,-91.39259507,-68.14740422
Concrete Strength,0.05,26,568,11.95758227,67.83994864,79.7975309
Concrete Strength,0.05,26,618,9.307926,-159.0297235,-149.7217975
Concrete Strength,0.05,26,646,19.53906036,-14.80136573,4.737694633
Concrete Strength,0.05,26,649,29.89223198,49.43601662,79.3282486
Concrete Strength,0.05,26,651,33.19206412,-389.828428,-356.6363638
Concrete Strength,0.05,26,661,31.0236621,293.9079133,324.9315754
Concrete Strength,0.05,26,670,16.10960674,-299.9019016,-283.7922948
Concrete Strength,0.05,26,677,15.74832132,-241.0834814,-225.33516
Concrete Strength,0.05,26,698,7.723510152,139.5743385,147.2978487
Concrete Strength,0.05,26,718,4.827710952,-445.1707803,-440.3430694
Concrete Strength,0.05,26,741,30.9574724,-686.1737336,-655.2162612
Concrete Strength,0.05,26,745,14.49968028,-463.432356,-448.9326758
Concrete Strength,0.05,26,765,14.69962832,168.7877479,183.4873762
Concrete Strength,0.05,26,786,16.26473884,-181.7278959,-165.463157
Concrete Strength,0.05,26,823,25.17966352,-138.0261107,-112.8464472
Concrete Strength,0.05,26,852,32.83974188,-203.1798556,-170.3401137
Concrete Strength,0.05,26,911,26.14492992,3.450797683,29.5957276
Concrete Strength,0.05,26,960,52.44637089,-50.02860053,2.417770357
Concrete Strength,0.05,26,996,27.68108245,25.63670566,53.3177881
Concrete Strength,0.05,26,1010,42.6440906,-371.8575368,-329.2134462
Concrete Strength,0.05,27,72,28.79941252,-249.8823458,-221.0829333
Concrete Strength,0.05,27,119,60.2946762,-235.9104319,-175.6157557
Concrete Strength,0.05,27,148,55.19944856,194.3661775,249.5656261
Concrete Strength,0.05,27,179,76.80073164,-147.2835133,-70.48278162
Concrete Strength,0.05,27,192,22.83544512,-99.37132739,-76.53588227
Concrete Strength,0.05,27,194,34.55653712,209.8535528,244.4100899
Concrete Strength,0.05,27,203,35.34253976,24.7738309,60.11637066
Concrete Strength,0.05,27,248,39.58971192,585.5899903,625.1797022
Concrete Strength,0.05,27,266,31.35047372,303.988122,335.3385957
Concrete Strength,0.05,27,271,26.77235308,-293.7673184,-266.9949653
Concrete Strength,0.05,27,280,13.12072828,-369.6377458,-356.5170175
Concrete Strength,0.05,27,376,25.62092816,526.4123279,552.0332561
Concrete Strength,0.05,27,388,51.021224,-163.2561337,-112.2349097
Concrete Strength,0.05,27,413,15.52010476,374.1867609,389.7068657
Concrete Strength,0.05,27,508,62.05284,131.8575571,193.9103971
Concrete Strength,0.05,27,519,23.24519085,-152.8781749,-129.6329841
Concrete Strength,0.05,27,537,39.60488039,-407.3941229,-367.7892425
Concrete Strength,0.05,27,545,14.5968964,17.19358578,31.79048218
Concrete Strength,0.05,27,555,15.69109481,-165.8800895,-150.1889947
Concrete Strength,0.05,27,557,32.6266938,-327.3224827,-294.695789
Concrete Strength,0.05,27,558,17.23621052,526.1676376,543.4038481
Concrete Strength,0.05,27,565,21.0662497,-86.5916972,-65.52544749
Concrete Strength,0.05,27,581,21.8591471,-173.5737592,-151.7146121
Concrete Strength,0.05,27,635,24.49708228,79.84995968,104.347042
Concrete Strength,0.05,27,659,25.89396066,-80.14800624,-54.25404558
Concrete Strength,0.05,27,691,23.52354217,142.1249982,165.6485404
Concrete Strength,0.05,27,696,22.34798559,88.10736902,110.4553546
Concrete Strength,0.05,27,699,41.68434001,-409.6508257,-367.9664857
Concrete Strength,0.05,27,720,43.56523054,118.5122032,162.0774337
Concrete Strength,0.05,27,812,27.923778,-57.91990138,-29.99612338
Concrete Strength,0.05,27,858,33.3016908,-204.8535575,-171.5518667
Concrete Strength,0.05,27,861,38.45897128,-20.52567394,17.93329734
Concrete Strength,0.05,27,900,13.19657064,-113.460028,-100.2634573
Concrete Strength,0.05,27,906,13.29309728,-102.6907147,-89.3976174
Concrete Strength,0.05,27,911,26.14492992,169.8145788,195.9595088
Concrete Strength,0.05,27,951,38.6306508,-250.7859317,-212.1552809
Concrete Strength,0.05,27,966,56.61907964,-108.8929412,-52.27386159
Concrete Strength,0.05,27,973,23.74417449,228.7683896,252.5125641
Concrete Strength,0.05,27,975,15.52631004,-246.227661,-230.7013509
Concrete Strength,0.05,27,986,33.798803,-243.324597,-209.525794
Concrete Strength,0.05,27,1012,43.79827342,-488.1705965,-444.3723231
Concrete Strength,0.05,27,1030,32.40123514,-152.0205381,-119.6193029
Concrete Strength,0.05,28,56,14.63826496,-40.69078856,-26.05252361
Concrete Strength,0.05,28,124,60.2946762,-144.490277,-84.19560076
Concrete Strength,0.05,28,141,64.90037588,568.4377974,633.3381733
Concrete Strength,0.05,28,147,64.30053176,-108.8675517,-44.56701998
Concrete Strength,0.05,28,222,21.53923024,69.58908468,91.12831492
Concrete Strength,0.05,28,275,17.22311048,309.0210274,326.2441379
Concrete Strength,0.05,28,281,24.42813468,-42.39387764,-17.96574296
Concrete Strength,0.05,28,299,48.15300384,131.8829071,180.0359109
Concrete Strength,0.05,28,357,63.14221208,64.13865357,127.2808657
Concrete Strength,0.05,28,371,26.04840328,29.62591902,55.6743223
Concrete Strength,0.05,28,377,31.97100212,-152.2641734,-120.2931713
Concrete Strength,0.05,28,524,62.93536928,23.17767481,86.11304409
Concrete Strength,0.05,28,546,18.74616296,-35.8257662,-17.07960323
Concrete Strength,0.05,28,552,8.204074924,23.46135244,31.66542736
Concrete Strength,0.05,28,584,37.81362174,198.990762,236.8043838
Concrete Strength,0.05,28,615,31.25394708,9.603024179,40.85697126
Concrete Strength,0.05,28,639,38.21075992,68.35283244,106.5635924
Concrete Strength,0.05,28,650,6.902344236,-109.7340362,-102.831692
Concrete Strength,0.05,28,673,6.940954892,-103.0068381,-96.06588316
Concrete Strength,0.05,28,674,15.0305768,-194.6802552,-179.6496784
Concrete Strength,0.05,28,710,32.10269204,205.4335385,237.5362305
Concrete Strength,0.05,28,730,37.91428524,61.65726535,99.57155059
Concrete Strength,0.05,28,744,36.93522932,-132.0968782,-95.1616489
Concrete Strength,0.05,28,766,23.22155168,327.9100906,351.1316423
Concrete Strength,0.05,28,776,22.43554904,-40.90518117,-18.46963213
Concrete Strength,0.05,28,791,39.48629052,-225.0172065,-185.530916
Concrete Strength,0.05,28,806,48.79421652,-92.82285692,-44.0286404
Concrete Strength,0.05,28,809,11.46598588,541.3321556,552.7981414
Concrete Strength,0.05,28,813,34.6806428,184.5212158,219.2018586
Concrete Strength,0.05,28,879,31.02642,84.96458569,115.9910057
Concrete Strength,0.05,28,880,44.38846488,382.6209383,427.0094032
Concrete Strength,0.05,28,881,12.17614616,270.917918,283.0940641
Concrete Strength,0.05,28,890,33.7153764,-42.88586325,-9.170486849
Concrete Strength,0.05,28,914,35.85964676,288.9680448,324.8276915
Concrete Strength,0.05,28,915,41.05140104,-366.9903027,-325.9389016
Concrete Strength,0.05,28,916,28.98557104,376.7413246,405.7268957
Concrete Strength,0.05,28,918,26.91714304,43.63787718,70.55502022
Concrete Strength,0.05,28,961,40.9348796,-1.485885462,39.44899413
Concrete Strength,0.05,28,963,13.20208645,122.4697702,135.6718566
Concrete Strength,0.05,28,971,46.23419213,151.4292671,197.6634593
Concrete Strength,0.05,28,996,27.68108245,18.54458266,46.22566511
Concrete Strength,0.05,28,1026,44.284354,-237.0027006,-192.7183466
Concrete Strength,0.05,29,23,8.06342182,-90.12077188,-82.05735006
Concrete Strength,0.05,29,68,30.27558064,-272.2822174,-242.0066368
Concrete Strength,0.05,29,85,28.29609504,242.0937717,270.3898668
Concrete Strength,0.05,29,122,68.29949256,78.91511924,147.2146118
Concrete Strength,0.05,29,166,66.69990824,-265.7333273,-199.033419
Concrete Strength,0.05,29,175,75.497622,-170.0434132,-94.54579115
Concrete Strength,0.05,29,197,25.72434956,283.2005878,308.9249373
Concrete Strength,0.05,29,255,13.54130864,-346.0628376,-332.521529
Concrete Strength,0.05,29,290,7.31534036,152.9115146,160.2268549
Concrete Strength,0.05,29,303,45.08483564,164.8619871,209.9468228
Concrete Strength,0.05,29,306,41.885667,-114.9426265,-73.05695945
Concrete Strength,0.05,29,316,33.35684888,-350.3975395,-317.0406906
Concrete Strength,0.05,29,317,33.94290348,302.2722057,336.2151092
Concrete Strength,0.05,29,333,60.32225524,25.09233747,85.41459271
Concrete Strength,0.05,29,334,66.42411784,91.80286972,158.2269876
Concrete Strength,0.05,29,371,26.04840328,87.61363653,113.6620398
Concrete Strength,0.05,29,410,14.94094492,-89.89376587,-74.95282095
Concrete Strength,0.05,29,448,48.58737372,40.27527089,88.86264461
Concrete Strength,0.05,29,461,49.99390476,-191.0776412,-141.0837364
Concrete Strength,0.05,29,558,17.23621052,292.307215,309.5434255
Concrete Strength,0.05,29,563,24.0654703,-95.89034308,-71.82487277
Concrete Strength,0.05,29,633,30.57136584,-152.6403108,-122.068945
Concrete Strength,0.05,29,645,34.29453624,-206.5687467,-172.2742105
Concrete Strength,0.05,29,647,47.7144971,72.40621028,120.1207074
Concrete Strength,0.05,29,649,29.89223198,-245.7417652,-215.8495333
Concrete Strength,0.05,29,685,50.73233356,-26.63731301,24.09502055
Concrete Strength,0.05,29,688,47.78206575,-40.74979524,7.03227051
Concrete Strength,0.05,29,736,40.85834776,-56.07952486,-15.2211771
Concrete Strength,0.05,29,738,17.54026944,147.2641293,164.8043988
Concrete Strength,0.05,29,746,22.43554904,77.74757942,100.1831285
Concrete Strength,0.05,29,785,13.52062436,-73.33541085,-59.81478649
Concrete Strength,0.05,29,788,37.231704,378.6839385,415.9156425
Concrete Strength,0.05,29,844,44.6090972,313.479628,358.0887252
Concrete Strength,0.05,29,845,53.52402188,-104.3590022,-50.83498034
Concrete Strength,0.05,29,908,46.2293658,190.5436443,236.7730101
Concrete Strength,0.05,29,948,23.8358748,-125.8730899,-102.0372151
Concrete Strength,0.05,29,952,19.0095428,-52.84922885,-33.83968606
Concrete Strength,0.05,29,976,43.57833058,-287.4111866,-243.832856
Concrete Strength,0.05,29,983,25.10382116,-100.6033647,-75.49954356
Concrete Strength,0.05,29,996,27.68108245,144.3057035,171.9867859
Concrete Strength,0.05,29,1018,38.46103971,61.47657326,99.93761297
Concrete Strength,0.05,29,1028,23.69660064,-87.40628619,-63.70968555
Concrete Strength,0.05,30,8,36.44776979,-72.71094112,-36.26317133
Concrete Strength,0.05,30,55,14.58931216,130.316309,144.9056212
Concrete Strength,0.05,30,60,33.01900564,344.9734725,377.9924781
Concrete Strength,0.05,30,117,61.09446836,178.1252562,239.2197245
Concrete Strength,0.05,30,119,60.2946762,112.1683323,172.4630085
Concrete Strength,0.05,30,158,77.29715436,-111.8876865,-34.59053215
Concrete Strength,0.05,30,173,65.19685056,205.2782207,270.4750713
Concrete Strength,0.05,30,304,48.97348028,46.37640248,95.34988276
Concrete Strength,0.05,30,319,45.3675208,-342.2047986,-296.8372778
Concrete Strength,0.05,30,327,50.60064364,-77.1292484,-26.52860476
Concrete Strength,0.05,30,356,47.7117392,388.4525393,436.1642785
Concrete Strength,0.05,30,361,35.9561734,83.03969792,118.9958713
Concrete Strength,0.05,30,365,18.01600788,160.0195875,178.0355953
Concrete Strength,0.05,30,442,27.22051248,475.7857478,503.0062603
Concrete Strength,0.05,30,458,39.2656582,-0.4500369281,38.81562127
Concrete Strength,0.05,30,466,50.93848688,-153.2502056,-102.3117187
Concrete Strength,0.05,30,472,57.02655996,-346.1331766,-289.1066167
Concrete Strength,0.05,30,492,36.83870268,134.8256528,171.6643555
Concrete Strength,0.05,30,524,62.93536928,188.4267661,251.3621354
Concrete Strength,0.05,30,528,35.75425543,-15.0100428,20.74421263
Concrete Strength,0.05,30,529,38.610656,71.23137555,109.8420315
Concrete Strength,0.05,30,530,68.75060685,-226.5069259,-157.7563191
Concrete Strength,0.05,30,548,23.4049523,-273.2975072,-249.8925549
Concrete Strength,0.05,30,551,27.74244581,89.61685815,117.359304
Concrete Strength,0.05,30,629,12.24509376,27.47439922,39.71949298
Concrete Strength,0.05,30,643,20.87043852,177.3405388,198.2109773
Concrete Strength,0.05,30,657,11.41427518,-181.4942266,-170.0799514
Concrete Strength,0.05,30,703,17.16588397,73.10308692,90.2689709
Concrete Strength,0.05,30,707,26.32281473,222.9371675,249.2599822
Concrete Strength,0.05,30,727,14.306627,-117.963849,-103.657222
Concrete Strength,0.05,30,767,27.923778,-167.9956519,-140.0718739
Concrete Strength,0.05,30,771,14.98920824,183.6047265,198.5939348
Concrete Strength,0.05,30,868,37.91428524,99.2956928,137.209978
Concrete Strength,0.05,30,879,31.02642,116.6720131,147.6984331
Concrete Strength,0.05,30,890,33.7153764,-532.3912068,-498.6758304
Concrete Strength,0.05,30,904,12.45883132,-19.92730603,-7.468474713
Concrete Strength,0.05,30,906,13.29309728,203.8618957,217.154993
Concrete Strength,0.05,30,952,19.0095428,-163.0517748,-144.042232
Concrete Strength,0.05,30,982,10.53588276,115.3884625,125.9243452
Concrete Strength,0.05,30,999,30.12320644,295.4455703,325.5687768
Concrete Strength,0.05,30,1026,44.284354,-23.54636886,20.73798515
Concrete Strength,0.05,30,1029,32.76803638,164.0292505,196.7972869
Concrete Strength,0.1,1,14,42.32693164,126.6238287,168.9507603
Concrete Strength,0.1,1,23,8.06342182,6.63237118,14.695793
Concrete Strength,0.1,1,47,15.04919265,80.46028213,95.50947478
Concrete Strength,0.1,1,102,34.90127512,-178.0460732,-143.1447981
Concrete Strength,0.1,1,107,55.89581932,-33.74523827,22.15058105
Concrete Strength,0.1,1,115,22.89749796,-318.5248244,-295.6273264
Concrete Strength,0.1,1,116,35.10122316,-78.18237109,-43.08114793
Concrete Strength,0.1,1,127,60.2946762,-24.89813122,35.39654498
Concrete Strength,0.1,1,140,63.3973182,23.39340721,86.79072541
Concrete Strength,0.1,1,145,72.29845336,192.3967179,264.6951713
Concrete Strength,0.1,1,156,77.29715436,-131.2182989,-53.92114449
Concrete Strength,0.1,1,185,11.57630204,86.14362149,97.71992353
Concrete Strength,0.1,1,187,24.8900836,-202.3052307,-177.4151471
Concrete Strength,0.1,1,197,25.72434956,-325.5081825,-299.7838329
Concrete Strength,0.1,1,208,34.20490436,94.39102792,128.5959323
Concrete Strength,0.1,1,235,13.18278112,-355.2729162,-342.0901351
Concrete Strength,0.1,1,247,30.2335226,90.59044705,120.8239696
Concrete Strength,0.1,1,253,38.32797084,241.2830957,279.6110666
Concrete Strength,0.1,1,269,47.8151606,257.6537088,305.4688694
Concrete Strength,0.1,1,270,15.43736764,334.2069153,349.644283
Concrete Strength,0.1,1,274,45.83636448,220.2973265,266.133691
Concrete Strength,0.1,1,277,29.65436276,-272.3844047,-242.730042
Concrete Strength,0.1,1,282,32.66047812,288.8103895,321.4708676
Concrete Strength,0.1,1,292,31.2677366,-138.9912521,-107.7235155
Concrete Strength,0.1,1,297,31.11605188,91.59568548,122.7117374
Concrete Strength,0.1,1,332,52.5035974,69.95884114,122.4624385
Concrete Strength,0.1,1,351,33.70158688,-152.9468757,-119.2452888
Concrete Strength,0.1,1,378,36.3009114,-237.2325905,-200.9316791
Concrete Strength,0.1,1,395,52.30364936,115.4084315,167.7120809
Concrete Strength,0.1,1,400,39.300132,145.3948963,184.6950283
Concrete Strength,0.1,1,418,12.17614616,74.95991342,87.13605958
Concrete Strength,0.1,1,422,34.23937816,347.3546347,381.5940128
Concrete Strength,0.1,1,427,29.55094136,61.01428052,90.56522188
Concrete Strength,0.1,1,435,39.1622368,121.1235724,160.2858092
Concrete Strength,0.1,1,453,48.9872698,137.2472416,186.2345114
Concrete Strength,0.1,1,473,44.42293868,319.7898059,364.2127446
Concrete Strength,0.1,1,475,53.38612668,-181.5510823,-128.1649556
Concrete Strength,0.1,1,488,46.68441996,174.9155659,221.5999859
Concrete Strength,0.1,1,492,36.83870268,-238.2261538,-201.3874511
Concrete Strength,0.1,1,509,32.01138572,-52.36794813,-20.35656242
Concrete Strength,0.1,1,521,13.39553372,175.4732532,188.8687869
Concrete Strength,0.1,1,531,66.78067543,-326.0746825,-259.2940071
Concrete Strength,0.1,1,544,10.22217118,-561.1833332,-550.9611621
Concrete Strength,0.1,1,557,32.6266938,-59.03792503,-26.41123124
Concrete Strength,0.1,1,574,38.70028788,-245.5715366,-206.8712487
Concrete Strength,0.1,1,586,33.0431373,-182.7465143,-149.703377
Concrete Strength,0.1,1,596,17.59680647,365.7924605,383.389267
Concrete Strength,0.1,1,613,25.96566616,-152.7470525,-126.7813864
Concrete Strength,0.1,1,632,17.54026944,-380.7112418,-363.1709723
Concrete Strength,0.1,1,633,30.57136584,56.34984021,86.92120605
Concrete Strength,0.1,1,648,43.37700359,342.3358287,385.7128323
Concrete Strength,0.1,1,653,4.565020596,360.97035,365.5353706
Concrete Strength,0.1,1,660,29.23171397,-173.9523132,-144.7205993
Concrete Strength,0.1,1,663,33.66435518,-160.1261182,-126.461763
Concrete Strength,0.1,1,665,19.35014394,-246.7372781,-227.3871342
Concrete Strength,0.1,1,672,20.41607384,-287.5385516,-267.1224778
Concrete Strength,0.1,1,675,13.5654403,286.1300953,299.6955356
Concrete Strength,0.1,1,684,36.58842289,219.090919,255.6793419
Concrete Strength,0.1,1,695,32.88455782,86.44009026,119.3246481
Concrete Strength,0.1,1,703,17.16588397,-288.1376562,-270.9717722
Concrete Strength,0.1,1,705,9.731264264,117.9737554,127.7050197
Concrete Strength,0.1,1,707,26.32281473,183.0705234,209.3933381
Concrete Strength,0.1,1,720,43.56523054,-158.3834342,-114.8182037
Concrete Strength,0.1,1,727,14.306627,-198.3976299,-184.0910029
Concrete Strength,0.1,1,734,33.60506024,259.4613146,293.0663748
Concrete Strength,0.1,1,771,14.98920824,-12.99046583,1.998742414
Concrete Strength,0.1,1,775,11.46598588,87.9040607,99.37004658
Concrete Strength,0.1,1,826,39.0932892,319.6290333,358.7223225
Concrete Strength,0.1,1,840,26.8550902,-397.6167435,-370.7616533
Concrete Strength,0.1,1,850,18.0297974,-304.4717729,-286.4419755
Concrete Strength,0.1,1,858,33.3016908,40.22043519,73.52212599
Concrete Strength,0.1,1,883,36.4388066,183.5722198,220.0110264
Concrete Strength,0.1,1,896,49.77327244,30.33716286,80.1104353
Concrete Strength,0.1,1,900,13.19657064,-149.8705367,-136.6739661
Concrete Strength,0.1,1,905,23.786922,279.4882342,303.2751562
Concrete Strength,0.1,1,908,46.2293658,176.7604032,222.989769
Concrete Strength,0.1,1,913,43.5748832,205.5268885,249.1017717
Concrete Strength,0.1,1,922,9.73540112,325.0089989,334.7444001
Concrete Strength,0.1,1,927,30.6472082,-9.3523823,21.2948259
Concrete Strength,0.1,1,934,23.8903434,-7.951720471,15.93862293
Concrete Strength,0.1,1,962,44.86834018,-312.8049406,-267.9366004
Concrete Strength,0.1,1,975,15.52631004,-219.4531808,-203.9268707
Concrete Strength,0.1,1,979,28.99108685,49.29699011,78.28807696
Concrete Strength,0.1,1,995,39.0560575,-338.8177451,-299.7616876
Concrete Strength,0.1,2,12,28.02168359,52.34213056,80.36381415
Concrete Strength,0.1,2,17,39.35804798,-131.8928925,-92.53484456
Concrete Strength,0.1,2,22,28.23748958,117.699543,145.9370326
Concrete Strength,0.1,2,85,28.29609504,-551.100829,-522.804734
Concrete Strength,0.1,2,95,42.79577532,-118.5548921,-75.75911673
Concrete Strength,0.1,2,97,46.80163088,-170.9199165,-124.1182856
Concrete Strength,0.1,2,112,55.89581932,275.7147453,331.6105646
Concrete Strength,0.1,2,120,61.79773388,-101.0874991,-39.28976526
Concrete Strength,0.1,2,130,71.29871316,-125.2847508,-53.98603767
Concrete Strength,0.1,2,131,74.69782984,345.4409706,420.1388004
Concrete Strength,0.1,2,141,64.90037588,-162.8800086,-97.97963267
Concrete Strength,0.1,2,151,66.10006412,-210.9667808,-144.8667167
Concrete Strength,0.1,2,166,66.69990824,-125.760346,-59.06043773
Concrete Strength,0.1,2,176,79.29663476,-249.9286137,-170.631979
Concrete Strength,0.1,2,183,79.29663476,42.02137448,121.3180092
Concrete Strength,0.1,2,187,24.8900836,81.1725947,106.0626783
Concrete Strength,0.1,2,190,10.38350856,-304.3918899,-294.0083813
Concrete Strength,0.1,2,210,10.0318758,91.85037117,101.882247
Concrete Strength,0.1,2,215,9.4458212,-298.1761397,-288.7303185
Concrete Strength,0.1,2,217,28.46846404,-7.694226851,20.77423719
Concrete Strength,0.1,2,220,10.76272036,22.09107995,32.85380031
Concrete Strength,0.1,2,269,47.8151606,-9.507835296,38.3073253
Concrete Strength,0.1,2,283,36.63875464,-55.31922886,-18.68047422
Concrete Strength,0.1,2,308,51.03501352,387.843577,438.8785905
Concrete Strength,0.1,2,312,39.94134468,41.94055543,81.88190011
Concrete Strength,0.1,2,366,38.60376124,2.015709815,40.61947105
Concrete Strength,0.1,2,369,56.63355864,-271.3549937,-214.7214351
Concrete Strength,0.1,2,376,25.62092816,333.1033945,358.7243227
Concrete Strength,0.1,2,410,14.94094492,-3.635021099,11.30592382
Concrete Strength,0.1,2,417,15.60973664,-130.171265,-114.5615284
Concrete Strength,0.1,2,422,34.23937816,-76.11747429,-41.87809613
Concrete Strength,0.1,2,471,40.14818748,160.1665167,200.3147042
Concrete Strength,0.1,2,483,56.14403068,1.582383386,57.72641407
Concrete Strength,0.1,2,495,56.33708396,15.63748855,71.97457251
Concrete Strength,0.1,2,512,65.69721315,159.6498905,225.3471037
Concrete Strength,0.1,2,516,21.96670536,-221.3105062,-199.3438008
Concrete Strength,0.1,2,539,34.56963716,-141.9760065,-107.4063694
Concrete Strength,0.1,2,542,15.61594192,76.20302938,91.8189713
Concrete Strength,0.1,2,551,27.74244581,265.4619251,293.2043709
Concrete Strength,0.1,2,556,27.93549909,-12.02429202,15.91120707
Concrete Strength,0.1,2,561,25.74503384,-219.4433068,-193.698273
Concrete Strength,0.1,2,574,38.70028788,288.9421892,327.6424771
Concrete Strength,0.1,2,595,24.43778734,128.5267733,152.9645607
Concrete Strength,0.1,2,597,10.73031499,-123.761155,-113.03084
Concrete Strength,0.1,2,599,13.22414968,-635.8911539,-622.6670042
Concrete Strength,0.1,2,606,6.46728488,-29.45620852,-22.98892364
Concrete Strength,0.1,2,628,7.83934212,-286.6186932,-278.7793511
Concrete Strength,0.1,2,631,17.3403214,94.0240762,111.3643976
Concrete Strength,0.1,2,650,6.902344236,158.4332399,165.3355842
Concrete Strength,0.1,2,651,33.19206412,281.265693,314.4577572
Concrete Strength,0.1,2,654,25.46096973,-365.020521,-339.5595513
Concrete Strength,0.1,2,674,15.0305768,246.4861404,261.5167172
Concrete Strength,0.1,2,696,22.34798559,-99.00176262,-76.65377703
Concrete Strength,0.1,2,710,32.10269204,-107.9084906,-75.80579852
Concrete Strength,0.1,2,711,36.96418731,-221.6542092,-184.6900219
Concrete Strength,0.1,2,725,35.76312012,91.6933949,127.456515
Concrete Strength,0.1,2,737,12.05204048,-283.9585825,-271.906542
Concrete Strength,0.1,2,760,27.3377234,-269.4770285,-242.1393051
Concrete Strength,0.1,2,764,6.26733684,-249.2625934,-242.9952566
Concrete Strength,0.1,2,766,23.22155168,-55.51097629,-32.28942461
Concrete Strength,0.1,2,784,29.39236188,314.2011307,343.5934926
Concrete Strength,0.1,2,841,45.2985732,-37.91933978,7.379233418
Concrete Strength,0.1,2,843,15.56836808,4.856190626,20.42455871
Concrete Strength,0.1,2,848,52.82075636,266.5792227,319.3999791
Concrete Strength,0.1,2,871,23.69039536,-307.0337286,-283.3433332
Concrete Strength,0.1,2,880,44.38846488,-151.7325791,-107.3441143
Concrete Strength,0.1,2,886,26.22766704,-264.5269994,-238.2993324
Concrete Strength,0.1,2,888,40.679084,-42.00817858,-1.329094579
Concrete Strength,0.1,2,896,49.77327244,111.0686501,160.8419226
Concrete Strength,0.1,2,899,44.86420332,-110.6224586,-65.75825525
Concrete Strength,0.1,2,906,13.29309728,96.84665914,110.1397564
Concrete Strength,0.1,2,913,43.5748832,10.8213359,54.3962191
Concrete Strength,0.1,2,928,33.05347944,-344.116541,-311.0630616
Concrete Strength,0.1,2,929,24.5798194,42.04838709,66.62820649
Concrete Strength,0.1,2,931,30.88163004,-194.8871543,-164.0055242
Concrete Strength,0.1,2,938,36.80491836,-357.7964157,-320.9914973
Concrete Strength,0.1,2,953,33.71882378,-122.1193812,-88.40055743
Concrete Strength,0.1,2,969,13.29378676,-73.21579114,-59.92200438
Concrete Strength,0.1,2,979,28.99108685,-65.60449287,-36.61340602
Concrete Strength,0.1,2,984,29.07313449,-211.9289634,-182.8558289
Concrete Strength,0.1,2,986,33.798803,87.11835847,120.9171615
Concrete Strength,0.1,2,990,19.98790924,197.3009868,217.288896
Concrete Strength,0.1,2,995,39.0560575,-153.5358566,-114.4797991
Concrete Strength,0.1,2,1008,37.36339392,-9.864171197,27.49922272
Concrete Strength,0.1,3,6,47.02984744,-187.612194,-140.5823466
Concrete Strength,0.1,3,55,14.58931216,496.6224384,511.2117505
Concrete Strength,0.1,3,71,34.39795764,-160.3695051,-125.9715474
Concrete Strength,0.1,3,79,28.096147,107.4507936,135.5469406
Concrete Strength,0.1,3,83,41.09966436,253.4124607,294.5121251
Concrete Strength,0.1,3,105,33.39821744,-329.2619663,-295.8637488
Concrete Strength,0.1,3,106,54.09628696,-50.55114492,3.545142044
Concrete Strength,0.1,3,113,56.09576736,-221.5957698,-165.5000024
Concrete Strength,0.1,3,124,60.2946762,438.1122967,498.4069729
Concrete Strength,0.1,3,129,68.4994406,-98.46083274,-29.96139214
Concrete Strength,0.1,3,139,49.89737812,43.49279404,93.39017216
Concrete Strength,0.1,3,151,66.10006412,-29.2589721,36.84109202
Concrete Strength,0.1,3,157,72.99482412,374.0054206,447.0002447
Concrete Strength,0.1,3,191,22.13907436,-260.6552707,-238.5161964
Concrete Strength,0.1,3,192,22.83544512,341.0533022,363.8887473
Concrete Strength,0.1,3,193,27.66177712,55.50278641,83.16456353
Concrete Strength,0.1,3,196,24.98661024,108.7464176,133.7330279
Concrete Strength,0.1,3,203,35.34253976,-367.7643219,-332.4217822
Concrete Strength,0.1,3,210,10.0318758,271.9006081,281.9324839
Concrete Strength,0.1,3,248,39.58971192,273.622245,313.211957
Concrete Strength,0.1,3,250,13.81709904,105.4516463,119.2687453
Concrete Strength,0.1,3,264,47.73931824,-42.46895124,5.270366998
Concrete Strength,0.1,3,265,19.51906556,-87.97043298,-68.45136742
Concrete Strength,0.1,3,268,45.08483564,107.7967549,152.8815906
Concrete Strength,0.1,3,276,29.93015316,221.1509305,251.0810836
Concrete Strength,0.1,3,308,51.03501352,57.45419396,108.4892075
Concrete Strength,0.1,3,315,21.02212324,126.0828807,147.1050039
Concrete Strength,0.1,3,318,44.14025352,-366.1202945,-321.980041
Concrete Strength,0.1,3,321,28.6822016,-302.3954007,-273.7131991
Concrete Strength,0.1,3,329,60.9496784,-170.2150088,-109.2653304
Concrete Strength,0.1,3,333,60.32225524,-53.42455033,6.897704906
Concrete Strength,0.1,3,343,51.95891136,-151.725768,-99.76685663
Concrete Strength,0.1,3,358,66.82401392,-489.6824691,-422.8584552
Concrete Strength,0.1,3,362,55.50971276,263.8965067,319.4062195
Concrete Strength,0.1,3,422,34.23937816,550.5635576,584.8029357
Concrete Strength,0.1,3,431,24.28334472,-71.76677763,-47.48343291
Concrete Strength,0.1,3,449,51.72448952,385.8202051,437.5446946
Concrete Strength,0.1,3,450,35.852752,-119.5099141,-83.65716209
Concrete Strength,0.1,3,471,40.14818748,-50.08901534,-9.940827863
Concrete Strength,0.1,3,474,51.021224,-133.0464167,-82.02519272
Concrete Strength,0.1,3,481,39.300132,56.1610364,95.4611684
Concrete Strength,0.1,3,499,55.45455468,305.9272643,361.381819
Concrete Strength,0.1,3,522,24.13166,-190.3139826,-166.1823226
Concrete Strength,0.1,3,530,68.75060685,-158.4803608,-89.72975398
Concrete Strength,0.1,3,533,32.06821824,192.9270824,224.9953006
Concrete Strength,0.1,3,551,27.74244581,184.0673843,211.8098301
Concrete Strength,0.1,3,564,21.81984697,227.7134215,249.5332684
Concrete Strength,0.1,3,567,32.05167081,256.1373136,288.1889844
Concrete Strength,0.1,3,573,13.08901238,9.865293719,22.9543061
Concrete Strength,0.1,3,576,17.57612219,-79.4575456,-61.88142341
Concrete Strength,0.1,3,595,24.43778734,-434.9916579,-410.5538706
Concrete Strength,0.1,3,618,9.307926,-226.6447305,-217.3368045
Concrete Strength,0.1,3,619,26.94472208,-236.9294664,-209.9847443
Concrete Strength,0.1,3,641,30.14389072,11.83107788,41.9749686
Concrete Strength,0.1,3,666,11.39221195,106.7742454,118.1664573
Concrete Strength,0.1,3,670,16.10960674,-502.0259086,-485.9163018
Concrete Strength,0.1,3,685,50.73233356,-62.0631942,-11.33086064
Concrete Strength,0.1,3,710,32.10269204,-449.7307993,-417.6281072
Concrete Strength,0.1,3,712,54.59891496,410.9900725,465.5889875
Concrete Strength,0.1,3,714,9.694722036,-144.0671212,-134.3723992
Concrete Strength,0.1,3,725,35.76312012,186.1527086,221.9158288
Concrete Strength,0.1,3,739,18.91232668,-189.690263,-170.7779363
Concrete Strength,0.1,3,742,43.89204216,327.8633226,371.7553648
Concrete Strength,0.1,3,774,37.42475728,-119.886319,-82.46156173
Concrete Strength,0.1,3,776,22.43554904,-390.7325955,-368.2970464
Concrete Strength,0.1,3,786,16.26473884,227.0052274,243.2699662
Concrete Strength,0.1,3,804,19.10537996,-347.9489936,-328.8436136
Concrete Strength,0.1,3,805,39.58281716,-535.0872073,-495.5043902
Concrete Strength,0.1,3,868,37.91428524,-216.1349222,-178.220637
Concrete Strength,0.1,3,894,23.51802636,-70.22608553,-46.70805917
Concrete Strength,0.1,3,910,23.73865868,249.5796851,273.3183438
Concrete Strength,0.1,3,911,26.14492992,331.5970109,357.7419408
Concrete Strength,0.1,3,916,28.98557104,206.1316313,235.1172023
Concrete Strength,0.1,3,932,15.340841,25.56908275,40.90992375
Concrete Strength,0.1,3,938,36.80491836,164.0277952,200.8327135
Concrete Strength,0.1,3,945,25.5595648,-27.86496983,-2.305405039
Concrete Strength,0.1,3,946,36.44363293,429.4493937,465.8930266
Concrete Strength,0.1,3,949,26.23318285,-151.0774307,-124.8442479
Concrete Strength,0.1,3,952,19.0095428,-54.94976803,-35.94022523
Concrete Strength,0.1,3,980,46.24729218,632.7511256,678.9984178
Concrete Strength,0.1,3,983,25.10382116,-55.35304074,-30.24921958
Concrete Strength,0.1,3,1011,40.06200298,-47.861005,-7.79900202
Concrete Strength,0.1,3,1019,37.26548832,-274.5832799,-237.3177916
Concrete Strength,0.1,3,1027,31.1787942,-122.8753612,-91.69656695
Concrete Strength,0.1,4,55,14.58931216,35.36388782,49.95319998
Concrete Strength,0.1,4,99,55.59934464,-281.9232912,-226.3239465
Concrete Strength,0.1,4,105,33.39821744,-370.7265098,-337.3282924
Concrete Strength,0.1,4,130,71.29871316,-140.8898899,-69.5911767
Concrete Strength,0.1,4,158,77.29715436,146.9842752,224.2814295
Concrete Strength,0.1,4,183,79.29663476,-286.1087565,-206.8121217
Concrete Strength,0.1,4,190,10.38350856,-637.3885115,-627.0050029
Concrete Strength,0.1,4,194,34.55653712,-322.0994769,-287.5429397
Concrete Strength,0.1,4,202,26.40003604,-113.3802983,-86.98026231
Concrete Strength,0.1,4,206,20.91870184,-200.7744776,-179.8557758
Concrete Strength,0.1,4,214,35.34253976,139.6213037,174.9638434
Concrete Strength,0.1,4,220,10.76272036,-115.7844826,-105.0217622
Concrete Strength,0.1,4,224,33.5430074,80.70145157,114.244459
Concrete Strength,0.1,4,238,47.13257936,64.88751242,112.0200918
Concrete Strength,0.1,4,242,24.53845084,-167.1261533,-142.5877025
Concrete Strength,0.1,4,248,39.58971192,3.320621733,42.91033365
Concrete Strength,0.1,4,251,24.91766264,-103.7719787,-78.85431602
Concrete Strength,0.1,4,258,42.54756396,-57.63583301,-15.08826905
Concrete Strength,0.1,4,272,33.72916592,134.0612328,167.7903987
Concrete Strength,0.1,4,274,45.83636448,283.9685386,329.8049031
Concrete Strength,0.1,4,279,43.58177796,74.86063779,118.4424158
Concrete Strength,0.1,4,300,22.50449664,-144.3959851,-121.8914885
Concrete Strength,0.1,4,306,41.885667,-163.2877443,-121.4020773
Concrete Strength,0.1,4,325,21.78054684,22.09907181,43.87961865
Concrete Strength,0.1,4,327,50.60064364,151.2396952,201.8403389
Concrete Strength,0.1,4,334,66.42411784,105.5338006,171.9579184
Concrete Strength,0.1,4,359,66.9481196,103.5064431,170.4545627
Concrete Strength,0.1,4,371,26.04840328,31.24150541,57.28990869
Concrete Strength,0.1,4,373,37.2661778,149.1374553,186.4036331
Concrete Strength,0.1,4,386,60.28088668,-79.75243154,-19.47154486
Concrete Strength,0.1,4,405,76.23536132,399.5924218,475.8277831
Concrete Strength,0.1,4,413,15.52010476,16.58882474,32.1089295
Concrete Strength,0.1,4,430,29.59230992,376.5242213,406.1165312
Concrete Strength,0.1,4,434,46.38794528,93.84009337,140.2280386
Concrete Strength,0.1,4,435,39.1622368,-164.7159861,-125.5537493
Concrete Strength,0.1,4,450,35.852752,41.22721001,77.07996201
Concrete Strength,0.1,4,458,39.2656582,50.72434638,89.99000458
Concrete Strength,0.1,4,461,49.99390476,513.2357602,563.2296649
Concrete Strength,0.1,4,462,53.65502232,-62.03247097,-8.377448654
Concrete Strength,0.1,4,470,44.27814872,168.4357023,212.713851
Concrete Strength,0.1,4,472,57.02655996,407.1438293,464.1703893
Concrete Strength,0.1,4,473,44.42293868,-262.6099671,-218.1870284
Concrete Strength,0.1,4,481,39.300132,-320.7799531,-281.4798211
Concrete Strength,0.1,4,493,45.89841732,-249.2123779,-203.3139606
Concrete Strength,0.1,4,522,24.13166,120.1783439,144.3100039
Concrete Strength,0.1,4,524,62.93536928,32.81762135,95.75299063
Concrete Strength,0.1,4,533,32.06821824,-60.87147159,-28.80325336
Concrete Strength,0.1,4,556,27.93549909,-106.7085887,-78.77308961
Concrete Strength,0.1,4,557,32.6266938,-165.8475217,-133.2208279
Concrete Strength,0.1,4,563,24.0654703,138.671209,162.7366793
Concrete Strength,0.1,4,564,21.81984697,3.338283657,25.15813063
Concrete Strength,0.1,4,596,17.59680647,33.34249886,50.93930533
Concrete Strength,0.1,4,597,10.73031499,484.9340543,495.6643693
Concrete Strength,0.1,4,636,15.57526284,45.38248084,60.95774368
Concrete Strength,0.1,4,661,31.0236621,-238.4136484,-207.3899863
Concrete Strength,0.1,4,690,16.8894041,-242.9299775,-226.0405734
Concrete Strength,0.1,4,691,23.52354217,35.8153428,59.33888497
Concrete Strength,0.1,4,694,17.96429718,-88.41384819,-70.44955101
Concrete Strength,0.1,4,697,10.7875415,353.9228525,364.710394
Concrete Strength,0.1,4,712,54.59891496,140.0665599,194.6654749
Concrete Strength,0.1,4,744,36.93522932,-41.19185244,-4.256623117
Concrete Strength,0.1,4,758,18.12632404,170.6148339,188.741158
Concrete Strength,0.1,4,780,25.17966352,238.7509001,263.9305636
Concrete Strength,0.1,4,805,39.58281716,160.4247531,200.0075702
Concrete Strength,0.1,4,808,37.42475728,323.0273427,360.4521
Concrete Strength,0.1,4,831,33.75674496,184.6404546,218.3971996
Concrete Strength,0.1,4,857,40.86524252,-553.2412565,-512.376014
Concrete Strength,0.1,4,862,37.25928304,-488.2520833,-450.9928002
Concrete Strength,0.1,4,872,32.76389952,179.3899966,212.1538961
Concrete Strength,0.1,4,883,36.4388066,182.5679036,219.0067102
Concrete Strength,0.1,4,884,32.9569528,-99.47101907,-66.51406627
Concrete Strength,0.1,4,889,19.00885332,241.2216382,260.2304916
Concrete Strength,0.1,4,900,13.19657064,-256.2215942,-243.0250236
Concrete Strength,0.1,4,902,29.86810032,-258.6922676,-228.8241672
Concrete Strength,0.1,4,925,26.96540636,413.0609796,440.0263859
Concrete Strength,0.1,4,926,27.234302,-12.29256898,14.94173302
Concrete Strength,0.1,4,928,33.05347944,-97.7283417,-64.67486226
Concrete Strength,0.1,4,940,32.72046253,163.6362759,196.3567385
Concrete Strength,0.1,4,953,33.71882378,-74.70093645,-40.98211267
Concrete Strength,0.1,4,956,32.24541357,-7.367138926,24.87827464
Concrete Strength,0.1,4,959,49.77327244,-30.38117337,19.39209907
Concrete Strength,0.1,4,968,23.786922,117.3726061,141.1595281
Concrete Strength,0.1,4,1008,37.36339392,-47.22676565,-9.863371734
Concrete Strength,0.1,4,1012,43.79827342,90.6382606,134.436534
Concrete Strength,0.1,5,14,42.32693164,67.19555626,109.5224879
Concrete Strength,0.1,5,50,32.82319446,-329.90392,-297.0807256
Concrete Strength,0.1,5,55,14.58931216,-130.4597866,-115.8704744
Concrete Strength,0.1,5,72,28.79941252,-65.82942188,-37.03000936
Concrete Strength,0.1,5,79,28.096147,120.5517604,148.6479074
Concrete Strength,0.1,5,95,42.79577532,-30.43072292,12.3650524
Concrete Strength,0.1,5,108,49.80085148,-19.00030262,30.80054886
Concrete Strength,0.1,5,151,66.10006412,-34.45999978,31.64006434
Concrete Strength,0.1,5,159,71.69860924,326.0991397,397.7977489
Concrete Strength,0.1,5,170,65.19685056,351.0525504,416.249401
Concrete Strength,0.1,5,176,79.29663476,-195.5629166,-116.2662819
Concrete Strength,0.1,5,183,79.29663476,-260.5710917,-181.274457
Concrete Strength,0.1,5,187,24.8900836,-74.60178569,-49.71170209
Concrete Strength,0.1,5,189,40.7135578,-28.80616138,11.90739642
Concrete Strength,0.1,5,236,17.83674412,-181.8915779,-164.0548338
Concrete Strength,0.1,5,241,22.31833812,-306.9997746,-284.6814365
Concrete Strength,0.1,5,249,44.298833,107.0325587,151.3313917
Concrete Strength,0.1,5,251,24.91766264,-199.580363,-174.6627004
Concrete Strength,0.1,5,258,42.54756396,-173.4244345,-130.8768705
Concrete Strength,0.1,5,262,37.404073,61.95956515,99.36363815
Concrete Strength,0.1,5,266,31.35047372,328.1295999,359.4800736
Concrete Strength,0.1,5,275,17.22311048,-189.8276773,-172.6045669
Concrete Strength,0.1,5,287,27.77209328,-231.8558884,-204.0837951
Concrete Strength,0.1,5,313,48.71837416,208.0006178,256.718992
Concrete Strength,0.1,5,322,30.84715624,-168.9844678,-138.1373115
Concrete Strength,0.1,5,325,21.78054684,-351.2122148,-329.4316679
Concrete Strength,0.1,5,334,66.42411784,50.43960032,116.8637182
Concrete Strength,0.1,5,335,23.80071152,191.8186685,215.61938
Concrete Strength,0.1,5,342,47.401475,53.29667294,100.6981479
Concrete Strength,0.1,5,346,33.72916592,-572.5743294,-538.8451634
Concrete Strength,0.1,5,351,33.70158688,124.1013365,157.8029234
Concrete Strength,0.1,5,360,27.42046052,-322.96597,-295.5455095
Concrete Strength,0.1,5,396,49.24927068,-86.28398333,-37.03471265
Concrete Strength,0.1,5,399,39.39665864,-186.2816834,-146.8850248
Concrete Strength,0.1,5,403,53.57917996,-261.3369801,-207.7578001
Concrete Strength,0.1,5,416,8.48744956,-129.414555,-120.9271055
Concrete Strength,0.1,5,421,33.08795324,-140.1016147,-107.0136615
Concrete Strength,0.1,5,435,39.1622368,305.3473414,344.5095782
Concrete Strength,0.1,5,486,50.23522136,-261.077609,-210.8423876
Concrete Strength,0.1,5,519,23.24519085,-364.4558058,-341.210615
Concrete Strength,0.1,5,525,59.49488404,125.3874364,184.8823205
Concrete Strength,0.1,5,531,66.78067543,-127.9873295,-61.20665411
Concrete Strength,0.1,5,534,11.6549023,273.5448155,285.1997178
Concrete Strength,0.1,5,545,14.5968964,542.4367251,557.0336215
Concrete Strength,0.1,5,548,23.4049523,-66.60432233,-43.19937004
Concrete Strength,0.1,5,553,9.617500724,-196.1574267,-186.539926
Concrete Strength,0.1,5,588,26.91369566,-20.64461891,6.269076749
Concrete Strength,0.1,5,591,10.33593472,179.4953105,189.8312452
Concrete Strength,0.1,5,598,31.38150014,-50.32865918,-18.94715904
Concrete Strength,0.1,5,607,12.83804312,-93.54392103,-80.70587791
Concrete Strength,0.1,5,608,18.41590396,26.66178652,45.07769048
Concrete Strength,0.1,5,649,29.89223198,104.9494673,134.8416993
Concrete Strength,0.1,5,665,19.35014394,425.1078231,444.4579671
Concrete Strength,0.1,5,683,24.04616498,-165.7277803,-141.6816154
Concrete Strength,0.1,5,725,35.76312012,245.7605619,281.523682
Concrete Strength,0.1,5,737,12.05204048,-472.4941311,-460.4420906
Concrete Strength,0.1,5,741,30.9574724,-212.4338208,-181.4763484
Concrete Strength,0.1,5,742,43.89204216,-191.9672333,-148.0751912
Concrete Strength,0.1,5,744,36.93522932,420.6488426,457.584072
Concrete Strength,0.1,5,759,22.53207568,-262.3978849,-239.8658093
Concrete Strength,0.1,5,768,31.35047372,-9.993523628,21.35695009
Concrete Strength,0.1,5,773,24.00065956,214.1717697,238.1724293
Concrete Strength,0.1,5,776,22.43554904,381.1059387,403.5414878
Concrete Strength,0.1,5,780,25.17966352,170.6372206,195.8168842
Concrete Strength,0.1,5,782,14.2032056,-154.977899,-140.7746934
Concrete Strength,0.1,5,852,32.83974188,-221.2985633,-188.4588214
Concrete Strength,0.1,5,859,52.42086028,52.28046646,104.7013267
Concrete Strength,0.1,5,861,38.45897128,78.13378629,116.5927576
Concrete Strength,0.1,5,868,37.91428524,-147.7979279,-109.8836427
Concrete Strength,0.1,5,872,32.76389952,-392.8985641,-360.1346646
Concrete Strength,0.1,5,873,32.39847724,87.64937858,120.0478558
Concrete Strength,0.1,5,900,13.19657064,12.70128444,25.89785508
Concrete Strength,0.1,5,916,28.98557104,-124.8403365,-95.8547655
Concrete Strength,0.1,5,922,9.73540112,258.9642002,268.6996013
Concrete Strength,0.1,5,942,28.9379972,-23.87289239,5.065104805
Concrete Strength,0.1,5,945,25.5595648,192.5545413,218.1141061
Concrete Strength,0.1,5,948,23.8358748,-141.3480348,-117.51216
Concrete Strength,0.1,5,953,33.71882378,-135.794343,-102.0755192
Concrete Strength,0.1,5,975,15.52631004,187.0713618,202.5976718
Concrete Strength,0.1,5,976,43.57833058,-242.5280064,-198.9496758
Concrete Strength,0.1,5,997,26.85991653,174.9140831,201.7739996
Concrete Strength,0.1,5,1004,65.90907927,49.51024583,115.4193251
Concrete Strength,0.1,5,1021,42.14008364,-131.4485115,-89.30842784
Concrete Strength,0.1,5,1029,32.76803638,-107.6035858,-74.83554944
Concrete Strength,0.1,6,6,47.02984744,-120.7499844,-73.72013692
Concrete Strength,0.1,6,50,32.82319446,507.2180924,540.0412868
Concrete Strength,0.1,6,78,33.39821744,76.63019541,110.0284129
Concrete Strength,0.1,6,92,35.3011712,-213.1550064,-177.8538352
Concrete Strength,0.1,6,105,33.39821744,-556.1187485,-522.720531
Concrete Strength,0.1,6,113,56.09576736,287.7504232,343.8461905
Concrete Strength,0.1,6,129,68.4994406,113.8475946,182.3470352
Concrete Strength,0.1,6,152,73.69808964,110.97307,184.6711596
Concrete Strength,0.1,6,161,77.29715436,-226.8753893,-149.5782349
Concrete Strength,0.1,6,163,64.90037588,55.33278835,120.2331642
Concrete Strength,0.1,6,175,75.497622,-371.701629,-296.204007
Concrete Strength,0.1,6,180,79.29663476,26.65951163,105.9561464
Concrete Strength,0.1,6,202,26.40003604,276.9808069,303.380843
Concrete Strength,0.1,6,210,10.0318758,-112.7080867,-102.6762109
Concrete Strength,0.1,6,211,20.08443588,-67.33264824,-47.24821236
Concrete Strength,0.1,6,223,28.62704352,252.4779127,281.1049563
Concrete Strength,0.1,6,239,49.97322048,92.84580165,142.8190221
Concrete Strength,0.1,6,251,24.91766264,-324.4299297,-299.5122671
Concrete Strength,0.1,6,262,37.404073,178.0837238,215.4877968
Concrete Strength,0.1,6,266,31.35047372,-149.021712,-117.6712383
Concrete Strength,0.1,6,270,15.43736764,-606.0918632,-590.6544956
Concrete Strength,0.1,6,276,29.93015316,25.2601827,55.19033586
Concrete Strength,0.1,6,277,29.65436276,-441.5280329,-411.8736702
Concrete Strength,0.1,6,287,27.77209328,58.23332735,86.00542063
Concrete Strength,0.1,6,291,21.50475644,-244.1603801,-222.6556236
Concrete Strength,0.1,6,298,39.14844728,49.00503847,88.15348575
Concrete Strength,0.1,6,302,34.73580088,-311.8063808,-277.0705799
Concrete Strength,0.1,6,312,39.94134468,-650.44302,-610.5016753
Concrete Strength,0.1,6,319,45.3675208,-120.7385284,-75.37100758
Concrete Strength,0.1,6,354,59.30183076,6.336936332,65.63876709
Concrete Strength,0.1,6,366,38.60376124,-85.3583796,-46.75461836
Concrete Strength,0.1,6,410,14.94094492,142.951907,157.8928519
Concrete Strength,0.1,6,413,15.52010476,245.9203656,261.4404703
Concrete Strength,0.1,6,421,33.08795324,79.84268132,112.9306346
Concrete Strength,0.1,6,435,39.1622368,-234.638046,-195.4758092
Concrete Strength,0.1,6,448,48.58737372,319.7486832,368.336057
Concrete Strength,0.1,6,453,48.9872698,-260.6202839,-211.6330141
Concrete Strength,0.1,6,458,39.2656582,-211.1844795,-171.9188213
Concrete Strength,0.1,6,470,44.27814872,-188.7723891,-144.4942403
Concrete Strength,0.1,6,477,25.02108404,257.3250225,282.3461065
Concrete Strength,0.1,6,479,52.00717468,-69.33444871,-17.32727403
Concrete Strength,0.1,6,485,54.76507868,-18.35247924,36.41259944
Concrete Strength,0.1,6,493,45.89841732,-288.3718041,-242.4733868
Concrete Strength,0.1,6,525,59.49488404,296.0299917,355.5248757
Concrete Strength,0.1,6,529,38.610656,-114.4188201,-75.80816405
Concrete Strength,0.1,6,535,19.1991487,-118.3151004,-99.1159517
Concrete Strength,0.1,6,543,21.8591471,402.8290908,424.6882379
Concrete Strength,0.1,6,552,8.204074924,155.4557429,163.6598178
Concrete Strength,0.1,6,558,17.23621052,-89.80141976,-72.56520924
Concrete Strength,0.1,6,590,31.89998609,-250.207772,-218.3077859
Concrete Strength,0.1,6,593,37.43785732,-65.32857915,-27.89072183
Concrete Strength,0.1,6,595,24.43778734,279.9959312,304.4337186
Concrete Strength,0.1,6,600,20.96696516,149.0798901,170.0468553
Concrete Strength,0.1,6,606,6.46728488,121.2334741,127.7007589
Concrete Strength,0.1,6,612,21.26343984,-412.3199598,-391.0565199
Concrete Strength,0.1,6,650,6.902344236,-90.68733846,-83.78499422
Concrete Strength,0.1,6,656,33.94772981,139.7976568,173.7453867
Concrete Strength,0.1,6,666,11.39221195,-172.4849104,-161.0926985
Concrete Strength,0.1,6,693,39.70002808,75.75983448,115.4598626
Concrete Strength,0.1,6,713,21.48062478,-153.9247159,-132.4440911
Concrete Strength,0.1,6,716,39.6621069,-116.1452416,-76.48313466
Concrete Strength,0.1,6,731,39.38286912,125.4783747,164.8612438
Concrete Strength,0.1,6,745,14.49968028,-175.9664286,-161.4667483
Concrete Strength,0.1,6,764,6.26733684,-63.35792459,-57.09058775
Concrete Strength,0.1,6,773,24.00065956,-86.90507749,-62.90441793
Concrete Strength,0.1,6,776,22.43554904,-627.1709548,-604.7354057
Concrete Strength,0.1,6,784,29.39236188,-252.6769446,-223.2845827
Concrete Strength,0.1,6,803,31.6469484,138.938712,170.5856604
Concrete Strength,0.1,6,827,24.39366088,139.579402,163.9730629
Concrete Strength,0.1,6,841,45.2985732,-171.933427,-126.6348538
Concrete Strength,0.1,6,870,31.17810472,-8.990563827,22.18754089
Concrete Strength,0.1,6,875,36.80422888,-123.1904158,-86.38618695
Concrete Strength,0.1,6,890,33.7153764,208.9090683,242.6244447
Concrete Strength,0.1,6,928,33.05347944,346.5891125,379.642592
Concrete Strength,0.1,6,934,23.8903434,-375.3130636,-351.4227202
Concrete Strength,0.1,6,949,26.23318285,-66.89911001,-40.66592716
Concrete Strength,0.1,6,961,40.9348796,338.7628769,379.6977565
Concrete Strength,0.1,6,968,23.786922,-114.099511,-90.312589
Concrete Strength,0.1,6,985,9.738159024,142.1029349,151.8410939
Concrete Strength,0.1,6,986,33.798803,-21.32462537,12.47417763
Concrete Strength,0.1,6,990,19.98790924,-395.993378,-376.0054688
Concrete Strength,0.1,6,999,30.12320644,-13.49925118,16.62395526
Concrete Strength,0.1,6,1002,53.52471136,50.06837188,103.5930832
Concrete Strength,0.1,6,1004,65.90907927,-200.5227765,-134.6136972
Concrete Strength,0.1,7,17,39.35804798,398.3723515,437.7303995
Concrete Strength,0.1,7,76,37.79707432,288.0261182,325.8231925
Concrete Strength,0.1,7,79,28.096147,-11.2023111,16.8938359
Concrete Strength,0.1,7,87,35.3011712,105.5324915,140.8336627
Concrete Strength,0.1,7,93,24.0971862,231.7510722,255.8482584
Concrete Strength,0.1,7,108,49.80085148,197.4213432,247.2221947
Concrete Strength,0.1,7,127,60.2946762,270.9311335,331.2258097
Concrete Strength,0.1,7,158,77.29715436,126.5526326,203.849787
Concrete Strength,0.1,7,178,79.29663476,-175.6663393,-96.36970457
Concrete Strength,0.1,7,181,73.29819356,-19.81924022,53.47895334
Concrete Strength,0.1,7,199,37.34202016,-148.1063839,-110.7643637
Concrete Strength,0.1,7,203,35.34253976,212.9128952,248.255435
Concrete Strength,0.1,7,204,40.56876784,55.28179974,95.85056758
Concrete Strength,0.1,7,210,10.0318758,-467.4657865,-457.4339107
Concrete Strength,0.1,7,221,25.48303296,-289.3555753,-263.8725423
Concrete Strength,0.1,7,242,24.53845084,57.69984278,82.23829362
Concrete Strength,0.1,7,243,31.35047372,195.2033752,226.5538489
Concrete Strength,0.1,7,257,31.64005364,-111.1029493,-79.46289568
Concrete Strength,0.1,7,295,7.39807748,211.5520334,218.9501108
Concrete Strength,0.1,7,309,55.6407132,159.9769706,215.6176838
Concrete Strength,0.1,7,316,33.35684888,79.66383925,113.0206881
Concrete Strength,0.1,7,320,15.36152528,187.5991833,202.9607086
Concrete Strength,0.1,7,330,23.52492112,122.5224819,146.047403
Concrete Strength,0.1,7,346,33.72916592,38.48055493,72.20972085
Concrete Strength,0.1,7,376,25.62092816,-83.97530509,-58.35437693
Concrete Strength,0.1,7,418,12.17614616,-208.6806276,-196.5044814
Concrete Strength,0.1,7,435,39.1622368,86.64068041,125.8029172
Concrete Strength,0.1,7,457,43.38872468,271.9655034,315.3542281
Concrete Strength,0.1,7,484,55.25460664,296.2080074,351.4626141
Concrete Strength,0.1,7,493,45.89841732,74.51121788,120.4096352
Concrete Strength,0.1,7,494,41.66503468,-528.0786194,-486.4135847
Concrete Strength,0.1,7,518,15.06997543,-12.42885258,2.641122853
Concrete Strength,0.1,7,534,11.6549023,-131.3778008,-119.7228985
Concrete Strength,0.1,7,537,39.60488039,-330.8872429,-291.2823625
Concrete Strength,0.1,7,543,21.8591471,-9.152448488,12.70669862
Concrete Strength,0.1,7,548,23.4049523,149.8570372,173.2619895
Concrete Strength,0.1,7,573,13.08901238,-94.79599303,-81.70698064
Concrete Strength,0.1,7,583,25.72641799,-335.9361765,-310.2097585
Concrete Strength,0.1,7,593,37.43785732,-135.9887898,-98.55093243
Concrete Strength,0.1,7,594,11.48391226,-579.2315492,-567.7476369
Concrete Strength,0.1,7,609,21.94602108,-187.6124811,-165.66646
Concrete Strength,0.1,7,614,11.36256448,-191.7632608,-180.4006964
Concrete Strength,0.1,7,626,32.922479,-244.637521,-211.715042
Concrete Strength,0.1,7,630,11.1695112,-127.9646505,-116.7951393
Concrete Strength,0.1,7,635,24.49708228,-334.8603643,-310.363282
Concrete Strength,0.1,7,638,26.0621928,297.7804036,323.8425964
Concrete Strength,0.1,7,643,20.87043852,95.95538062,116.8258191
Concrete Strength,0.1,7,657,11.41427518,-127.9069972,-116.492722
Concrete Strength,0.1,7,658,20.59395864,163.300101,183.8940597
Concrete Strength,0.1,7,660,29.23171397,18.16658472,47.39829869
Concrete Strength,0.1,7,665,19.35014394,239.7836017,259.1337457
Concrete Strength,0.1,7,668,39.32150576,-153.8390744,-114.5175687
Concrete Strength,0.1,7,685,50.73233356,-421.2341686,-370.501835
Concrete Strength,0.1,7,713,21.48062478,83.88815231,105.3687771
Concrete Strength,0.1,7,717,10.08979178,-99.86700221,-89.77721042
Concrete Strength,0.1,7,738,17.54026944,-330.6726659,-313.1323965
Concrete Strength,0.1,7,771,14.98920824,199.4420468,214.431255
Concrete Strength,0.1,7,805,39.58281716,-245.0638668,-205.4810496
Concrete Strength,0.1,7,830,37.16965116,253.0623718,290.232023
Concrete Strength,0.1,7,834,36.34917472,519.0521561,555.4013308
Concrete Strength,0.1,7,847,65.90701084,123.6412454,189.5482563
Concrete Strength,0.1,7,853,42.63719584,-511.6936835,-469.0564876
Concrete Strength,0.1,7,862,37.25928304,-335.7794368,-298.5201538
Concrete Strength,0.1,7,864,42.13387836,-254.0973417,-211.9634633
Concrete Strength,0.1,7,869,44.27814872,-237.9003231,-193.6221744
Concrete Strength,0.1,7,877,33.0603742,-38.78671242,-5.726338218
Concrete Strength,0.1,7,882,25.55887532,-102.6877775,-77.12890219
Concrete Strength,0.1,7,886,26.22766704,-38.14718087,-11.91951383
Concrete Strength,0.1,7,888,40.679084,276.1527159,316.8317999
Concrete Strength,0.1,7,898,40.93419012,-279.1821259,-238.2479358
Concrete Strength,0.1,7,899,44.86420332,107.3371827,152.201386
Concrete Strength,0.1,7,903,56.61287436,89.24775122,145.8606256
Concrete Strength,0.1,7,906,13.29309728,256.2728332,269.5659305
Concrete Strength,0.1,7,918,26.91714304,44.69384396,71.610987
Concrete Strength,0.1,7,921,29.06830816,273.0583187,302.1266269
Concrete Strength,0.1,7,926,27.234302,234.9707154,262.2050174
Concrete Strength,0.1,7,931,30.88163004,7.002104024,37.88373406
Concrete Strength,0.1,7,966,56.61907964,6.128172156,62.7472518
Concrete Strength,0.1,7,969,13.29378676,292.0745528,305.3683396
Concrete Strength,0.1,7,978,41.05346947,-141.2490787,-100.1956092
Concrete Strength,0.1,7,987,37.17103011,84.45298805,121.6240182
Concrete Strength,0.1,7,996,27.68108245,116.3908748,144.0719573
Concrete Strength,0.1,7,1014,40.8686899,-281.919032,-241.0503421
Concrete Strength,0.1,7,1029,32.76803638,331.2871292,364.0551655
Concrete Strength,0.1,8,47,15.04919265,145.7298412,160.7790339
Concrete Strength,0.1,8,56,14.63826496,90.82450089,105.4627659
Concrete Strength,0.1,8,87,35.3011712,262.3221874,297.6233586
Concrete Strength,0.1,8,94,46.20178676,-214.5457022,-168.3439154
Concrete Strength,0.1,8,95,42.79577532,217.5782745,260.3740498
Concrete Strength,0.1,8,110,55.89581932,16.23732705,72.13314637
Concrete Strength,0.1,8,116,35.10122316,15.74122772,50.84245088
Concrete Strength,0.1,8,129,68.4994406,-241.1440076,-172.644567
Concrete Strength,0.1,8,141,64.90037588,60.35171045,125.2520863
Concrete Strength,0.1,8,161,77.29715436,-207.7205693,-130.4234149
Concrete Strength,0.1,8,165,65.19685056,-35.44001711,29.75683345
Concrete Strength,0.1,8,168,74.19451236,41.88334811,116.0778605
Concrete Strength,0.1,8,176,79.29663476,-117.6696192,-38.37298443
Concrete Strength,0.1,8,184,67.79617508,45.59120238,113.3873775
Concrete Strength,0.1,8,192,22.83544512,171.8069522,194.6423973
Concrete Strength,0.1,8,195,12.45193656,77.60264235,90.05457891
Concrete Strength,0.1,8,205,12.47262084,-26.76387649,-14.29125565
Concrete Strength,0.1,8,224,33.5430074,-51.76455708,-18.22154968
Concrete Strength,0.1,8,235,13.18278112,363.8160167,376.9987978
Concrete Strength,0.1,8,241,22.31833812,180.6188413,202.9371794
Concrete Strength,0.1,8,259,42.919881,-190.8940585,-147.9741775
Concrete Strength,0.1,8,281,24.42813468,343.216606,367.6447407
Concrete Strength,0.1,8,292,31.2677366,-266.7826269,-235.5148903
Concrete Strength,0.1,8,309,55.6407132,-295.6432775,-240.0025643
Concrete Strength,0.1,8,315,21.02212324,103.9873364,125.0094596
Concrete Strength,0.1,8,328,55.82687172,1.024870265,56.85174198
Concrete Strength,0.1,8,339,58.60546,228.6096996,287.2151596
Concrete Strength,0.1,8,348,46.6430514,236.5570602,283.2001116
Concrete Strength,0.1,8,354,59.30183076,-16.10884614,43.19298462
Concrete Strength,0.1,8,366,38.60376124,-258.8273662,-220.223605
Concrete Strength,0.1,8,378,36.3009114,140.9958236,177.296735
Concrete Strength,0.1,8,387,56.83350668,15.12464912,71.9581558
Concrete Strength,0.1,8,388,51.021224,-116.0362053,-65.01498126
Concrete Strength,0.1,8,401,67.86512268,-49.68025534,18.18486734
Concrete Strength,0.1,8,409,20.72564856,-48.86148973,-28.13584117
Concrete Strength,0.1,8,425,33.00521612,56.99200342,89.99721954
Concrete Strength,0.1,8,426,32.90179472,-38.64245938,-5.740664661
Concrete Strength,0.1,8,437,33.68779736,127.1798091,160.8676065
Concrete Strength,0.1,8,455,39.64487,-468.0941061,-428.4492361
Concrete Strength,0.1,8,457,43.38872468,101.9515366,145.3402613
Concrete Strength,0.1,8,499,55.45455468,40.44857255,95.90312723
Concrete Strength,0.1,8,531,66.78067543,39.16571729,105.9463927
Concrete Strength,0.1,8,535,19.1991487,233.1969614,252.3961101
Concrete Strength,0.1,8,547,31.96686526,-84.16383999,-52.19697472
Concrete Strength,0.1,8,549,25.57335432,-55.26996295,-29.69660864
Concrete Strength,0.1,8,552,8.204074924,-118.2653501,-110.0612752
Concrete Strength,0.1,8,555,15.69109481,181.5116696,197.2027644
Concrete Strength,0.1,8,558,17.23621052,252.6460318,269.8822423
Concrete Strength,0.1,8,561,25.74503384,152.9767838,178.7218177
Concrete Strength,0.1,8,575,7.507014688,296.9502053,304.45722
Concrete Strength,0.1,8,589,7.995853172,-82.1129545,-74.11710132
Concrete Strength,0.1,8,613,25.96566616,-346.6258089,-320.6601427
Concrete Strength,0.1,8,638,26.0621928,-15.06955036,10.99264244
Concrete Strength,0.1,8,639,38.21075992,313.1183318,351.3290917
Concrete Strength,0.1,8,667,12.78840085,291.4379021,304.226303
Concrete Strength,0.1,8,683,24.04616498,-280.6156368,-256.5694718
Concrete Strength,0.1,8,688,47.78206575,-365.0375579,-317.2554922
Concrete Strength,0.1,8,690,16.8894041,188.018491,204.9078951
Concrete Strength,0.1,8,694,17.96429718,-2.064504412,15.89979277
Concrete Strength,0.1,8,697,10.7875415,100.2926065,111.080148
Concrete Strength,0.1,8,698,7.723510152,151.9144754,159.6379856
Concrete Strength,0.1,8,710,32.10269204,219.3187041,251.4213962
Concrete Strength,0.1,8,717,10.08979178,43.44565367,53.53544546
Concrete Strength,0.1,8,719,10.35455057,486.5754924,496.9300429
Concrete Strength,0.1,8,720,43.56523054,-105.9309887,-62.3657582
Concrete Strength,0.1,8,738,17.54026944,341.7324473,359.2727168
Concrete Strength,0.1,8,741,30.9574724,-213.9392001,-182.9817277
Concrete Strength,0.1,8,768,31.35047372,246.5904583,277.940932
Concrete Strength,0.1,8,794,18.12632404,35.7986753,53.92499934
Concrete Strength,0.1,8,848,52.82075636,649.1421681,701.9629244
Concrete Strength,0.1,8,853,42.63719584,465.7824849,508.4196807
Concrete Strength,0.1,8,854,40.0585556,-2.022503413,38.03605219
Concrete Strength,0.1,8,882,25.55887532,-42.64607786,-17.08720254
Concrete Strength,0.1,8,884,32.9569528,349.7610951,382.7180479
Concrete Strength,0.1,8,894,23.51802636,66.61847112,90.13649748
Concrete Strength,0.1,8,926,27.234302,421.3539602,448.5882622
Concrete Strength,0.1,8,938,36.80491836,391.9077391,428.7126575
Concrete Strength,0.1,8,943,40.92522693,138.5156629,179.4408898
Concrete Strength,0.1,8,944,12.18097249,210.2505954,222.4315679
Concrete Strength,0.1,8,978,41.05346947,-70.61958486,-29.5661154
Concrete Strength,0.1,8,983,25.10382116,174.5472394,199.6510606
Concrete Strength,0.1,8,998,45.30477848,-61.03430484,-15.72952635
Concrete Strength,0.1,8,1004,65.90907927,250.59917,316.5082493
Concrete Strength,0.1,8,1025,37.91704314,152.032442,189.9494851
Concrete Strength,0.1,9,12,28.02168359,130.3530345,158.3747181
Concrete Strength,0.1,9,47,15.04919265,367.3780566,382.4272493
Concrete Strength,0.1,9,99,55.59934464,-154.5322591,-98.93291444
Concrete Strength,0.1,9,108,49.80085148,-263.7726396,-213.9717881
Concrete Strength,0.1,9,153,77.29715436,14.60245172,91.89960608
Concrete Strength,0.1,9,163,64.90037588,413.637349,478.5377249
Concrete Strength,0.1,9,200,15.04436632,434.5472816,449.591648
Concrete Strength,0.1,9,206,20.91870184,-136.75321,-115.8345081
Concrete Strength,0.1,9,207,24.90387312,727.8712998,752.7751729
Concrete Strength,0.1,9,218,38.56239268,94.05363245,132.6160251
Concrete Strength,0.1,9,230,17.9953236,334.2073619,352.2026855
Concrete Strength,0.1,9,247,30.2335226,-7.318036791,22.91548581
Concrete Strength,0.1,9,249,44.298833,39.72520798,84.02404098
Concrete Strength,0.1,9,263,44.39535964,-702.6243965,-658.2290369
Concrete Strength,0.1,9,281,24.42813468,20.57080991,44.99894459
Concrete Strength,0.1,9,283,36.63875464,6.218567391,42.85732203
Concrete Strength,0.1,9,288,35.57006684,308.5068415,344.0769084
Concrete Strength,0.1,9,290,7.31534036,378.7292086,386.044549
Concrete Strength,0.1,9,323,42.03045696,-35.46537945,6.56507751
Concrete Strength,0.1,9,327,50.60064364,12.58078824,63.18143188
Concrete Strength,0.1,9,331,42.21661548,-202.3726932,-160.1560777
Concrete Strength,0.1,9,338,56.8472962,-245.6664348,-188.8191386
Concrete Strength,0.1,9,343,51.95891136,-116.5337407,-64.57482935
Concrete Strength,0.1,9,344,56.7438748,-128.9587588,-72.21488404
Concrete Strength,0.1,9,345,17.57474324,-290.7977928,-273.2230495
Concrete Strength,0.1,9,346,33.72916592,132.3716523,166.1008182
Concrete Strength,0.1,9,359,66.9481196,166.9362222,233.8843418
Concrete Strength,0.1,9,360,27.42046052,178.2059882,205.6264487
Concrete Strength,0.1,9,367,52.20022796,43.52555199,95.72577995
Concrete Strength,0.1,9,374,46.2293658,128.0373828,174.2667486
Concrete Strength,0.1,9,386,60.28088668,2.811617686,63.09250437
Concrete Strength,0.1,9,411,21.29101888,-184.7961713,-163.5051524
Concrete Strength,0.1,9,413,15.52010476,272.1596183,287.6797231
Concrete Strength,0.1,9,414,15.81657944,209.1715182,224.9880976
Concrete Strength,0.1,9,416,8.48744956,400.4008963,408.8883458
Concrete Strength,0.1,9,422,34.23937816,-417.8163044,-383.5769263
Concrete Strength,0.1,9,426,32.90179472,318.16608,351.0678747
Concrete Strength,0.1,9,457,43.38872468,64.76812816,108.1568528
Concrete Strength,0.1,9,460,55.0201848,-277.8621042,-222.8419194
Concrete Strength,0.1,9,468,41.1617172,262.3927977,303.5545149
Concrete Strength,0.1,9,473,44.42293868,-324.9110403,-280.4881016
Concrete Strength,0.1,9,477,25.02108404,94.73892277,119.7600068
Concrete Strength,0.1,9,517,9.849657146,8.643292809,18.49294996
Concrete Strength,0.1,9,535,19.1991487,290.7813496,309.9804983
Concrete Strength,0.1,9,558,17.23621052,-527.7038676,-510.4676571
Concrete Strength,0.1,9,563,24.0654703,-41.38018507,-17.31471477
Concrete Strength,0.1,9,569,25.44786968,-112.4025279,-86.95465822
Concrete Strength,0.1,9,647,47.7144971,76.67774613,124.3922432
Concrete Strength,0.1,9,669,4.782205536,38.30489594,43.08710147
Concrete Strength,0.1,9,679,38.80439876,-175.5759559,-136.7715572
Concrete Strength,0.1,9,682,24.28196577,-284.4000517,-260.1180859
Concrete Strength,0.1,9,685,50.73233356,285.0647046,335.7970382
Concrete Strength,0.1,9,697,10.7875415,-299.332462,-288.5449205
Concrete Strength,0.1,9,701,6.883728384,223.8385632,230.7222916
Concrete Strength,0.1,9,709,6.280436884,-152.3049066,-146.0244697
Concrete Strength,0.1,9,718,4.827710952,-193.709795,-188.882084
Concrete Strength,0.1,9,721,51.86376367,129.4100214,181.2737851
Concrete Strength,0.1,9,723,17.24379476,-200.0954185,-182.8516238
Concrete Strength,0.1,9,736,40.85834776,-84.49128725,-43.63293949
Concrete Strength,0.1,9,765,14.69962832,-149.4269021,-134.7272738
Concrete Strength,0.1,9,767,27.923778,-84.36918437,-56.44540637
Concrete Strength,0.1,9,777,21.16001844,249.6131111,270.7731295
Concrete Strength,0.1,9,779,14.79615496,241.054494,255.850649
Concrete Strength,0.1,9,783,21.6495464,-553.9861279,-532.3365815
Concrete Strength,0.1,9,794,18.12632404,49.81589444,67.94221848
Concrete Strength,0.1,9,803,31.6469484,99.60248169,131.2494301
Concrete Strength,0.1,9,826,39.0932892,-480.4267846,-441.3334954
Concrete Strength,0.1,9,846,57.21271848,216.7515769,273.9642954
Concrete Strength,0.1,9,877,33.0603742,-263.2619116,-230.2015374
Concrete Strength,0.1,9,885,23.83518532,118.7034925,142.5386778
Concrete Strength,0.1,9,903,56.61287436,233.4509388,290.0638132
Concrete Strength,0.1,9,910,23.73865868,-328.0299887,-304.2913301
Concrete Strength,0.1,9,915,41.05140104,-17.09239022,23.95901082
Concrete Strength,0.1,9,920,25.0969264,-143.1272379,-118.0303115
Concrete Strength,0.1,9,944,12.18097249,-27.98773529,-15.8067628
Concrete Strength,0.1,9,956,32.24541357,-293.6803055,-261.4348919
Concrete Strength,0.1,9,963,13.20208645,439.2938834,452.4959698
Concrete Strength,0.1,9,968,23.786922,-29.49282827,-5.705906269
Concrete Strength,0.1,9,970,39.42147978,311.4535702,350.8750499
Concrete Strength,0.1,9,977,35.86585204,188.0633348,223.9291868
Concrete Strength,0.1,9,1007,18.03393426,288.3546975,306.3886317
Concrete Strength,0.1,9,1014,40.8686899,458.4550325,499.3237224
Concrete Strength,0.1,9,1023,41.54230795,214.6436937,256.1860017
Concrete Strength,0.1,9,1029,32.76803638,30.54624099,63.31427737
Concrete Strength,0.1,10,37,30.07976945,52.17821893,82.25798838
Concrete Strength,0.1,10,56,14.63826496,-185.3378771,-170.6996121
Concrete Strength,0.1,10,78,33.39821744,-494.5175434,-461.119326
Concrete Strength,0.1,10,90,39.300132,459.8327403,499.1328723
Concrete Strength,0.1,10,93,24.0971862,168.2277589,192.3249451
Concrete Strength,0.1,10,107,55.89581932,30.39305154,86.28887086
Concrete Strength,0.1,10,118,59.79825348,388.7354631,448.5337166
Concrete Strength,0.1,10,128,55.49592324,360.9137438,416.4096671
Concrete Strength,0.1,10,133,71.29871316,239.2686558,310.5673689
Concrete Strength,0.1,10,139,49.89737812,-358.7241194,-308.8267413
Concrete Strength,0.1,10,140,63.3973182,65.77075709,129.1680753
Concrete Strength,0.1,10,153,77.29715436,160.6451402,237.9422945
Concrete Strength,0.1,10,162,59.89478012,-122.0460914,-62.1513113
Concrete Strength,0.1,10,170,65.19685056,123.8556947,189.0525452
Concrete Strength,0.1,10,174,68.09954452,9.419770472,77.51931499
Concrete Strength,0.1,10,181,73.29819356,-123.4987828,-50.2005892
Concrete Strength,0.1,10,194,34.55653712,-154.562748,-120.0062109
Concrete Strength,0.1,10,214,35.34253976,-153.7249341,-118.3823944
Concrete Strength,0.1,10,215,9.4458212,105.9950074,115.4408286
Concrete Strength,0.1,10,222,21.53923024,130.4834759,152.0227062
Concrete Strength,0.1,10,232,45.70536404,-106.0887408,-60.38337672
Concrete Strength,0.1,10,234,53.90323368,17.85455057,71.75778425
Concrete Strength,0.1,10,260,13.33446584,-139.3469008,-126.012435
Concrete Strength,0.1,10,298,39.14844728,192.3416503,231.4900976
Concrete Strength,0.1,10,301,34.67374804,110.6808119,145.3545599
Concrete Strength,0.1,10,309,55.6407132,224.8471678,280.487881
Concrete Strength,0.1,10,322,30.84715624,424.2812678,455.1284241
Concrete Strength,0.1,10,330,23.52492112,-85.56883833,-62.04391721
Concrete Strength,0.1,10,334,66.42411784,-124.1324714,-57.7083536
Concrete Strength,0.1,10,336,38.76923548,64.66036809,103.4296036
Concrete Strength,0.1,10,367,52.20022796,460.9465141,513.1467421
Concrete Strength,0.1,10,373,37.2661778,144.4284095,181.6945873
Concrete Strength,0.1,10,374,46.2293658,527.2204594,573.4498252
Concrete Strength,0.1,10,389,55.55108132,-36.680555,18.87052632
Concrete Strength,0.1,10,411,21.29101888,119.3961064,140.6871253
Concrete Strength,0.1,10,429,24.65566176,426.8137672,451.4694289
Concrete Strength,0.1,10,434,46.38794528,104.0241191,150.4120643
Concrete Strength,0.1,10,437,33.68779736,3.525803461,37.21360082
Concrete Strength,0.1,10,439,41.40992856,-56.28031504,-14.87038648
Concrete Strength,0.1,10,443,44.63667624,-181.3778328,-136.7411566
Concrete Strength,0.1,10,452,53.46196904,482.1332386,535.5952076
Concrete Strength,0.1,10,454,31.715896,-156.997464,-125.281568
Concrete Strength,0.1,10,460,55.0201848,170.3091066,225.3292914
Concrete Strength,0.1,10,480,38.01770664,124.0872676,162.1049742
Concrete Strength,0.1,10,486,50.23522136,348.3097322,398.5449535
Concrete Strength,0.1,10,489,22.752708,-171.0520731,-148.2993651
Concrete Strength,0.1,10,490,25.510612,-161.8096125,-136.2990005
Concrete Strength,0.1,10,527,23.63917715,104.4502626,128.0894397
Concrete Strength,0.1,10,536,48.8466167,121.9963223,170.842939
Concrete Strength,0.1,10,543,21.8591471,-230.7936588,-208.9345117
Concrete Strength,0.1,10,556,27.93549909,112.1479278,140.0834269
Concrete Strength,0.1,10,577,21.17932377,28.9331117,50.11243547
Concrete Strength,0.1,10,599,13.22414968,68.81339988,82.03754956
Concrete Strength,0.1,10,601,27.04124872,-25.63465923,1.406589492
Concrete Strength,0.1,10,647,47.7144971,94.41731076,142.1318079
Concrete Strength,0.1,10,650,6.902344236,-44.75673326,-37.85438902
Concrete Strength,0.1,10,706,3.31982694,-350.3321483,-347.0123213
Concrete Strength,0.1,10,709,6.280436884,213.4304582,219.7108951
Concrete Strength,0.1,10,717,10.08979178,90.33399391,100.4237857
Concrete Strength,0.1,10,718,4.827710952,155.7237949,160.5515059
Concrete Strength,0.1,10,720,43.56523054,-84.63485,-41.06961947
Concrete Strength,0.1,10,722,11.85209244,-363.4125023,-351.5604099
Concrete Strength,0.1,10,730,37.91428524,-205.4882167,-167.5739315
Concrete Strength,0.1,10,734,33.60506024,239.9648075,273.5698677
Concrete Strength,0.1,10,772,13.52062436,-45.79396516,-32.2733408
Concrete Strength,0.1,10,801,13.71367764,257.5815831,271.2952607
Concrete Strength,0.1,10,839,27.67556664,-354.3557233,-326.6801566
Concrete Strength,0.1,10,855,41.94082508,-23.40652906,18.53429602
Concrete Strength,0.1,10,883,36.4388066,381.7210309,418.1598375
Concrete Strength,0.1,10,899,44.86420332,186.4423073,231.3065106
Concrete Strength,0.1,10,902,29.86810032,146.0999479,175.9680482
Concrete Strength,0.1,10,911,26.14492992,273.4316964,299.5766264
Concrete Strength,0.1,10,913,43.5748832,273.4295173,317.0044005
Concrete Strength,0.1,10,925,26.96540636,172.1985468,199.1639531
Concrete Strength,0.1,10,931,30.88163004,-336.0694112,-305.1877812
Concrete Strength,0.1,10,935,22.93197176,-343.5454208,-320.613449
Concrete Strength,0.1,10,944,12.18097249,270.5903931,282.7713655
Concrete Strength,0.1,10,960,52.44637089,-24.13644742,28.30992348
Concrete Strength,0.1,10,995,39.0560575,-166.7783412,-127.7222837
Concrete Strength,0.1,10,1005,52.82696164,-72.04896211,-19.22200046
Concrete Strength,0.1,10,1009,35.31427124,248.3271861,283.6414573
Concrete Strength,0.1,10,1013,61.23581094,151.3356443,212.5714552
Concrete Strength,0.1,10,1019,37.26548832,156.3471044,193.6125927
Concrete Strength,0.1,10,1030,32.40123514,119.7427599,152.1439951
Concrete Strength,0.1,11,8,36.44776979,-57.16153617,-20.71376638
Concrete Strength,0.1,11,11,38.07424367,-171.8113338,-133.7370902
Concrete Strength,0.1,11,58,9.131420144,-141.4397817,-132.3083616
Concrete Strength,0.1,11,99,55.59934464,-298.343588,-242.7442434
Concrete Strength,0.1,11,128,55.49592324,245.9054806,301.4014038
Concrete Strength,0.1,11,134,67.69964844,192.2380029,259.9376513
Concrete Strength,0.1,11,142,64.30053176,144.7064806,209.0070123
Concrete Strength,0.1,11,145,72.29845336,23.75405339,96.05250675
Concrete Strength,0.1,11,153,77.29715436,-142.0961307,-64.7989763
Concrete Strength,0.1,11,154,80.19984832,-13.50796684,66.69188148
Concrete Strength,0.1,11,161,77.29715436,116.6672334,193.9643878
Concrete Strength,0.1,11,183,79.29663476,-105.2812815,-25.98464678
Concrete Strength,0.1,11,238,47.13257936,222.8749192,270.0074985
Concrete Strength,0.1,11,245,19.93275116,50.76070745,70.69345861
Concrete Strength,0.1,11,270,15.43736764,24.57252917,40.00989681
Concrete Strength,0.1,11,276,29.93015316,-222.7057779,-192.7756247
Concrete Strength,0.1,11,280,13.12072828,-47.31652306,-34.19579478
Concrete Strength,0.1,11,281,24.42813468,144.2655352,168.6936699
Concrete Strength,0.1,11,298,39.14844728,-176.3241034,-137.1756561
Concrete Strength,0.1,11,310,22.94576128,171.0088563,193.9546176
Concrete Strength,0.1,11,316,33.35684888,-125.9258583,-92.56900938
Concrete Strength,0.1,11,317,33.94290348,-159.4872139,-125.5443104
Concrete Strength,0.1,11,343,51.95891136,367.7843367,419.7432481
Concrete Strength,0.1,11,353,51.4349096,259.2036679,310.6385775
Concrete Strength,0.1,11,355,30.44726016,175.8815897,206.3288498
Concrete Strength,0.1,11,356,47.7117392,-104.4941453,-56.78240606
Concrete Strength,0.1,11,358,66.82401392,125.8493474,192.6733613
Concrete Strength,0.1,11,365,18.01600788,-219.6489954,-201.6329875
Concrete Strength,0.1,11,387,56.83350668,97.44907181,154.2825785
Concrete Strength,0.1,11,396,49.24927068,53.23388946,102.4831601
Concrete Strength,0.1,11,400,39.300132,-99.90819269,-60.60806069
Concrete Strength,0.1,11,422,34.23937816,-37.45988218,-3.220504017
Concrete Strength,0.1,11,423,31.81242264,86.59648506,118.4089077
Concrete Strength,0.1,11,425,33.00521612,173.1471977,206.1524138
Concrete Strength,0.1,11,429,24.65566176,-52.74345065,-28.08778889
Concrete Strength,0.1,11,437,33.68779736,350.7538444,384.4416417
Concrete Strength,0.1,11,447,53.72396992,-179.7976228,-126.0736529
Concrete Strength,0.1,11,452,53.46196904,-213.3929549,-159.9309859
Concrete Strength,0.1,11,489,22.752708,180.6061173,203.3588253
Concrete Strength,0.1,11,526,25.11662572,443.8521149,468.9687406
Concrete Strength,0.1,11,528,35.75425543,-109.537102,-73.7828466
Concrete Strength,0.1,11,535,19.1991487,64.13964708,83.33879578
Concrete Strength,0.1,11,537,39.60488039,376.0144263,415.6193067
Concrete Strength,0.1,11,567,32.05167081,-12.64847722,19.40319359
Concrete Strength,0.1,11,568,11.95758227,-61.7454247,-49.78784243
Concrete Strength,0.1,11,580,22.62998127,0.9350992416,23.56508051
Concrete Strength,0.1,11,582,12.37264682,330.3046538,342.6773006
Concrete Strength,0.1,11,593,37.43785732,-134.0329684,-96.59511111
Concrete Strength,0.1,11,601,27.04124872,-111.0442238,-84.00297504
Concrete Strength,0.1,11,609,21.94602108,-557.532042,-535.5860209
Concrete Strength,0.1,11,625,27.53077668,-59.81974778,-32.2889711
Concrete Strength,0.1,11,655,24.29092896,-147.5447525,-123.2538236
Concrete Strength,0.1,11,661,31.0236621,8.01620134,39.03986344
Concrete Strength,0.1,11,716,39.6621069,311.5824473,351.2445542
Concrete Strength,0.1,11,772,13.52062436,-286.2202336,-272.6996092
Concrete Strength,0.1,11,775,11.46598588,-218.1240606,-206.6580747
Concrete Strength,0.1,11,782,14.2032056,-153.7086762,-139.5054706
Concrete Strength,0.1,11,803,31.6469484,-319.6519263,-288.0049779
Concrete Strength,0.1,11,808,37.42475728,-259.1705901,-221.7458328
Concrete Strength,0.1,11,811,14.98920824,-345.6840011,-330.6947929
Concrete Strength,0.1,11,812,27.923778,138.6701287,166.5939067
Concrete Strength,0.1,11,830,37.16965116,6.884378464,44.05402962
Concrete Strength,0.1,11,838,39.05192064,-70.6598206,-31.60789996
Concrete Strength,0.1,11,843,15.56836808,-61.44071106,-45.87234298
Concrete Strength,0.1,11,844,44.6090972,17.8344463,62.4435435
Concrete Strength,0.1,11,846,57.21271848,-4.978983637,52.23373484
Concrete Strength,0.1,11,847,65.90701084,369.2331013,435.1401121
Concrete Strength,0.1,11,849,33.39821744,42.08890353,75.48712097
Concrete Strength,0.1,11,856,61.23236356,13.74489381,74.97725737
Concrete Strength,0.1,11,858,33.3016908,-163.6529703,-130.3512795
Concrete Strength,0.1,11,860,15.08573488,81.74676682,96.8325017
Concrete Strength,0.1,11,868,37.91428524,362.0001196,399.9144048
Concrete Strength,0.1,11,894,23.51802636,-202.9093642,-179.3913378
Concrete Strength,0.1,11,897,52.44154456,28.15731416,80.59885872
Concrete Strength,0.1,11,898,40.93419012,-7.266734582,33.66745554
Concrete Strength,0.1,11,928,33.05347944,102.705958,135.7594375
Concrete Strength,0.1,11,958,29.72606826,-26.10124143,3.624826832
Concrete Strength,0.1,11,961,40.9348796,324.4322786,365.3671582
Concrete Strength,0.1,11,966,56.61907964,-102.5436023,-45.92452265
Concrete Strength,0.1,11,974,26.14768782,56.60852139,82.75620921
Concrete Strength,0.1,11,986,33.798803,-213.0459349,-179.2471319
Concrete Strength,0.1,11,990,19.98790924,-30.95955007,-10.97164083
Concrete Strength,0.1,11,999,30.12320644,34.76302548,64.88623192
Concrete Strength,0.1,11,1015,33.30651713,-291.2979143,-257.9913971
Concrete Strength,0.1,12,11,38.07424367,-135.736235,-97.66199128
Concrete Strength,0.1,12,23,8.06342182,102.5821447,110.6455665
Concrete Strength,0.1,12,37,30.07976945,167.2780708,197.3578402
Concrete Strength,0.1,12,55,14.58931216,-33.0133825,-18.42407034
Concrete Strength,0.1,12,73,33.39821744,45.18385724,78.58207468
Concrete Strength,0.1,12,83,41.09966436,-31.42956548,9.670098879
Concrete Strength,0.1,12,87,35.3011712,158.1418523,193.4430235
Concrete Strength,0.1,12,106,54.09628696,443.7820813,497.8783682
Concrete Strength,0.1,12,124,60.2946762,-322.9887889,-262.6941127
Concrete Strength,0.1,12,136,65.99664272,-272.9356513,-206.9390086
Concrete Strength,0.1,12,171,57.59882504,71.81636543,129.4151905
Concrete Strength,0.1,12,196,24.98661024,-215.8154957,-190.8288855
Concrete Strength,0.1,12,203,35.34253976,-69.47192329,-34.12938353
Concrete Strength,0.1,12,209,39.6103962,332.3421459,371.9525421
Concrete Strength,0.1,12,223,28.62704352,249.4738147,278.1008582
Concrete Strength,0.1,12,224,33.5430074,259.6681276,293.211135
Concrete Strength,0.1,12,258,42.54756396,18.32981566,60.87737962
Concrete Strength,0.1,12,282,32.66047812,141.821689,174.4821671
Concrete Strength,0.1,12,292,31.2677366,-187.2935263,-156.0257897
Concrete Strength,0.1,12,316,33.35684888,13.88652159,47.24337047
Concrete Strength,0.1,12,318,44.14025352,-78.75975519,-34.61950167
Concrete Strength,0.1,12,334,66.42411784,290.1991804,356.6232982
Concrete Strength,0.1,12,337,51.3314882,351.7886338,403.120122
Concrete Strength,0.1,12,343,51.95891136,-366.1540586,-314.1951472
Concrete Strength,0.1,12,355,30.44726016,31.79730679,62.24456695
Concrete Strength,0.1,12,366,38.60376124,-97.10643055,-58.50266931
Concrete Strength,0.1,12,368,53.95839176,148.9137677,202.8721595
Concrete Strength,0.1,12,405,76.23536132,-45.20662316,31.02873816
Concrete Strength,0.1,12,410,14.94094492,66.89430051,81.83524543
Concrete Strength,0.1,12,427,29.55094136,-276.6220684,-247.0711271
Concrete Strength,0.1,12,431,24.28334472,-151.4977598,-127.2144151
Concrete Strength,0.1,12,451,53.77223324,204.362877,258.1351102
Concrete Strength,0.1,12,470,44.27814872,-175.3663883,-131.0882396
Concrete Strength,0.1,12,473,44.42293868,-251.8487803,-207.4258416
Concrete Strength,0.1,12,483,56.14403068,-61.10165227,-4.95762159
Concrete Strength,0.1,12,487,46.68441996,-112.6474326,-65.96301269
Concrete Strength,0.1,12,492,36.83870268,-4.362122883,32.4765798
Concrete Strength,0.1,12,495,56.33708396,-72.41282259,-16.07573863
Concrete Strength,0.1,12,525,59.49488404,535.9687014,595.4635854
Concrete Strength,0.1,12,529,38.610656,-452.2363117,-413.6256557
Concrete Strength,0.1,12,536,48.8466167,80.41078171,129.2573984
Concrete Strength,0.1,12,539,34.56963716,-74.29566812,-39.72603095
Concrete Strength,0.1,12,567,32.05167081,218.2142755,250.2659463
Concrete Strength,0.1,12,573,13.08901238,-150.594594,-137.5055816
Concrete Strength,0.1,12,576,17.57612219,42.80400528,60.38012747
Concrete Strength,0.1,12,579,17.20035777,98.36513412,115.5654919
Concrete Strength,0.1,12,595,24.43778734,163.7821584,188.2199458
Concrete Strength,0.1,12,618,9.307926,-110.3657949,-101.0578689
Concrete Strength,0.1,12,659,25.89396066,183.5802397,209.4742004
Concrete Strength,0.1,12,661,31.0236621,-291.0872045,-260.0635424
Concrete Strength,0.1,12,667,12.78840085,262.6141011,275.4025019
Concrete Strength,0.1,12,672,20.41607384,-275.5935054,-255.1774316
Concrete Strength,0.1,12,684,36.58842289,313.5603723,350.1487952
Concrete Strength,0.1,12,693,39.70002808,-81.00994315,-41.30991507
Concrete Strength,0.1,12,704,30.43967592,-341.4228095,-310.9831336
Concrete Strength,0.1,12,715,8.374375496,-153.902153,-145.5277775
Concrete Strength,0.1,12,721,51.86376367,674.3176458,726.1814095
Concrete Strength,0.1,12,737,12.05204048,9.734391531,21.78643201
Concrete Strength,0.1,12,773,24.00065956,142.6499796,166.6506392
Concrete Strength,0.1,12,780,25.17966352,58.29828617,83.47794969
Concrete Strength,0.1,12,785,13.52062436,364.1814466,377.702071
Concrete Strength,0.1,12,787,31.44700036,-69.54051066,-38.0935103
Concrete Strength,0.1,12,789,18.12632404,-207.3190362,-189.1927122
Concrete Strength,0.1,12,807,24.00065956,-327.307307,-303.3066474
Concrete Strength,0.1,12,813,34.6806428,-62.83905638,-28.15841358
Concrete Strength,0.1,12,834,36.34917472,-272.779398,-236.4302233
Concrete Strength,0.1,12,852,32.83974188,-356.4130208,-323.5732789
Concrete Strength,0.1,12,858,33.3016908,-234.9113508,-201.60966
Concrete Strength,0.1,12,859,52.42086028,175.8146488,228.2355091
Concrete Strength,0.1,12,864,42.13387836,212.0100691,254.1439475
Concrete Strength,0.1,12,866,41.540929,123.5504413,165.0913703
Concrete Strength,0.1,12,872,32.76389952,-291.9733145,-259.209415
Concrete Strength,0.1,12,875,36.80422888,206.4060434,243.2102722
Concrete Strength,0.1,12,883,36.4388066,-404.3640529,-367.9252463
Concrete Strength,0.1,12,884,32.9569528,195.0963507,228.0533035
Concrete Strength,0.1,12,890,33.7153764,43.72060362,77.43598002
Concrete Strength,0.1,12,894,23.51802636,-215.2940024,-191.7759761
Concrete Strength,0.1,12,898,40.93419012,-400.9819872,-360.0477971
Concrete Strength,0.1,12,914,35.85964676,-118.8406342,-82.98098741
Concrete Strength,0.1,12,938,36.80491836,-5.263331964,31.54158639
Concrete Strength,0.1,12,965,29.87085822,-201.7916715,-171.9208133
Concrete Strength,0.1,12,973,23.74417449,-11.64266159,12.10151289
Concrete Strength,0.1,12,975,15.52631004,1.356990446,16.88330049
Concrete Strength,0.1,12,1030,32.40123514,155.9472179,188.3484531
Concrete Strength,0.1,13,49,26.25800398,179.4855412,205.7435452
Concrete Strength,0.1,13,78,33.39821744,-31.02042609,2.377791349
Concrete Strength,0.1,13,89,35.3011712,17.29913384,52.60030504
Concrete Strength,0.1,13,96,49.20100736,133.9670012,183.1680085
Concrete Strength,0.1,13,128,55.49592324,-46.98750209,8.508421149
Concrete Strength,0.1,13,139,49.89737812,93.40385231,143.3012304
Concrete Strength,0.1,13,141,64.90037588,-38.97283186,25.92754402
Concrete Strength,0.1,13,152,73.69808964,170.8174131,244.5155028
Concrete Strength,0.1,13,156,77.29715436,116.4182646,193.715419
Concrete Strength,0.1,13,174,68.09954452,-80.23812665,-12.13858213
Concrete Strength,0.1,13,183,79.29663476,50.61898415,129.9156189
Concrete Strength,0.1,13,192,22.83544512,170.8569547,193.6923998
Concrete Strength,0.1,13,200,15.04436632,448.4094517,463.453818
Concrete Strength,0.1,13,202,26.40003604,565.749966,592.1500021
Concrete Strength,0.1,13,212,24.48329276,-220.2159952,-195.7327024
Concrete Strength,0.1,13,223,28.62704352,-23.79119322,4.835850298
Concrete Strength,0.1,13,242,24.53845084,89.60103315,114.139484
Concrete Strength,0.1,13,247,30.2335226,-257.0883397,-226.8548171
Concrete Strength,0.1,13,248,39.58971192,45.85851697,85.44822889
Concrete Strength,0.1,13,260,13.33446584,19.89657581,33.23104165
Concrete Strength,0.1,13,263,44.39535964,42.07388835,86.46924799
Concrete Strength,0.1,13,264,47.73931824,386.2937368,434.033055
Concrete Strength,0.1,13,271,26.77235308,-439.8083716,-413.0360185
Concrete Strength,0.1,13,282,32.66047812,-126.4403468,-93.77986873
Concrete Strength,0.1,13,287,27.77209328,60.36510243,88.13719571
Concrete Strength,0.1,13,332,52.5035974,289.8010335,342.3046309
Concrete Strength,0.1,13,336,38.76923548,-175.0645557,-136.2953203
Concrete Strength,0.1,13,349,50.07664188,288.4837394,338.5603813
Concrete Strength,0.1,13,352,45.93978588,31.31365011,77.25343599
Concrete Strength,0.1,13,376,25.62092816,-62.87186714,-37.25093898
Concrete Strength,0.1,13,377,31.97100212,-4.90364384,27.06735828
Concrete Strength,0.1,13,387,56.83350668,75.25277653,132.0862832
Concrete Strength,0.1,13,393,47.27736932,248.3769095,295.6542789
Concrete Strength,0.1,13,401,67.86512268,-205.9127894,-138.0476667
Concrete Strength,0.1,13,415,12.5484632,176.3988588,188.947322
Concrete Strength,0.1,13,435,39.1622368,-288.7498128,-249.587576
Concrete Strength,0.1,13,439,41.40992856,26.2235049,67.63343346
Concrete Strength,0.1,13,442,27.22051248,-128.9894396,-101.7689271
Concrete Strength,0.1,13,464,56.06129356,28.7142373,84.77553086
Concrete Strength,0.1,13,474,51.021224,-198.419663,-147.398439
Concrete Strength,0.1,13,508,62.05284,8.991457357,71.04429736
Concrete Strength,0.1,13,541,24.4046925,76.1518452,100.5565377
Concrete Strength,0.1,13,542,15.61594192,61.09742124,76.71336316
Concrete Strength,0.1,13,548,23.4049523,-1.180900626,22.22405167
Concrete Strength,0.1,13,555,15.69109481,483.8166223,499.5077171
Concrete Strength,0.1,13,577,21.17932377,-111.435947,-90.25662328
Concrete Strength,0.1,13,587,14.54104884,-230.8208059,-216.279757
Concrete Strength,0.1,13,592,19.76520849,306.6544769,326.4196854
Concrete Strength,0.1,13,596,17.59680647,-95.85723081,-78.26042434
Concrete Strength,0.1,13,652,4.903553312,375.98306,380.8866134
Concrete Strength,0.1,13,653,4.565020596,216.6278427,221.1928633
Concrete Strength,0.1,13,655,24.29092896,-120.6441555,-96.35322651
Concrete Strength,0.1,13,679,38.80439876,273.8810882,312.685487
Concrete Strength,0.1,13,681,17.27551066,-264.7911086,-247.5155979
Concrete Strength,0.1,13,690,16.8894041,334.3348437,351.2242478
Concrete Strength,0.1,13,724,27.82725136,-319.0762788,-291.2490274
Concrete Strength,0.1,13,758,18.12632404,-118.406239,-100.279915
Concrete Strength,0.1,13,762,31.35047372,1.687612806,33.03808653
Concrete Strength,0.1,13,783,21.6495464,-358.5606044,-336.911058
Concrete Strength,0.1,13,801,13.71367764,-133.4160603,-119.7023826
Concrete Strength,0.1,13,826,39.0932892,122.0517381,161.1450273
Concrete Strength,0.1,13,839,27.67556664,-453.9258855,-426.2503189
Concrete Strength,0.1,13,849,33.39821744,-67.53879845,-34.14058101
Concrete Strength,0.1,13,855,41.94082508,-159.1734613,-117.2326362
Concrete Strength,0.1,13,869,44.27814872,9.387184962,53.66533368
Concrete Strength,0.1,13,889,19.00885332,102.0259751,121.0348284
Concrete Strength,0.1,13,899,44.86420332,-211.7803839,-166.9161806
Concrete Strength,0.1,13,907,39.41734292,370.1948482,409.6121911
Concrete Strength,0.1,13,916,28.98557104,-114.9889697,-86.00339864
Concrete Strength,0.1,13,945,25.5595648,-259.203706,-233.6441413
Concrete Strength,0.1,13,947,32.96384756,-648.6373213,-615.6734738
Concrete Strength,0.1,13,948,23.8358748,-202.3137405,-178.4778657
Concrete Strength,0.1,13,952,19.0095428,371.8153274,390.8248702
Concrete Strength,0.1,13,960,52.44637089,-383.6430866,-331.1967157
Concrete Strength,0.1,13,978,41.05346947,-211.0504805,-169.997011
Concrete Strength,0.1,13,984,29.07313449,189.2862733,218.3594078
Concrete Strength,0.1,13,985,9.738159024,316.3130044,326.0511634
Concrete Strength,0.1,13,987,37.17103011,97.30477197,134.4758021
Concrete Strength,0.1,13,988,33.76226077,71.37704005,105.1393008
Concrete Strength,0.1,13,994,33.4195912,85.96307648,119.3826677
Concrete Strength,0.1,13,996,27.68108245,110.4095063,138.0905887
Concrete Strength,0.1,13,1004,65.90907927,104.9067704,170.8158497
Concrete Strength,0.1,13,1013,61.23581094,351.7805304,413.0163413
Concrete Strength,0.1,13,1030,32.40123514,-23.84788225,8.553352898
Concrete Strength,0.1,14,12,28.02168359,-45.57555284,-17.55386924
Concrete Strength,0.1,14,49,26.25800398,-484.1795624,-457.9215584
Concrete Strength,0.1,14,79,28.096147,-46.42545725,-18.32931025
Concrete Strength,0.1,14,96,49.20100736,7.759237044,56.9602444
Concrete Strength,0.1,14,120,61.79773388,50.5327212,112.3304551
Concrete Strength,0.1,14,143,64.90037588,318.8380632,383.7384391
Concrete Strength,0.1,14,145,72.29845336,30.96304033,103.2614937
Concrete Strength,0.1,14,156,77.29715436,199.2622918,276.5594461
Concrete Strength,0.1,14,201,21.0634918,263.5886312,284.652123
Concrete Strength,0.1,14,207,24.90387312,-530.1958359,-505.2919628
Concrete Strength,0.1,14,241,22.31833812,-128.0517026,-105.7333645
Concrete Strength,0.1,14,261,25.3727168,169.6009833,194.9737001
Concrete Strength,0.1,14,267,38.50033984,-327.8116334,-289.3112935
Concrete Strength,0.1,14,292,31.2677366,98.0446799,129.3124165
Concrete Strength,0.1,14,294,48.67011084,-318.4020989,-269.7319881
Concrete Strength,0.1,14,299,48.15300384,-238.3575856,-190.2045818
Concrete Strength,0.1,14,300,22.50449664,-162.0177811,-139.5132844
Concrete Strength,0.1,14,306,41.885667,157.6267272,199.5123942
Concrete Strength,0.1,14,319,45.3675208,-61.61772604,-16.25020524
Concrete Strength,0.1,14,331,42.21661548,-0.8778422692,41.33877321
Concrete Strength,0.1,14,335,23.80071152,-534.209683,-510.4089715
Concrete Strength,0.1,14,344,56.7438748,353.325669,410.0695438
Concrete Strength,0.1,14,376,25.62092816,-89.11730017,-63.49637201
Concrete Strength,0.1,14,403,53.57917996,120.3639385,173.9431184
Concrete Strength,0.1,14,411,21.29101888,-109.9158865,-88.62486761
Concrete Strength,0.1,14,417,15.60973664,-286.2047717,-270.5950351
Concrete Strength,0.1,14,422,34.23937816,-182.3207464,-148.0813683
Concrete Strength,0.1,14,441,24.84871504,-29.53574054,-4.687025497
Concrete Strength,0.1,14,442,27.22051248,-149.3698447,-122.1493322
Concrete Strength,0.1,14,451,53.77223324,181.7100623,235.4822955
Concrete Strength,0.1,14,467,33.56369168,-101.6110892,-68.04739755
Concrete Strength,0.1,14,487,46.68441996,330.2186311,376.9030511
Concrete Strength,0.1,14,495,56.33708396,376.071697,432.408781
Concrete Strength,0.1,14,523,44.52045028,417.2017501,461.7222004
Concrete Strength,0.1,14,524,62.93536928,158.4681093,221.4034786
Concrete Strength,0.1,14,526,25.11662572,-336.7254837,-311.608858
Concrete Strength,0.1,14,535,19.1991487,11.38106601,30.5802147
Concrete Strength,0.1,14,550,41.68020315,-146.4643687,-104.7841656
Concrete Strength,0.1,14,591,10.33593472,-187.4802716,-177.1443369
Concrete Strength,0.1,14,593,37.43785732,192.3436959,229.7815532
Concrete Strength,0.1,14,595,24.43778734,-44.34596664,-19.9081793
Concrete Strength,0.1,14,606,6.46728488,-229.0543749,-222.58709
Concrete Strength,0.1,14,675,13.5654403,-241.3374802,-227.7720399
Concrete Strength,0.1,14,679,38.80439876,12.8527353,51.65713406
Concrete Strength,0.1,14,684,36.58842289,-284.8507245,-248.2623016
Concrete Strength,0.1,14,688,47.78206575,-200.3277642,-152.5456985
Concrete Strength,0.1,14,690,16.8894041,-48.81509804,-31.92569395
Concrete Strength,0.1,14,695,32.88455782,196.4920874,229.3766452
Concrete Strength,0.1,14,711,36.96418731,-389.6033539,-352.6391666
Concrete Strength,0.1,14,717,10.08979178,-6.589625736,3.500166048
Concrete Strength,0.1,14,718,4.827710952,310.0185993,314.8463103
Concrete Strength,0.1,14,720,43.56523054,105.4606878,149.0259183
Concrete Strength,0.1,14,765,14.69962832,-121.9954108,-107.2957825
Concrete Strength,0.1,14,774,37.42475728,53.43797674,90.86273402
Concrete Strength,0.1,14,780,25.17966352,-464.0245458,-438.8448823
Concrete Strength,0.1,14,806,48.79421652,143.6194003,192.4136169
Concrete Strength,0.1,14,808,37.42475728,185.3672115,222.7919688
Concrete Strength,0.1,14,809,11.46598588,-55.85896249,-44.39297661
Concrete Strength,0.1,14,812,27.923778,316.5611676,344.4849456
Concrete Strength,0.1,14,813,34.6806428,-81.68923919,-47.00859639
Concrete Strength,0.1,14,837,33.41890172,-25.19715633,8.221745394
Concrete Strength,0.1,14,839,27.67556664,276.2440379,303.9196045
Concrete Strength,0.1,14,844,44.6090972,-511.3347365,-466.7256393
Concrete Strength,0.1,14,845,53.52402188,-219.3438695,-165.8198476
Concrete Strength,0.1,14,852,32.83974188,-288.2304461,-255.3907042
Concrete Strength,0.1,14,861,38.45897128,-119.9486518,-81.48968053
Concrete Strength,0.1,14,877,33.0603742,184.9043481,217.9647223
Concrete Strength,0.1,14,879,31.02642,12.56863362,43.59505362
Concrete Strength,0.1,14,886,26.22766704,-208.1463727,-181.9187056
Concrete Strength,0.1,14,897,52.44154456,-247.2836704,-194.8421259
Concrete Strength,0.1,14,911,26.14492992,-435.9503177,-409.8053878
Concrete Strength,0.1,14,917,46.24315532,-99.1732388,-52.93008348
Concrete Strength,0.1,14,930,21.91154728,549.3563737,571.267921
Concrete Strength,0.1,14,946,36.44363293,-346.5153576,-310.0717247
Concrete Strength,0.1,14,958,29.72606826,-218.3314345,-188.6053662
Concrete Strength,0.1,14,969,13.29378676,-31.92602503,-18.63223828
Concrete Strength,0.1,14,981,26.92265885,-270.6011329,-243.678474
Concrete Strength,0.1,14,986,33.798803,-193.8382612,-160.0394582
Concrete Strength,0.1,14,995,39.0560575,150.2836502,189.3397077
Concrete Strength,0.1,14,999,30.12320644,-114.5381963,-84.41498984
Concrete Strength,0.1,14,1000,15.56974703,-70.22199996,-54.65225293
Concrete Strength,0.1,14,1003,57.21823429,74.63895978,131.8571941
Concrete Strength,0.1,14,1021,42.14008364,249.5881481,291.7282318
Concrete Strength,0.1,14,1028,23.69660064,61.53651742,85.23311806
Concrete Strength,0.1,15,8,36.44776979,-112.9848487,-76.53707887
Concrete Strength,0.1,15,78,33.39821744,43.23668863,76.63490607
Concrete Strength,0.1,15,89,35.3011712,-107.8579528,-72.55678161
Concrete Strength,0.1,15,117,61.09446836,-119.6510537,-58.55658538
Concrete Strength,0.1,15,128,55.49592324,27.37542366,82.8713469
Concrete Strength,0.1,15,133,71.29871316,41.43153923,112.7302524
Concrete Strength,0.1,15,148,55.19944856,-305.3687623,-250.1693137
Concrete Strength,0.1,15,166,66.69990824,144.7615199,211.4614281
Concrete Strength,0.1,15,174,68.09954452,103.6170984,171.7166429
Concrete Strength,0.1,15,183,79.29663476,207.2431961,286.5398309
Concrete Strength,0.1,15,184,67.79617508,-276.1215187,-208.3253437
Concrete Strength,0.1,15,190,10.38350856,-61.06360482,-50.68009626
Concrete Strength,0.1,15,212,24.48329276,162.2696572,186.7529499
Concrete Strength,0.1,15,214,35.34253976,-338.457462,-303.1149222
Concrete Strength,0.1,15,224,33.5430074,174.9415475,208.4845549
Concrete Strength,0.1,15,232,45.70536404,124.7156975,170.4210615
Concrete Strength,0.1,15,249,44.298833,281.728773,326.027606
Concrete Strength,0.1,15,251,24.91766264,-328.469582,-303.5519194
Concrete Strength,0.1,15,252,29.21999288,176.17184,205.3918329
Concrete Strength,0.1,15,265,19.51906556,-315.3146983,-295.7956327
Concrete Strength,0.1,15,276,29.93015316,255.3597141,285.2898672
Concrete Strength,0.1,15,278,36.96970312,15.14361786,52.11332098
Concrete Strength,0.1,15,280,13.12072828,285.7651472,298.8858755
Concrete Strength,0.1,15,334,66.42411784,-266.926807,-200.5026892
Concrete Strength,0.1,15,335,23.80071152,-89.415932,-65.61522048
Concrete Strength,0.1,15,340,21.91154728,-17.5000456,4.41150168
Concrete Strength,0.1,15,367,52.20022796,205.7055382,257.9057662
Concrete Strength,0.1,15,372,30.21973308,-202.6872568,-172.4675238
Concrete Strength,0.1,15,405,76.23536132,-75.76007131,0.4752900064
Concrete Strength,0.1,15,409,20.72564856,56.24201609,76.96766465
Concrete Strength,0.1,15,417,15.60973664,329.4300966,345.0398333
Concrete Strength,0.1,15,418,12.17614616,-194.2339749,-182.0578288
Concrete Strength,0.1,15,423,31.81242264,352.8990255,384.7114482
Concrete Strength,0.1,15,437,33.68779736,24.36427163,58.05206899
Concrete Strength,0.1,15,451,53.77223324,-145.0667504,-91.29451714
Concrete Strength,0.1,15,454,31.715896,-316.2521891,-284.5362931
Concrete Strength,0.1,15,455,39.64487,-145.7378679,-106.0929979
Concrete Strength,0.1,15,464,56.06129356,-132.5996874,-76.53839381
Concrete Strength,0.1,15,470,44.27814872,12.38261919,56.66076791
Concrete Strength,0.1,15,482,61.06688932,53.84017624,114.9070656
Concrete Strength,0.1,15,485,54.76507868,-208.5033882,-153.7383095
Concrete Strength,0.1,15,487,46.68441996,-313.3025675,-266.6181475
Concrete Strength,0.1,15,495,56.33708396,14.68373552,71.02081948
Concrete Strength,0.1,15,497,61.45989064,294.6741192,356.1340098
Concrete Strength,0.1,15,524,62.93536928,142.0481559,204.9835252
Concrete Strength,0.1,15,541,24.4046925,-121.7791085,-97.37441604
Concrete Strength,0.1,15,566,14.8437288,-311.6217958,-296.778067
Concrete Strength,0.1,15,569,25.44786968,64.24543923,89.69330891
Concrete Strength,0.1,15,581,21.8591471,-3.015152545,18.84399456
Concrete Strength,0.1,15,592,19.76520849,-201.7582052,-181.9929967
Concrete Strength,0.1,15,599,13.22414968,217.0534384,230.2775881
Concrete Strength,0.1,15,632,17.54026944,200.8723325,218.412602
Concrete Strength,0.1,15,637,26.84819544,253.5962255,280.4444209
Concrete Strength,0.1,15,650,6.902344236,250.4033836,257.3057278
Concrete Strength,0.1,15,661,31.0236621,88.41635382,119.4400159
Concrete Strength,0.1,15,672,20.41607384,372.7087715,393.1248454
Concrete Strength,0.1,15,675,13.5654403,131.2891032,144.8545435
Concrete Strength,0.1,15,688,47.78206575,-199.5793717,-151.7973059
Concrete Strength,0.1,15,690,16.8894041,-187.4788123,-170.5894082
Concrete Strength,0.1,15,710,32.10269204,-349.3206277,-317.2179357
Concrete Strength,0.1,15,736,40.85834776,-156.5807864,-115.7224386
Concrete Strength,0.1,15,741,30.9574724,-18.04942725,12.90804515
Concrete Strength,0.1,15,761,29.97841648,456.0354221,486.0138386
Concrete Strength,0.1,15,762,31.35047372,208.8444239,240.1948976
Concrete Strength,0.1,15,768,31.35047372,-207.8636767,-176.5132029
Concrete Strength,0.1,15,803,31.6469484,314.3378299,345.9847783
Concrete Strength,0.1,15,804,19.10537996,-169.5171129,-150.4117329
Concrete Strength,0.1,15,822,20.77391188,-145.4034831,-124.6295712
Concrete Strength,0.1,15,833,19.98790924,352.7791419,372.7670511
Concrete Strength,0.1,15,849,33.39821744,246.0728155,279.471033
Concrete Strength,0.1,15,889,19.00885332,64.5836867,83.59254002
Concrete Strength,0.1,15,944,12.18097249,155.7935351,167.9745076
Concrete Strength,0.1,15,947,32.96384756,-29.34416699,3.619680567
Concrete Strength,0.1,15,961,40.9348796,23.95103181,64.88591141
Concrete Strength,0.1,15,967,12.4595208,5.848624864,18.30814566
Concrete Strength,0.1,15,974,26.14768782,75.08588322,101.233571
Concrete Strength,0.1,15,977,35.86585204,8.346419392,44.21227144
Concrete Strength,0.1,15,984,29.07313449,217.5766625,246.649797
Concrete Strength,0.1,15,985,9.738159024,-217.4137148,-207.6755558
Concrete Strength,0.1,15,1008,37.36339392,-218.2839069,-180.920513
Concrete Strength,0.1,15,1011,40.06200298,113.8275616,153.8895646
Concrete Strength,0.1,15,1012,43.79827342,151.3659005,195.1641739
Concrete Strength,0.1,15,1013,61.23581094,-224.3901675,-163.1543565
Concrete Strength,0.1,15,1027,31.1787942,57.62605579,88.80484999
Concrete Strength,0.1,16,56,14.63826496,167.0734222,181.7116872
Concrete Strength,0.1,16,68,30.27558064,159.075089,189.3506697
Concrete Strength,0.1,16,69,40.85696881,-31.424927,9.432041812
Concrete Strength,0.1,16,76,37.79707432,-27.91030463,9.88676969
Concrete Strength,0.1,16,88,24.40055564,-156.8947712,-132.4942156
Concrete Strength,0.1,16,93,24.0971862,-143.672527,-119.5753408
Concrete Strength,0.1,16,95,42.79577532,-110.920201,-68.12442567
Concrete Strength,0.1,16,101,49.20100736,118.235635,167.4366424
Concrete Strength,0.1,16,131,74.69782984,-341.6200279,-266.9221981
Concrete Strength,0.1,16,133,71.29871316,-18.94567318,52.35303998
Concrete Strength,0.1,16,136,65.99664272,102.9540214,168.9506641
Concrete Strength,0.1,16,143,64.90037588,181.545904,246.4462799
Concrete Strength,0.1,16,151,66.10006412,-347.9894579,-281.8893938
Concrete Strength,0.1,16,168,74.19451236,-60.16612313,14.02838923
Concrete Strength,0.1,16,187,24.8900836,105.5626101,130.4526937
Concrete Strength,0.1,16,189,40.7135578,-234.8405758,-194.127018
Concrete Strength,0.1,16,193,27.66177712,-131.420061,-103.7582839
Concrete Strength,0.1,16,204,40.56876784,-212.425414,-171.8566462
Concrete Strength,0.1,16,233,50.77301264,-296.238747,-245.4657343
Concrete Strength,0.1,16,266,31.35047372,-250.0432156,-218.6927419
Concrete Strength,0.1,16,291,21.50475644,-122.4270891,-100.9223327
Concrete Strength,0.1,16,321,28.6822016,46.64462754,75.32682914
Concrete Strength,0.1,16,332,52.5035974,-468.7902332,-416.2866358
Concrete Strength,0.1,16,335,23.80071152,-161.8444495,-138.043738
Concrete Strength,0.1,16,339,58.60546,13.91060076,72.51606076
Concrete Strength,0.1,16,340,21.91154728,-237.8592608,-215.9477135
Concrete Strength,0.1,16,348,46.6430514,154.8838116,201.526863
Concrete Strength,0.1,16,378,36.3009114,66.45091693,102.7518283
Concrete Strength,0.1,16,398,29.15794004,-12.66547024,16.4924698
Concrete Strength,0.1,16,415,12.5484632,-19.67726866,-7.128805463
Concrete Strength,0.1,16,440,37.81086384,-201.8372506,-164.0263868
Concrete Strength,0.1,16,447,53.72396992,-293.8524275,-240.1284576
Concrete Strength,0.1,16,450,35.852752,-110.5220397,-74.66928774
Concrete Strength,0.1,16,458,39.2656582,-347.4369418,-308.1712836
Concrete Strength,0.1,16,469,52.95865156,307.47894,360.4375915
Concrete Strength,0.1,16,471,40.14818748,456.3599327,496.5081201
Concrete Strength,0.1,16,473,44.42293868,-109.3147338,-64.89179514
Concrete Strength,0.1,16,516,21.96670536,184.1985676,206.1652729
Concrete Strength,0.1,16,535,19.1991487,81.20805764,100.4072063
Concrete Strength,0.1,16,562,33.08243743,196.5467631,229.6292005
Concrete Strength,0.1,16,564,21.81984697,59.4743397,81.29418668
Concrete Strength,0.1,16,568,11.95758227,-144.3961106,-132.4385283
Concrete Strength,0.1,16,573,13.08901238,-97.70545961,-84.61644722
Concrete Strength,0.1,16,582,12.37264682,225.6784071,238.0510539
Concrete Strength,0.1,16,586,33.0431373,-144.9241991,-111.8810618
Concrete Strength,0.1,16,596,17.59680647,43.38648861,60.98329509
Concrete Strength,0.1,16,625,27.53077668,155.4319971,182.9627738
Concrete Strength,0.1,16,629,12.24509376,-151.7625939,-139.5175001
Concrete Strength,0.1,16,635,24.49708228,-27.77237319,-3.275290907
Concrete Strength,0.1,16,647,47.7144971,-15.58447508,32.13002203
Concrete Strength,0.1,16,653,4.565020596,258.4391348,263.0041553
Concrete Strength,0.1,16,663,33.66435518,166.7149664,200.3793216
Concrete Strength,0.1,16,685,50.73233356,109.0124192,159.7447528
Concrete Strength,0.1,16,693,39.70002808,264.8142356,304.5142636
Concrete Strength,0.1,16,695,32.88455782,167.6026278,200.4871856
Concrete Strength,0.1,16,698,7.723510152,-203.7420142,-196.018504
Concrete Strength,0.1,16,700,9.561653168,27.60628682,37.16793998
Concrete Strength,0.1,16,723,17.24379476,22.12620015,39.36999491
Concrete Strength,0.1,16,724,27.82725136,-100.3451183,-72.51786693
Concrete Strength,0.1,16,727,14.306627,73.03928474,87.34591174
Concrete Strength,0.1,16,740,25.17966352,103.0741106,128.2537741
Concrete Strength,0.1,16,773,24.00065956,109.2003029,133.2009625
Concrete Strength,0.1,16,777,21.16001844,-1.61001403,19.55000441
Concrete Strength,0.1,16,826,39.0932892,-186.139965,-147.0466758
Concrete Strength,0.1,16,827,24.39366088,-113.0719939,-88.67833302
Concrete Strength,0.1,16,869,44.27814872,282.9269514,327.2051001
Concrete Strength,0.1,16,884,32.9569528,135.051922,168.0088748
Concrete Strength,0.1,16,885,23.83518532,-76.50072163,-52.66553631
Concrete Strength,0.1,16,893,32.23989776,-380.0117213,-347.7718236
Concrete Strength,0.1,16,904,12.45883132,-160.3926514,-147.9338201
Concrete Strength,0.1,16,906,13.29309728,160.6219662,173.9150635
Concrete Strength,0.1,16,918,26.91714304,-26.41292785,0.5042151943
Concrete Strength,0.1,16,920,25.0969264,634.7628226,659.859749
Concrete Strength,0.1,16,925,26.96540636,-202.9367832,-175.9713768
Concrete Strength,0.1,16,929,24.5798194,177.5562399,202.1360593
Concrete Strength,0.1,16,930,21.91154728,-187.5253487,-165.6138014
Concrete Strength,0.1,16,946,36.44363293,771.3385969,807.7822298
Concrete Strength,0.1,16,971,46.23419213,-49.97250357,-3.738311434
Concrete Strength,0.1,16,973,23.74417449,-125.9879323,-102.2437578
Concrete Strength,0.1,16,995,39.0560575,293.3385702,332.3946277
Concrete Strength,0.1,16,1001,44.6118551,439.8306718,484.4425269
Concrete Strength,0.1,16,1011,40.06200298,-63.19802503,-23.13602205
Concrete Strength,0.1,16,1017,15.09125069,-353.4170524,-338.3258017
Concrete Strength,0.1,16,1018,38.46103971,-499.9434372,-461.4823975
Concrete Strength,0.1,17,81,33.39821744,-417.435619,-384.0374016
Concrete Strength,0.1,17,85,28.29609504,219.5722208,247.8683159
Concrete Strength,0.1,17,92,35.3011712,-132.2241209,-96.9229497
Concrete Strength,0.1,17,102,34.90127512,110.8971579,145.798433
Concrete Strength,0.1,17,107,55.89581932,3.040782244,58.93660156
Concrete Strength,0.1,17,111,37.99702236,-111.0078322,-73.01080982
Concrete Strength,0.1,17,131,74.69782984,-43.47272997,31.22509987
Concrete Strength,0.1,17,134,67.69964844,188.6369736,256.336622
Concrete Strength,0.1,17,163,64.90037588,139.0553065,203.9556824
Concrete Strength,0.1,17,192,22.83544512,265.1388471,287.9742922
Concrete Strength,0.1,17,197,25.72434956,154.2495395,179.9738891
Concrete Strength,0.1,17,200,15.04436632,104.043054,119.0874203
Concrete Strength,0.1,17,202,26.40003604,-172.2378262,-145.8377901
Concrete Strength,0.1,17,216,22.7182342,262.638325,285.3565592
Concrete Strength,0.1,17,220,10.76272036,-19.57681612,-8.814095762
Concrete Strength,0.1,17,242,24.53845084,-45.36380286,-20.82535202
Concrete Strength,0.1,17,251,24.91766264,189.7053363,214.6229989
Concrete Strength,0.1,17,252,29.21999288,147.518691,176.7386839
Concrete Strength,0.1,17,259,42.919881,50.30222331,93.22210431
Concrete Strength,0.1,17,317,33.94290348,302.2500635,336.192967
Concrete Strength,0.1,17,323,42.03045696,338.771853,380.80231
Concrete Strength,0.1,17,329,60.9496784,-7.316079841,53.63359856
Concrete Strength,0.1,17,333,60.32225524,78.26173747,138.5839927
Concrete Strength,0.1,17,346,33.72916592,-242.9847381,-209.2555721
Concrete Strength,0.1,17,348,46.6430514,207.6979825,254.3410339
Concrete Strength,0.1,17,353,51.4349096,-52.55506918,-1.120159581
Concrete Strength,0.1,17,354,59.30183076,224.7281416,284.0299723
Concrete Strength,0.1,17,373,37.2661778,-358.1550023,-320.8888245
Concrete Strength,0.1,17,378,36.3009114,252.9562572,289.2571686
Concrete Strength,0.1,17,398,29.15794004,-329.8835705,-300.7256305
Concrete Strength,0.1,17,410,14.94094492,123.5923678,138.5333127
Concrete Strength,0.1,17,417,15.60973664,-307.1801894,-291.5704528
Concrete Strength,0.1,17,419,11.98309288,-328.848768,-316.8656751
Concrete Strength,0.1,17,423,31.81242264,-304.4328026,-272.62038
Concrete Strength,0.1,17,431,24.28334472,-194.5199527,-170.236608
Concrete Strength,0.1,17,444,37.2661778,-621.7876011,-584.5214233
Concrete Strength,0.1,17,452,53.46196904,66.73110295,120.193072
Concrete Strength,0.1,17,456,51.25564584,225.6404163,276.8960621
Concrete Strength,0.1,17,483,56.14403068,28.97664978,85.12068046
Concrete Strength,0.1,17,526,25.11662572,117.5032316,142.6198573
Concrete Strength,0.1,17,532,23.84897484,435.0926454,458.9416202
Concrete Strength,0.1,17,537,39.60488039,-298.4452173,-258.8403369
Concrete Strength,0.1,17,538,43.94237391,-6.554440503,37.38793341
Concrete Strength,0.1,17,564,21.81984697,-127.7030615,-105.8832145
Concrete Strength,0.1,17,574,38.70028788,21.9131845,60.61347238
Concrete Strength,0.1,17,589,7.995853172,-199.6197551,-191.6239019
Concrete Strength,0.1,17,593,37.43785732,91.32956709,128.7674244
Concrete Strength,0.1,17,603,35.17017076,187.250897,222.4210677
Concrete Strength,0.1,17,625,27.53077668,-29.33492371,-1.804147026
Concrete Strength,0.1,17,628,7.83934212,44.76298362,52.60232574
Concrete Strength,0.1,17,650,6.902344236,18.91210378,25.81444802
Concrete Strength,0.1,17,665,19.35014394,90.70997812,110.0601221
Concrete Strength,0.1,17,681,17.27551066,-32.32934387,-15.05383321
Concrete Strength,0.1,17,698,7.723510152,-7.652913448,0.07059670357
Concrete Strength,0.1,17,709,6.280436884,8.21154001,14.49197689
Concrete Strength,0.1,17,710,32.10269204,-183.2787888,-151.1760967
Concrete Strength,0.1,17,728,17.43684804,11.27976307,28.71661111
Concrete Strength,0.1,17,740,25.17966352,50.56903676,75.74870028
Concrete Strength,0.1,17,758,18.12632404,117.1079388,135.2342629
Concrete Strength,0.1,17,771,14.98920824,135.8381552,150.8273635
Concrete Strength,0.1,17,772,13.52062436,110.4252388,123.9458632
Concrete Strength,0.1,17,782,14.2032056,87.10578211,101.3089877
Concrete Strength,0.1,17,809,11.46598588,18.65144032,30.1174262
Concrete Strength,0.1,17,823,25.17966352,138.7942382,163.9739017
Concrete Strength,0.1,17,844,44.6090972,-48.79280384,-4.183706643
Concrete Strength,0.1,17,850,18.0297974,60.46209537,78.49189277
Concrete Strength,0.1,17,858,33.3016908,20.03326088,53.33495168
Concrete Strength,0.1,17,870,31.17810472,-212.9326687,-181.7545639
Concrete Strength,0.1,17,873,32.39847724,-66.41559392,-34.01711668
Concrete Strength,0.1,17,875,36.80422888,173.5628336,210.3670625
Concrete Strength,0.1,17,879,31.02642,-129.1484141,-98.12199406
Concrete Strength,0.1,17,881,12.17614616,359.5537027,371.7298489
Concrete Strength,0.1,17,882,25.55887532,129.8509555,155.4098308
Concrete Strength,0.1,17,886,26.22766704,36.70073824,62.92840528
Concrete Strength,0.1,17,907,39.41734292,-332.6068365,-293.1894936
Concrete Strength,0.1,17,945,25.5595648,684.2024287,709.7619935
Concrete Strength,0.1,17,970,39.42147978,-332.738382,-293.3169022
Concrete Strength,0.1,17,975,15.52631004,133.0606443,148.5869544
Concrete Strength,0.1,17,985,9.738159024,229.7901241,239.5282831
Concrete Strength,0.1,17,995,39.0560575,9.553372366,48.60942986
Concrete Strength,0.1,17,996,27.68108245,-136.1128814,-108.431799
Concrete Strength,0.1,17,1000,15.56974703,383.919642,399.4893891
Concrete Strength,0.1,17,1012,43.79827342,191.9402479,235.7385214
Concrete Strength,0.1,17,1029,32.76803638,500.449688,533.2177244
Concrete Strength,0.1,18,9,45.85429086,-186.7308252,-140.8765343
Concrete Strength,0.1,18,23,8.06342182,179.2823684,187.3457902
Concrete Strength,0.1,18,63,9.86640156,235.8464832,245.7128847
Concrete Strength,0.1,18,69,40.85696881,52.96007332,93.81704213
Concrete Strength,0.1,18,73,33.39821744,385.7307471,419.1289645
Concrete Strength,0.1,18,110,55.89581932,99.24565381,155.1414731
Concrete Strength,0.1,18,151,66.10006412,339.0736977,405.1737618
Concrete Strength,0.1,18,181,73.29819356,-177.2034813,-103.9052878
Concrete Strength,0.1,18,187,24.8900836,406.1276019,431.0176855
Concrete Strength,0.1,18,189,40.7135578,134.7553059,175.4688637
Concrete Strength,0.1,18,197,25.72434956,-30.54868238,-4.824332824
Concrete Strength,0.1,18,198,33.96358776,-10.4591874,23.50440036
Concrete Strength,0.1,18,218,38.56239268,-19.96389289,18.59849979
Concrete Strength,0.1,18,235,13.18278112,61.19327527,74.37605639
Concrete Strength,0.1,18,239,49.97322048,160.0770182,210.0502386
Concrete Strength,0.1,18,244,40.85834776,290.5934408,331.4517886
Concrete Strength,0.1,18,249,44.298833,174.3871164,218.6859494
Concrete Strength,0.1,18,256,26.31040416,-94.86765694,-68.55725278
Concrete Strength,0.1,18,276,29.93015316,-169.4782687,-139.5481155
Concrete Strength,0.1,18,279,43.58177796,52.15638239,95.73816035
Concrete Strength,0.1,18,281,24.42813468,-35.31821226,-10.89007758
Concrete Strength,0.1,18,292,31.2677366,-10.69627333,20.57146327
Concrete Strength,0.1,18,296,23.5111316,-189.3870114,-165.8758798
Concrete Strength,0.1,18,309,55.6407132,374.6217405,430.2624537
Concrete Strength,0.1,18,318,44.14025352,21.47806915,65.61832267
Concrete Strength,0.1,18,328,55.82687172,185.7234216,241.5502933
Concrete Strength,0.1,18,359,66.9481196,-165.4290208,-98.48090118
Concrete Strength,0.1,18,363,61.99078716,-136.6713109,-74.68052375
Concrete Strength,0.1,18,370,15.340841,-143.6974601,-128.3566191
Concrete Strength,0.1,18,372,30.21973308,-91.18356764,-60.96383456
Concrete Strength,0.1,18,386,60.28088668,260.3258604,320.6067471
Concrete Strength,0.1,18,389,55.55108132,312.8251575,368.3762388
Concrete Strength,0.1,18,398,29.15794004,-86.43140432,-57.27346428
Concrete Strength,0.1,18,405,76.23536132,-156.9121284,-80.67676705
Concrete Strength,0.1,18,412,23.07676172,-33.54062279,-10.46386107
Concrete Strength,0.1,18,427,29.55094136,-13.99057988,15.56036148
Concrete Strength,0.1,18,436,41.20308576,-228.6854459,-187.4823602
Concrete Strength,0.1,18,441,24.84871504,-4.648513134,20.20020191
Concrete Strength,0.1,18,451,53.77223324,204.4108903,258.1831235
Concrete Strength,0.1,18,464,56.06129356,-179.9852638,-123.9239702
Concrete Strength,0.1,18,477,25.02108404,-11.20890469,13.81217935
Concrete Strength,0.1,18,479,52.00717468,167.6161386,219.6233132
Concrete Strength,0.1,18,494,41.66503468,43.69195645,85.35699113
Concrete Strength,0.1,18,508,62.05284,179.5318142,241.5846542
Concrete Strength,0.1,18,521,13.39553372,289.7614712,303.1570049
Concrete Strength,0.1,18,534,11.6549023,174.3954815,186.0503838
Concrete Strength,0.1,18,580,22.62998127,80.51630362,103.1462849
Concrete Strength,0.1,18,591,10.33593472,530.087174,540.4231087
Concrete Strength,0.1,18,612,21.26343984,214.439448,235.7028879
Concrete Strength,0.1,18,618,9.307926,-343.0050966,-333.6971706
Concrete Strength,0.1,18,619,26.94472208,371.6210908,398.5658129
Concrete Strength,0.1,18,637,26.84819544,43.13850234,69.98669778
Concrete Strength,0.1,18,655,24.29092896,-142.2961497,-118.0052208
Concrete Strength,0.1,18,667,12.78840085,-62.30803911,-49.51963827
Concrete Strength,0.1,18,676,32.53292506,-31.98237039,0.5505546712
Concrete Strength,0.1,18,679,38.80439876,-119.3358896,-80.5314908
Concrete Strength,0.1,18,689,2.331807832,149.5088561,151.840664
Concrete Strength,0.1,18,703,17.16588397,-20.16788929,-3.002005318
Concrete Strength,0.1,18,705,9.731264264,-301.4574019,-291.7261376
Concrete Strength,0.1,18,709,6.280436884,203.8636373,210.1440742
Concrete Strength,0.1,18,716,39.6621069,-41.00691679,-1.344809888
Concrete Strength,0.1,18,717,10.08979178,-58.18724442,-48.09745264
Concrete Strength,0.1,18,721,51.86376367,7.787629847,59.65139352
Concrete Strength,0.1,18,723,17.24379476,-197.8216455,-180.5778508
Concrete Strength,0.1,18,742,43.89204216,-366.8334911,-322.9414489
Concrete Strength,0.1,18,779,14.79615496,220.5700421,235.366197
Concrete Strength,0.1,18,825,21.7529678,292.2857249,314.0386927
Concrete Strength,0.1,18,826,39.0932892,-123.4201149,-84.32682574
Concrete Strength,0.1,18,830,37.16965116,-119.3328928,-82.16324161
Concrete Strength,0.1,18,839,27.67556664,302.2523565,329.9279231
Concrete Strength,0.1,18,868,37.91428524,-486.8973312,-448.983046
Concrete Strength,0.1,18,883,36.4388066,-186.9219531,-150.4831465
Concrete Strength,0.1,18,889,19.00885332,246.3318266,265.3406799
Concrete Strength,0.1,18,897,52.44154456,-243.7792454,-191.3377008
Concrete Strength,0.1,18,899,44.86420332,-90.79072488,-45.92652156
Concrete Strength,0.1,18,910,23.73865868,36.60908906,60.34774774
Concrete Strength,0.1,18,927,30.6472082,43.2615381,73.9087463
Concrete Strength,0.1,18,931,30.88163004,-257.8141772,-226.9325471
Concrete Strength,0.1,18,952,19.0095428,-95.71728033,-76.70773754
Concrete Strength,0.1,18,965,29.87085822,-296.5832178,-266.7123596
Concrete Strength,0.1,18,986,33.798803,-82.39201069,-48.59320769
Concrete Strength,0.1,18,990,19.98790924,158.6665485,178.6544578
Concrete Strength,0.1,18,999,30.12320644,-99.68519298,-69.56198654
Concrete Strength,0.1,18,1004,65.90907927,14.8286279,80.73770717
Concrete Strength,0.1,19,50,32.82319446,173.3908518,206.2140463
Concrete Strength,0.1,19,56,14.63826496,160.3565079,174.9947728
Concrete Strength,0.1,19,58,9.131420144,20.46890127,29.60032142
Concrete Strength,0.1,19,68,30.27558064,240.0252276,270.3008082
Concrete Strength,0.1,19,73,33.39821744,-154.1184039,-120.7201865
Concrete Strength,0.1,19,101,49.20100736,116.3549689,165.5559762
Concrete Strength,0.1,19,102,34.90127512,76.22143544,111.1227106
Concrete Strength,0.1,19,110,55.89581932,-195.4363804,-139.5405611
Concrete Strength,0.1,19,124,60.2946762,35.25109385,95.54577005
Concrete Strength,0.1,19,130,71.29871316,-384.73382,-313.4351068
Concrete Strength,0.1,19,142,64.30053176,83.6731673,147.9736991
Concrete Strength,0.1,19,156,77.29715436,216.7446853,294.0418397
Concrete Strength,0.1,19,161,77.29715436,285.2969887,362.594143
Concrete Strength,0.1,19,179,76.80073164,-101.2882753,-24.48754366
Concrete Strength,0.1,19,181,73.29819356,154.9199725,228.2181661
Concrete Strength,0.1,19,196,24.98661024,79.7265665,104.7131767
Concrete Strength,0.1,19,198,33.96358776,-57.91361903,-23.95003127
Concrete Strength,0.1,19,209,39.6103962,194.5496904,234.1600866
Concrete Strength,0.1,19,214,35.34253976,135.3971001,170.7396399
Concrete Strength,0.1,19,219,40.38950408,76.32204587,116.7115499
Concrete Strength,0.1,19,250,13.81709904,-109.6143596,-95.79726053
Concrete Strength,0.1,19,283,36.63875464,205.3111439,241.9498985
Concrete Strength,0.1,19,285,13.62404576,180.8412469,194.4652927
Concrete Strength,0.1,19,290,7.31534036,-164.0032286,-156.6878883
Concrete Strength,0.1,19,316,33.35684888,-52.84964948,-19.4928006
Concrete Strength,0.1,19,328,55.82687172,131.4637382,187.2906099
Concrete Strength,0.1,19,330,23.52492112,165.5829663,189.1078874
Concrete Strength,0.1,19,331,42.21661548,100.1041919,142.3208073
Concrete Strength,0.1,19,340,21.91154728,183.9233367,205.834884
Concrete Strength,0.1,19,350,17.36790044,101.2433892,118.6112897
Concrete Strength,0.1,19,353,51.4349096,-69.72570154,-18.29079194
Concrete Strength,0.1,19,362,55.50971276,144.1770154,199.6867281
Concrete Strength,0.1,19,366,38.60376124,314.084128,352.6878892
Concrete Strength,0.1,19,426,32.90179472,-76.0167566,-43.11496188
Concrete Strength,0.1,19,432,20.72564856,-177.0807056,-156.355057
Concrete Strength,0.1,19,449,51.72448952,175.5678645,227.2923541
Concrete Strength,0.1,19,455,39.64487,-211.6355153,-171.9906453
Concrete Strength,0.1,19,456,51.25564584,4.763559994,56.01920583
Concrete Strength,0.1,19,472,57.02655996,-333.1439853,-276.1174254
Concrete Strength,0.1,19,481,39.300132,-43.49675667,-4.196624674
Concrete Strength,0.1,19,495,56.33708396,-193.4149022,-137.0778182
Concrete Strength,0.1,19,517,9.849657146,-329.8299285,-319.9802713
Concrete Strength,0.1,19,523,44.52045028,339.4605832,383.9810335
Concrete Strength,0.1,19,526,25.11662572,-248.1175172,-223.0008915
Concrete Strength,0.1,19,536,48.8466167,53.11220009,101.9588168
Concrete Strength,0.1,19,539,34.56963716,-244.8861195,-210.3164823
Concrete Strength,0.1,19,547,31.96686526,283.7759015,315.7427668
Concrete Strength,0.1,19,562,33.08243743,281.950672,315.0331094
Concrete Strength,0.1,19,579,17.20035777,-193.3047006,-176.1043428
Concrete Strength,0.1,19,580,22.62998127,-336.9544147,-314.3244334
Concrete Strength,0.1,19,581,21.8591471,-43.71070232,-21.85155521
Concrete Strength,0.1,19,588,26.91369566,216.7425332,243.6562289
Concrete Strength,0.1,19,590,31.89998609,240.0966144,271.9966005
Concrete Strength,0.1,19,601,27.04124872,-107.2388477,-80.19759903
Concrete Strength,0.1,19,602,32.03994972,-123.4365074,-91.3965577
Concrete Strength,0.1,19,651,33.19206412,-181.0327968,-147.8407327
Concrete Strength,0.1,19,660,29.23171397,-94.42266419,-65.19095021
Concrete Strength,0.1,19,670,16.10960674,81.62149004,97.73109678
Concrete Strength,0.1,19,671,43.37700359,218.1386581,261.5156617
Concrete Strength,0.1,19,672,20.41607384,-89.35561372,-68.93953988
Concrete Strength,0.1,19,693,39.70002808,-91.45817095,-51.75814287
Concrete Strength,0.1,19,704,30.43967592,172.1134164,202.5530923
Concrete Strength,0.1,19,710,32.10269204,143.0398387,175.1425307
Concrete Strength,0.1,19,724,27.82725136,20.5266769,48.35392826
Concrete Strength,0.1,19,732,15.87173752,-440.7619318,-424.8901942
Concrete Strength,0.1,19,760,27.3377234,-492.4981823,-465.1604589
Concrete Strength,0.1,19,771,14.98920824,-34.01696094,-19.0277527
Concrete Strength,0.1,19,813,34.6806428,498.5734786,533.2541214
Concrete Strength,0.1,19,823,25.17966352,139.9200207,165.0996842
Concrete Strength,0.1,19,826,39.0932892,250.1574293,289.2507185
Concrete Strength,0.1,19,833,19.98790924,-148.4728694,-128.4849601
Concrete Strength,0.1,19,840,26.8550902,215.9592479,242.8143381
Concrete Strength,0.1,19,854,40.0585556,-98.83123341,-58.77267781
Concrete Strength,0.1,19,855,41.94082508,360.7763241,402.7171492
Concrete Strength,0.1,19,898,40.93419012,-240.8868413,-199.9526512
Concrete Strength,0.1,19,913,43.5748832,-239.4939635,-195.9190803
Concrete Strength,0.1,19,915,41.05140104,-56.98101254,-15.9296115
Concrete Strength,0.1,19,917,46.24315532,189.2116204,235.4547758
Concrete Strength,0.1,19,918,26.91714304,310.6423505,337.5594936
Concrete Strength,0.1,19,948,23.8358748,354.5255091,378.3613839
Concrete Strength,0.1,19,969,13.29378676,63.04751952,76.34130627
Concrete Strength,0.1,19,976,43.57833058,-176.6065824,-133.0282518
Concrete Strength,0.1,19,1001,44.6118551,-92.7068756,-48.0950205
Concrete Strength,0.1,19,1016,52.42637609,83.05235543,135.4787315
Concrete Strength,0.1,20,17,39.35804798,43.58711941,82.94516739
Concrete Strength,0.1,20,37,30.07976945,-152.1130521,-122.0332826
Concrete Strength,0.1,20,55,14.58931216,-186.5561922,-171.9668801
Concrete Strength,0.1,20,74,36.3009114,-411.5642235,-375.2633121
Concrete Strength,0.1,20,87,35.3011712,18.07800091,53.37917211
Concrete Strength,0.1,20,88,24.40055564,-13.96446323,10.43609241
Concrete Strength,0.1,20,90,39.300132,23.83997437,63.14010637
Concrete Strength,0.1,20,117,61.09446836,-405.9926454,-344.8981771
Concrete Strength,0.1,20,133,71.29871316,147.1683106,218.4670237
Concrete Strength,0.1,20,136,65.99664272,489.0041194,555.0007621
Concrete Strength,0.1,20,162,59.89478012,-291.6082828,-231.7135027
Concrete Strength,0.1,20,190,10.38350856,328.8396141,339.2231226
Concrete Strength,0.1,20,214,35.34253976,82.96395545,118.3064952
Concrete Strength,0.1,20,216,22.7182342,-19.08265537,3.635578834
Concrete Strength,0.1,20,241,22.31833812,-58.71403675,-36.39569863
Concrete Strength,0.1,20,242,24.53845084,236.8962711,261.4347219
Concrete Strength,0.1,20,257,31.64005364,393.7940989,425.4341526
Concrete Strength,0.1,20,278,36.96970312,143.8877726,180.8574758
Concrete Strength,0.1,20,283,36.63875464,147.8803859,184.5191405
Concrete Strength,0.1,20,290,7.31534036,-261.6956112,-254.3802708
Concrete Strength,0.1,20,306,41.885667,251.3160931,293.2017601
Concrete Strength,0.1,20,320,15.36152528,-199.4764037,-184.1148785
Concrete Strength,0.1,20,353,51.4349096,208.3466345,259.7815441
Concrete Strength,0.1,20,357,63.14221208,-297.3145715,-234.1723594
Concrete Strength,0.1,20,403,53.57917996,-264.1747851,-210.5956052
Concrete Strength,0.1,20,410,14.94094492,253.6023581,268.543303
Concrete Strength,0.1,20,411,21.29101888,-1.360084707,19.93093417
Concrete Strength,0.1,20,418,12.17614616,88.56003177,100.7361779
Concrete Strength,0.1,20,422,34.23937816,-64.89609286,-30.6567147
Concrete Strength,0.1,20,427,29.55094136,-120.3793561,-90.82841471
Concrete Strength,0.1,20,438,38.20386516,-59.5460718,-21.34220664
Concrete Strength,0.1,20,443,44.63667624,-426.5994341,-381.9627579
Concrete Strength,0.1,20,450,35.852752,25.99332718,61.84607918
Concrete Strength,0.1,20,482,61.06688932,212.0991454,273.1660347
Concrete Strength,0.1,20,498,44.02993736,354.8153406,398.845278
Concrete Strength,0.1,20,508,62.05284,-49.58057666,12.47226334
Concrete Strength,0.1,20,523,44.52045028,-210.9200724,-166.3996222
Concrete Strength,0.1,20,535,19.1991487,-26.52339324,-7.324244546
Concrete Strength,0.1,20,551,27.74244581,-78.06384393,-50.32139812
Concrete Strength,0.1,20,552,8.204074924,-104.6827299,-96.47865498
Concrete Strength,0.1,20,564,21.81984697,199.8696009,221.6894478
Concrete Strength,0.1,20,594,11.48391226,203.0784022,214.5623144
Concrete Strength,0.1,20,597,10.73031499,451.8420312,462.5723461
Concrete Strength,0.1,20,598,31.38150014,-88.31778149,-56.93628135
Concrete Strength,0.1,20,601,27.04124872,311.6519414,338.6931901
Concrete Strength,0.1,20,608,18.41590396,-118.1954181,-99.77951412
Concrete Strength,0.1,20,636,15.57526284,-162.958916,-147.3836532
Concrete Strength,0.1,20,649,29.89223198,-298.4125463,-268.5203143
Concrete Strength,0.1,20,659,25.89396066,62.6292196,88.52318026
Concrete Strength,0.1,20,681,17.27551066,-327.334926,-310.0594153
Concrete Strength,0.1,20,687,14.14391066,-16.44160258,-2.297691911
Concrete Strength,0.1,20,691,23.52354217,378.0515683,401.5751105
Concrete Strength,0.1,20,694,17.96429718,-235.4090149,-217.4447177
Concrete Strength,0.1,20,700,9.561653168,-274.6656139,-265.1039607
Concrete Strength,0.1,20,702,50.52686971,-211.5603975,-161.0335278
Concrete Strength,0.1,20,706,3.31982694,-216.0680016,-212.7481746
Concrete Strength,0.1,20,740,25.17966352,-8.626034139,16.55362938
Concrete Strength,0.1,20,760,27.3377234,-246.4450481,-219.1073247
Concrete Strength,0.1,20,767,27.923778,137.3230893,165.2468673
Concrete Strength,0.1,20,788,37.231704,-109.9383377,-72.70663374
Concrete Strength,0.1,20,801,13.71367764,200.9501395,214.6638171
Concrete Strength,0.1,20,831,33.75674496,-31.53841843,2.218326527
Concrete Strength,0.1,20,841,45.2985732,-258.3608516,-213.0622784
Concrete Strength,0.1,20,842,30.12320644,209.1207636,239.24397
Concrete Strength,0.1,20,845,53.52402188,-573.7447822,-520.2207604
Concrete Strength,0.1,20,857,40.86524252,-126.5365091,-85.67126661
Concrete Strength,0.1,20,866,41.540929,144.7814446,186.3223736
Concrete Strength,0.1,20,870,31.17810472,-34.15815797,-2.980053247
Concrete Strength,0.1,20,889,19.00885332,-90.79397994,-71.78512662
Concrete Strength,0.1,20,899,44.86420332,19.74590836,64.61011168
Concrete Strength,0.1,20,902,29.86810032,-307.7361612,-277.8680609
Concrete Strength,0.1,20,910,23.73865868,-398.4872032,-374.7485445
Concrete Strength,0.1,20,915,41.05140104,354.2753397,395.3267407
Concrete Strength,0.1,20,921,29.06830816,251.326985,280.3952931
Concrete Strength,0.1,20,948,23.8358748,155.1263728,178.9622476
Concrete Strength,0.1,20,960,52.44637089,-51.8889393,0.557431594
Concrete Strength,0.1,20,961,40.9348796,-252.2543942,-211.3195146
Concrete Strength,0.1,20,968,23.786922,-76.11932345,-52.33240145
Concrete Strength,0.1,20,979,28.99108685,167.1119517,196.1030385
Concrete Strength,0.1,20,983,25.10382116,-503.0268774,-477.9230562
Concrete Strength,0.1,20,986,33.798803,205.257035,239.055838
Concrete Strength,0.1,20,994,33.4195912,419.1106938,452.530285
Concrete Strength,0.1,20,1007,18.03393426,-222.380483,-204.3465488
Concrete Strength,0.1,20,1021,42.14008364,-71.94016522,-29.80008158
Concrete Strength,0.1,21,79,28.096147,-97.94213678,-69.84598978
Concrete Strength,0.1,21,81,33.39821744,6.440742726,39.83896017
Concrete Strength,0.1,21,116,35.10122316,-251.4244601,-216.3232369
Concrete Strength,0.1,21,136,65.99664272,52.21500886,118.2116516
Concrete Strength,0.1,21,156,77.29715436,148.0924,225.3895543
Concrete Strength,0.1,21,162,59.89478012,-82.17729135,-22.28251123
Concrete Strength,0.1,21,183,79.29663476,131.9958032,211.292438
Concrete Strength,0.1,21,189,40.7135578,-21.43494328,19.27861452
Concrete Strength,0.1,21,213,31.53663224,-328.784857,-297.2482248
Concrete Strength,0.1,21,215,9.4458212,-277.9979388,-268.5521176
Concrete Strength,0.1,21,219,40.38950408,63.01863288,103.408137
Concrete Strength,0.1,21,222,21.53923024,47.24394836,68.7831786
Concrete Strength,0.1,21,231,30.38520732,81.24534478,111.6305521
Concrete Strength,0.1,21,239,49.97322048,-93.92216444,-43.94894396
Concrete Strength,0.1,21,247,30.2335226,-2.640518099,27.5930045
Concrete Strength,0.1,21,251,24.91766264,-87.18448594,-62.2668233
Concrete Strength,0.1,21,267,38.50033984,-388.2056738,-349.705334
Concrete Strength,0.1,21,268,45.08483564,21.72038488,66.80522052
Concrete Strength,0.1,21,278,36.96970312,-41.73369226,-4.763989145
Concrete Strength,0.1,21,286,21.60128308,142.1932624,163.7945455
Concrete Strength,0.1,21,297,31.11605188,235.1947209,266.3107728
Concrete Strength,0.1,21,299,48.15300384,-168.6958707,-120.5428669
Concrete Strength,0.1,21,300,22.50449664,-84.52478451,-62.02028787
Concrete Strength,0.1,21,301,34.67374804,-2.133348398,32.54039964
Concrete Strength,0.1,21,349,50.07664188,198.7808524,248.8574942
Concrete Strength,0.1,21,350,17.36790044,-521.1938353,-503.8259348
Concrete Strength,0.1,21,358,66.82401392,-175.8023074,-108.9782934
Concrete Strength,0.1,21,361,35.9561734,162.7953969,198.7515703
Concrete Strength,0.1,21,366,38.60376124,-221.5704815,-182.9667202
Concrete Strength,0.1,21,368,53.95839176,252.4051741,306.3635659
Concrete Strength,0.1,21,373,37.2661778,-22.50357317,14.76260463
Concrete Strength,0.1,21,388,51.021224,-65.06406914,-14.04284514
Concrete Strength,0.1,21,393,47.27736932,51.78116145,99.05853077
Concrete Strength,0.1,21,399,39.39665864,131.0130541,170.4097128
Concrete Strength,0.1,21,427,29.55094136,230.9040243,260.4549657
Concrete Strength,0.1,21,450,35.852752,311.862093,347.714845
Concrete Strength,0.1,21,467,33.56369168,722.7473024,756.3109941
Concrete Strength,0.1,21,469,52.95865156,14.61922849,67.57788005
Concrete Strength,0.1,21,475,53.38612668,-330.6028886,-277.216762
Concrete Strength,0.1,21,483,56.14403068,-110.2865457,-54.142515
Concrete Strength,0.1,21,494,41.66503468,-237.2077453,-195.5427106
Concrete Strength,0.1,21,499,55.45455468,-157.0110799,-101.5565252
Concrete Strength,0.1,21,519,23.24519085,23.82643941,47.07163027
Concrete Strength,0.1,21,557,32.6266938,-23.73068767,8.896006128
Concrete Strength,0.1,21,568,11.95758227,-313.4832155,-301.5256332
Concrete Strength,0.1,21,570,22.48932817,-246.8890496,-224.3997215
Concrete Strength,0.1,21,571,25.21689522,-95.45538208,-70.23848685
Concrete Strength,0.1,21,573,13.08901238,265.6657597,278.7547721
Concrete Strength,0.1,21,578,18.19871902,35.2342012,53.43292022
Concrete Strength,0.1,21,590,31.89998609,37.62347015,69.52345625
Concrete Strength,0.1,21,593,37.43785732,6.623695478,44.0615528
Concrete Strength,0.1,21,598,31.38150014,-75.05434924,-43.6728491
Concrete Strength,0.1,21,608,18.41590396,-229.4970497,-211.0811457
Concrete Strength,0.1,21,615,31.25394708,488.7881006,520.0420477
Concrete Strength,0.1,21,632,17.54026944,-192.55504,-175.0147706
Concrete Strength,0.1,21,633,30.57136584,412.1115761,442.6829419
Concrete Strength,0.1,21,650,6.902344236,280.8698328,287.7721771
Concrete Strength,0.1,21,661,31.0236621,-17.35084616,13.67281594
Concrete Strength,0.1,21,666,11.39221195,253.0838411,264.4760531
Concrete Strength,0.1,21,678,7.675936308,-219.3599469,-211.6840106
Concrete Strength,0.1,21,692,6.8085755,-38.12259274,-31.31401724
Concrete Strength,0.1,21,708,43.25082948,246.9500203,290.2008498
Concrete Strength,0.1,21,710,32.10269204,-212.4615713,-180.3588792
Concrete Strength,0.1,21,718,4.827710952,-197.7974455,-192.9697346
Concrete Strength,0.1,21,767,27.923778,-170.6253101,-142.7015321
Concrete Strength,0.1,21,787,31.44700036,-105.9562804,-74.50928007
Concrete Strength,0.1,21,808,37.42475728,248.1057245,285.5304818
Concrete Strength,0.1,21,812,27.923778,-55.88420072,-27.96042272
Concrete Strength,0.1,21,825,21.7529678,-137.9444981,-116.1915303
Concrete Strength,0.1,21,842,30.12320644,-229.4106536,-199.2874472
Concrete Strength,0.1,21,898,40.93419012,-140.2832491,-99.34905894
Concrete Strength,0.1,21,919,10.53519328,335.4273748,345.9625681
Concrete Strength,0.1,21,945,25.5595648,-105.8220921,-80.2625273
Concrete Strength,0.1,21,948,23.8358748,-181.1298403,-157.2939655
Concrete Strength,0.1,21,956,32.24541357,-109.9807624,-77.73534888
Concrete Strength,0.1,21,957,23.52423164,229.8461218,253.3703534
Concrete Strength,0.1,21,958,29.72606826,-65.91914398,-36.19307571
Concrete Strength,0.1,21,962,44.86834018,-59.39986298,-14.5315228
Concrete Strength,0.1,21,967,12.4595208,86.25438385,98.71390465
Concrete Strength,0.1,21,981,26.92265885,-98.36464732,-71.44198847
Concrete Strength,0.1,21,1001,44.6118551,-7.791359071,36.82049603
Concrete Strength,0.1,21,1006,33.39959639,53.3506633,86.75025969
Concrete Strength,0.1,21,1014,40.8686899,524.6663538,565.5350437
Concrete Strength,0.1,21,1015,33.30651713,198.9992046,232.3057217
Concrete Strength,0.1,22,6,47.02984744,-467.0424187,-420.0125713
Concrete Strength,0.1,22,14,42.32693164,-247.5101352,-205.1832036
Concrete Strength,0.1,22,55,14.58931216,-256.1196264,-241.5303142
Concrete Strength,0.1,22,72,28.79941252,437.8425546,466.6419672
Concrete Strength,0.1,22,73,33.39821744,-22.73692609,10.66129135
Concrete Strength,0.1,22,83,41.09966436,482.1538498,523.2535141
Concrete Strength,0.1,22,110,55.89581932,118.1764511,174.0722704
Concrete Strength,0.1,22,147,64.30053176,105.4797951,169.7803268
Concrete Strength,0.1,22,151,66.10006412,39.68287284,105.782937
Concrete Strength,0.1,22,157,72.99482412,255.7346044,328.7294285
Concrete Strength,0.1,22,166,66.69990824,336.7013664,403.4012747
Concrete Strength,0.1,22,168,74.19451236,143.1988559,217.3933683
Concrete Strength,0.1,22,183,79.29663476,138.4652724,217.7619072
Concrete Strength,0.1,22,200,15.04436632,732.7074032,747.7517695
Concrete Strength,0.1,22,202,26.40003604,-101.887434,-75.48739795
Concrete Strength,0.1,22,205,12.47262084,239.1640824,251.6367033
Concrete Strength,0.1,22,214,35.34253976,-177.9907019,-142.6481621
Concrete Strength,0.1,22,219,40.38950408,-104.3925885,-64.00308445
Concrete Strength,0.1,22,251,24.91766264,-385.7788255,-360.8611629
Concrete Strength,0.1,22,270,15.43736764,209.3364039,224.7737715
Concrete Strength,0.1,22,271,26.77235308,371.4650755,398.2374286
Concrete Strength,0.1,22,290,7.31534036,-433.561388,-426.2460476
Concrete Strength,0.1,22,305,23.13881456,599.0605029,622.1993174
Concrete Strength,0.1,22,314,52.04164848,-55.11176087,-3.070112385
Concrete Strength,0.1,22,324,51.0556978,290.0173287,341.0730265
Concrete Strength,0.1,22,332,52.5035974,-306.1840358,-253.6804384
Concrete Strength,0.1,22,341,36.9903874,-101.2331345,-64.24274706
Concrete Strength,0.1,22,349,50.07664188,-237.7163161,-187.6396743
Concrete Strength,0.1,22,359,66.9481196,293.1452644,360.093384
Concrete Strength,0.1,22,360,27.42046052,-89.25582999,-61.83536947
Concrete Strength,0.1,22,369,56.63355864,-70.17801437,-13.54445573
Concrete Strength,0.1,22,376,25.62092816,186.9132288,212.534157
Concrete Strength,0.1,22,401,67.86512268,293.27472,361.1398426
Concrete Strength,0.1,22,412,23.07676172,295.435619,318.5123807
Concrete Strength,0.1,22,415,12.5484632,-237.4224781,-224.8740149
Concrete Strength,0.1,22,426,32.90179472,-76.30713794,-43.40534322
Concrete Strength,0.1,22,438,38.20386516,51.3000754,89.50394056
Concrete Strength,0.1,22,440,37.81086384,-8.625477558,29.18538628
Concrete Strength,0.1,22,451,53.77223324,478.7946677,532.566901
Concrete Strength,0.1,22,455,39.64487,110.8060398,150.4509098
Concrete Strength,0.1,22,460,55.0201848,315.3433769,370.3635617
Concrete Strength,0.1,22,470,44.27814872,46.15046739,90.42861611
Concrete Strength,0.1,22,471,40.14818748,18.24692717,58.39511465
Concrete Strength,0.1,22,482,61.06688932,154.987603,216.0544923
Concrete Strength,0.1,22,488,46.68441996,-163.6966251,-117.0122052
Concrete Strength,0.1,22,497,61.45989064,-49.43008985,12.02980079
Concrete Strength,0.1,22,531,66.78067543,-25.21163722,41.56903821
Concrete Strength,0.1,22,551,27.74244581,270.4784252,298.220871
Concrete Strength,0.1,22,564,21.81984697,-323.5360413,-301.7161943
Concrete Strength,0.1,22,566,14.8437288,8.165763836,23.00949264
Concrete Strength,0.1,22,576,17.57612219,49.31647252,66.89259471
Concrete Strength,0.1,22,609,21.94602108,-170.5276194,-148.5815983
Concrete Strength,0.1,22,612,21.26343984,-367.3469763,-346.0835365
Concrete Strength,0.1,22,625,27.53077668,211.0804389,238.6112156
Concrete Strength,0.1,22,654,25.46096973,-242.4613402,-217.0003705
Concrete Strength,0.1,22,667,12.78840085,-171.2283488,-158.439948
Concrete Strength,0.1,22,685,50.73233356,-292.3670986,-241.634765
Concrete Strength,0.1,22,687,14.14391066,-3.171918607,10.97199206
Concrete Strength,0.1,22,695,32.88455782,11.46927732,44.35383514
Concrete Strength,0.1,22,731,39.38286912,162.2512162,201.6340853
Concrete Strength,0.1,22,733,9.01145132,122.5161601,131.5276115
Concrete Strength,0.1,22,734,33.60506024,32.86107742,66.46613766
Concrete Strength,0.1,22,777,21.16001844,237.073022,258.2330404
Concrete Strength,0.1,22,778,31.84000168,-25.6852188,6.15478288
Concrete Strength,0.1,22,780,25.17966352,418.7835192,443.9631827
Concrete Strength,0.1,22,783,21.6495464,-89.24604518,-67.59649878
Concrete Strength,0.1,22,807,24.00065956,122.4985598,146.4992193
Concrete Strength,0.1,22,843,15.56836808,-80.66240255,-65.09403447
Concrete Strength,0.1,22,853,42.63719584,-39.89765731,2.739538526
Concrete Strength,0.1,22,856,61.23236356,-237.870573,-176.6382095
Concrete Strength,0.1,22,877,33.0603742,-5.055232323,28.00514188
Concrete Strength,0.1,22,893,32.23989776,-167.5537153,-135.3138175
Concrete Strength,0.1,22,902,29.86810032,200.7037396,230.5718399
Concrete Strength,0.1,22,914,35.85964676,215.9327292,251.7923759
Concrete Strength,0.1,22,917,46.24315532,-273.441578,-227.1984226
Concrete Strength,0.1,22,928,33.05347944,-64.59044226,-31.53696282
Concrete Strength,0.1,22,930,21.91154728,-392.7611136,-370.8495664
Concrete Strength,0.1,22,934,23.8903434,-170.7788207,-146.8884773
Concrete Strength,0.1,22,949,26.23318285,-153.0012373,-126.7680544
Concrete Strength,0.1,22,963,13.20208645,81.34467568,94.54676212
Concrete Strength,0.1,22,979,28.99108685,305.9440667,334.9351536
Concrete Strength,0.1,22,980,46.24729218,-503.0916918,-456.8443996
Concrete Strength,0.1,22,988,33.76226077,95.02013513,128.7823959
Concrete Strength,0.1,22,990,19.98790924,-222.968295,-202.9803858
Concrete Strength,0.1,23,6,47.02984744,-134.3169627,-87.28711522
Concrete Strength,0.1,23,8,36.44776979,271.0950388,307.5428086
Concrete Strength,0.1,23,117,61.09446836,455.8852688,516.9797372
Concrete Strength,0.1,23,122,68.29949256,-203.0720541,-134.7725615
Concrete Strength,0.1,23,125,50.69717028,-241.9328818,-191.2357115
Concrete Strength,0.1,23,129,68.4994406,-381.3544523,-312.8550117
Concrete Strength,0.1,23,130,71.29871316,274.5324403,345.8311535
Concrete Strength,0.1,23,136,65.99664272,475.2764273,541.2730701
Concrete Strength,0.1,23,140,63.3973182,-175.5238827,-112.1265645
Concrete Strength,0.1,23,147,64.30053176,437.2765816,501.5771133
Concrete Strength,0.1,23,165,65.19685056,273.6033926,338.8002432
Concrete Strength,0.1,23,176,79.29663476,101.3857695,180.6824043
Concrete Strength,0.1,23,186,24.44881896,134.0864325,158.5352514
Concrete Strength,0.1,23,195,12.45193656,-25.68885863,-13.23692207
Concrete Strength,0.1,23,198,33.96358776,-174.8729143,-140.9093265
Concrete Strength,0.1,23,202,26.40003604,-73.12394932,-46.72391328
Concrete Strength,0.1,23,219,40.38950408,129.4503563,169.8398603
Concrete Strength,0.1,23,247,30.2335226,-62.86839906,-32.63487646
Concrete Strength,0.1,23,272,33.72916592,176.2292825,209.9584484
Concrete Strength,0.1,23,273,42.69924868,127.0093796,169.7086283
Concrete Strength,0.1,23,285,13.62404576,232.0284501,245.6524958
Concrete Strength,0.1,23,305,23.13881456,86.68369122,109.8225058
Concrete Strength,0.1,23,307,48.28400428,40.99536337,89.27936765
Concrete Strength,0.1,23,323,42.03045696,115.2838831,157.3143401
Concrete Strength,0.1,23,339,58.60546,129.9709286,188.5763886
Concrete Strength,0.1,23,343,51.95891136,-156.7943009,-104.8353895
Concrete Strength,0.1,23,346,33.72916592,338.4373743,372.1665403
Concrete Strength,0.1,23,351,33.70158688,-89.15055694,-55.44897006
Concrete Strength,0.1,23,360,27.42046052,160.882668,188.3031285
Concrete Strength,0.1,23,363,61.99078716,364.6346212,426.6254084
Concrete Strength,0.1,23,389,55.55108132,110.2474758,165.7985571
Concrete Strength,0.1,23,434,46.38794528,92.88244728,139.2703926
Concrete Strength,0.1,23,439,41.40992856,-28.51643291,12.89349565
Concrete Strength,0.1,23,444,37.2661778,135.3591783,172.6253561
Concrete Strength,0.1,23,447,53.72396992,-196.4610652,-142.7370953
Concrete Strength,0.1,23,453,48.9872698,51.61405085,100.6013206
Concrete Strength,0.1,23,455,39.64487,267.9662557,307.6111257
Concrete Strength,0.1,23,458,39.2656582,23.07286181,62.33852001
Concrete Strength,0.1,23,472,57.02655996,12.02500367,69.05156363
Concrete Strength,0.1,23,473,44.42293868,-122.0355505,-77.61261181
Concrete Strength,0.1,23,482,61.06688932,197.7738669,258.8407562
Concrete Strength,0.1,23,490,25.510612,410.9288087,436.4394207
Concrete Strength,0.1,23,495,56.33708396,7.011582126,63.34866609
Concrete Strength,0.1,23,516,21.96670536,-169.1474756,-147.1807703
Concrete Strength,0.1,23,530,68.75060685,5.100021639,73.85062849
Concrete Strength,0.1,23,535,19.1991487,-2.918195518,16.28095318
Concrete Strength,0.1,23,536,48.8466167,218.4719259,267.3185426
Concrete Strength,0.1,23,539,34.56963716,-154.1662729,-119.5966357
Concrete Strength,0.1,23,541,24.4046925,-236.8712117,-212.4665192
Concrete Strength,0.1,23,548,23.4049523,-547.961276,-524.5563237
Concrete Strength,0.1,23,551,27.74244581,287.3636424,315.1060882
Concrete Strength,0.1,23,552,8.204074924,-439.2031243,-430.9990494
Concrete Strength,0.1,23,553,9.617500724,-124.1658977,-114.548397
Concrete Strength,0.1,23,595,24.43778734,228.4085977,252.846385
Concrete Strength,0.1,23,597,10.73031499,-56.56401837,-45.83370338
Concrete Strength,0.1,23,607,12.83804312,-501.768191,-488.9301479
Concrete Strength,0.1,23,618,9.307926,67.73503783,77.04296383
Concrete Strength,0.1,23,633,30.57136584,151.1305287,181.7018945
Concrete Strength,0.1,23,654,25.46096973,48.35185535,73.81282507
Concrete Strength,0.1,23,670,16.10960674,-14.71582171,1.393785028
Concrete Strength,0.1,23,675,13.5654403,72.37328354,85.93872384
Concrete Strength,0.1,23,677,15.74832132,66.68789733,82.43621865
Concrete Strength,0.1,23,679,38.80439876,-10.96190727,27.84249148
Concrete Strength,0.1,23,684,36.58842289,191.3898374,227.9782603
Concrete Strength,0.1,23,700,9.561653168,-81.42696509,-71.86531192
Concrete Strength,0.1,23,716,39.6621069,56.23496181,95.89706871
Concrete Strength,0.1,23,720,43.56523054,98.23597767,141.8012082
Concrete Strength,0.1,23,733,9.01145132,38.11078984,47.12224116
Concrete Strength,0.1,23,734,33.60506024,-431.2156731,-397.6106128
Concrete Strength,0.1,23,802,19.69143456,137.372938,157.0643726
Concrete Strength,0.1,23,827,24.39366088,230.4603947,254.8540555
Concrete Strength,0.1,23,862,37.25928304,276.4605124,313.7197955
Concrete Strength,0.1,23,877,33.0603742,-326.428253,-293.3678788
Concrete Strength,0.1,23,881,12.17614616,-212.6053711,-200.4292249
Concrete Strength,0.1,23,907,39.41734292,396.4191665,435.8365094
Concrete Strength,0.1,23,921,29.06830816,54.89988861,83.96819677
Concrete Strength,0.1,23,929,24.5798194,64.65815167,89.23797107
Concrete Strength,0.1,23,948,23.8358748,-199.6602173,-175.8243425
Concrete Strength,0.1,23,951,38.6306508,-249.3649191,-210.7342683
Concrete Strength,0.1,23,974,26.14768782,316.8720729,343.0197607
Concrete Strength,0.1,23,976,43.57833058,-125.8821732,-82.30384258
Concrete Strength,0.1,23,988,33.76226077,-162.3720979,-128.6098372
Concrete Strength,0.1,23,996,27.68108245,66.00212508,93.68320753
Concrete Strength,0.1,23,998,45.30477848,99.68947019,144.9942487
Concrete Strength,0.1,24,47,15.04919265,-174.1522178,-159.1030252
Concrete Strength,0.1,24,58,9.131420144,-235.6993414,-226.5679212
Concrete Strength,0.1,24,68,30.27558064,-34.65694401,-4.381363373
Concrete Strength,0.1,24,69,40.85696881,-117.6501507,-76.79318191
Concrete Strength,0.1,24,71,34.39795764,-263.5073509,-229.1093933
Concrete Strength,0.1,24,118,59.79825348,-107.9778862,-48.17963269
Concrete Strength,0.1,24,124,60.2946762,205.6193416,265.9140178
Concrete Strength,0.1,24,136,65.99664272,90.1132375,156.1098802
Concrete Strength,0.1,24,138,71.29871316,390.8615165,462.1602296
Concrete Strength,0.1,24,150,64.30053176,-425.5209522,-361.2204204
Concrete Strength,0.1,24,156,77.29715436,215.3151179,292.6122722
Concrete Strength,0.1,24,171,57.59882504,440.5751437,498.1739688
Concrete Strength,0.1,24,178,79.29663476,119.9455155,199.2421502
Concrete Strength,0.1,24,218,38.56239268,253.4524355,292.0148282
Concrete Strength,0.1,24,220,10.76272036,199.3460087,210.108729
Concrete Strength,0.1,24,232,45.70536404,-285.5847221,-239.879358
Concrete Strength,0.1,24,236,17.83674412,-137.4423144,-119.6055703
Concrete Strength,0.1,24,238,47.13257936,38.75714936,85.88972872
Concrete Strength,0.1,24,240,13.35515012,502.7061665,516.0613166
Concrete Strength,0.1,24,248,39.58971192,-130.2028552,-90.61314332
Concrete Strength,0.1,24,250,13.81709904,-49.64813448,-35.83103544
Concrete Strength,0.1,24,252,29.21999288,-84.38536701,-55.16537413
Concrete Strength,0.1,24,276,29.93015316,238.1118758,268.0420289
Concrete Strength,0.1,24,283,36.63875464,113.0962698,149.7350244
Concrete Strength,0.1,24,285,13.62404576,34.7761806,48.40022636
Concrete Strength,0.1,24,301,34.67374804,-248.9822076,-214.3084595
Concrete Strength,0.1,24,312,39.94134468,56.67477323,96.61611791
Concrete Strength,0.1,24,322,30.84715624,-259.1518008,-228.3046445
Concrete Strength,0.1,24,337,51.3314882,-123.9408508,-72.60936259
Concrete Strength,0.1,24,338,56.8472962,126.2845706,183.1318668
Concrete Strength,0.1,24,346,33.72916592,-86.65898339,-52.92981747
Concrete Strength,0.1,24,353,51.4349096,-181.9271221,-130.4922125
Concrete Strength,0.1,24,354,59.30183076,150.0723848,209.3742156
Concrete Strength,0.1,24,355,30.44726016,95.94626672,126.3935269
Concrete Strength,0.1,24,364,63.52831864,-268.9040213,-205.3757027
Concrete Strength,0.1,24,369,56.63355864,60.71156089,117.3451195
Concrete Strength,0.1,24,374,46.2293658,204.2897428,250.5191086
Concrete Strength,0.1,24,408,19.41564416,-254.7268789,-235.3112347
Concrete Strength,0.1,24,431,24.28334472,-140.323566,-116.0402212
Concrete Strength,0.1,24,432,20.72564856,187.4793021,208.2049507
Concrete Strength,0.1,24,461,49.99390476,-24.10856237,25.88534239
Concrete Strength,0.1,24,474,51.021224,-423.6103488,-372.5891248
Concrete Strength,0.1,24,480,38.01770664,-259.9295978,-221.9118912
Concrete Strength,0.1,24,494,41.66503468,299.5527289,341.2177636
Concrete Strength,0.1,24,498,44.02993736,-230.9485681,-186.9186307
Concrete Strength,0.1,24,521,13.39553372,-259.2038696,-245.8083359
Concrete Strength,0.1,24,533,32.06821824,-133.4898984,-101.4216802
Concrete Strength,0.1,24,534,11.6549023,191.1933109,202.8482132
Concrete Strength,0.1,24,537,39.60488039,-70.1290526,-30.52417221
Concrete Strength,0.1,24,545,14.5968964,211.3272158,225.9241122
Concrete Strength,0.1,24,556,27.93549909,-224.2658013,-196.3303022
Concrete Strength,0.1,24,562,33.08243743,-278.0728983,-244.9904609
Concrete Strength,0.1,24,564,21.81984697,-23.04317385,-1.223326879
Concrete Strength,0.1,24,607,12.83804312,-194.3042999,-181.4662568
Concrete Strength,0.1,24,676,32.53292506,-417.4571691,-384.924244
Concrete Strength,0.1,24,678,7.675936308,-36.7273694,-29.05143309
Concrete Strength,0.1,24,688,47.78206575,-140.254719,-92.47265323
Concrete Strength,0.1,24,689,2.331807832,-3.221673935,-0.8898661026
Concrete Strength,0.1,24,699,41.68434001,-147.7376108,-106.0532708
Concrete Strength,0.1,24,703,17.16588397,-154.5684515,-137.4025675
Concrete Strength,0.1,24,709,6.280436884,-21.43907447,-15.15863759
Concrete Strength,0.1,24,721,51.86376367,-14.83541813,37.02834554
Concrete Strength,0.1,24,725,35.76312012,85.34669404,121.1098142
Concrete Strength,0.1,24,736,40.85834776,206.7992175,247.6575653
Concrete Strength,0.1,24,739,18.91232668,-13.99941702,4.912909664
Concrete Strength,0.1,24,744,36.93522932,-168.3240292,-131.3887999
Concrete Strength,0.1,24,807,24.00065956,343.887296,367.8879556
Concrete Strength,0.1,24,808,37.42475728,-60.94118234,-23.51642506
Concrete Strength,0.1,24,809,11.46598588,215.2473146,226.7133005
Concrete Strength,0.1,24,825,21.7529678,222.0253963,243.7783641
Concrete Strength,0.1,24,830,37.16965116,283.6813152,320.8509663
Concrete Strength,0.1,24,854,40.0585556,79.10829687,119.1668525
Concrete Strength,0.1,24,858,33.3016908,-58.87588836,-25.57419756
Concrete Strength,0.1,24,859,52.42086028,-77.38619003,-24.96532975
Concrete Strength,0.1,24,860,15.08573488,-171.0484376,-155.9627027
Concrete Strength,0.1,24,869,44.27814872,10.81704177,55.09519049
Concrete Strength,0.1,24,881,12.17614616,-190.4728073,-178.2966611
Concrete Strength,0.1,24,893,32.23989776,289.9303693,322.170267
Concrete Strength,0.1,24,902,29.86810032,-18.34379722,11.5243031
Concrete Strength,0.1,24,919,10.53519328,290.8665333,301.4017266
Concrete Strength,0.1,24,980,46.24729218,196.989376,243.2366682
Concrete Strength,0.1,24,986,33.798803,75.37575865,109.1745616
Concrete Strength,0.1,24,1004,65.90907927,-270.8784666,-204.9693874
Concrete Strength,0.1,24,1018,38.46103971,412.0784586,450.5394983
Concrete Strength,0.1,25,15,47.81378165,-160.0485742,-112.2347926
Concrete Strength,0.1,25,22,28.23748958,227.5238867,255.7613763
Concrete Strength,0.1,25,82,25.2003478,-97.02948826,-71.82914046
Concrete Strength,0.1,25,83,41.09966436,-184.9529882,-143.8533238
Concrete Strength,0.1,25,89,35.3011712,-355.9848127,-320.6836415
Concrete Strength,0.1,25,104,49.20100736,-6.450613093,42.75039427
Concrete Strength,0.1,25,115,22.89749796,-182.8483281,-159.9508302
Concrete Strength,0.1,25,143,64.90037588,81.17880637,146.0791823
Concrete Strength,0.1,25,176,79.29663476,-37.30074396,41.9958908
Concrete Strength,0.1,25,207,24.90387312,181.4199875,206.3238606
Concrete Strength,0.1,25,223,28.62704352,26.58847621,55.21551973
Concrete Strength,0.1,25,238,47.13257936,136.9614245,184.0940039
Concrete Strength,0.1,25,244,40.85834776,-6.645231826,34.21311593
Concrete Strength,0.1,25,246,25.68987576,25.82086796,51.51074372
Concrete Strength,0.1,25,248,39.58971192,-434.6548273,-395.0651154
Concrete Strength,0.1,25,265,19.51906556,-445.9594842,-426.4404186
Concrete Strength,0.1,25,271,26.77235308,472.349467,499.1218201
Concrete Strength,0.1,25,279,43.58177796,-218.3761733,-174.7943953
Concrete Strength,0.1,25,292,31.2677366,0.4984797808,31.76621638
Concrete Strength,0.1,25,309,55.6407132,-59.39834125,-3.75762805
Concrete Strength,0.1,25,335,23.80071152,-216.2312211,-192.4305095
Concrete Strength,0.1,25,341,36.9903874,170.9701172,207.9605046
Concrete Strength,0.1,25,342,47.401475,64.27371528,111.6751903
Concrete Strength,0.1,25,371,26.04840328,516.4941381,542.5425414
Concrete Strength,0.1,25,419,11.98309288,244.2145051,256.1975979
Concrete Strength,0.1,25,427,29.55094136,67.77259163,97.32353299
Concrete Strength,0.1,25,428,19.41564416,397.9665938,417.3822379
Concrete Strength,0.1,25,440,37.81086384,-94.57341344,-56.7625496
Concrete Strength,0.1,25,442,27.22051248,-15.47764303,11.74286945
Concrete Strength,0.1,25,447,53.72396992,-93.20765214,-39.48368222
Concrete Strength,0.1,25,449,51.72448952,352.9067566,404.6312461
Concrete Strength,0.1,25,468,41.1617172,258.4100072,299.5717244
Concrete Strength,0.1,25,490,25.510612,-69.41282674,-43.90221474
Concrete Strength,0.1,25,524,62.93536928,6.44904441,69.38441369
Concrete Strength,0.1,25,547,31.96686526,-23.03115651,8.935708753
Concrete Strength,0.1,25,563,24.0654703,-180.4473216,-156.3818513
Concrete Strength,0.1,25,594,11.48391226,-120.4549697,-108.9710575
Concrete Strength,0.1,25,608,18.41590396,-63.83647472,-45.42057076
Concrete Strength,0.1,25,612,21.26343984,-293.4908641,-272.2274243
Concrete Strength,0.1,25,627,9.99050724,531.002346,540.9928532
Concrete Strength,0.1,25,628,7.83934212,-106.4043921,-98.56504999
Concrete Strength,0.1,25,631,17.3403214,183.6342792,200.9746006
Concrete Strength,0.1,25,638,26.0621928,227.93114,253.9933328
Concrete Strength,0.1,25,645,34.29453624,186.59391,220.8884463
Concrete Strength,0.1,25,649,29.89223198,386.4342662,416.3264982
Concrete Strength,0.1,25,652,4.903553312,57.79472899,62.6982823
Concrete Strength,0.1,25,654,25.46096973,-131.9229158,-106.4619461
Concrete Strength,0.1,25,668,39.32150576,172.0740983,211.395604
Concrete Strength,0.1,25,689,2.331807832,135.2294404,137.5612482
Concrete Strength,0.1,25,697,10.7875415,-361.7715753,-350.9840338
Concrete Strength,0.1,25,709,6.280436884,153.8697641,160.150201
Concrete Strength,0.1,25,711,36.96418731,131.648681,168.6128683
Concrete Strength,0.1,25,738,17.54026944,21.56978434,39.11005378
Concrete Strength,0.1,25,740,25.17966352,-75.94897012,-50.7693066
Concrete Strength,0.1,25,743,54.27555072,20.32616704,74.60171776
Concrete Strength,0.1,25,744,36.93522932,309.3833419,346.3185712
Concrete Strength,0.1,25,760,27.3377234,-0.6989328042,26.6387906
Concrete Strength,0.1,25,775,11.46598588,-117.5921217,-106.1261358
Concrete Strength,0.1,25,777,21.16001844,91.09014599,112.2501644
Concrete Strength,0.1,25,784,29.39236188,18.61718599,48.00954787
Concrete Strength,0.1,25,812,27.923778,-222.6015033,-194.6777253
Concrete Strength,0.1,25,837,33.41890172,400.2884642,433.7073659
Concrete Strength,0.1,25,839,27.67556664,107.333768,135.0093347
Concrete Strength,0.1,25,840,26.8550902,-333.7250808,-306.8699906
Concrete Strength,0.1,25,843,15.56836808,95.15142297,110.719791
Concrete Strength,0.1,25,858,33.3016908,-393.8384848,-360.536794
Concrete Strength,0.1,25,859,52.42086028,948.9391054,1001.359966
Concrete Strength,0.1,25,881,12.17614616,-138.2667421,-126.0905959
Concrete Strength,0.1,25,908,46.2293658,44.84494366,91.07430946
Concrete Strength,0.1,25,929,24.5798194,132.7968947,157.3767141
Concrete Strength,0.1,25,940,32.72046253,-373.6375546,-340.9170921
Concrete Strength,0.1,25,951,38.6306508,101.7896162,140.420267
Concrete Strength,0.1,25,957,23.52423164,-223.0370521,-199.5128205
Concrete Strength,0.1,25,968,23.786922,-372.6952018,-348.9082798
Concrete Strength,0.1,25,969,13.29378676,-322.6166558,-309.322869
Concrete Strength,0.1,25,974,26.14768782,13.10897905,39.25666687
Concrete Strength,0.1,25,978,41.05346947,-136.910442,-95.85697258
Concrete Strength,0.1,25,980,46.24729218,163.1394859,209.386778
Concrete Strength,0.1,25,983,25.10382116,125.067069,150.1708901
Concrete Strength,0.1,25,1001,44.6118551,-190.2993031,-145.687448
Concrete Strength,0.1,25,1011,40.06200298,-167.8412726,-127.7792696
Concrete Strength,0.1,25,1012,43.79827342,73.89872788,117.6970013
Concrete Strength,0.1,25,1014,40.8686899,384.6933379,425.5620278
Concrete Strength,0.1,25,1019,37.26548832,-4.08056377,33.18492455
Concrete Strength,0.1,26,63,9.86640156,-265.6373896,-255.7709881
Concrete Strength,0.1,26,69,40.85696881,446.1883169,487.0452857
Concrete Strength,0.1,26,71,34.39795764,-84.88349138,-50.48553374
Concrete Strength,0.1,26,83,41.09966436,-60.17078601,-19.07112165
Concrete Strength,0.1,26,93,24.0971862,214.6546997,238.7518859
Concrete Strength,0.1,26,105,33.39821744,-34.16953101,-0.771313571
Concrete Strength,0.1,26,139,49.89737812,311.4346682,361.3320463
Concrete Strength,0.1,26,173,65.19685056,113.7305005,178.9273511
Concrete Strength,0.1,26,175,75.497622,11.00108557,86.49870757
Concrete Strength,0.1,26,184,67.79617508,-14.45668888,53.3394862
Concrete Strength,0.1,26,194,34.55653712,-509.4285623,-474.8720252
Concrete Strength,0.1,26,201,21.0634918,-104.559171,-83.49567923
Concrete Strength,0.1,26,205,12.47262084,-211.7671309,-199.29451
Concrete Strength,0.1,26,211,20.08443588,116.3487498,136.4331857
Concrete Strength,0.1,26,214,35.34253976,325.9961137,361.3386535
Concrete Strength,0.1,26,219,40.38950408,62.01848764,102.4079917
Concrete Strength,0.1,26,231,30.38520732,208.9647596,239.3499669
Concrete Strength,0.1,26,234,53.90323368,169.5914451,223.4946788
Concrete Strength,0.1,26,235,13.18278112,166.1152578,179.298039
Concrete Strength,0.1,26,240,13.35515012,186.4541919,199.8093421
Concrete Strength,0.1,26,259,42.919881,-279.4445613,-236.5246803
Concrete Strength,0.1,26,271,26.77235308,536.9171549,563.6895079
Concrete Strength,0.1,26,276,29.93015316,-231.4050146,-201.4748614
Concrete Strength,0.1,26,281,24.42813468,-121.017205,-96.58907036
Concrete Strength,0.1,26,316,33.35684888,-155.533522,-122.1766731
Concrete Strength,0.1,26,322,30.84715624,-393.2520405,-362.4048842
Concrete Strength,0.1,26,332,52.5035974,-190.5950748,-138.0914774
Concrete Strength,0.1,26,341,36.9903874,255.1739345,292.1643219
Concrete Strength,0.1,26,357,63.14221208,-597.1107856,-533.9685735
Concrete Strength,0.1,26,358,66.82401392,-19.81627311,47.00774081
Concrete Strength,0.1,26,365,18.01600788,-431.9005699,-413.884562
Concrete Strength,0.1,26,370,15.340841,253.3776755,268.7185165
Concrete Strength,0.1,26,377,31.97100212,-216.8744605,-184.9034584
Concrete Strength,0.1,26,400,39.300132,25.18027775,64.48040975
Concrete Strength,0.1,26,401,67.86512268,245.4919434,313.3570661
Concrete Strength,0.1,26,444,37.2661778,54.7305641,91.9967419
Concrete Strength,0.1,26,454,31.715896,-165.4884079,-133.7725119
Concrete Strength,0.1,26,455,39.64487,-578.2061218,-538.5612518
Concrete Strength,0.1,26,457,43.38872468,69.21458475,112.6033094
Concrete Strength,0.1,26,460,55.0201848,19.79434342,74.81452822
Concrete Strength,0.1,26,461,49.99390476,196.2985509,246.2924557
Concrete Strength,0.1,26,479,52.00717468,58.37194941,110.3791241
Concrete Strength,0.1,26,496,47.96684532,74.24519647,122.2120418
Concrete Strength,0.1,26,499,55.45455468,-210.4452743,-154.9907197
Concrete Strength,0.1,26,511,39.00464228,-300.8869595,-261.8823173
Concrete Strength,0.1,26,518,15.06997543,70.1304214,85.20039683
Concrete Strength,0.1,26,564,21.81984697,25.84584902,47.66569599
Concrete Strength,0.1,26,565,21.0662497,321.9856541,343.0519038
Concrete Strength,0.1,26,588,26.91369566,-276.2037379,-249.2900423
Concrete Strength,0.1,26,591,10.33593472,232.810117,243.1460517
Concrete Strength,0.1,26,619,26.94472208,228.8022384,255.7469605
Concrete Strength,0.1,26,624,12.54156844,-96.62268448,-84.08111604
Concrete Strength,0.1,26,631,17.3403214,164.6538943,181.9942157
Concrete Strength,0.1,26,639,38.21075992,49.15129891,87.36205883
Concrete Strength,0.1,26,642,12.73462172,240.7106505,253.4452722
Concrete Strength,0.1,26,645,34.29453624,-405.707164,-371.4126277
Concrete Strength,0.1,26,652,4.903553312,-217.6725202,-212.7689668
Concrete Strength,0.1,26,669,4.782205536,-60.62080379,-55.83859826
Concrete Strength,0.1,26,679,38.80439876,-55.30611024,-16.50171149
Concrete Strength,0.1,26,700,9.561653168,182.343009,191.9046622
Concrete Strength,0.1,26,703,17.16588397,37.25583844,54.42172241
Concrete Strength,0.1,26,717,10.08979178,136.9277273,147.0175191
Concrete Strength,0.1,26,719,10.35455057,-227.7408313,-217.3862808
Concrete Strength,0.1,26,725,35.76312012,176.4160583,212.1791785
Concrete Strength,0.1,26,729,31.74347504,68.1660238,99.90949884
Concrete Strength,0.1,26,733,9.01145132,94.18597364,103.197425
Concrete Strength,0.1,26,771,14.98920824,-150.1500695,-135.1608612
Concrete Strength,0.1,26,789,18.12632404,-171.9831997,-153.8568756
Concrete Strength,0.1,26,791,39.48629052,345.6428521,385.1291426
Concrete Strength,0.1,26,839,27.67556664,230.7841534,258.45972
Concrete Strength,0.1,26,843,15.56836808,-121.1185376,-105.5501696
Concrete Strength,0.1,26,859,52.42086028,387.3066067,439.727467
Concrete Strength,0.1,26,888,40.679084,231.7957606,272.4748446
Concrete Strength,0.1,26,905,23.786922,-256.0227474,-232.2358254
Concrete Strength,0.1,26,906,13.29309728,-100.9519568,-87.65885949
Concrete Strength,0.1,26,908,46.2293658,362.7354285,408.9647943
Concrete Strength,0.1,26,910,23.73865868,-1.619103139,22.11955554
Concrete Strength,0.1,26,915,41.05140104,-26.37768139,14.67371965
Concrete Strength,0.1,26,934,23.8903434,135.7317006,159.622044
Concrete Strength,0.1,26,942,28.9379972,-359.7639122,-330.825915
Concrete Strength,0.1,26,946,36.44363293,-311.7508076,-275.3071747
Concrete Strength,0.1,26,978,41.05346947,-145.6529877,-104.5995182
Concrete Strength,0.1,26,1005,52.82696164,199.2472735,252.0742351
Concrete Strength,0.1,26,1021,42.14008364,-262.6819708,-220.5418871
Concrete Strength,0.1,27,56,14.63826496,-309.0113668,-294.3731018
Concrete Strength,0.1,27,76,37.79707432,258.7380813,296.5351556
Concrete Strength,0.1,27,85,28.29609504,456.9327995,485.2288945
Concrete Strength,0.1,27,110,55.89581932,-141.134231,-85.23841172
Concrete Strength,0.1,27,150,64.30053176,-166.8728051,-102.5722734
Concrete Strength,0.1,27,153,77.29715436,-64.89397472,12.40317964
Concrete Strength,0.1,27,159,71.69860924,-547.0572865,-475.3586773
Concrete Strength,0.1,27,171,57.59882504,-185.7210929,-128.1222679
Concrete Strength,0.1,27,173,65.19685056,151.6737555,216.870606
Concrete Strength,0.1,27,188,29.44751996,-40.98182192,-11.53430196
Concrete Strength,0.1,27,194,34.55653712,54.92662804,89.48316516
Concrete Strength,0.1,27,199,37.34202016,325.7560825,363.0981027
Concrete Strength,0.1,27,201,21.0634918,-336.7149801,-315.6514883
Concrete Strength,0.1,27,235,13.18278112,-388.0814615,-374.8986803
Concrete Strength,0.1,27,245,19.93275116,-214.1507677,-194.2180165
Concrete Strength,0.1,27,250,13.81709904,-687.6310838,-673.8139848
Concrete Strength,0.1,27,259,42.919881,-44.49982454,-1.579943541
Concrete Strength,0.1,27,263,44.39535964,219.9169404,264.3123
Concrete Strength,0.1,27,278,36.96970312,-108.2393013,-71.26959822
Concrete Strength,0.1,27,289,45.3675208,-253.5447986,-208.1772778
Concrete Strength,0.1,27,325,21.78054684,-85.63312121,-63.85257437
Concrete Strength,0.1,27,328,55.82687172,99.40932815,155.2361999
Concrete Strength,0.1,27,329,60.9496784,117.6101552,178.5598336
Concrete Strength,0.1,27,330,23.52492112,-136.7471487,-113.2222276
Concrete Strength,0.1,27,363,61.99078716,-144.1311258,-82.14033863
Concrete Strength,0.1,27,435,39.1622368,-244.7026541,-205.5404173
Concrete Strength,0.1,27,460,55.0201848,-124.3225366,-69.30235183
Concrete Strength,0.1,27,465,56.8128224,-117.2248884,-60.41206597
Concrete Strength,0.1,27,466,50.93848688,-188.0800118,-137.1415249
Concrete Strength,0.1,27,470,44.27814872,-46.46842526,-2.190276535
Concrete Strength,0.1,27,477,25.02108404,321.5557648,346.5768488
Concrete Strength,0.1,27,481,39.300132,253.3506306,292.6507626
Concrete Strength,0.1,27,482,61.06688932,112.2938527,173.3607421
Concrete Strength,0.1,27,518,15.06997543,47.92347491,62.99345034
Concrete Strength,0.1,27,529,38.610656,192.6420484,231.2527044
Concrete Strength,0.1,27,535,19.1991487,59.50308051,78.70222921
Concrete Strength,0.1,27,544,10.22217118,-78.276543,-68.05437182
Concrete Strength,0.1,27,546,18.74616296,-448.9943385,-430.2481756
Concrete Strength,0.1,27,556,27.93549909,82.83130847,110.7668076
Concrete Strength,0.1,27,561,25.74503384,-308.6928348,-282.947801
Concrete Strength,0.1,27,565,21.0662497,-49.18580198,-28.11955228
Concrete Strength,0.1,27,567,32.05167081,-114.7516982,-82.7000274
Concrete Strength,0.1,27,574,38.70028788,-344.656263,-305.9559751
Concrete Strength,0.1,27,576,17.57612219,596.1943368,613.770459
Concrete Strength,0.1,27,590,31.89998609,-71.64541566,-39.74542957
Concrete Strength,0.1,27,600,20.96696516,251.3128428,272.279808
Concrete Strength,0.1,27,606,6.46728488,-222.4355274,-215.9682425
Concrete Strength,0.1,27,613,25.96566616,333.6127658,359.578432
Concrete Strength,0.1,27,619,26.94472208,-241.6403436,-214.6956215
Concrete Strength,0.1,27,642,12.73462172,-148.8006479,-136.0660262
Concrete Strength,0.1,27,649,29.89223198,87.16042067,117.0526527
Concrete Strength,0.1,27,666,11.39221195,-124.116817,-112.724605
Concrete Strength,0.1,27,678,7.675936308,77.52324117,85.19917748
Concrete Strength,0.1,27,681,17.27551066,-57.84047414,-40.56496348
Concrete Strength,0.1,27,683,24.04616498,441.2798218,465.3259868
Concrete Strength,0.1,27,684,36.58842289,-7.352665938,29.23575695
Concrete Strength,0.1,27,703,17.16588397,-286.2942649,-269.1283809
Concrete Strength,0.1,27,719,10.35455057,-8.854126726,1.500423842
Concrete Strength,0.1,27,723,17.24379476,-389.8083445,-372.5645498
Concrete Strength,0.1,27,724,27.82725136,-192.9669356,-165.1396842
Concrete Strength,0.1,27,730,37.91428524,-80.37398987,-42.45970463
Concrete Strength,0.1,27,760,27.3377234,-17.86065127,9.477072133
Concrete Strength,0.1,27,762,31.35047372,147.8867275,179.2372012
Concrete Strength,0.1,27,789,18.12632404,-222.5596457,-204.4333216
Concrete Strength,0.1,27,794,18.12632404,198.7325969,216.8589209
Concrete Strength,0.1,27,809,11.46598588,-153.0845331,-141.6185472
Concrete Strength,0.1,27,825,21.7529678,-368.3564113,-346.6034435
Concrete Strength,0.1,27,841,45.2985732,-135.5510272,-90.25245396
Concrete Strength,0.1,27,852,32.83974188,-23.01536172,9.824380156
Concrete Strength,0.1,27,900,13.19657064,-8.129424163,5.067146477
Concrete Strength,0.1,27,908,46.2293658,437.0999512,483.329317
Concrete Strength,0.1,27,912,15.52010476,-60.6172323,-45.09712754
Concrete Strength,0.1,27,914,35.85964676,-40.62884669,-4.769199929
Concrete Strength,0.1,27,925,26.96540636,290.0029137,316.9683201
Concrete Strength,0.1,27,929,24.5798194,-206.2958369,-181.7160175
Concrete Strength,0.1,27,943,40.92522693,-27.0815561,13.84367083
Concrete Strength,0.1,27,949,26.23318285,-211.6271181,-185.3939352
Concrete Strength,0.1,27,966,56.61907964,2.179932261,58.79901191
Concrete Strength,0.1,27,969,13.29378676,148.1636824,161.4574692
Concrete Strength,0.1,27,987,37.17103011,-19.15102497,18.02000514
Concrete Strength,0.1,27,1008,37.36339392,-322.9169933,-285.5535994
Concrete Strength,0.1,27,1013,61.23581094,-55.27423069,5.961580252
Concrete Strength,0.1,27,1026,44.284354,181.9823,226.266654
Concrete Strength,0.1,27,1029,32.76803638,-426.0229553,-393.2549189
Concrete Strength,0.1,28,11,38.07424367,-312.4846283,-274.4103846
Concrete Strength,0.1,28,22,28.23748958,55.25553797,83.49302755
Concrete Strength,0.1,28,58,9.131420144,-376.7859319,-367.6545117
Concrete Strength,0.1,28,71,34.39795764,-182.5737714,-148.1758138
Concrete Strength,0.1,28,82,25.2003478,-133.6789492,-108.4786014
Concrete Strength,0.1,28,89,35.3011712,-388.6271517,-353.3259805
Concrete Strength,0.1,28,99,55.59934464,148.2590661,203.8584107
Concrete Strength,0.1,28,128,55.49592324,294.38297,349.8788932
Concrete Strength,0.1,28,138,71.29871316,-103.0265592,-31.72784605
Concrete Strength,0.1,28,154,80.19984832,106.3544797,186.554328
Concrete Strength,0.1,28,204,40.56876784,-208.6308644,-168.0620966
Concrete Strength,0.1,28,216,22.7182342,138.0564869,160.7747211
Concrete Strength,0.1,28,236,17.83674412,180.0251683,197.8619124
Concrete Strength,0.1,28,242,24.53845084,-153.3671434,-128.8286926
Concrete Strength,0.1,28,275,17.22311048,331.1286112,348.3517217
Concrete Strength,0.1,28,276,29.93015316,-138.3322648,-108.4021116
Concrete Strength,0.1,28,283,36.63875464,320.2772721,356.9160267
Concrete Strength,0.1,28,291,21.50475644,175.4699421,196.9746986
Concrete Strength,0.1,28,300,22.50449664,203.398849,225.9033457
Concrete Strength,0.1,28,304,48.97348028,262.697948,311.6714283
Concrete Strength,0.1,28,314,52.04164848,173.7354619,225.7771104
Concrete Strength,0.1,28,332,52.5035974,-47.97038961,4.533207788
Concrete Strength,0.1,28,360,27.42046052,-108.7321179,-81.31165737
Concrete Strength,0.1,28,364,63.52831864,-19.90353745,43.62478119
Concrete Strength,0.1,28,367,52.20022796,25.49326,77.69348796
Concrete Strength,0.1,28,373,37.2661778,267.157224,304.4234018
Concrete Strength,0.1,28,378,36.3009114,-112.7827393,-76.48182793
Concrete Strength,0.1,28,386,60.28088668,151.0246003,211.305487
Concrete Strength,0.1,28,388,51.021224,69.87634947,120.8975735
Concrete Strength,0.1,28,389,55.55108132,-103.9210164,-48.3699351
Concrete Strength,0.1,28,393,47.27736932,286.0555014,333.3328707
Concrete Strength,0.1,28,399,39.39665864,-28.44410756,10.95255108
Concrete Strength,0.1,28,405,76.23536132,336.4618274,412.6971887
Concrete Strength,0.1,28,411,21.29101888,42.01163099,63.30264987
Concrete Strength,0.1,28,435,39.1622368,-120.91138,-81.74914319
Concrete Strength,0.1,28,438,38.20386516,-2.983460073,35.22040509
Concrete Strength,0.1,28,442,27.22051248,-16.71403648,10.506476
Concrete Strength,0.1,28,448,48.58737372,-136.0177766,-87.43040287
Concrete Strength,0.1,28,453,48.9872698,148.4226442,197.409914
Concrete Strength,0.1,28,454,31.715896,-130.9149209,-99.1990249
Concrete Strength,0.1,28,477,25.02108404,-242.9505334,-217.9294493
Concrete Strength,0.1,28,487,46.68441996,103.635469,150.3198889
Concrete Strength,0.1,28,493,45.89841732,173.7553093,219.6537266
Concrete Strength,0.1,28,516,21.96670536,-106.0740237,-84.10731833
Concrete Strength,0.1,28,542,15.61594192,-35.44790572,-19.8319638
Concrete Strength,0.1,28,558,17.23621052,114.9674437,132.2036543
Concrete Strength,0.1,28,566,14.8437288,-86.60720955,-71.76348075
Concrete Strength,0.1,28,582,12.37264682,-58.57673528,-46.20408846
Concrete Strength,0.1,28,600,20.96696516,2.078481249,23.04544641
Concrete Strength,0.1,28,603,35.17017076,-197.4402566,-162.2700858
Concrete Strength,0.1,28,625,27.53077668,-132.3393706,-104.8085939
Concrete Strength,0.1,28,636,15.57526284,-11.76845666,3.806806181
Concrete Strength,0.1,28,649,29.89223198,86.25567672,116.1479087
Concrete Strength,0.1,28,652,4.903553312,-329.0102305,-324.1066771
Concrete Strength,0.1,28,661,31.0236621,-292.7952527,-261.7715906
Concrete Strength,0.1,28,668,39.32150576,476.8330522,516.154558
Concrete Strength,0.1,28,678,7.675936308,-135.6714308,-127.9954944
Concrete Strength,0.1,28,701,6.883728384,202.6039931,209.4877215
Concrete Strength,0.1,28,704,30.43967592,305.2020764,335.6417523
Concrete Strength,0.1,28,707,26.32281473,195.1356509,221.4584656
Concrete Strength,0.1,28,725,35.76312012,-44.27645579,-8.513335668
Concrete Strength,0.1,28,735,40.65839972,-4.474601089,36.18379863
Concrete Strength,0.1,28,741,30.9574724,-343.0921393,-312.1346669
Concrete Strength,0.1,28,773,24.00065956,4.444352833,28.44501239
Concrete Strength,0.1,28,811,14.98920824,-31.02024729,-16.03103905
Concrete Strength,0.1,28,822,20.77391188,43.50541229,64.27932417
Concrete Strength,0.1,28,854,40.0585556,-245.651707,-205.5931514
Concrete Strength,0.1,28,860,15.08573488,-192.8908565,-177.8051216
Concrete Strength,0.1,28,880,44.38846488,-174.9206968,-130.532232
Concrete Strength,0.1,28,881,12.17614616,-299.1937716,-287.0176255
Concrete Strength,0.1,28,903,56.61287436,-368.5901395,-311.9772651
Concrete Strength,0.1,28,911,26.14492992,284.8739974,311.0189273
Concrete Strength,0.1,28,922,9.73540112,15.54109247,25.27649359
Concrete Strength,0.1,28,930,21.91154728,138.2239338,160.1354811
Concrete Strength,0.1,28,948,23.8358748,-268.1477228,-244.311848
Concrete Strength,0.1,28,949,26.23318285,-86.95737181,-60.72418896
Concrete Strength,0.1,28,960,52.44637089,61.59769043,114.0440613
Concrete Strength,0.1,28,979,28.99108685,371.3423046,400.3333915
Concrete Strength,0.1,28,981,26.92265885,-33.80290714,-6.880248288
Concrete Strength,0.1,28,987,37.17103011,131.5427608,168.7137909
Concrete Strength,0.1,28,1001,44.6118551,-66.28391452,-21.67205942
Concrete Strength,0.1,28,1008,37.36339392,-14.42583943,22.93755449
Concrete Strength,0.1,28,1014,40.8686899,169.9679162,210.8366061
Concrete Strength,0.1,28,1021,42.14008364,-72.3320403,-30.19195666
Concrete Strength,0.1,29,49,26.25800398,-241.9086615,-215.6506575
Concrete Strength,0.1,29,50,32.82319446,-63.26104039,-30.43784593
Concrete Strength,0.1,29,71,34.39795764,-213.0230424,-178.6250847
Concrete Strength,0.1,29,102,34.90127512,-219.8640843,-184.9628091
Concrete Strength,0.1,29,145,72.29845336,-186.5266867,-114.2282333
Concrete Strength,0.1,29,158,77.29715436,-329.6241481,-252.3269937
Concrete Strength,0.1,29,181,73.29819356,43.19068961,116.4888832
Concrete Strength,0.1,29,194,34.55653712,-98.05197873,-63.49544161
Concrete Strength,0.1,29,198,33.96358776,-94.632318,-60.66873024
Concrete Strength,0.1,29,201,21.0634918,213.2012434,234.2647352
Concrete Strength,0.1,29,207,24.90387312,-108.4652245,-83.56135142
Concrete Strength,0.1,29,210,10.0318758,446.9281682,456.960044
Concrete Strength,0.1,29,211,20.08443588,98.5613944,118.6458303
Concrete Strength,0.1,29,216,22.7182342,-143.4288806,-120.7106464
Concrete Strength,0.1,29,222,21.53923024,-1.036917291,20.50231295
Concrete Strength,0.1,29,224,33.5430074,246.7255554,280.2685628
Concrete Strength,0.1,29,235,13.18278112,3.53073203,16.71351315
Concrete Strength,0.1,29,236,17.83674412,238.9986795,256.8354237
Concrete Strength,0.1,29,242,24.53845084,153.0138984,177.5523493
Concrete Strength,0.1,29,266,31.35047372,-356.1397075,-324.7892338
Concrete Strength,0.1,29,297,31.11605188,33.68589751,64.80194939
Concrete Strength,0.1,29,313,48.71837416,-131.3455149,-82.62714078
Concrete Strength,0.1,29,320,15.36152528,-290.9224569,-275.5609316
Concrete Strength,0.1,29,321,28.6822016,-276.7353409,-248.0531393
Concrete Strength,0.1,29,331,42.21661548,28.20700995,70.42362543
Concrete Strength,0.1,29,342,47.401475,-147.8518563,-100.4503813
Concrete Strength,0.1,29,346,33.72916592,349.0696142,382.7987802
Concrete Strength,0.1,29,347,40.14818748,249.8021282,289.9503157
Concrete Strength,0.1,29,405,76.23536132,0.5020417581,76.73740308
Concrete Strength,0.1,29,417,15.60973664,42.08240554,57.69214218
Concrete Strength,0.1,29,421,33.08795324,-162.4568663,-129.368913
Concrete Strength,0.1,29,436,41.20308576,-0.4434476903,40.75963807
Concrete Strength,0.1,29,447,53.72396992,-54.11853322,-0.3945633013
Concrete Strength,0.1,29,458,39.2656582,293.1010188,332.366677
Concrete Strength,0.1,29,472,57.02655996,-154.6552088,-97.6286488
Concrete Strength,0.1,29,517,9.849657146,-168.017693,-158.1680358
Concrete Strength,0.1,29,526,25.11662572,-181.0018378,-155.8852121
Concrete Strength,0.1,29,535,19.1991487,-121.4790561,-102.2799074
Concrete Strength,0.1,29,550,41.68020315,-94.4677525,-52.78754934
Concrete Strength,0.1,29,557,32.6266938,-1.651825671,30.97486812
Concrete Strength,0.1,29,568,11.95758227,143.6815929,155.6391751
Concrete Strength,0.1,29,583,25.72641799,2.563449576,28.28986756
Concrete Strength,0.1,29,587,14.54104884,-285.1832628,-270.642214
Concrete Strength,0.1,29,592,19.76520849,209.1853171,228.9505256
Concrete Strength,0.1,29,593,37.43785732,98.26073685,135.6985942
Concrete Strength,0.1,29,597,10.73031499,-452.0542543,-441.3239393
Concrete Strength,0.1,29,598,31.38150014,147.0005652,178.3820653
Concrete Strength,0.1,29,601,27.04124872,-199.4881773,-172.4469286
Concrete Strength,0.1,29,602,32.03994972,-166.626766,-134.5868163
Concrete Strength,0.1,29,608,18.41590396,232.3497736,250.7656776
Concrete Strength,0.1,29,641,30.14389072,78.05455307,108.1984438
Concrete Strength,0.1,29,653,4.565020596,374.9713291,379.5363497
Concrete Strength,0.1,29,666,11.39221195,66.88064556,78.27285751
Concrete Strength,0.1,29,669,4.782205536,-78.35844812,-73.57624259
Concrete Strength,0.1,29,672,20.41607384,134.2685098,154.6845836
Concrete Strength,0.1,29,677,15.74832132,186.2357767,201.984098
Concrete Strength,0.1,29,679,38.80439876,98.20583617,137.0102349
Concrete Strength,0.1,29,700,9.561653168,70.67618379,80.23783696
Concrete Strength,0.1,29,703,17.16588397,281.125934,298.291818
Concrete Strength,0.1,29,716,39.6621069,147.7508083,187.4129152
Concrete Strength,0.1,29,728,17.43684804,-206.6156927,-189.1788446
Concrete Strength,0.1,29,730,37.91428524,2.458275689,40.37256093
Concrete Strength,0.1,29,731,39.38286912,-66.50969303,-27.12682391
Concrete Strength,0.1,29,741,30.9574724,-348.0557234,-317.098251
Concrete Strength,0.1,29,742,43.89204216,85.50570535,129.3977475
Concrete Strength,0.1,29,766,23.22155168,-309.3413518,-286.1198002
Concrete Strength,0.1,29,768,31.35047372,42.5648963,73.91537002
Concrete Strength,0.1,29,773,24.00065956,96.25566096,120.2563205
Concrete Strength,0.1,29,809,11.46598588,31.31597067,42.78195655
Concrete Strength,0.1,29,812,27.923778,-221.2170827,-193.2933047
Concrete Strength,0.1,29,852,32.83974188,40.57309835,73.41284023
Concrete Strength,0.1,29,862,37.25928304,83.37969688,120.6389799
Concrete Strength,0.1,29,904,12.45883132,215.9863023,228.4451337
Concrete Strength,0.1,29,918,26.91714304,-109.5836419,-82.66649887
Concrete Strength,0.1,29,922,9.73540112,-131.2130396,-121.4776384
Concrete Strength,0.1,29,927,30.6472082,-317.262184,-286.6149758
Concrete Strength,0.1,29,930,21.91154728,-195.8985642,-173.9870169
Concrete Strength,0.1,29,935,22.93197176,-135.8843261,-112.9523544
Concrete Strength,0.1,29,958,29.72606826,245.4308927,275.156961
Concrete Strength,0.1,29,994,33.4195912,-128.6512414,-95.23165021
Concrete Strength,0.1,29,996,27.68108245,-173.2108396,-145.5297571
Concrete Strength,0.1,29,999,30.12320644,-45.24207936,-15.11887292
Concrete Strength,0.1,29,1000,15.56974703,81.44506266,97.01480969
Concrete Strength,0.1,29,1019,37.26548832,-158.8689795,-121.6034912
Concrete Strength,0.1,30,9,45.85429086,-197.0184884,-151.1641975
Concrete Strength,0.1,30,68,30.27558064,-379.6382645,-349.3626839
Concrete Strength,0.1,30,76,37.79707432,-137.9821591,-100.1850848
Concrete Strength,0.1,30,79,28.096147,-51.23881625,-23.14266925
Concrete Strength,0.1,30,82,25.2003478,251.1652687,276.3656165
Concrete Strength,0.1,30,127,60.2946762,-227.3126893,-167.0180131
Concrete Strength,0.1,30,139,49.89737812,-77.37196354,-27.47458542
Concrete Strength,0.1,30,170,65.19685056,313.0872562,378.2841068
Concrete Strength,0.1,30,171,57.59882504,-200.2163508,-142.6175258
Concrete Strength,0.1,30,174,68.09954452,205.8857617,273.9853063
Concrete Strength,0.1,30,188,29.44751996,292.0436276,321.4911476
Concrete Strength,0.1,30,230,17.9953236,-131.3820394,-113.3867158
Concrete Strength,0.1,30,247,30.2335226,113.7305397,143.9640623
Concrete Strength,0.1,30,273,42.69924868,337.5877526,380.2870012
Concrete Strength,0.1,30,274,45.83636448,264.2287561,310.0651206
Concrete Strength,0.1,30,278,36.96970312,-93.04084993,-56.07114681
Concrete Strength,0.1,30,279,43.58177796,-174.7914161,-131.2096382
Concrete Strength,0.1,30,311,35.2322236,-113.2518239,-78.01960028
Concrete Strength,0.1,30,334,66.42411784,-96.63185772,-30.20773988
Concrete Strength,0.1,30,336,38.76923548,-141.3572877,-102.5880522
Concrete Strength,0.1,30,354,59.30183076,-474.9745714,-415.6727407
Concrete Strength,0.1,30,360,27.42046052,112.6232282,140.0436888
Concrete Strength,0.1,30,374,46.2293658,276.0216524,322.2510182
Concrete Strength,0.1,30,386,60.28088668,-183.8723363,-123.5914496
Concrete Strength,0.1,30,395,52.30364936,359.2773601,411.5810094
Concrete Strength,0.1,30,413,15.52010476,-106.244884,-90.72477929
Concrete Strength,0.1,30,414,15.81657944,-88.54532332,-72.72874388
Concrete Strength,0.1,30,419,11.98309288,281.9558957,293.9389886
Concrete Strength,0.1,30,423,31.81242264,136.0674379,167.8798606
Concrete Strength,0.1,30,426,32.90179472,159.8398655,192.7416602
Concrete Strength,0.1,30,427,29.55094136,563.6154461,593.1663875
Concrete Strength,0.1,30,432,20.72564856,-97.00355007,-76.27790151
Concrete Strength,0.1,30,441,24.84871504,-65.68351527,-40.83480023
Concrete Strength,0.1,30,457,43.38872468,193.195589,236.5843136
Concrete Strength,0.1,30,464,56.06129356,-67.02026818,-10.95897462
Concrete Strength,0.1,30,472,57.02655996,-424.4910669,-367.4645069
Concrete Strength,0.1,30,493,45.89841732,-79.1379358,-33.23951848
Concrete Strength,0.1,30,526,25.11662572,-130.2564806,-105.1398549
Concrete Strength,0.1,30,527,23.63917715,-316.8039805,-293.1648034
Concrete Strength,0.1,30,536,48.8466167,30.60151907,79.44813576
Concrete Strength,0.1,30,555,15.69109481,-336.6356759,-320.9445811
Concrete Strength,0.1,30,558,17.23621052,343.785453,361.0216635
Concrete Strength,0.1,30,578,18.19871902,-4.892070066,13.30664895
Concrete Strength,0.1,30,582,12.37264682,303.6254201,315.9980669
Concrete Strength,0.1,30,594,11.48391226,-74.80392518,-63.32001293
Concrete Strength,0.1,30,606,6.46728488,151.8062344,158.2735193
Concrete Strength,0.1,30,612,21.26343984,-187.9609049,-166.6974651
Concrete Strength,0.1,30,624,12.54156844,620.1554334,632.6970018
Concrete Strength,0.1,30,628,7.83934212,-166.4088547,-158.5695126
Concrete Strength,0.1,30,629,12.24509376,171.1759125,183.4210063
Concrete Strength,0.1,30,640,43.69898888,175.3879899,219.0869788
Concrete Strength,0.1,30,641,30.14389072,-35.40423072,-5.260340005
Concrete Strength,0.1,30,645,34.29453624,-31.99154411,2.302992133
Concrete Strength,0.1,30,650,6.902344236,238.2537096,245.1560538
Concrete Strength,0.1,30,655,24.29092896,-4.003105281,20.28782367
Concrete Strength,0.1,30,669,4.782205536,255.9071841,260.6893897
Concrete Strength,0.1,30,672,20.41607384,17.32919355,37.74526739
Concrete Strength,0.1,30,679,38.80439876,490.2750472,529.0794459
Concrete Strength,0.1,30,684,36.58842289,-77.44773907,-40.85931617
Concrete Strength,0.1,30,689,2.331807832,-11.82871977,-9.496911943
Concrete Strength,0.1,30,699,41.68434001,60.23952841,101.9238684
Concrete Strength,0.1,30,719,10.35455057,48.18245371,58.53700428
Concrete Strength,0.1,30,725,35.76312012,30.03210125,65.79522137
Concrete Strength,0.1,30,729,31.74347504,-443.5421954,-411.7987203
Concrete Strength,0.1,30,732,15.87173752,-117.7687705,-101.897033
Concrete Strength,0.1,30,738,17.54026944,158.5277261,176.0679955
Concrete Strength,0.1,30,764,6.26733684,244.71582,250.9831568
Concrete Strength,0.1,30,804,19.10537996,180.2689128,199.3742927
Concrete Strength,0.1,30,842,30.12320644,-397.0953718,-366.9721654
Concrete Strength,0.1,30,856,61.23236356,322.414922,383.6472856
Concrete Strength,0.1,30,883,36.4388066,122.9698196,159.4086262
Concrete Strength,0.1,30,906,13.29309728,-190.0523895,-176.7592922
Concrete Strength,0.1,30,919,10.53519328,-387.1935885,-376.6583952
Concrete Strength,0.1,30,930,21.91154728,272.0106471,293.9221944
Concrete Strength,0.1,30,957,23.52423164,154.7753845,178.2996162
Concrete Strength,0.1,30,959,49.77327244,-81.70920313,-31.93593069
Concrete Strength,0.1,30,962,44.86834018,175.0164944,219.8848346
Concrete Strength,0.1,30,978,41.05346947,-274.2652107,-233.2117413
Concrete Strength,0.1,30,979,28.99108685,154.9936949,183.9847818
Concrete Strength,0.1,30,999,30.12320644,-107.3949938,-77.27178737
Concrete Strength,0.1,30,1000,15.56974703,539.1323203,554.7020674
Concrete Strength,0.1,30,1001,44.6118551,-84.38558519,-39.77373009
Concrete Strength,0.1,30,1013,61.23581094,-51.0218349,10.21397604
Concrete Strength,0.1,30,1016,52.42637609,-161.0182007,-108.5918246
Concrete Strength,0.2,1,12,28.02168359,307.431239,335.4529226
Concrete Strength,0.2,1,23,8.06342182,-252.6822609,-244.6188391
Concrete Strength,0.2,1,74,36.3009114,105.0948232,141.3957346
Concrete Strength,0.2,1,90,39.300132,-71.12372575,-31.82359375
Concrete Strength,0.2,1,105,33.39821744,209.7346966,243.1329141
Concrete Strength,0.2,1,110,55.89581932,151.862727,207.7585463
Concrete Strength,0.2,1,112,55.89581932,-57.86827482,-1.972455495
Concrete Strength,0.2,1,125,50.69717028,206.3256897,257.02286
Concrete Strength,0.2,1,129,68.4994406,79.64304378,148.1424844
Concrete Strength,0.2,1,134,67.69964844,-484.8743208,-417.1746723
Concrete Strength,0.2,1,143,64.90037588,318.702167,383.6025429
Concrete Strength,0.2,1,147,64.30053176,432.502417,496.8029488
Concrete Strength,0.2,1,151,66.10006412,455.4106271,521.5106913
Concrete Strength,0.2,1,158,77.29715436,-158.7350548,-81.4379004
Concrete Strength,0.2,1,170,65.19685056,-308.2811035,-243.084253
Concrete Strength,0.2,1,181,73.29819356,-145.4078433,-72.10964976
Concrete Strength,0.2,1,194,34.55653712,337.2191328,371.77567
Concrete Strength,0.2,1,197,25.72434956,478.6424623,504.3668118
Concrete Strength,0.2,1,200,15.04436632,-103.8678469,-88.82348056
Concrete Strength,0.2,1,205,12.47262084,-91.98240575,-79.50978491
Concrete Strength,0.2,1,209,39.6103962,-99.03215453,-59.42175833
Concrete Strength,0.2,1,211,20.08443588,-15.16413529,4.920300594
Concrete Strength,0.2,1,218,38.56239268,-99.51958462,-60.95719194
Concrete Strength,0.2,1,219,40.38950408,92.69305951,133.0825636
Concrete Strength,0.2,1,222,21.53923024,-136.9848674,-115.4456371
Concrete Strength,0.2,1,230,17.9953236,104.4298757,122.4251993
Concrete Strength,0.2,1,231,30.38520732,34.74296476,65.12817208
Concrete Strength,0.2,1,233,50.77301264,-127.6192659,-76.8462533
Concrete Strength,0.2,1,244,40.85834776,-109.905653,-69.04730524
Concrete Strength,0.2,1,248,39.58971192,260.8093429,300.3990548
Concrete Strength,0.2,1,252,29.21999288,-111.7286963,-82.50870345
Concrete Strength,0.2,1,255,13.54130864,25.75241262,39.29372126
Concrete Strength,0.2,1,260,13.33446584,301.5334547,314.8679206
Concrete Strength,0.2,1,266,31.35047372,-194.9212361,-163.5707624
Concrete Strength,0.2,1,270,15.43736764,29.09901051,44.53637815
Concrete Strength,0.2,1,271,26.77235308,-14.69745933,12.07489375
Concrete Strength,0.2,1,277,29.65436276,-17.87636311,11.77799965
Concrete Strength,0.2,1,279,43.58177796,-43.08469728,0.497080682
Concrete Strength,0.2,1,281,24.42813468,38.6914811,63.11961578
Concrete Strength,0.2,1,283,36.63875464,376.7291313,413.3678859
Concrete Strength,0.2,1,293,43.49904084,102.2560989,145.7551397
Concrete Strength,0.2,1,295,7.39807748,5.069095464,12.46717294
Concrete Strength,0.2,1,299,48.15300384,-148.6963671,-100.5433633
Concrete Strength,0.2,1,304,48.97348028,61.60802257,110.5815029
Concrete Strength,0.2,1,306,41.885667,42.41380937,84.29947637
Concrete Strength,0.2,1,310,22.94576128,-4.750150592,18.19561069
Concrete Strength,0.2,1,323,42.03045696,-179.5600515,-137.5295946
Concrete Strength,0.2,1,325,21.78054684,-387.8990512,-366.1185044
Concrete Strength,0.2,1,334,66.42411784,379.0224446,445.4465625
Concrete Strength,0.2,1,335,23.80071152,93.00585396,116.8065655
Concrete Strength,0.2,1,336,38.76923548,15.62779324,54.39702872
Concrete Strength,0.2,1,350,17.36790044,-71.68600054,-54.3181001
Concrete Strength,0.2,1,351,33.70158688,-463.7993077,-430.0977208
Concrete Strength,0.2,1,360,27.42046052,-227.4127187,-199.9922582
Concrete Strength,0.2,1,361,35.9561734,-324.7806694,-288.824496
Concrete Strength,0.2,1,367,52.20022796,405.8437328,458.0439608
Concrete Strength,0.2,1,375,16.27852836,273.5470172,289.8255455
Concrete Strength,0.2,1,376,25.62092816,-19.82318687,5.797741288
Concrete Strength,0.2,1,408,19.41564416,-450.1274638,-430.7118196
Concrete Strength,0.2,1,409,20.72564856,-350.6077064,-329.8820578
Concrete Strength,0.2,1,414,15.81657944,370.968502,386.7850814
Concrete Strength,0.2,1,415,12.5484632,357.9337525,370.4822157
Concrete Strength,0.2,1,418,12.17614616,437.563877,449.7400231
Concrete Strength,0.2,1,423,31.81242264,157.8719855,189.6844082
Concrete Strength,0.2,1,425,33.00521612,-112.7259264,-79.72071033
Concrete Strength,0.2,1,427,29.55094136,386.3888638,415.9398052
Concrete Strength,0.2,1,431,24.28334472,-163.2456094,-138.9622647
Concrete Strength,0.2,1,434,46.38794528,120.9106466,167.2985919
Concrete Strength,0.2,1,437,33.68779736,259.0712305,292.7590279
Concrete Strength,0.2,1,438,38.20386516,-67.56687105,-29.36300589
Concrete Strength,0.2,1,443,44.63667624,-30.75078123,13.88589501
Concrete Strength,0.2,1,448,48.58737372,-25.72748413,22.85988959
Concrete Strength,0.2,1,449,51.72448952,-56.60076933,-4.876279805
Concrete Strength,0.2,1,456,51.25564584,-44.98250823,6.273137609
Concrete Strength,0.2,1,461,49.99390476,-89.93355264,-39.93964788
Concrete Strength,0.2,1,465,56.8128224,229.8447525,286.6575749
Concrete Strength,0.2,1,473,44.42293868,-47.74380711,-3.320868429
Concrete Strength,0.2,1,474,51.021224,-115.4328503,-64.41162627
Concrete Strength,0.2,1,477,25.02108404,112.2694019,137.2904859
Concrete Strength,0.2,1,488,46.68441996,77.63492587,124.3193458
Concrete Strength,0.2,1,490,25.510612,211.8876087,237.3982207
Concrete Strength,0.2,1,516,21.96670536,228.052813,250.0195184
Concrete Strength,0.2,1,527,23.63917715,74.78313743,98.42231457
Concrete Strength,0.2,1,531,66.78067543,188.5090505,255.2897259
Concrete Strength,0.2,1,532,23.84897484,-1.170897752,22.67807709
Concrete Strength,0.2,1,535,19.1991487,-159.9342476,-140.7350989
Concrete Strength,0.2,1,536,48.8466167,212.4997395,261.3463562
Concrete Strength,0.2,1,543,21.8591471,321.8414138,343.7005609
Concrete Strength,0.2,1,547,31.96686526,-435.2400213,-403.2731561
Concrete Strength,0.2,1,548,23.4049523,198.5181455,221.9230978
Concrete Strength,0.2,1,552,8.204074924,-83.51645647,-75.31238155
Concrete Strength,0.2,1,553,9.617500724,-155.5880936,-145.9705928
Concrete Strength,0.2,1,556,27.93549909,193.5621008,221.4975998
Concrete Strength,0.2,1,558,17.23621052,-121.4612525,-104.225042
Concrete Strength,0.2,1,559,19.76520849,-472.2093622,-452.4441537
Concrete Strength,0.2,1,561,25.74503384,171.7270484,197.4720822
Concrete Strength,0.2,1,566,14.8437288,283.7178447,298.5615735
Concrete Strength,0.2,1,573,13.08901238,-195.1555354,-182.066523
Concrete Strength,0.2,1,578,18.19871902,-161.8421517,-143.6434327
Concrete Strength,0.2,1,579,17.20035777,-26.36471601,-9.164358235
Concrete Strength,0.2,1,581,21.8591471,67.62946656,89.48861366
Concrete Strength,0.2,1,586,33.0431373,495.7725249,528.8156622
Concrete Strength,0.2,1,599,13.22414968,-104.3037031,-91.07955341
Concrete Strength,0.2,1,607,12.83804312,36.11731758,48.9553607
Concrete Strength,0.2,1,612,21.26343984,-430.2893868,-409.025947
Concrete Strength,0.2,1,613,25.96566616,-37.15772924,-11.19206308
Concrete Strength,0.2,1,625,27.53077668,156.6947799,184.2255566
Concrete Strength,0.2,1,629,12.24509376,127.7965854,140.0416792
Concrete Strength,0.2,1,633,30.57136584,-92.44471793,-61.87335209
Concrete Strength,0.2,1,637,26.84819544,54.23555735,81.08375279
Concrete Strength,0.2,1,638,26.0621928,-52.38753392,-26.32534112
Concrete Strength,0.2,1,641,30.14389072,180.2535275,210.3974182
Concrete Strength,0.2,1,642,12.73462172,242.4374474,255.1720691
Concrete Strength,0.2,1,645,34.29453624,264.3185831,298.6131194
Concrete Strength,0.2,1,650,6.902344236,-197.78703,-190.8846857
Concrete Strength,0.2,1,651,33.19206412,190.8978246,224.0898888
Concrete Strength,0.2,1,652,4.903553312,-86.70657166,-81.80301835
Concrete Strength,0.2,1,659,25.89396066,-133.7129016,-107.818941
Concrete Strength,0.2,1,670,16.10960674,165.9122977,182.0219044
Concrete Strength,0.2,1,674,15.0305768,265.8439565,280.8745333
Concrete Strength,0.2,1,675,13.5654403,128.7113395,142.2767798
Concrete Strength,0.2,1,677,15.74832132,-242.8405362,-227.0922149
Concrete Strength,0.2,1,690,16.8894041,208.2646796,225.1540837
Concrete Strength,0.2,1,694,17.96429718,-90.99403543,-73.02973825
Concrete Strength,0.2,1,695,32.88455782,204.5893202,237.473878
Concrete Strength,0.2,1,697,10.7875415,89.43087057,100.2184121
Concrete Strength,0.2,1,699,41.68434001,15.52812997,57.21246998
Concrete Strength,0.2,1,708,43.25082948,3.315369372,46.56619885
Concrete Strength,0.2,1,710,32.10269204,-123.8656746,-91.76298255
Concrete Strength,0.2,1,732,15.87173752,71.52974061,87.40147813
Concrete Strength,0.2,1,737,12.05204048,29.92337226,41.97541274
Concrete Strength,0.2,1,741,30.9574724,-312.9775167,-282.0200443
Concrete Strength,0.2,1,781,17.54026944,295.4935126,313.033782
Concrete Strength,0.2,1,785,13.52062436,-156.6932138,-143.1725894
Concrete Strength,0.2,1,794,18.12632404,26.20894682,44.33527086
Concrete Strength,0.2,1,803,31.6469484,116.9644289,148.6113773
Concrete Strength,0.2,1,830,37.16965116,79.84386696,117.0135181
Concrete Strength,0.2,1,843,15.56836808,53.88374647,69.45211455
Concrete Strength,0.2,1,862,37.25928304,-295.0753333,-257.8160502
Concrete Strength,0.2,1,880,44.38846488,16.03508207,60.42354695
Concrete Strength,0.2,1,886,26.22766704,-17.17342659,9.05424045
Concrete Strength,0.2,1,896,49.77327244,23.46223054,73.23550298
Concrete Strength,0.2,1,897,52.44154456,260.7296933,313.1712379
Concrete Strength,0.2,1,902,29.86810032,49.02842402,78.89652434
Concrete Strength,0.2,1,906,13.29309728,159.9812031,173.2743004
Concrete Strength,0.2,1,910,23.73865868,158.8255605,182.5642192
Concrete Strength,0.2,1,911,26.14492992,-65.57595712,-39.4310272
Concrete Strength,0.2,1,915,41.05140104,40.68905395,81.74045499
Concrete Strength,0.2,1,923,33.79811352,-60.48567508,-26.68756156
Concrete Strength,0.2,1,928,33.05347944,135.3436335,168.3971129
Concrete Strength,0.2,1,934,23.8903434,-282.0499911,-258.1596477
Concrete Strength,0.2,1,951,38.6306508,69.56148205,108.1921329
Concrete Strength,0.2,1,962,44.86834018,55.31012233,100.1784625
Concrete Strength,0.2,1,966,56.61907964,-117.4275508,-60.80847114
Concrete Strength,0.2,1,969,13.29378676,-258.485512,-245.1917253
Concrete Strength,0.2,1,973,23.74417449,-9.471616009,14.27255848
Concrete Strength,0.2,1,975,15.52631004,-412.9176136,-397.3913035
Concrete Strength,0.2,1,988,33.76226077,-24.28211919,9.480141581
Concrete Strength,0.2,1,995,39.0560575,4.742066942,43.79812444
Concrete Strength,0.2,1,997,26.85991653,76.24484617,103.1047627
Concrete Strength,0.2,1,1005,52.82696164,-15.93340908,36.89355257
Concrete Strength,0.2,1,1007,18.03393426,30.50511202,48.53904627
Concrete Strength,0.2,1,1015,33.30651713,91.8826998,125.1892169
Concrete Strength,0.2,1,1016,52.42637609,82.7205377,135.1469138
Concrete Strength,0.2,1,1018,38.46103971,15.05787902,53.51891873
Concrete Strength,0.2,1,1025,37.91704314,-38.40144381,-0.4844006636
Concrete Strength,0.2,1,1028,23.69660064,145.9293033,169.6259039
Concrete Strength,0.2,2,9,45.85429086,-43.52119908,2.333091774
Concrete Strength,0.2,2,22,28.23748958,-198.8743586,-170.636869
Concrete Strength,0.2,2,68,30.27558064,19.731024,50.00660464
Concrete Strength,0.2,2,72,28.79941252,248.0087387,276.8081512
Concrete Strength,0.2,2,73,33.39821744,59.4666072,92.86482464
Concrete Strength,0.2,2,82,25.2003478,472.6259661,497.8263139
Concrete Strength,0.2,2,83,41.09966436,159.8582055,200.9578699
Concrete Strength,0.2,2,85,28.29609504,638.667939,666.964034
Concrete Strength,0.2,2,92,35.3011712,-360.2608054,-324.9596342
Concrete Strength,0.2,2,94,46.20178676,-169.6533774,-123.4515906
Concrete Strength,0.2,2,112,55.89581932,-47.64090641,8.254912906
Concrete Strength,0.2,2,117,61.09446836,311.9760938,373.0705622
Concrete Strength,0.2,2,127,60.2946762,402.052178,462.3468542
Concrete Strength,0.2,2,129,68.4994406,241.1275708,309.6270114
Concrete Strength,0.2,2,131,74.69782984,66.29041193,140.9882418
Concrete Strength,0.2,2,138,71.29871316,-255.9306755,-184.6319623
Concrete Strength,0.2,2,153,77.29715436,229.4356974,306.7328518
Concrete Strength,0.2,2,159,71.69860924,-112.8089076,-41.11029839
Concrete Strength,0.2,2,163,64.90037588,362.0781813,426.9785572
Concrete Strength,0.2,2,165,65.19685056,232.4905722,297.6874228
Concrete Strength,0.2,2,174,68.09954452,217.5513347,285.6508792
Concrete Strength,0.2,2,176,79.29663476,-366.6045285,-287.3078937
Concrete Strength,0.2,2,185,11.57630204,20.92486335,32.50116539
Concrete Strength,0.2,2,186,24.44881896,-121.5905926,-97.14177368
Concrete Strength,0.2,2,196,24.98661024,-356.6613926,-331.6747824
Concrete Strength,0.2,2,199,37.34202016,-135.7080646,-98.36604448
Concrete Strength,0.2,2,209,39.6103962,-0.01607127616,39.59432492
Concrete Strength,0.2,2,240,13.35515012,-105.794029,-92.43887885
Concrete Strength,0.2,2,254,42.34761592,55.5189902,97.86660612
Concrete Strength,0.2,2,261,25.3727168,-199.4723144,-174.0995976
Concrete Strength,0.2,2,265,19.51906556,-164.0199909,-144.5009254
Concrete Strength,0.2,2,267,38.50033984,486.8605124,525.3608522
Concrete Strength,0.2,2,283,36.63875464,48.00332742,84.64208206
Concrete Strength,0.2,2,284,44.20920112,-148.2874238,-104.0782226
Concrete Strength,0.2,2,289,45.3675208,52.69264397,98.06016477
Concrete Strength,0.2,2,292,31.2677366,-178.9991688,-147.7314322
Concrete Strength,0.2,2,297,31.11605188,-152.0356414,-120.9195895
Concrete Strength,0.2,2,300,22.50449664,-10.44076409,12.06373255
Concrete Strength,0.2,2,302,34.73580088,410.5821844,445.3179852
Concrete Strength,0.2,2,303,45.08483564,135.9128834,180.9977191
Concrete Strength,0.2,2,305,23.13881456,338.0153918,361.1542063
Concrete Strength,0.2,2,310,22.94576128,188.5250774,211.4708387
Concrete Strength,0.2,2,314,52.04164848,-162.3240399,-110.2823914
Concrete Strength,0.2,2,318,44.14025352,-360.4487139,-316.3084604
Concrete Strength,0.2,2,319,45.3675208,381.1395476,426.5070684
Concrete Strength,0.2,2,321,28.6822016,-222.4805821,-193.7983805
Concrete Strength,0.2,2,322,30.84715624,7.485192231,38.33234847
Concrete Strength,0.2,2,331,42.21661548,532.1999479,574.4165634
Concrete Strength,0.2,2,334,66.42411784,-186.8218059,-120.397688
Concrete Strength,0.2,2,344,56.7438748,-8.500468594,48.24340621
Concrete Strength,0.2,2,346,33.72916592,189.7243787,223.4535446
Concrete Strength,0.2,2,351,33.70158688,8.712117623,42.4137045
Concrete Strength,0.2,2,352,45.93978588,285.5900269,331.5298128
Concrete Strength,0.2,2,369,56.63355864,-184.0342719,-127.4007133
Concrete Strength,0.2,2,372,30.21973308,146.630957,176.8506901
Concrete Strength,0.2,2,378,36.3009114,-214.0415663,-177.7406549
Concrete Strength,0.2,2,398,29.15794004,344.1848884,373.3428284
Concrete Strength,0.2,2,399,39.39665864,161.2368714,200.6335301
Concrete Strength,0.2,2,400,39.300132,21.49850488,60.79863688
Concrete Strength,0.2,2,416,8.48744956,372.1994229,380.6868724
Concrete Strength,0.2,2,428,19.41564416,8.087873315,27.50351748
Concrete Strength,0.2,2,434,46.38794528,139.2905658,185.6785111
Concrete Strength,0.2,2,439,41.40992856,-322.8675501,-281.4576215
Concrete Strength,0.2,2,440,37.81086384,-10.59401771,27.21684613
Concrete Strength,0.2,2,441,24.84871504,-125.2912408,-100.4425257
Concrete Strength,0.2,2,444,37.2661778,-118.9594073,-81.69322953
Concrete Strength,0.2,2,447,53.72396992,-264.7412152,-211.0172453
Concrete Strength,0.2,2,454,31.715896,58.28344973,89.99934573
Concrete Strength,0.2,2,461,49.99390476,43.3435164,93.33742116
Concrete Strength,0.2,2,464,56.06129356,-176.6690021,-120.6077085
Concrete Strength,0.2,2,470,44.27814872,-55.09126015,-10.81311143
Concrete Strength,0.2,2,471,40.14818748,-143.804347,-103.6561595
Concrete Strength,0.2,2,472,57.02655996,239.9437886,296.9703485
Concrete Strength,0.2,2,474,51.021224,-127.4910517,-76.46982767
Concrete Strength,0.2,2,476,35.36322404,-463.9530602,-428.5898362
Concrete Strength,0.2,2,477,25.02108404,452.8695764,477.8906604
Concrete Strength,0.2,2,484,55.25460664,-301.7697247,-246.515118
Concrete Strength,0.2,2,492,36.83870268,-496.2469721,-459.4082695
Concrete Strength,0.2,2,494,41.66503468,299.2101199,340.8751546
Concrete Strength,0.2,2,495,56.33708396,212.8399944,269.1770783
Concrete Strength,0.2,2,498,44.02993736,218.5964618,262.6263991
Concrete Strength,0.2,2,524,62.93536928,-100.9618545,-38.02648526
Concrete Strength,0.2,2,537,39.60488039,-200.388245,-160.7833646
Concrete Strength,0.2,2,543,21.8591471,216.7594686,238.6186157
Concrete Strength,0.2,2,550,41.68020315,-60.95712276,-19.27691961
Concrete Strength,0.2,2,552,8.204074924,115.3413347,123.5454096
Concrete Strength,0.2,2,557,32.6266938,-49.52606195,-16.89936815
Concrete Strength,0.2,2,565,21.0662497,-116.9387132,-95.87246352
Concrete Strength,0.2,2,575,7.507014688,-331.16145,-323.6544354
Concrete Strength,0.2,2,579,17.20035777,-246.6106881,-229.4103304
Concrete Strength,0.2,2,581,21.8591471,-34.83776869,-12.97862159
Concrete Strength,0.2,2,584,37.81362174,-84.10895502,-46.29533327
Concrete Strength,0.2,2,587,14.54104884,79.21046703,93.75151587
Concrete Strength,0.2,2,590,31.89998609,203.000338,234.9003241
Concrete Strength,0.2,2,608,18.41590396,83.71903034,102.1349343
Concrete Strength,0.2,2,614,11.36256448,-388.1997418,-376.8371773
Concrete Strength,0.2,2,615,31.25394708,126.8121346,158.0660817
Concrete Strength,0.2,2,624,12.54156844,468.3129492,480.8545177
Concrete Strength,0.2,2,628,7.83934212,238.1435759,245.982918
Concrete Strength,0.2,2,630,11.1695112,-207.0450109,-195.8754997
Concrete Strength,0.2,2,633,30.57136584,-168.8207025,-138.2493367
Concrete Strength,0.2,2,647,47.7144971,-78.23702854,-30.52253143
Concrete Strength,0.2,2,653,4.565020596,155.2115818,159.7766024
Concrete Strength,0.2,2,654,25.46096973,-93.56226795,-68.10129822
Concrete Strength,0.2,2,655,24.29092896,195.8021721,220.0931011
Concrete Strength,0.2,2,656,33.94772981,38.2697473,72.21747712
Concrete Strength,0.2,2,659,25.89396066,41.82641092,67.72037157
Concrete Strength,0.2,2,660,29.23171397,49.10610427,78.33781825
Concrete Strength,0.2,2,664,27.8748252,-20.94234224,6.932482966
Concrete Strength,0.2,2,675,13.5654403,168.4154147,181.980855
Concrete Strength,0.2,2,679,38.80439876,-29.21855352,9.585845233
Concrete Strength,0.2,2,688,47.78206575,4.387286852,52.1693526
Concrete Strength,0.2,2,694,17.96429718,219.2898738,237.2541709
Concrete Strength,0.2,2,698,7.723510152,-355.4989008,-347.7753907
Concrete Strength,0.2,2,703,17.16588397,165.9349267,183.1008106
Concrete Strength,0.2,2,707,26.32281473,259.7824676,286.1052824
Concrete Strength,0.2,2,709,6.280436884,-102.7303971,-96.44996027
Concrete Strength,0.2,2,719,10.35455057,-152.4114902,-142.0569396
Concrete Strength,0.2,2,722,11.85209244,-76.16312515,-64.31103271
Concrete Strength,0.2,2,728,17.43684804,23.70266125,41.13950929
Concrete Strength,0.2,2,735,40.65839972,318.9472734,359.6056731
Concrete Strength,0.2,2,736,40.85834776,-574.7734293,-533.9150815
Concrete Strength,0.2,2,737,12.05204048,-24.51252336,-12.46048288
Concrete Strength,0.2,2,739,18.91232668,-179.0580692,-160.1457425
Concrete Strength,0.2,2,742,43.89204216,101.2678669,145.1599091
Concrete Strength,0.2,2,743,54.27555072,-209.8776495,-155.6020988
Concrete Strength,0.2,2,758,18.12632404,41.03081687,59.15714091
Concrete Strength,0.2,2,766,23.22155168,-131.1708563,-107.9493046
Concrete Strength,0.2,2,767,27.923778,331.9130125,359.8367905
Concrete Strength,0.2,2,778,31.84000168,-205.2517453,-173.4117436
Concrete Strength,0.2,2,781,17.54026944,-183.6152115,-166.074942
Concrete Strength,0.2,2,783,21.6495464,-147.0842725,-125.4347261
Concrete Strength,0.2,2,787,31.44700036,16.39687146,47.84387182
Concrete Strength,0.2,2,788,37.231704,-242.2271602,-204.9954562
Concrete Strength,0.2,2,809,11.46598588,-90.11529034,-78.64930446
Concrete Strength,0.2,2,813,34.6806428,-415.4482657,-380.7676229
Concrete Strength,0.2,2,825,21.7529678,468.1284186,489.8813864
Concrete Strength,0.2,2,848,52.82075636,-22.44169171,30.37906465
Concrete Strength,0.2,2,854,40.0585556,-97.27504775,-57.21649215
Concrete Strength,0.2,2,856,61.23236356,-355.2267065,-293.994343
Concrete Strength,0.2,2,857,40.86524252,-458.9638846,-418.0986421
Concrete Strength,0.2,2,858,33.3016908,-321.5013,-288.1996092
Concrete Strength,0.2,2,862,37.25928304,-191.3956271,-154.1363441
Concrete Strength,0.2,2,873,32.39847724,-202.0530236,-169.6545464
Concrete Strength,0.2,2,879,31.02642,-63.73197339,-32.70555339
Concrete Strength,0.2,2,881,12.17614616,-233.60181,-221.4256638
Concrete Strength,0.2,2,884,32.9569528,-57.93695213,-24.97999933
Concrete Strength,0.2,2,896,49.77327244,-99.16284389,-49.38957145
Concrete Strength,0.2,2,907,39.41734292,11.40082418,50.8181671
Concrete Strength,0.2,2,922,9.73540112,114.9227477,124.6581488
Concrete Strength,0.2,2,927,30.6472082,-227.7481178,-197.1009096
Concrete Strength,0.2,2,953,33.71882378,-94.42157548,-60.7027517
Concrete Strength,0.2,2,957,23.52423164,-211.6740616,-188.1498299
Concrete Strength,0.2,2,968,23.786922,-34.61431433,-10.82739233
Concrete Strength,0.2,2,970,39.42147978,89.96355235,129.3850321
Concrete Strength,0.2,2,973,23.74417449,93.5509062,117.2950807
Concrete Strength,0.2,2,974,26.14768782,-96.57598721,-70.42829939
Concrete Strength,0.2,2,994,33.4195912,-20.05764936,13.36194183
Concrete Strength,0.2,2,1001,44.6118551,228.8502869,273.462142
Concrete Strength,0.2,2,1008,37.36339392,151.1916462,188.5550401
Concrete Strength,0.2,2,1010,42.6440906,-251.3196049,-208.6755143
Concrete Strength,0.2,2,1011,40.06200298,223.0363523,263.0983553
Concrete Strength,0.2,2,1018,38.46103971,159.299491,197.7605307
Concrete Strength,0.2,2,1026,44.284354,-87.47183759,-43.18748358
Concrete Strength,0.2,2,1027,31.1787942,208.6715332,239.8503274
Concrete Strength,0.2,2,1029,32.76803638,-329.3264621,-296.5584257
Concrete Strength,0.2,2,1030,32.40123514,251.8848465,284.2860816
Concrete Strength,0.2,3,9,45.85429086,332.1378306,377.9921215
Concrete Strength,0.2,3,23,8.06342182,353.4511121,361.514534
Concrete Strength,0.2,3,69,40.85696881,-32.05664675,8.800322062
Concrete Strength,0.2,3,71,34.39795764,-283.0410763,-248.6431186
Concrete Strength,0.2,3,79,28.096147,-154.3768691,-126.2807221
Concrete Strength,0.2,3,81,33.39821744,251.4887041,284.8869216
Concrete Strength,0.2,3,92,35.3011712,-333.5799961,-298.2788249
Concrete Strength,0.2,3,93,24.0971862,175.7830158,199.880202
Concrete Strength,0.2,3,96,49.20100736,23.15470355,72.35571091
Concrete Strength,0.2,3,101,49.20100736,234.0495404,283.2505478
Concrete Strength,0.2,3,120,61.79773388,-100.7135161,-38.91578219
Concrete Strength,0.2,3,122,68.29949256,-110.8202429,-42.52075035
Concrete Strength,0.2,3,125,50.69717028,7.517425886,58.21459617
Concrete Strength,0.2,3,135,71.29871316,218.919159,290.2178722
Concrete Strength,0.2,3,138,71.29871316,-304.2794058,-232.9806926
Concrete Strength,0.2,3,142,64.30053176,205.7714497,270.0719815
Concrete Strength,0.2,3,157,72.99482412,9.968733367,82.96355749
Concrete Strength,0.2,3,166,66.69990824,-8.386640246,58.31326799
Concrete Strength,0.2,3,174,68.09954452,-256.5370648,-188.4375203
Concrete Strength,0.2,3,184,67.79617508,-334.3258289,-266.5296538
Concrete Strength,0.2,3,187,24.8900836,-140.5761076,-115.686024
Concrete Strength,0.2,3,190,10.38350856,201.061131,211.4446395
Concrete Strength,0.2,3,191,22.13907436,62.11247215,84.25154651
Concrete Strength,0.2,3,196,24.98661024,232.6078545,257.5944647
Concrete Strength,0.2,3,199,37.34202016,377.9978422,415.3398624
Concrete Strength,0.2,3,209,39.6103962,-415.4146809,-375.8042847
Concrete Strength,0.2,3,213,31.53663224,91.51017498,123.0468072
Concrete Strength,0.2,3,214,35.34253976,-100.3934783,-65.05093851
Concrete Strength,0.2,3,216,22.7182342,-293.1783756,-270.4601414
Concrete Strength,0.2,3,217,28.46846404,-145.23787,-116.769406
Concrete Strength,0.2,3,219,40.38950408,-149.2737119,-108.8842078
Concrete Strength,0.2,3,224,33.5430074,-122.4889975,-88.94599012
Concrete Strength,0.2,3,232,45.70536404,62.69984831,108.4052123
Concrete Strength,0.2,3,241,22.31833812,308.1224747,330.4408128
Concrete Strength,0.2,3,250,13.81709904,449.4977083,463.3148074
Concrete Strength,0.2,3,255,13.54130864,153.2759855,166.8172941
Concrete Strength,0.2,3,264,47.73931824,-187.4377002,-139.6983819
Concrete Strength,0.2,3,268,45.08483564,-195.9603801,-150.8755445
Concrete Strength,0.2,3,279,43.58177796,-200.7100359,-157.1282579
Concrete Strength,0.2,3,284,44.20920112,-68.1658737,-23.95667258
Concrete Strength,0.2,3,286,21.60128308,-76.29662017,-54.69533709
Concrete Strength,0.2,3,291,21.50475644,-71.40117453,-49.89641809
Concrete Strength,0.2,3,299,48.15300384,458.5607733,506.7137772
Concrete Strength,0.2,3,300,22.50449664,87.05125727,109.5557539
Concrete Strength,0.2,3,307,48.28400428,-349.0926294,-300.8086251
Concrete Strength,0.2,3,309,55.6407132,-369.8882437,-314.2475305
Concrete Strength,0.2,3,313,48.71837416,-98.79201586,-50.0736417
Concrete Strength,0.2,3,318,44.14025352,471.3950698,515.5353234
Concrete Strength,0.2,3,319,45.3675208,-12.40035798,32.96716282
Concrete Strength,0.2,3,322,30.84715624,50.93341399,81.78057023
Concrete Strength,0.2,3,323,42.03045696,-130.1670768,-88.13661981
Concrete Strength,0.2,3,326,42.29245784,-160.2387066,-117.9462487
Concrete Strength,0.2,3,327,50.60064364,-519.3789079,-468.7782642
Concrete Strength,0.2,3,330,23.52492112,90.10116439,113.6260855
Concrete Strength,0.2,3,338,56.8472962,-98.02340775,-41.17611155
Concrete Strength,0.2,3,343,51.95891136,130.9107429,182.8696542
Concrete Strength,0.2,3,345,17.57474324,223.719731,241.2944742
Concrete Strength,0.2,3,347,40.14818748,229.4323208,269.5805083
Concrete Strength,0.2,3,348,46.6430514,134.7035668,181.3466182
Concrete Strength,0.2,3,350,17.36790044,-200.3078196,-182.9399192
Concrete Strength,0.2,3,353,51.4349096,113.6082014,165.043111
Concrete Strength,0.2,3,354,59.30183076,66.86327175,126.1651025
Concrete Strength,0.2,3,357,63.14221208,-110.478348,-47.33613589
Concrete Strength,0.2,3,362,55.50971276,87.6097008,143.1194136
Concrete Strength,0.2,3,371,26.04840328,4.792559776,30.84096306
Concrete Strength,0.2,3,373,37.2661778,-71.13418984,-33.86801204
Concrete Strength,0.2,3,374,46.2293658,-190.1984714,-143.9691056
Concrete Strength,0.2,3,386,60.28088668,96.81855147,157.0994382
Concrete Strength,0.2,3,400,39.300132,298.05943,337.359562
Concrete Strength,0.2,3,405,76.23536132,428.0221813,504.2575426
Concrete Strength,0.2,3,411,21.29101888,-209.6511771,-188.3601582
Concrete Strength,0.2,3,412,23.07676172,-177.5588305,-154.4820688
Concrete Strength,0.2,3,415,12.5484632,-122.4976075,-109.9491443
Concrete Strength,0.2,3,419,11.98309288,-318.4897316,-306.5066387
Concrete Strength,0.2,3,423,31.81242264,273.8110935,305.6235161
Concrete Strength,0.2,3,426,32.90179472,-48.48523153,-15.58343681
Concrete Strength,0.2,3,429,24.65566176,76.20309874,100.8587605
Concrete Strength,0.2,3,431,24.28334472,-793.4711348,-769.1877901
Concrete Strength,0.2,3,432,20.72564856,34.97375396,55.69940252
Concrete Strength,0.2,3,437,33.68779736,-64.25815604,-30.57035868
Concrete Strength,0.2,3,440,37.81086384,-97.94858345,-60.13771961
Concrete Strength,0.2,3,451,53.77223324,510.8647935,564.6370267
Concrete Strength,0.2,3,462,53.65502232,144.7135263,198.3685486
Concrete Strength,0.2,3,467,33.56369168,56.0388503,89.60254198
Concrete Strength,0.2,3,476,35.36322404,-16.27018707,19.09303697
Concrete Strength,0.2,3,479,52.00717468,291.5033402,343.5105148
Concrete Strength,0.2,3,483,56.14403068,-190.5816218,-134.4375911
Concrete Strength,0.2,3,493,45.89841732,46.57648673,92.47490405
Concrete Strength,0.2,3,499,55.45455468,598.1986593,653.653214
Concrete Strength,0.2,3,512,65.69721315,66.80041307,132.4976262
Concrete Strength,0.2,3,518,15.06997543,-397.7623898,-382.6924144
Concrete Strength,0.2,3,522,24.13166,163.1933096,187.3249696
Concrete Strength,0.2,3,537,39.60488039,-135.5272273,-95.92234688
Concrete Strength,0.2,3,545,14.5968964,-51.23739195,-36.64049555
Concrete Strength,0.2,3,550,41.68020315,225.953535,267.6337381
Concrete Strength,0.2,3,556,27.93549909,51.30789897,79.24339806
Concrete Strength,0.2,3,559,19.76520849,35.06908004,54.83428853
Concrete Strength,0.2,3,564,21.81984697,222.2881584,244.1080054
Concrete Strength,0.2,3,565,21.0662497,-127.251979,-106.1857293
Concrete Strength,0.2,3,571,25.21689522,-388.9436389,-363.7267437
Concrete Strength,0.2,3,579,17.20035777,2.675670488,19.87602826
Concrete Strength,0.2,3,588,26.91369566,-514.7938334,-487.8801378
Concrete Strength,0.2,3,590,31.89998609,414.0222524,445.9222385
Concrete Strength,0.2,3,591,10.33593472,87.90357133,98.23950604
Concrete Strength,0.2,3,593,37.43785732,278.6575068,316.0953642
Concrete Strength,0.2,3,596,17.59680647,-137.8292051,-120.2323986
Concrete Strength,0.2,3,612,21.26343984,-253.5728783,-232.3094385
Concrete Strength,0.2,3,613,25.96566616,81.67569857,107.6413647
Concrete Strength,0.2,3,618,9.307926,489.4459039,498.7538299
Concrete Strength,0.2,3,626,32.922479,60.01284547,92.93532447
Concrete Strength,0.2,3,629,12.24509376,532.952856,545.1979498
Concrete Strength,0.2,3,635,24.49708228,-76.78095889,-52.28387661
Concrete Strength,0.2,3,642,12.73462172,-310.0061574,-297.2715357
Concrete Strength,0.2,3,646,19.53906036,425.5935006,445.1325609
Concrete Strength,0.2,3,647,47.7144971,-337.7243759,-290.0098788
Concrete Strength,0.2,3,648,43.37700359,73.17697049,116.5539741
Concrete Strength,0.2,3,651,33.19206412,-253.3040476,-220.1119834
Concrete Strength,0.2,3,652,4.903553312,286.7378915,291.6414448
Concrete Strength,0.2,3,653,4.565020596,-60.30208677,-55.73706617
Concrete Strength,0.2,3,654,25.46096973,-433.191688,-407.7307183
Concrete Strength,0.2,3,664,27.8748252,21.49246761,49.36729281
Concrete Strength,0.2,3,673,6.940954892,18.40692364,25.34787853
Concrete Strength,0.2,3,674,15.0305768,112.0771898,127.1077666
Concrete Strength,0.2,3,700,9.561653168,45.51911598,55.08076915
Concrete Strength,0.2,3,705,9.731264264,10.61997323,20.35123749
Concrete Strength,0.2,3,711,36.96418731,2.002041687,38.966229
Concrete Strength,0.2,3,719,10.35455057,279.6537444,290.008295
Concrete Strength,0.2,3,723,17.24379476,284.3134701,301.5572649
Concrete Strength,0.2,3,728,17.43684804,-99.03697426,-81.60012622
Concrete Strength,0.2,3,741,30.9574724,153.6598613,184.6173337
Concrete Strength,0.2,3,744,36.93522932,-627.5671032,-590.6318739
Concrete Strength,0.2,3,745,14.49968028,445.0674769,459.5671572
Concrete Strength,0.2,3,767,27.923778,282.7858789,310.7096569
Concrete Strength,0.2,3,771,14.98920824,-205.0119958,-190.0227876
Concrete Strength,0.2,3,780,25.17966352,27.27333165,52.45299517
Concrete Strength,0.2,3,788,37.231704,-147.8361917,-110.6044877
Concrete Strength,0.2,3,802,19.69143456,23.92190901,43.61334357
Concrete Strength,0.2,3,806,48.79421652,246.1722538,294.9664703
Concrete Strength,0.2,3,808,37.42475728,250.3547227,287.77948
Concrete Strength,0.2,3,840,26.8550902,-79.0656082,-52.210518
Concrete Strength,0.2,3,850,18.0297974,94.35459611,112.3843935
Concrete Strength,0.2,3,860,15.08573488,-303.9106704,-288.8249355
Concrete Strength,0.2,3,870,31.17810472,-286.6873128,-255.5092081
Concrete Strength,0.2,3,881,12.17614616,186.683715,198.8598612
Concrete Strength,0.2,3,884,32.9569528,136.3610421,169.3179949
Concrete Strength,0.2,3,894,23.51802636,340.2179915,363.7360179
Concrete Strength,0.2,3,895,29.72331036,-129.8879125,-100.1646021
Concrete Strength,0.2,3,900,13.19657064,387.0102558,400.2068265
Concrete Strength,0.2,3,906,13.29309728,-70.75257651,-57.45947923
Concrete Strength,0.2,3,916,28.98557104,130.8464718,159.8320429
Concrete Strength,0.2,3,925,26.96540636,40.1203452,67.08575156
Concrete Strength,0.2,3,940,32.72046253,185.9523031,218.6727657
Concrete Strength,0.2,3,943,40.92522693,203.0402092,243.9654361
Concrete Strength,0.2,3,958,29.72606826,-44.53065999,-14.80459173
Concrete Strength,0.2,3,968,23.786922,-45.84122343,-22.05430143
Concrete Strength,0.2,3,973,23.74417449,-192.5703416,-168.8261671
Concrete Strength,0.2,3,977,35.86585204,247.0741619,282.9400139
Concrete Strength,0.2,3,984,29.07313449,268.4614973,297.5346318
Concrete Strength,0.2,3,994,33.4195912,318.780522,352.2001132
Concrete Strength,0.2,3,1003,57.21823429,-178.2298998,-121.0116655
Concrete Strength,0.2,3,1008,37.36339392,-231.7623283,-194.3989344
Concrete Strength,0.2,3,1011,40.06200298,407.6095606,447.6715635
Concrete Strength,0.2,3,1012,43.79827342,322.5932912,366.3915646
Concrete Strength,0.2,3,1015,33.30651713,282.4121785,315.7186957
Concrete Strength,0.2,3,1017,15.09125069,-362.0091772,-346.9179265
Concrete Strength,0.2,3,1018,38.46103971,144.9516898,183.4127295
Concrete Strength,0.2,3,1029,32.76803638,-112.1629311,-79.39489471
Concrete Strength,0.2,4,8,36.44776979,-41.04862689,-4.600857097
Concrete Strength,0.2,4,50,32.82319446,37.96757804,70.79077249
Concrete Strength,0.2,4,56,14.63826496,-57.59251985,-42.9542549
Concrete Strength,0.2,4,72,28.79941252,31.1233059,59.92271842
Concrete Strength,0.2,4,78,33.39821744,320.3647389,353.7629564
Concrete Strength,0.2,4,79,28.096147,395.2275692,423.3237162
Concrete Strength,0.2,4,82,25.2003478,205.7647118,230.9650596
Concrete Strength,0.2,4,85,28.29609504,158.3693823,186.6654774
Concrete Strength,0.2,4,95,42.79577532,52.03953325,94.83530857
Concrete Strength,0.2,4,99,55.59934464,114.3357839,169.9351286
Concrete Strength,0.2,4,101,49.20100736,265.7369626,314.93797
Concrete Strength,0.2,4,117,61.09446836,-45.37439241,15.72007595
Concrete Strength,0.2,4,131,74.69782984,-21.03110868,53.66672116
Concrete Strength,0.2,4,135,71.29871316,-81.22908501,-9.930371854
Concrete Strength,0.2,4,139,49.89737812,-77.86559625,-27.96821813
Concrete Strength,0.2,4,140,63.3973182,-34.35085077,29.04646743
Concrete Strength,0.2,4,161,77.29715436,138.4115236,215.7086779
Concrete Strength,0.2,4,171,57.59882504,-344.8534487,-287.2546236
Concrete Strength,0.2,4,175,75.497622,198.5460172,274.0436392
Concrete Strength,0.2,4,180,79.29663476,285.4038993,364.700534
Concrete Strength,0.2,4,185,11.57630204,-430.9278697,-419.3515677
Concrete Strength,0.2,4,186,24.44881896,204.035313,228.484132
Concrete Strength,0.2,4,187,24.8900836,-24.75180252,0.1382810827
Concrete Strength,0.2,4,200,15.04436632,505.663002,520.7073683
Concrete Strength,0.2,4,201,21.0634918,138.1935481,159.2570399
Concrete Strength,0.2,4,202,26.40003604,-108.3158,-81.91576398
Concrete Strength,0.2,4,208,34.20490436,173.3742784,207.5791827
Concrete Strength,0.2,4,210,10.0318758,208.9459645,218.9778403
Concrete Strength,0.2,4,212,24.48329276,35.1620832,59.64537596
Concrete Strength,0.2,4,215,9.4458212,242.4654869,251.9113081
Concrete Strength,0.2,4,216,22.7182342,94.46801052,117.1862447
Concrete Strength,0.2,4,223,28.62704352,164.3979982,193.0250418
Concrete Strength,0.2,4,232,45.70536404,-282.7008802,-236.9955162
Concrete Strength,0.2,4,237,40.2309246,311.1853262,351.4162508
Concrete Strength,0.2,4,240,13.35515012,-37.65462187,-24.29947175
Concrete Strength,0.2,4,243,31.35047372,283.2652562,314.6157299
Concrete Strength,0.2,4,244,40.85834776,-89.64187888,-48.78353112
Concrete Strength,0.2,4,245,19.93275116,-95.21988671,-75.28713555
Concrete Strength,0.2,4,249,44.298833,-292.3522338,-248.0534008
Concrete Strength,0.2,4,263,44.39535964,-245.8871414,-201.4917817
Concrete Strength,0.2,4,274,45.83636448,9.661335466,55.49769995
Concrete Strength,0.2,4,276,29.93015316,154.064873,183.9950262
Concrete Strength,0.2,4,279,43.58177796,30.04017736,73.62195532
Concrete Strength,0.2,4,283,36.63875464,-418.3685789,-381.7298243
Concrete Strength,0.2,4,290,7.31534036,135.7560225,143.0713628
Concrete Strength,0.2,4,297,31.11605188,-291.2968975,-260.1808456
Concrete Strength,0.2,4,299,48.15300384,15.61019591,63.76319975
Concrete Strength,0.2,4,304,48.97348028,-109.577729,-60.60424872
Concrete Strength,0.2,4,314,52.04164848,-104.8527407,-52.81109225
Concrete Strength,0.2,4,316,33.35684888,-359.4765386,-326.1196897
Concrete Strength,0.2,4,318,44.14025352,326.6776522,370.8179057
Concrete Strength,0.2,4,320,15.36152528,201.6868141,217.0483393
Concrete Strength,0.2,4,325,21.78054684,-181.4140387,-159.6334919
Concrete Strength,0.2,4,332,52.5035974,-24.34886819,28.15472921
Concrete Strength,0.2,4,333,60.32225524,-360.5518519,-300.2295967
Concrete Strength,0.2,4,336,38.76923548,19.08217596,57.85141144
Concrete Strength,0.2,4,338,56.8472962,-185.264489,-128.4171928
Concrete Strength,0.2,4,341,36.9903874,399.3159245,436.3063119
Concrete Strength,0.2,4,343,51.95891136,-364.9974267,-313.0385153
Concrete Strength,0.2,4,349,50.07664188,60.89727593,110.9739178
Concrete Strength,0.2,4,354,59.30183076,156.4101078,215.7119386
Concrete Strength,0.2,4,355,30.44726016,2.362204002,32.80946416
Concrete Strength,0.2,4,362,55.50971276,289.8724887,345.3822015
Concrete Strength,0.2,4,366,38.60376124,69.72713384,108.3308951
Concrete Strength,0.2,4,368,53.95839176,235.2311027,289.1894945
Concrete Strength,0.2,4,373,37.2661778,-310.8001771,-273.5339993
Concrete Strength,0.2,4,395,52.30364936,560.1389537,612.442603
Concrete Strength,0.2,4,421,33.08795324,-221.531014,-188.4430608
Concrete Strength,0.2,4,425,33.00521612,-342.0395631,-309.034347
Concrete Strength,0.2,4,427,29.55094136,-192.5946299,-163.0436885
Concrete Strength,0.2,4,428,19.41564416,75.07168342,94.48732758
Concrete Strength,0.2,4,429,24.65566176,229.4504948,254.1061566
Concrete Strength,0.2,4,436,41.20308576,43.90079258,85.10387834
Concrete Strength,0.2,4,445,33.27411176,80.37049453,113.6446063
Concrete Strength,0.2,4,448,48.58737372,-367.6716342,-319.0842605
Concrete Strength,0.2,4,454,31.715896,73.57436582,105.2902618
Concrete Strength,0.2,4,455,39.64487,182.1754081,221.8202781
Concrete Strength,0.2,4,461,49.99390476,9.774525927,59.76843069
Concrete Strength,0.2,4,473,44.42293868,80.16924675,124.5921854
Concrete Strength,0.2,4,478,23.34565736,-10.80591777,12.53973959
Concrete Strength,0.2,4,480,38.01770664,-272.8080822,-234.7903756
Concrete Strength,0.2,4,484,55.25460664,44.6449687,99.89957534
Concrete Strength,0.2,4,491,34.77027468,10.93464699,45.70492167
Concrete Strength,0.2,4,493,45.89841732,-676.7194728,-630.8210555
Concrete Strength,0.2,4,523,44.52045028,114.581406,159.1018563
Concrete Strength,0.2,4,524,62.93536928,-6.090456597,56.84491268
Concrete Strength,0.2,4,531,66.78067543,-399.7823256,-333.0016502
Concrete Strength,0.2,4,539,34.56963716,159.4604696,194.0301068
Concrete Strength,0.2,4,541,24.4046925,70.00012225,94.40481474
Concrete Strength,0.2,4,542,15.61594192,-145.5286677,-129.9127258
Concrete Strength,0.2,4,555,15.69109481,-700.7195638,-685.028469
Concrete Strength,0.2,4,557,32.6266938,278.1711186,310.7978124
Concrete Strength,0.2,4,558,17.23621052,-145.4972917,-128.2610812
Concrete Strength,0.2,4,563,24.0654703,196.4075554,220.4730257
Concrete Strength,0.2,4,567,32.05167081,192.9904698,225.0421406
Concrete Strength,0.2,4,568,11.95758227,-91.20653186,-79.24894959
Concrete Strength,0.2,4,575,7.507014688,-197.6999977,-190.192983
Concrete Strength,0.2,4,579,17.20035777,339.0367816,356.2371393
Concrete Strength,0.2,4,580,22.62998127,-569.4928116,-546.8628303
Concrete Strength,0.2,4,583,25.72641799,-77.83695799,-52.11054
Concrete Strength,0.2,4,587,14.54104884,-374.085931,-359.5448821
Concrete Strength,0.2,4,600,20.96696516,113.1179338,134.084899
Concrete Strength,0.2,4,628,7.83934212,320.4253157,328.2646578
Concrete Strength,0.2,4,629,12.24509376,-357.9907947,-345.7457009
Concrete Strength,0.2,4,634,14.2032056,-64.38934763,-50.18614203
Concrete Strength,0.2,4,639,38.21075992,-97.28332368,-59.07256376
Concrete Strength,0.2,4,643,20.87043852,-358.6876149,-337.8171764
Concrete Strength,0.2,4,649,29.89223198,-217.5657691,-187.6735371
Concrete Strength,0.2,4,659,25.89396066,278.7296805,304.6236411
Concrete Strength,0.2,4,663,33.66435518,79.49747219,113.1618274
Concrete Strength,0.2,4,665,19.35014394,44.97488732,64.32503126
Concrete Strength,0.2,4,666,11.39221195,113.0076233,124.3998353
Concrete Strength,0.2,4,669,4.782205536,-388.0437459,-383.2615404
Concrete Strength,0.2,4,672,20.41607384,87.91226137,108.3283352
Concrete Strength,0.2,4,685,50.73233356,102.6961613,153.4284949
Concrete Strength,0.2,4,686,13.66403537,-31.96059074,-18.29655537
Concrete Strength,0.2,4,697,10.7875415,-112.2439582,-101.4564167
Concrete Strength,0.2,4,705,9.731264264,-159.737794,-150.0065297
Concrete Strength,0.2,4,706,3.31982694,143.0179632,146.3377902
Concrete Strength,0.2,4,710,32.10269204,92.07792676,124.1806188
Concrete Strength,0.2,4,711,36.96418731,-43.66208391,-6.697896595
Concrete Strength,0.2,4,726,38.70028788,-661.4863364,-622.7860485
Concrete Strength,0.2,4,729,31.74347504,-630.723758,-598.9802829
Concrete Strength,0.2,4,743,54.27555072,157.908756,212.1843068
Concrete Strength,0.2,4,745,14.49968028,24.59049764,39.09017792
Concrete Strength,0.2,4,746,22.43554904,-13.5686072,8.866941841
Concrete Strength,0.2,4,762,31.35047372,202.6195178,233.9699915
Concrete Strength,0.2,4,764,6.26733684,-416.7786546,-410.5113177
Concrete Strength,0.2,4,771,14.98920824,-210.8781763,-195.8889681
Concrete Strength,0.2,4,775,11.46598588,256.3733699,267.8393558
Concrete Strength,0.2,4,782,14.2032056,21.44596578,35.64917138
Concrete Strength,0.2,4,790,32.72253096,134.2377263,166.9602573
Concrete Strength,0.2,4,791,39.48629052,-60.44180779,-20.95551727
Concrete Strength,0.2,4,803,31.6469484,54.37244368,86.01939208
Concrete Strength,0.2,4,804,19.10537996,-53.88553349,-34.78015353
Concrete Strength,0.2,4,808,37.42475728,657.7340624,695.1588196
Concrete Strength,0.2,4,809,11.46598588,215.4758579,226.9418438
Concrete Strength,0.2,4,823,25.17966352,-293.7693905,-268.589727
Concrete Strength,0.2,4,826,39.0932892,14.02091354,53.11420274
Concrete Strength,0.2,4,834,36.34917472,-30.93945029,5.409724427
Concrete Strength,0.2,4,844,44.6090972,77.91565415,122.5247513
Concrete Strength,0.2,4,847,65.90701084,20.73578064,86.64279148
Concrete Strength,0.2,4,853,42.63719584,-437.0339213,-394.3967254
Concrete Strength,0.2,4,856,61.23236356,-151.8732026,-90.64083899
Concrete Strength,0.2,4,859,52.42086028,251.0891253,303.5099856
Concrete Strength,0.2,4,882,25.55887532,-287.2964198,-261.7375445
Concrete Strength,0.2,4,886,26.22766704,-108.1198926,-81.89222552
Concrete Strength,0.2,4,888,40.679084,161.4663306,202.1454146
Concrete Strength,0.2,4,889,19.00885332,330.1167956,349.1256489
Concrete Strength,0.2,4,894,23.51802636,47.70905523,71.22708159
Concrete Strength,0.2,4,895,29.72331036,-166.966877,-137.2435667
Concrete Strength,0.2,4,903,56.61287436,200.8676876,257.480562
Concrete Strength,0.2,4,906,13.29309728,-140.5311292,-127.2380319
Concrete Strength,0.2,4,910,23.73865868,281.8785217,305.6171804
Concrete Strength,0.2,4,915,41.05140104,12.91133111,53.96273215
Concrete Strength,0.2,4,951,38.6306508,-61.18666004,-22.55600924
Concrete Strength,0.2,4,952,19.0095428,449.2911585,468.3007013
Concrete Strength,0.2,4,966,56.61907964,213.6204286,270.2395082
Concrete Strength,0.2,4,985,9.738159024,342.4283837,352.1665428
Concrete Strength,0.2,4,986,33.798803,-225.7084459,-191.9096429
Concrete Strength,0.2,4,996,27.68108245,-278.315108,-250.6340256
Concrete Strength,0.2,4,1001,44.6118551,163.4487029,208.060558
Concrete Strength,0.2,4,1009,35.31427124,382.7959779,418.1102491
Concrete Strength,0.2,4,1012,43.79827342,-244.7073886,-200.9091152
Concrete Strength,0.2,4,1027,31.1787942,49.00166738,80.18046157
Concrete Strength,0.2,4,1028,23.69660064,-37.27131348,-13.57471283
Concrete Strength,0.2,4,1029,32.76803638,37.06033757,69.82837394
Concrete Strength,0.2,5,8,36.44776979,-357.0855566,-320.6377868
Concrete Strength,0.2,5,14,42.32693164,187.3741432,229.7010748
Concrete Strength,0.2,5,22,28.23748958,-214.0392731,-185.8017836
Concrete Strength,0.2,5,60,33.01900564,-6.027823835,26.99118181
Concrete Strength,0.2,5,63,9.86640156,132.1926284,142.0590299
Concrete Strength,0.2,5,72,28.79941252,-17.03306014,11.76635238
Concrete Strength,0.2,5,78,33.39821744,183.0043836,216.4026011
Concrete Strength,0.2,5,79,28.096147,62.10306882,90.19921582
Concrete Strength,0.2,5,81,33.39821744,482.0650302,515.4632476
Concrete Strength,0.2,5,92,35.3011712,-42.66640749,-7.365236285
Concrete Strength,0.2,5,94,46.20178676,-74.18575871,-27.98397195
Concrete Strength,0.2,5,101,49.20100736,166.5827875,215.7837949
Concrete Strength,0.2,5,111,37.99702236,-633.5339618,-595.5369395
Concrete Strength,0.2,5,130,71.29871316,-181.5432632,-110.2445501
Concrete Strength,0.2,5,150,64.30053176,152.1377034,216.4382352
Concrete Strength,0.2,5,158,77.29715436,242.7905653,320.0877197
Concrete Strength,0.2,5,163,64.90037588,112.9732927,177.8736686
Concrete Strength,0.2,5,165,65.19685056,13.67246885,78.86931941
Concrete Strength,0.2,5,179,76.80073164,75.40056728,152.2012989
Concrete Strength,0.2,5,187,24.8900836,152.7342298,177.6243134
Concrete Strength,0.2,5,195,12.45193656,216.1097646,228.5617012
Concrete Strength,0.2,5,198,33.96358776,70.00596797,103.9695557
Concrete Strength,0.2,5,215,9.4458212,122.8679221,132.3137433
Concrete Strength,0.2,5,219,40.38950408,60.70133106,101.0908351
Concrete Strength,0.2,5,230,17.9953236,507.1266173,525.1219409
Concrete Strength,0.2,5,237,40.2309246,-254.7460178,-214.5150932
Concrete Strength,0.2,5,238,47.13257936,329.0737651,376.2063445
Concrete Strength,0.2,5,239,49.97322048,-135.2004544,-85.22723396
Concrete Strength,0.2,5,242,24.53845084,61.44033356,85.9787844
Concrete Strength,0.2,5,255,13.54130864,-71.7956907,-58.25438206
Concrete Strength,0.2,5,258,42.54756396,-292.2775691,-249.7300051
Concrete Strength,0.2,5,262,37.404073,182.3073602,219.7114332
Concrete Strength,0.2,5,267,38.50033984,516.4781325,554.9784723
Concrete Strength,0.2,5,273,42.69924868,124.5437228,167.2429715
Concrete Strength,0.2,5,278,36.96970312,57.67921402,94.64891714
Concrete Strength,0.2,5,281,24.42813468,540.6922607,565.1203954
Concrete Strength,0.2,5,287,27.77209328,-134.5508297,-106.7787364
Concrete Strength,0.2,5,293,43.49904084,19.94476493,63.44380577
Concrete Strength,0.2,5,296,23.5111316,-102.29839,-78.78725845
Concrete Strength,0.2,5,299,48.15300384,58.00560569,106.1586095
Concrete Strength,0.2,5,301,34.67374804,165.6034358,200.2771838
Concrete Strength,0.2,5,302,34.73580088,354.2071621,388.942963
Concrete Strength,0.2,5,306,41.885667,-125.4602402,-83.57457324
Concrete Strength,0.2,5,317,33.94290348,61.92135756,95.86426104
Concrete Strength,0.2,5,318,44.14025352,-93.423689,-49.28343548
Concrete Strength,0.2,5,319,45.3675208,-90.71299458,-45.34547378
Concrete Strength,0.2,5,322,30.84715624,-474.5449441,-443.6977879
Concrete Strength,0.2,5,327,50.60064364,-191.5566782,-140.9560346
Concrete Strength,0.2,5,330,23.52492112,-409.0196899,-385.4947688
Concrete Strength,0.2,5,343,51.95891136,-45.0627492,6.896162163
Concrete Strength,0.2,5,360,27.42046052,-108.4147414,-80.99428086
Concrete Strength,0.2,5,366,38.60376124,307.2993043,345.9030656
Concrete Strength,0.2,5,367,52.20022796,-181.8535932,-129.6533653
Concrete Strength,0.2,5,368,53.95839176,-3.988902527,49.96948923
Concrete Strength,0.2,5,371,26.04840328,157.8144141,183.8628173
Concrete Strength,0.2,5,378,36.3009114,127.2628974,163.5638088
Concrete Strength,0.2,5,389,55.55108132,-443.5827205,-388.0316391
Concrete Strength,0.2,5,396,49.24927068,-26.29200692,22.95726376
Concrete Strength,0.2,5,399,39.39665864,-387.7806427,-348.3839841
Concrete Strength,0.2,5,408,19.41564416,-80.20938134,-60.79373718
Concrete Strength,0.2,5,412,23.07676172,253.8532488,276.9300105
Concrete Strength,0.2,5,413,15.52010476,177.0292502,192.5493549
Concrete Strength,0.2,5,421,33.08795324,-47.33325474,-14.2453015
Concrete Strength,0.2,5,424,29.7508894,-191.8775673,-162.1266779
Concrete Strength,0.2,5,426,32.90179472,-174.2276976,-141.3259028
Concrete Strength,0.2,5,430,29.59230992,-227.6604618,-198.0681519
Concrete Strength,0.2,5,434,46.38794528,92.53288293,138.9208282
Concrete Strength,0.2,5,436,41.20308576,166.5240892,207.727175
Concrete Strength,0.2,5,438,38.20386516,114.3965051,152.6003702
Concrete Strength,0.2,5,449,51.72448952,55.64368855,107.3681781
Concrete Strength,0.2,5,451,53.77223324,-65.09731489,-11.32508165
Concrete Strength,0.2,5,456,51.25564584,111.5787753,162.8344211
Concrete Strength,0.2,5,464,56.06129356,209.6647742,265.7260677
Concrete Strength,0.2,5,465,56.8128224,309.3864105,366.1992329
Concrete Strength,0.2,5,478,23.34565736,75.9802294,99.32588676
Concrete Strength,0.2,5,489,22.752708,-237.5330922,-214.7803842
Concrete Strength,0.2,5,494,41.66503468,-80.29106832,-38.62603364
Concrete Strength,0.2,5,498,44.02993736,79.67101712,123.7009545
Concrete Strength,0.2,5,508,62.05284,-63.99496224,-1.942122245
Concrete Strength,0.2,5,511,39.00464228,-295.5717305,-256.5670882
Concrete Strength,0.2,5,519,23.24519085,91.85532594,115.1005168
Concrete Strength,0.2,5,522,24.13166,81.92186116,106.0535212
Concrete Strength,0.2,5,535,19.1991487,-86.31182577,-67.11267707
Concrete Strength,0.2,5,539,34.56963716,428.930631,463.5002681
Concrete Strength,0.2,5,546,18.74616296,-179.4079275,-160.6617645
Concrete Strength,0.2,5,547,31.96686526,234.9066323,266.8734976
Concrete Strength,0.2,5,551,27.74244581,-99.31317432,-71.5707285
Concrete Strength,0.2,5,566,14.8437288,-39.02872237,-24.18499356
Concrete Strength,0.2,5,568,11.95758227,-195.0503211,-183.0927388
Concrete Strength,0.2,5,575,7.507014688,252.7903697,260.2973844
Concrete Strength,0.2,5,577,21.17932377,-432.6073741,-411.4280503
Concrete Strength,0.2,5,582,12.37264682,-88.73692518,-76.36427836
Concrete Strength,0.2,5,583,25.72641799,-472.8827954,-447.1563774
Concrete Strength,0.2,5,584,37.81362174,456.9638242,494.777446
Concrete Strength,0.2,5,586,33.0431373,144.6715733,177.7147106
Concrete Strength,0.2,5,587,14.54104884,-133.1692243,-118.6281755
Concrete Strength,0.2,5,593,37.43785732,448.1750295,485.6128868
Concrete Strength,0.2,5,594,11.48391226,8.097564959,19.58147721
Concrete Strength,0.2,5,595,24.43778734,142.8787099,167.3164973
Concrete Strength,0.2,5,607,12.83804312,136.2368202,149.0748633
Concrete Strength,0.2,5,608,18.41590396,43.89699694,62.3129009
Concrete Strength,0.2,5,629,12.24509376,-331.2067074,-318.9616136
Concrete Strength,0.2,5,651,33.19206412,-531.5705177,-498.3784536
Concrete Strength,0.2,5,659,25.89396066,-245.8723124,-219.9783517
Concrete Strength,0.2,5,660,29.23171397,-38.30204752,-9.070333547
Concrete Strength,0.2,5,664,27.8748252,89.38219146,117.2570167
Concrete Strength,0.2,5,668,39.32150576,175.7784464,215.0999521
Concrete Strength,0.2,5,672,20.41607384,-259.9426129,-239.526539
Concrete Strength,0.2,5,674,15.0305768,98.14973941,113.1803162
Concrete Strength,0.2,5,681,17.27551066,146.8166847,164.0921954
Concrete Strength,0.2,5,684,36.58842289,5.851311499,42.43973439
Concrete Strength,0.2,5,692,6.8085755,153.1463816,159.9549571
Concrete Strength,0.2,5,696,22.34798559,-33.33010988,-10.98212429
Concrete Strength,0.2,5,698,7.723510152,270.2838872,278.0073973
Concrete Strength,0.2,5,711,36.96418731,24.83725231,61.80143962
Concrete Strength,0.2,5,718,4.827710952,88.24150804,93.06921899
Concrete Strength,0.2,5,721,51.86376367,91.93623579,143.7999995
Concrete Strength,0.2,5,723,17.24379476,-343.0475317,-325.8037369
Concrete Strength,0.2,5,724,27.82725136,377.9259939,405.7532453
Concrete Strength,0.2,5,739,18.91232668,-198.579878,-179.6675513
Concrete Strength,0.2,5,740,25.17966352,-21.82028595,3.359377573
Concrete Strength,0.2,5,743,54.27555072,-48.27392616,6.001624565
Concrete Strength,0.2,5,775,11.46598588,126.4633935,137.9293794
Concrete Strength,0.2,5,776,22.43554904,-123.0534833,-100.6179342
Concrete Strength,0.2,5,779,14.79615496,-108.0337622,-93.2376072
Concrete Strength,0.2,5,783,21.6495464,3.404359426,25.05390583
Concrete Strength,0.2,5,784,29.39236188,147.8773506,177.2697124
Concrete Strength,0.2,5,791,39.48629052,-20.69873714,18.78755338
Concrete Strength,0.2,5,794,18.12632404,296.0299518,314.1562758
Concrete Strength,0.2,5,805,39.58281716,33.74295897,73.32577613
Concrete Strength,0.2,5,806,48.79421652,458.4717951,507.2660116
Concrete Strength,0.2,5,807,24.00065956,-146.0885938,-122.0879342
Concrete Strength,0.2,5,808,37.42475728,196.3917853,233.8165425
Concrete Strength,0.2,5,812,27.923778,-23.86604401,4.057733987
Concrete Strength,0.2,5,831,33.75674496,92.17331894,125.9300639
Concrete Strength,0.2,5,838,39.05192064,28.3208245,67.37274514
Concrete Strength,0.2,5,844,44.6090972,-25.63549532,18.97360188
Concrete Strength,0.2,5,848,52.82075636,-238.254844,-185.4340876
Concrete Strength,0.2,5,852,32.83974188,-184.6023286,-151.7625867
Concrete Strength,0.2,5,855,41.94082508,508.8904269,550.831252
Concrete Strength,0.2,5,859,52.42086028,-97.598946,-45.17808572
Concrete Strength,0.2,5,866,41.540929,-102.332317,-60.791388
Concrete Strength,0.2,5,873,32.39847724,-253.3686542,-220.9701769
Concrete Strength,0.2,5,880,44.38846488,-206.3752435,-161.9867786
Concrete Strength,0.2,5,881,12.17614616,-55.42690934,-43.25076318
Concrete Strength,0.2,5,883,36.4388066,55.75384751,92.19265411
Concrete Strength,0.2,5,888,40.679084,-85.1150752,-44.4359912
Concrete Strength,0.2,5,898,40.93419012,-101.1734896,-60.23929945
Concrete Strength,0.2,5,899,44.86420332,129.9248125,174.7890158
Concrete Strength,0.2,5,906,13.29309728,326.8830095,340.1761068
Concrete Strength,0.2,5,912,15.52010476,434.4752332,449.995338
Concrete Strength,0.2,5,921,29.06830816,162.034411,191.1027192
Concrete Strength,0.2,5,927,30.6472082,475.8460659,506.4932741
Concrete Strength,0.2,5,935,22.93197176,-170.900965,-147.9689933
Concrete Strength,0.2,5,949,26.23318285,44.53535409,70.76853694
Concrete Strength,0.2,5,962,44.86834018,-153.503678,-108.6353378
Concrete Strength,0.2,5,963,13.20208645,257.2525431,270.4546295
Concrete Strength,0.2,5,971,46.23419213,-473.4052245,-427.1710323
Concrete Strength,0.2,5,982,10.53588276,111.3838602,121.919743
Concrete Strength,0.2,5,986,33.798803,-112.8489992,-79.05019621
Concrete Strength,0.2,5,990,19.98790924,141.4087067,161.3966159
Concrete Strength,0.2,5,999,30.12320644,90.10585352,120.22906
Concrete Strength,0.2,5,1001,44.6118551,117.7651407,162.3769958
Concrete Strength,0.2,5,1003,57.21823429,-134.1956222,-76.97738795
Concrete Strength,0.2,5,1010,42.6440906,111.2900049,153.9340955
Concrete Strength,0.2,5,1015,33.30651713,170.2906048,203.5971219
Concrete Strength,0.2,5,1023,41.54230795,-227.5736739,-186.0313659
Concrete Strength,0.2,6,11,38.07424367,6.469172445,44.54341612
Concrete Strength,0.2,6,72,28.79941252,167.4003099,196.1997224
Concrete Strength,0.2,6,74,36.3009114,189.0591409,225.3600523
Concrete Strength,0.2,6,81,33.39821744,253.0813436,286.479561
Concrete Strength,0.2,6,82,25.2003478,-160.5531892,-135.3528414
Concrete Strength,0.2,6,92,35.3011712,-383.3526772,-348.051506
Concrete Strength,0.2,6,95,42.79577532,-256.8304411,-214.0346658
Concrete Strength,0.2,6,105,33.39821744,-217.2025522,-183.8043348
Concrete Strength,0.2,6,110,55.89581932,219.3044591,275.2002784
Concrete Strength,0.2,6,117,61.09446836,-132.5800647,-71.48559631
Concrete Strength,0.2,6,134,67.69964844,1.770457719,69.47010616
Concrete Strength,0.2,6,138,71.29871316,-47.69371375,23.60499941
Concrete Strength,0.2,6,140,63.3973182,-212.8043713,-149.4070531
Concrete Strength,0.2,6,145,72.29845336,6.012101996,78.31055536
Concrete Strength,0.2,6,147,64.30053176,-92.59855132,-28.29801956
Concrete Strength,0.2,6,148,55.19944856,-47.32784838,7.871600176
Concrete Strength,0.2,6,150,64.30053176,-252.5057476,-188.2052159
Concrete Strength,0.2,6,151,66.10006412,99.04278534,165.1428495
Concrete Strength,0.2,6,152,73.69808964,-94.99700172,-21.29891208
Concrete Strength,0.2,6,153,77.29715436,-352.1504825,-274.8533281
Concrete Strength,0.2,6,158,77.29715436,-170.5846983,-93.28754389
Concrete Strength,0.2,6,161,77.29715436,211.6741815,288.9713359
Concrete Strength,0.2,6,162,59.89478012,-86.28795877,-26.39317865
Concrete Strength,0.2,6,166,66.69990824,210.7258426,277.4257508
Concrete Strength,0.2,6,168,74.19451236,-336.4781918,-262.2836794
Concrete Strength,0.2,6,170,65.19685056,32.73816573,97.93501629
Concrete Strength,0.2,6,186,24.44881896,-74.93454771,-50.48572875
Concrete Strength,0.2,6,199,37.34202016,-39.15575569,-1.813735534
Concrete Strength,0.2,6,204,40.56876784,-260.2206907,-219.6519228
Concrete Strength,0.2,6,210,10.0318758,-14.12380686,-4.091931056
Concrete Strength,0.2,6,213,31.53663224,261.8680821,293.4047143
Concrete Strength,0.2,6,214,35.34253976,187.1883223,222.5308621
Concrete Strength,0.2,6,216,22.7182342,-268.7240981,-246.0058639
Concrete Strength,0.2,6,235,13.18278112,11.35459002,24.53737114
Concrete Strength,0.2,6,250,13.81709904,-196.5617766,-182.7446775
Concrete Strength,0.2,6,252,29.21999288,457.6105715,486.8305644
Concrete Strength,0.2,6,254,42.34761592,88.75998018,131.1075961
Concrete Strength,0.2,6,255,13.54130864,32.52053581,46.06184445
Concrete Strength,0.2,6,267,38.50033984,86.83571732,125.3360572
Concrete Strength,0.2,6,282,32.66047812,134.5650724,167.2255505
Concrete Strength,0.2,6,288,35.57006684,-304.6166177,-269.0465508
Concrete Strength,0.2,6,290,7.31534036,42.5988449,49.91418526
Concrete Strength,0.2,6,291,21.50475644,117.6356935,139.1404499
Concrete Strength,0.2,6,299,48.15300384,197.683512,245.8365159
Concrete Strength,0.2,6,302,34.73580088,322.7639154,357.4997163
Concrete Strength,0.2,6,306,41.885667,-48.68126827,-6.795601274
Concrete Strength,0.2,6,315,21.02212324,163.9025151,184.9246383
Concrete Strength,0.2,6,317,33.94290348,-372.716703,-338.7737995
Concrete Strength,0.2,6,322,30.84715624,-296.3195634,-265.4724071
Concrete Strength,0.2,6,333,60.32225524,145.2323784,205.5546336
Concrete Strength,0.2,6,334,66.42411784,-402.3623785,-335.9382607
Concrete Strength,0.2,6,344,56.7438748,-96.78497687,-40.04110207
Concrete Strength,0.2,6,353,51.4349096,-259.8551034,-208.4201938
Concrete Strength,0.2,6,360,27.42046052,-157.7319677,-130.3115072
Concrete Strength,0.2,6,371,26.04840328,-10.52338969,15.52501359
Concrete Strength,0.2,6,374,46.2293658,-144.3225897,-98.0932239
Concrete Strength,0.2,6,376,25.62092816,319.5535085,345.1744367
Concrete Strength,0.2,6,389,55.55108132,97.89597267,153.447054
Concrete Strength,0.2,6,398,29.15794004,-340.9519943,-311.7940542
Concrete Strength,0.2,6,401,67.86512268,201.3485889,269.2137116
Concrete Strength,0.2,6,405,76.23536132,245.8101194,322.0454807
Concrete Strength,0.2,6,410,14.94094492,-348.1643687,-333.2234238
Concrete Strength,0.2,6,425,33.00521612,40.13514638,73.1403625
Concrete Strength,0.2,6,436,41.20308576,-258.6608307,-217.4577449
Concrete Strength,0.2,6,442,27.22051248,-314.8779077,-287.6573953
Concrete Strength,0.2,6,450,35.852752,-266.6926886,-230.8399366
Concrete Strength,0.2,6,453,48.9872698,97.46276548,146.4500353
Concrete Strength,0.2,6,456,51.25564584,-383.4475256,-332.1918797
Concrete Strength,0.2,6,464,56.06129356,-293.2385259,-237.1772324
Concrete Strength,0.2,6,467,33.56369168,73.28726987,106.8509615
Concrete Strength,0.2,6,472,57.02655996,-21.53119536,35.4953646
Concrete Strength,0.2,6,482,61.06688932,96.70846133,157.7753507
Concrete Strength,0.2,6,485,54.76507868,327.6631171,382.4281958
Concrete Strength,0.2,6,489,22.752708,-533.4064861,-510.6537781
Concrete Strength,0.2,6,490,25.510612,47.41096006,72.92157206
Concrete Strength,0.2,6,493,45.89841732,92.95302834,138.8514457
Concrete Strength,0.2,6,495,56.33708396,267.4998051,323.8368891
Concrete Strength,0.2,6,496,47.96684532,272.6349694,320.6018148
Concrete Strength,0.2,6,498,44.02993736,-347.9825527,-303.9526153
Concrete Strength,0.2,6,508,62.05284,22.44598771,84.49882771
Concrete Strength,0.2,6,519,23.24519085,-11.26785012,11.97734073
Concrete Strength,0.2,6,530,68.75060685,263.2206599,331.9712667
Concrete Strength,0.2,6,532,23.84897484,-383.4467718,-359.597797
Concrete Strength,0.2,6,542,15.61594192,42.05439574,57.67033767
Concrete Strength,0.2,6,551,27.74244581,91.91132218,119.653768
Concrete Strength,0.2,6,558,17.23621052,30.41745879,47.65366932
Concrete Strength,0.2,6,562,33.08243743,-277.5215821,-244.4391447
Concrete Strength,0.2,6,567,32.05167081,-128.0375,-95.9858292
Concrete Strength,0.2,6,574,38.70028788,149.5992436,188.2995315
Concrete Strength,0.2,6,579,17.20035777,357.0757558,374.2761136
Concrete Strength,0.2,6,581,21.8591471,258.8686981,280.7278452
Concrete Strength,0.2,6,582,12.37264682,-218.7547313,-206.3820845
Concrete Strength,0.2,6,583,25.72641799,-202.2472373,-176.5208193
Concrete Strength,0.2,6,593,37.43785732,-47.9305351,-10.49267778
Concrete Strength,0.2,6,598,31.38150014,-27.09237405,4.289126094
Concrete Strength,0.2,6,601,27.04124872,-4.035935985,23.00531273
Concrete Strength,0.2,6,613,25.96566616,-143.3365388,-117.3708726
Concrete Strength,0.2,6,619,26.94472208,270.563081,297.5078031
Concrete Strength,0.2,6,627,9.99050724,276.4015163,286.3920236
Concrete Strength,0.2,6,628,7.83934212,211.0807103,218.9200524
Concrete Strength,0.2,6,630,11.1695112,-319.2193824,-308.0498712
Concrete Strength,0.2,6,636,15.57526284,-206.7990592,-191.2237963
Concrete Strength,0.2,6,638,26.0621928,-72.17955357,-46.11736077
Concrete Strength,0.2,6,639,38.21075992,516.5499691,554.760729
Concrete Strength,0.2,6,654,25.46096973,-93.49566022,-68.0346905
Concrete Strength,0.2,6,655,24.29092896,-433.3883995,-409.0974705
Concrete Strength,0.2,6,665,19.35014394,-120.6443963,-101.2942523
Concrete Strength,0.2,6,666,11.39221195,148.4903554,159.8825673
Concrete Strength,0.2,6,668,39.32150576,-41.91952125,-2.598015495
Concrete Strength,0.2,6,672,20.41607384,307.6985223,328.1145961
Concrete Strength,0.2,6,677,15.74832132,41.42669253,57.17501385
Concrete Strength,0.2,6,698,7.723510152,-49.78965722,-42.06614707
Concrete Strength,0.2,6,700,9.561653168,-276.1998784,-266.6382252
Concrete Strength,0.2,6,703,17.16588397,-297.5781123,-280.4122283
Concrete Strength,0.2,6,704,30.43967592,-85.37795101,-54.93827508
Concrete Strength,0.2,6,705,9.731264264,-72.62476265,-62.89349839
Concrete Strength,0.2,6,708,43.25082948,100.2151194,143.4659489
Concrete Strength,0.2,6,724,27.82725136,261.2341921,289.0614435
Concrete Strength,0.2,6,725,35.76312012,74.24926845,110.0123886
Concrete Strength,0.2,6,727,14.306627,-182.623163,-168.316536
Concrete Strength,0.2,6,732,15.87173752,26.45711488,42.3288524
Concrete Strength,0.2,6,734,33.60506024,-15.5830679,18.02199234
Concrete Strength,0.2,6,738,17.54026944,-69.08677074,-51.5465013
Concrete Strength,0.2,6,744,36.93522932,-289.7836813,-252.8484519
Concrete Strength,0.2,6,759,22.53207568,42.25819258,64.79026826
Concrete Strength,0.2,6,762,31.35047372,332.9221634,364.2726371
Concrete Strength,0.2,6,774,37.42475728,-307.5537273,-270.12897
Concrete Strength,0.2,6,775,11.46598588,221.7786566,233.2446425
Concrete Strength,0.2,6,776,22.43554904,-101.5525196,-79.11697057
Concrete Strength,0.2,6,779,14.79615496,-164.7207217,-149.9245667
Concrete Strength,0.2,6,782,14.2032056,-160.8925054,-146.6892998
Concrete Strength,0.2,6,787,31.44700036,123.6251266,155.072127
Concrete Strength,0.2,6,790,32.72253096,290.0631027,322.7856336
Concrete Strength,0.2,6,801,13.71367764,275.8062436,289.5199212
Concrete Strength,0.2,6,822,20.77391188,-111.5857789,-90.81186702
Concrete Strength,0.2,6,825,21.7529678,-92.54593018,-70.79296238
Concrete Strength,0.2,6,843,15.56836808,-402.5715223,-387.0031542
Concrete Strength,0.2,6,844,44.6090972,-89.81525191,-45.20615471
Concrete Strength,0.2,6,850,18.0297974,201.2322793,219.2620767
Concrete Strength,0.2,6,853,42.63719584,201.0855459,243.7227417
Concrete Strength,0.2,6,885,23.83518532,214.5453431,238.3805284
Concrete Strength,0.2,6,888,40.679084,-214.2032436,-173.5241596
Concrete Strength,0.2,6,890,33.7153764,311.0576128,344.7729892
Concrete Strength,0.2,6,898,40.93419012,-19.62990578,21.30428434
Concrete Strength,0.2,6,902,29.86810032,-120.016819,-90.14871873
Concrete Strength,0.2,6,905,23.786922,-87.26447499,-63.47755299
Concrete Strength,0.2,6,908,46.2293658,296.9317643,343.1611301
Concrete Strength,0.2,6,910,23.73865868,234.2011348,257.9397935
Concrete Strength,0.2,6,916,28.98557104,-104.5091435,-75.52357245
Concrete Strength,0.2,6,920,25.0969264,-13.84337461,11.25355179
Concrete Strength,0.2,6,926,27.234302,98.70549028,125.9397923
Concrete Strength,0.2,6,930,21.91154728,56.9593354,78.87088268
Concrete Strength,0.2,6,935,22.93197176,432.119116,455.0510878
Concrete Strength,0.2,6,949,26.23318285,151.4427321,177.675915
Concrete Strength,0.2,6,961,40.9348796,-209.8678167,-168.9329371
Concrete Strength,0.2,6,963,13.20208645,-307.2545844,-294.052498
Concrete Strength,0.2,6,973,23.74417449,-140.6667396,-116.9225651
Concrete Strength,0.2,6,975,15.52631004,-175.1255917,-159.5992817
Concrete Strength,0.2,6,976,43.57833058,390.8093253,434.3876559
Concrete Strength,0.2,6,984,29.07313449,162.3810657,191.4542002
Concrete Strength,0.2,6,1000,15.56974703,100.1475018,115.7172489
Concrete Strength,0.2,6,1009,35.31427124,-19.61895828,15.69531297
Concrete Strength,0.2,6,1013,61.23581094,-32.2609996,28.97481134
Concrete Strength,0.2,6,1014,40.8686899,-287.5829389,-246.714249
Concrete Strength,0.2,6,1015,33.30651713,227.0674945,260.3740116
Concrete Strength,0.2,6,1023,41.54230795,76.49510269,118.0374106
Concrete Strength,0.2,6,1026,44.284354,-146.3519914,-102.0676374
Concrete Strength,0.2,7,9,45.85429086,28.78301993,74.63731078
Concrete Strength,0.2,7,49,26.25800398,-93.13818661,-66.88018263
Concrete Strength,0.2,7,50,32.82319446,14.49797428,47.32116874
Concrete Strength,0.2,7,56,14.63826496,-220.1161608,-205.4778958
Concrete Strength,0.2,7,63,9.86640156,281.7016254,291.568027
Concrete Strength,0.2,7,71,34.39795764,52.07359792,86.47155556
Concrete Strength,0.2,7,72,28.79941252,6.013809325,34.81322185
Concrete Strength,0.2,7,78,33.39821744,-228.417094,-195.0188765
Concrete Strength,0.2,7,96,49.20100736,156.2543789,205.4553862
Concrete Strength,0.2,7,97,46.80163088,93.78782728,140.5894582
Concrete Strength,0.2,7,101,49.20100736,-241.9287781,-192.7277708
Concrete Strength,0.2,7,104,49.20100736,-136.8196563,-87.61864893
Concrete Strength,0.2,7,105,33.39821744,250.3534211,283.7516385
Concrete Strength,0.2,7,107,55.89581932,229.4567892,285.3526085
Concrete Strength,0.2,7,115,22.89749796,-363.7783553,-340.8808574
Concrete Strength,0.2,7,117,61.09446836,-62.72262121,-1.628152852
Concrete Strength,0.2,7,128,55.49592324,46.62616255,102.1220858
Concrete Strength,0.2,7,134,67.69964844,182.6069967,250.3066452
Concrete Strength,0.2,7,141,64.90037588,-53.32392946,11.57644642
Concrete Strength,0.2,7,142,64.30053176,-7.830171076,56.47036068
Concrete Strength,0.2,7,150,64.30053176,-242.1376159,-177.8370841
Concrete Strength,0.2,7,154,80.19984832,-4.660396217,75.5394521
Concrete Strength,0.2,7,162,59.89478012,-86.56451765,-26.66973753
Concrete Strength,0.2,7,168,74.19451236,-327.6452771,-253.4507648
Concrete Strength,0.2,7,170,65.19685056,-468.0545334,-402.8576828
Concrete Strength,0.2,7,186,24.44881896,11.34400959,35.79282855
Concrete Strength,0.2,7,194,34.55653712,38.47866891,73.03520603
Concrete Strength,0.2,7,195,12.45193656,222.4940997,234.9460362
Concrete Strength,0.2,7,199,37.34202016,-80.70030943,-43.35828927
Concrete Strength,0.2,7,202,26.40003604,121.4142663,147.8143024
Concrete Strength,0.2,7,214,35.34253976,-550.222126,-514.8795862
Concrete Strength,0.2,7,219,40.38950408,-141.5209087,-101.1314046
Concrete Strength,0.2,7,220,10.76272036,324.2090679,334.9717882
Concrete Strength,0.2,7,231,30.38520732,-156.7714171,-126.3862098
Concrete Strength,0.2,7,240,13.35515012,389.2243824,402.5795326
Concrete Strength,0.2,7,247,30.2335226,456.5243617,486.7578843
Concrete Strength,0.2,7,256,26.31040416,-140.1296977,-113.8192935
Concrete Strength,0.2,7,262,37.404073,-71.95134591,-34.54727291
Concrete Strength,0.2,7,264,47.73931824,-67.83110688,-20.09178864
Concrete Strength,0.2,7,269,47.8151606,35.51902979,83.33419039
Concrete Strength,0.2,7,271,26.77235308,66.34108234,93.11343542
Concrete Strength,0.2,7,283,36.63875464,79.78556183,116.4243165
Concrete Strength,0.2,7,287,27.77209328,221.8433501,249.6154434
Concrete Strength,0.2,7,296,23.5111316,-439.1864387,-415.6753071
Concrete Strength,0.2,7,297,31.11605188,191.5409749,222.6570268
Concrete Strength,0.2,7,298,39.14844728,-125.4166162,-86.26816896
Concrete Strength,0.2,7,300,22.50449664,315.2694668,337.7739635
Concrete Strength,0.2,7,301,34.67374804,-18.2464357,16.42731234
Concrete Strength,0.2,7,307,48.28400428,42.70472345,90.98872773
Concrete Strength,0.2,7,309,55.6407132,83.57014298,139.2108562
Concrete Strength,0.2,7,316,33.35684888,-27.02565803,6.331190851
Concrete Strength,0.2,7,328,55.82687172,342.9502664,398.7771381
Concrete Strength,0.2,7,329,60.9496784,211.0869579,272.0366363
Concrete Strength,0.2,7,332,52.5035974,41.89248438,94.39608178
Concrete Strength,0.2,7,334,66.42411784,238.0177665,304.4418843
Concrete Strength,0.2,7,335,23.80071152,154.4873861,178.2880977
Concrete Strength,0.2,7,336,38.76923548,-121.6440155,-82.87477999
Concrete Strength,0.2,7,337,51.3314882,-108.8015913,-57.47010307
Concrete Strength,0.2,7,343,51.95891136,-247.9727726,-196.0138613
Concrete Strength,0.2,7,355,30.44726016,-246.8520464,-216.4047863
Concrete Strength,0.2,7,357,63.14221208,-216.8653923,-153.7231802
Concrete Strength,0.2,7,359,66.9481196,105.9381554,172.886275
Concrete Strength,0.2,7,361,35.9561734,61.35942522,97.31559862
Concrete Strength,0.2,7,386,60.28088668,262.8300566,323.1109433
Concrete Strength,0.2,7,387,56.83350668,17.95285722,74.7863639
Concrete Strength,0.2,7,405,76.23536132,-327.437534,-251.2021727
Concrete Strength,0.2,7,408,19.41564416,43.9341282,63.34977236
Concrete Strength,0.2,7,410,14.94094492,-91.2852691,-76.34432418
Concrete Strength,0.2,7,411,21.29101888,232.5454188,253.8364377
Concrete Strength,0.2,7,421,33.08795324,-232.6885956,-199.6006424
Concrete Strength,0.2,7,436,41.20308576,140.9426573,182.1457431
Concrete Strength,0.2,7,438,38.20386516,282.1086384,320.3125036
Concrete Strength,0.2,7,439,41.40992856,-258.8664291,-217.4565006
Concrete Strength,0.2,7,454,31.715896,-385.9593472,-354.2434512
Concrete Strength,0.2,7,460,55.0201848,-35.70572989,19.31445491
Concrete Strength,0.2,7,470,44.27814872,164.1202656,208.3984143
Concrete Strength,0.2,7,480,38.01770664,236.0637795,274.0814861
Concrete Strength,0.2,7,484,55.25460664,-316.1421649,-260.8875582
Concrete Strength,0.2,7,485,54.76507868,-136.821272,-82.05619328
Concrete Strength,0.2,7,488,46.68441996,430.220169,476.904589
Concrete Strength,0.2,7,489,22.752708,-213.5967656,-190.8440576
Concrete Strength,0.2,7,509,32.01138572,140.0871476,172.0985333
Concrete Strength,0.2,7,512,65.69721315,-335.6297561,-269.9325429
Concrete Strength,0.2,7,522,24.13166,-259.5438766,-235.4122166
Concrete Strength,0.2,7,523,44.52045028,155.2995631,199.8200134
Concrete Strength,0.2,7,527,23.63917715,92.58434777,116.2235249
Concrete Strength,0.2,7,531,66.78067543,3.010821871,69.7914973
Concrete Strength,0.2,7,541,24.4046925,112.4537259,136.8584184
Concrete Strength,0.2,7,546,18.74616296,-218.190311,-199.444148
Concrete Strength,0.2,7,547,31.96686526,68.67872073,100.645586
Concrete Strength,0.2,7,548,23.4049523,-234.2664446,-210.8614923
Concrete Strength,0.2,7,564,21.81984697,539.6241537,561.4440006
Concrete Strength,0.2,7,567,32.05167081,101.3506517,133.4023225
Concrete Strength,0.2,7,574,38.70028788,-375.8207682,-337.1204803
Concrete Strength,0.2,7,576,17.57612219,271.0293683,288.6054905
Concrete Strength,0.2,7,577,21.17932377,37.63829016,58.81761393
Concrete Strength,0.2,7,579,17.20035777,-106.857256,-89.65689827
Concrete Strength,0.2,7,580,22.62998127,-66.39430173,-43.76432045
Concrete Strength,0.2,7,581,21.8591471,175.4124938,197.2716409
Concrete Strength,0.2,7,586,33.0431373,-259.3169362,-226.2737989
Concrete Strength,0.2,7,590,31.89998609,-150.9195581,-119.019572
Concrete Strength,0.2,7,591,10.33593472,641.0359488,651.3718835
Concrete Strength,0.2,7,594,11.48391226,-320.5300708,-309.0461585
Concrete Strength,0.2,7,596,17.59680647,195.0947425,212.691549
Concrete Strength,0.2,7,598,31.38150014,-152.0912426,-120.7097424
Concrete Strength,0.2,7,606,6.46728488,-106.9210455,-100.4537606
Concrete Strength,0.2,7,612,21.26343984,-33.8098808,-12.54644096
Concrete Strength,0.2,7,624,12.54156844,157.0738066,169.615375
Concrete Strength,0.2,7,629,12.24509376,629.0561908,641.3012846
Concrete Strength,0.2,7,631,17.3403214,234.5639261,251.9042475
Concrete Strength,0.2,7,632,17.54026944,91.13033101,108.6706005
Concrete Strength,0.2,7,635,24.49708228,-107.3123718,-82.81528955
Concrete Strength,0.2,7,639,38.21075992,154.2864257,192.4971857
Concrete Strength,0.2,7,640,43.69898888,-78.23694594,-34.53795706
Concrete Strength,0.2,7,642,12.73462172,81.5179016,94.25252332
Concrete Strength,0.2,7,645,34.29453624,-255.1945758,-220.9000395
Concrete Strength,0.2,7,661,31.0236621,-232.2372442,-201.2135821
Concrete Strength,0.2,7,675,13.5654403,255.7259124,269.2913527
Concrete Strength,0.2,7,676,32.53292506,-108.5848619,-76.05193684
Concrete Strength,0.2,7,681,17.27551066,50.27944963,67.55496029
Concrete Strength,0.2,7,690,16.8894041,121.3790884,138.2684925
Concrete Strength,0.2,7,700,9.561653168,-234.6683134,-225.1066602
Concrete Strength,0.2,7,707,26.32281473,-207.6618773,-181.3390626
Concrete Strength,0.2,7,713,21.48062478,-4.779024994,16.70159979
Concrete Strength,0.2,7,715,8.374375496,-116.1818769,-107.8075015
Concrete Strength,0.2,7,720,43.56523054,45.38840322,88.95363375
Concrete Strength,0.2,7,726,38.70028788,-82.35514955,-43.65486167
Concrete Strength,0.2,7,735,40.65839972,-297.5437901,-256.8853904
Concrete Strength,0.2,7,759,22.53207568,-299.8824329,-277.3503573
Concrete Strength,0.2,7,765,14.69962832,-34.64682797,-19.94719965
Concrete Strength,0.2,7,778,31.84000168,254.7385968,286.5785985
Concrete Strength,0.2,7,784,29.39236188,-269.3267006,-239.9343387
Concrete Strength,0.2,7,794,18.12632404,-290.1232517,-271.9969277
Concrete Strength,0.2,7,806,48.79421652,-149.9910887,-101.1968722
Concrete Strength,0.2,7,807,24.00065956,-250.3488416,-226.3481821
Concrete Strength,0.2,7,811,14.98920824,-184.4108433,-169.4216351
Concrete Strength,0.2,7,830,37.16965116,33.2562838,70.42593496
Concrete Strength,0.2,7,833,19.98790924,231.7739474,251.7618566
Concrete Strength,0.2,7,834,36.34917472,-20.62680886,15.72236586
Concrete Strength,0.2,7,844,44.6090972,322.0133711,366.6224683
Concrete Strength,0.2,7,848,52.82075636,-178.1833947,-125.3626384
Concrete Strength,0.2,7,849,33.39821744,-603.8794883,-570.4812708
Concrete Strength,0.2,7,857,40.86524252,100.3518841,141.2171266
Concrete Strength,0.2,7,869,44.27814872,63.39070753,107.6688563
Concrete Strength,0.2,7,872,32.76389952,-235.0739951,-202.3100955
Concrete Strength,0.2,7,880,44.38846488,-145.6037801,-101.2153152
Concrete Strength,0.2,7,899,44.86420332,238.7818191,283.6460224
Concrete Strength,0.2,7,910,23.73865868,-30.70645245,-6.967793768
Concrete Strength,0.2,7,926,27.234302,238.5148844,265.7491864
Concrete Strength,0.2,7,930,21.91154728,15.1453281,37.05687538
Concrete Strength,0.2,7,952,19.0095428,-38.58660004,-19.57705724
Concrete Strength,0.2,7,957,23.52423164,-110.8029438,-87.27871217
Concrete Strength,0.2,7,966,56.61907964,179.9171366,236.5362163
Concrete Strength,0.2,7,967,12.4595208,27.72309585,40.18261664
Concrete Strength,0.2,7,982,10.53588276,-73.93934873,-63.40346597
Concrete Strength,0.2,7,983,25.10382116,-452.5316487,-427.4278275
Concrete Strength,0.2,7,984,29.07313449,-365.1727352,-336.0996007
Concrete Strength,0.2,7,985,9.738159024,87.81375434,97.55191337
Concrete Strength,0.2,7,986,33.798803,-160.8316557,-127.0328528
Concrete Strength,0.2,7,988,33.76226077,145.7386969,179.5009576
Concrete Strength,0.2,7,998,45.30477848,239.4435465,284.748325
Concrete Strength,0.2,7,1009,35.31427124,153.4826862,188.7969575
Concrete Strength,0.2,7,1014,40.8686899,-164.8040699,-123.93538
Concrete Strength,0.2,7,1017,15.09125069,223.8284091,238.9196598
Concrete Strength,0.2,7,1018,38.46103971,204.7645887,243.2256284
Concrete Strength,0.2,7,1019,37.26548832,-107.7392703,-70.47378194
Concrete Strength,0.2,7,1026,44.284354,-144.8416413,-100.5572873
Concrete Strength,0.2,8,6,47.02984744,-313.425551,-266.3957036
Concrete Strength,0.2,8,14,42.32693164,-107.2051004,-64.8781688
Concrete Strength,0.2,8,58,9.131420144,-198.7249455,-189.5935254
Concrete Strength,0.2,8,68,30.27558064,-90.58349425,-60.30791361
Concrete Strength,0.2,8,73,33.39821744,-39.30492132,-5.906703883
Concrete Strength,0.2,8,88,24.40055564,-58.85843302,-34.45787738
Concrete Strength,0.2,8,90,39.300132,158.3608718,197.6610038
Concrete Strength,0.2,8,92,35.3011712,-60.11235935,-24.81118815
Concrete Strength,0.2,8,94,46.20178676,406.9283701,453.1301569
Concrete Strength,0.2,8,96,49.20100736,-200.0073617,-150.8063543
Concrete Strength,0.2,8,99,55.59934464,-60.09095752,-4.491612877
Concrete Strength,0.2,8,105,33.39821744,-205.3887822,-171.9905647
Concrete Strength,0.2,8,117,61.09446836,1.755797654,62.85026601
Concrete Strength,0.2,8,118,59.79825348,324.3577599,384.1560134
Concrete Strength,0.2,8,131,74.69782984,358.8281858,433.5260156
Concrete Strength,0.2,8,134,67.69964844,-44.90086281,22.79878563
Concrete Strength,0.2,8,151,66.10006412,-153.378147,-87.27808286
Concrete Strength,0.2,8,158,77.29715436,32.06031873,109.3574731
Concrete Strength,0.2,8,165,65.19685056,136.4812448,201.6780954
Concrete Strength,0.2,8,174,68.09954452,-327.688658,-259.5891135
Concrete Strength,0.2,8,175,75.497622,350.6374694,426.1350914
Concrete Strength,0.2,8,176,79.29663476,-462.2903081,-382.9936734
Concrete Strength,0.2,8,179,76.80073164,-80.31418735,-3.513455714
Concrete Strength,0.2,8,185,11.57630204,-20.08256083,-8.506258789
Concrete Strength,0.2,8,187,24.8900836,9.898162853,34.78824645
Concrete Strength,0.2,8,191,22.13907436,169.5454222,191.6844965
Concrete Strength,0.2,8,193,27.66177712,-492.478567,-464.8167898
Concrete Strength,0.2,8,196,24.98661024,430.4158341,455.4024443
Concrete Strength,0.2,8,199,37.34202016,69.28322379,106.625244
Concrete Strength,0.2,8,210,10.0318758,166.9287222,176.960598
Concrete Strength,0.2,8,247,30.2335226,-327.2912743,-297.0577517
Concrete Strength,0.2,8,250,13.81709904,657.283479,671.1005781
Concrete Strength,0.2,8,252,29.21999288,126.2558536,155.4758465
Concrete Strength,0.2,8,256,26.31040416,-217.6127994,-191.3023953
Concrete Strength,0.2,8,258,42.54756396,269.1196129,311.6671769
Concrete Strength,0.2,8,265,19.51906556,-37.14941198,-17.63034642
Concrete Strength,0.2,8,277,29.65436276,312.8639554,342.5183181
Concrete Strength,0.2,8,278,36.96970312,-311.4660119,-274.4963088
Concrete Strength,0.2,8,284,44.20920112,-183.6299173,-139.4207162
Concrete Strength,0.2,8,287,27.77209328,-60.57533708,-32.8032438
Concrete Strength,0.2,8,293,43.49904084,120.5084267,164.0074676
Concrete Strength,0.2,8,294,48.67011084,54.56427119,103.234382
Concrete Strength,0.2,8,300,22.50449664,257.6462685,280.1507651
Concrete Strength,0.2,8,309,55.6407132,105.4349145,161.0756277
Concrete Strength,0.2,8,314,52.04164848,269.2945083,321.3361567
Concrete Strength,0.2,8,319,45.3675208,-155.4110659,-110.0435451
Concrete Strength,0.2,8,322,30.84715624,227.5379489,258.3851052
Concrete Strength,0.2,8,325,21.78054684,51.35418398,73.13473082
Concrete Strength,0.2,8,330,23.52492112,164.9171742,188.4420953
Concrete Strength,0.2,8,331,42.21661548,238.8029202,281.0195356
Concrete Strength,0.2,8,332,52.5035974,164.5674982,217.0710956
Concrete Strength,0.2,8,334,66.42411784,74.02493358,140.4490514
Concrete Strength,0.2,8,337,51.3314882,-456.7602568,-405.4287686
Concrete Strength,0.2,8,340,21.91154728,157.8965111,179.8080583
Concrete Strength,0.2,8,342,47.401475,-275.2803454,-227.8788704
Concrete Strength,0.2,8,347,40.14818748,267.7921296,307.9403171
Concrete Strength,0.2,8,356,47.7117392,-84.68427905,-36.97253985
Concrete Strength,0.2,8,365,18.01600788,-47.75784463,-29.74183675
Concrete Strength,0.2,8,373,37.2661778,242.4180878,279.6842656
Concrete Strength,0.2,8,388,51.021224,74.52689463,125.5481186
Concrete Strength,0.2,8,400,39.300132,1.466288513,40.76642051
Concrete Strength,0.2,8,401,67.86512268,225.5227805,293.3879032
Concrete Strength,0.2,8,403,53.57917996,53.90991665,107.4890966
Concrete Strength,0.2,8,409,20.72564856,130.5245563,151.2502048
Concrete Strength,0.2,8,413,15.52010476,203.5805671,219.1006719
Concrete Strength,0.2,8,414,15.81657944,280.9038667,296.7204461
Concrete Strength,0.2,8,427,29.55094136,-80.42735722,-50.87641586
Concrete Strength,0.2,8,430,29.59230992,332.4356732,362.0279831
Concrete Strength,0.2,8,434,46.38794528,-464.7076984,-418.3197531
Concrete Strength,0.2,8,438,38.20386516,-193.9859559,-155.7820908
Concrete Strength,0.2,8,439,41.40992856,285.3174833,326.7274119
Concrete Strength,0.2,8,443,44.63667624,693.0647432,737.7014194
Concrete Strength,0.2,8,448,48.58737372,67.68492526,116.272299
Concrete Strength,0.2,8,450,35.852752,207.8636268,243.7163788
Concrete Strength,0.2,8,454,31.715896,107.9222274,139.6381234
Concrete Strength,0.2,8,456,51.25564584,44.51127868,95.76692452
Concrete Strength,0.2,8,457,43.38872468,-143.6853216,-100.296597
Concrete Strength,0.2,8,458,39.2656582,198.2908187,237.5564769
Concrete Strength,0.2,8,461,49.99390476,124.4115485,174.4054533
Concrete Strength,0.2,8,464,56.06129356,357.3132666,413.3745602
Concrete Strength,0.2,8,467,33.56369168,110.6153794,144.1790711
Concrete Strength,0.2,8,471,40.14818748,265.7841667,305.9323542
Concrete Strength,0.2,8,472,57.02655996,343.7152017,400.7417617
Concrete Strength,0.2,8,482,61.06688932,-102.7186556,-41.65176623
Concrete Strength,0.2,8,484,55.25460664,-68.40256701,-13.14796037
Concrete Strength,0.2,8,486,50.23522136,76.50072537,126.7359467
Concrete Strength,0.2,8,497,61.45989064,-126.9112575,-65.45136689
Concrete Strength,0.2,8,508,62.05284,306.3501812,368.4030212
Concrete Strength,0.2,8,521,13.39553372,248.0022289,261.3977626
Concrete Strength,0.2,8,522,24.13166,-6.590985138,17.54067486
Concrete Strength,0.2,8,530,68.75060685,-84.55487928,-15.80427243
Concrete Strength,0.2,8,563,24.0654703,33.03431241,57.09978272
Concrete Strength,0.2,8,577,21.17932377,422.8747724,444.0540962
Concrete Strength,0.2,8,584,37.81362174,304.0150334,341.8286552
Concrete Strength,0.2,8,593,37.43785732,294.8190618,332.2569191
Concrete Strength,0.2,8,599,13.22414968,62.63936966,75.86351934
Concrete Strength,0.2,8,602,32.03994972,-82.92721925,-50.88726953
Concrete Strength,0.2,8,613,25.96566616,-113.6791352,-87.71346902
Concrete Strength,0.2,8,614,11.36256448,16.3410796,27.70364408
Concrete Strength,0.2,8,619,26.94472208,-303.7930083,-276.8482862
Concrete Strength,0.2,8,630,11.1695112,154.720665,165.8901762
Concrete Strength,0.2,8,634,14.2032056,330.4644688,344.6676744
Concrete Strength,0.2,8,635,24.49708228,-184.4205148,-159.9234325
Concrete Strength,0.2,8,637,26.84819544,-195.3140364,-168.4658409
Concrete Strength,0.2,8,645,34.29453624,-81.55345759,-47.25892135
Concrete Strength,0.2,8,649,29.89223198,179.0478303,208.9400623
Concrete Strength,0.2,8,653,4.565020596,-149.2786503,-144.7136297
Concrete Strength,0.2,8,661,31.0236621,-411.2282739,-380.2046118
Concrete Strength,0.2,8,666,11.39221195,-156.5562859,-145.1640739
Concrete Strength,0.2,8,668,39.32150576,33.21326606,72.53477182
Concrete Strength,0.2,8,682,24.28196577,182.0093695,206.2913352
Concrete Strength,0.2,8,699,41.68434001,-117.8678148,-76.18347474
Concrete Strength,0.2,8,705,9.731264264,-260.2316441,-250.5003799
Concrete Strength,0.2,8,708,43.25082948,15.84407056,59.09490004
Concrete Strength,0.2,8,712,54.59891496,33.42020967,88.01912463
Concrete Strength,0.2,8,714,9.694722036,-53.935143,-44.24042096
Concrete Strength,0.2,8,726,38.70028788,-56.93426662,-18.23397874
Concrete Strength,0.2,8,739,18.91232668,-135.613884,-116.7015573
Concrete Strength,0.2,8,762,31.35047372,461.9990542,493.349528
Concrete Strength,0.2,8,765,14.69962832,137.8046582,152.5042865
Concrete Strength,0.2,8,768,31.35047372,-259.4277111,-228.0772374
Concrete Strength,0.2,8,781,17.54026944,-154.8257965,-137.285527
Concrete Strength,0.2,8,783,21.6495464,538.3507579,560.0003043
Concrete Strength,0.2,8,784,29.39236188,23.77857331,53.17093519
Concrete Strength,0.2,8,789,18.12632404,96.93931158,115.0656356
Concrete Strength,0.2,8,790,32.72253096,-184.2016231,-151.4790922
Concrete Strength,0.2,8,791,39.48629052,-208.222703,-168.7364125
Concrete Strength,0.2,8,801,13.71367764,-112.5219013,-98.80822362
Concrete Strength,0.2,8,804,19.10537996,176.2680923,195.3734722
Concrete Strength,0.2,8,822,20.77391188,-59.30109299,-38.52718111
Concrete Strength,0.2,8,843,15.56836808,-53.62938771,-38.06101963
Concrete Strength,0.2,8,850,18.0297974,-130.8192004,-112.789403
Concrete Strength,0.2,8,854,40.0585556,274.9906841,315.0492397
Concrete Strength,0.2,8,862,37.25928304,-87.23424765,-49.97496461
Concrete Strength,0.2,8,868,37.91428524,190.0801767,227.9944619
Concrete Strength,0.2,8,872,32.76389952,361.4845083,394.2484078
Concrete Strength,0.2,8,890,33.7153764,-412.72236,-379.0069836
Concrete Strength,0.2,8,895,29.72331036,28.67083352,58.39414388
Concrete Strength,0.2,8,898,40.93419012,-44.40555899,-3.471368871
Concrete Strength,0.2,8,899,44.86420332,8.352213018,53.21641634
Concrete Strength,0.2,8,900,13.19657064,-443.5965758,-430.4000052
Concrete Strength,0.2,8,904,12.45883132,-171.3833771,-158.9245457
Concrete Strength,0.2,8,906,13.29309728,-403.7086299,-390.4155326
Concrete Strength,0.2,8,910,23.73865868,2.923500274,26.66215895
Concrete Strength,0.2,8,912,15.52010476,-62.42472807,-46.90462331
Concrete Strength,0.2,8,915,41.05140104,51.13935772,92.19075876
Concrete Strength,0.2,8,917,46.24315532,-70.16087933,-23.91772401
Concrete Strength,0.2,8,919,10.53519328,451.8935607,462.428754
Concrete Strength,0.2,8,920,25.0969264,-200.7289531,-175.6320267
Concrete Strength,0.2,8,921,29.06830816,234.4900546,263.5583627
Concrete Strength,0.2,8,928,33.05347944,-295.8561159,-262.8026364
Concrete Strength,0.2,8,934,23.8903434,-20.87175018,3.018593218
Concrete Strength,0.2,8,935,22.93197176,11.00498734,33.9369591
Concrete Strength,0.2,8,938,36.80491836,-235.2157241,-198.4108058
Concrete Strength,0.2,8,956,32.24541357,-300.9917033,-268.7462898
Concrete Strength,0.2,8,967,12.4595208,-93.56271912,-81.10319832
Concrete Strength,0.2,8,968,23.786922,-226.5834074,-202.7964854
Concrete Strength,0.2,8,970,39.42147978,-198.6155955,-159.1941157
Concrete Strength,0.2,8,971,46.23419213,-45.79268405,0.4415080864
Concrete Strength,0.2,8,981,26.92265885,278.6036147,305.5262736
Concrete Strength,0.2,8,990,19.98790924,-220.7344291,-200.7465199
Concrete Strength,0.2,8,999,30.12320644,-222.8655992,-192.7423928
Concrete Strength,0.2,8,1002,53.52471136,-131.7287634,-78.204052
Concrete Strength,0.2,8,1008,37.36339392,-96.32716605,-58.96377213
Concrete Strength,0.2,8,1013,61.23581094,-264.3104058,-203.0745948
Concrete Strength,0.2,8,1015,33.30651713,444.3792899,477.685807
Concrete Strength,0.2,8,1021,42.14008364,64.0086463,106.1487299
Concrete Strength,0.2,9,76,37.79707432,57.55719715,95.35427147
Concrete Strength,0.2,9,78,33.39821744,-248.6322669,-215.2340495
Concrete Strength,0.2,9,83,41.09966436,-18.06470719,23.03495717
Concrete Strength,0.2,9,89,35.3011712,72.83273029,108.1339015
Concrete Strength,0.2,9,90,39.300132,-9.149276306,30.15085569
Concrete Strength,0.2,9,93,24.0971862,50.21510347,74.31228967
Concrete Strength,0.2,9,99,55.59934464,358.1358454,413.7351901
Concrete Strength,0.2,9,108,49.80085148,313.7556212,363.5564726
Concrete Strength,0.2,9,115,22.89749796,-526.6934896,-503.7959916
Concrete Strength,0.2,9,117,61.09446836,-132.8686288,-71.77416045
Concrete Strength,0.2,9,120,61.79773388,97.02573982,158.8234737
Concrete Strength,0.2,9,133,71.29871316,184.5570503,255.8557634
Concrete Strength,0.2,9,143,64.90037588,24.59037641,89.49075229
Concrete Strength,0.2,9,154,80.19984832,-276.418932,-196.2190836
Concrete Strength,0.2,9,162,59.89478012,126.3932023,186.2879824
Concrete Strength,0.2,9,163,64.90037588,171.5273129,236.4276887
Concrete Strength,0.2,9,166,66.69990824,237.1999217,303.8998299
Concrete Strength,0.2,9,168,74.19451236,271.808191,346.0027034
Concrete Strength,0.2,9,178,79.29663476,-176.5235076,-97.22687288
Concrete Strength,0.2,9,180,79.29663476,-209.524918,-130.2282832
Concrete Strength,0.2,9,186,24.44881896,309.4909344,333.9397533
Concrete Strength,0.2,9,193,27.66177712,-157.1617259,-129.4999487
Concrete Strength,0.2,9,195,12.45193656,-117.2104031,-104.7584665
Concrete Strength,0.2,9,206,20.91870184,150.6758416,171.5945435
Concrete Strength,0.2,9,213,31.53663224,16.98783892,48.52447116
Concrete Strength,0.2,9,220,10.76272036,18.45212621,29.21484657
Concrete Strength,0.2,9,231,30.38520732,80.93311029,111.3183176
Concrete Strength,0.2,9,233,50.77301264,-211.7477063,-160.9746936
Concrete Strength,0.2,9,236,17.83674412,-341.7119766,-323.8752325
Concrete Strength,0.2,9,239,49.97322048,-157.1408101,-107.1675896
Concrete Strength,0.2,9,252,29.21999288,-141.6683389,-112.448346
Concrete Strength,0.2,9,254,42.34761592,-5.860382971,36.48723295
Concrete Strength,0.2,9,262,37.404073,-349.6563842,-312.2523112
Concrete Strength,0.2,9,265,19.51906556,122.1145293,141.6335949
Concrete Strength,0.2,9,267,38.50033984,-656.2543921,-617.7540523
Concrete Strength,0.2,9,272,33.72916592,-356.3131804,-322.5840145
Concrete Strength,0.2,9,278,36.96970312,260.5625389,297.5322421
Concrete Strength,0.2,9,281,24.42813468,108.615376,133.0435107
Concrete Strength,0.2,9,284,44.20920112,-270.1643183,-225.9551171
Concrete Strength,0.2,9,294,48.67011084,628.4582488,677.1283597
Concrete Strength,0.2,9,296,23.5111316,101.4719596,124.9830912
Concrete Strength,0.2,9,313,48.71837416,-173.1878421,-124.4694679
Concrete Strength,0.2,9,324,51.0556978,101.9627749,153.0184727
Concrete Strength,0.2,9,325,21.78054684,338.977296,360.7578428
Concrete Strength,0.2,9,328,55.82687172,34.34246514,90.16933686
Concrete Strength,0.2,9,334,66.42411784,47.76490105,114.1890189
Concrete Strength,0.2,9,348,46.6430514,43.98896223,90.63201363
Concrete Strength,0.2,9,364,63.52831864,251.8443599,315.3726785
Concrete Strength,0.2,9,366,38.60376124,-431.6974359,-393.0936746
Concrete Strength,0.2,9,367,52.20022796,-7.303504097,44.89672386
Concrete Strength,0.2,9,369,56.63355864,-13.2971197,43.33643894
Concrete Strength,0.2,9,370,15.340841,65.45505499,80.79589599
Concrete Strength,0.2,9,372,30.21973308,174.5748763,204.7946094
Concrete Strength,0.2,9,398,29.15794004,151.3119978,180.4699378
Concrete Strength,0.2,9,400,39.300132,-35.12297532,4.177156682
Concrete Strength,0.2,9,403,53.57917996,10.81348491,64.39266487
Concrete Strength,0.2,9,405,76.23536132,-217.5838035,-141.3484421
Concrete Strength,0.2,9,412,23.07676172,-333.4452403,-310.3684786
Concrete Strength,0.2,9,417,15.60973664,276.0686227,291.6783594
Concrete Strength,0.2,9,424,29.7508894,193.4056132,223.1565026
Concrete Strength,0.2,9,427,29.55094136,-216.0506149,-186.4996735
Concrete Strength,0.2,9,429,24.65566176,-100.0049438,-75.34928204
Concrete Strength,0.2,9,451,53.77223324,-20.34452906,33.42770418
Concrete Strength,0.2,9,453,48.9872698,2.27946808,51.26673788
Concrete Strength,0.2,9,455,39.64487,-344.7568378,-305.1119678
Concrete Strength,0.2,9,460,55.0201848,22.50028935,77.52047415
Concrete Strength,0.2,9,465,56.8128224,14.49272345,71.30554585
Concrete Strength,0.2,9,484,55.25460664,21.22548058,76.48008722
Concrete Strength,0.2,9,486,50.23522136,254.9240052,305.1592266
Concrete Strength,0.2,9,492,36.83870268,194.2634853,231.102188
Concrete Strength,0.2,9,511,39.00464228,226.5514473,265.5560896
Concrete Strength,0.2,9,527,23.63917715,360.6371466,384.2763238
Concrete Strength,0.2,9,531,66.78067543,-101.3519928,-34.57131736
Concrete Strength,0.2,9,533,32.06821824,-132.270132,-100.2019137
Concrete Strength,0.2,9,536,48.8466167,-396.3907968,-347.5441801
Concrete Strength,0.2,9,537,39.60488039,-78.30923322,-38.70435283
Concrete Strength,0.2,9,538,43.94237391,379.3737527,423.3161266
Concrete Strength,0.2,9,539,34.56963716,30.36274906,64.93238623
Concrete Strength,0.2,9,541,24.4046925,-224.6931773,-200.2884848
Concrete Strength,0.2,9,543,21.8591471,88.18078268,110.0399298
Concrete Strength,0.2,9,552,8.204074924,-26.8816031,-18.67752818
Concrete Strength,0.2,9,555,15.69109481,1.672090643,17.36318545
Concrete Strength,0.2,9,557,32.6266938,127.9009224,160.5276162
Concrete Strength,0.2,9,562,33.08243743,-102.7300554,-69.64761794
Concrete Strength,0.2,9,564,21.81984697,-105.284013,-83.46416598
Concrete Strength,0.2,9,565,21.0662497,-70.74163941,-49.67538971
Concrete Strength,0.2,9,579,17.20035777,-26.54120059,-9.340842817
Concrete Strength,0.2,9,583,25.72641799,140.8083541,166.5347721
Concrete Strength,0.2,9,589,7.995853172,192.2832653,200.2791185
Concrete Strength,0.2,9,593,37.43785732,-181.386394,-143.9485367
Concrete Strength,0.2,9,594,11.48391226,10.64142294,22.1253352
Concrete Strength,0.2,9,598,31.38150014,-157.3710852,-125.989585
Concrete Strength,0.2,9,606,6.46728488,-260.0464667,-253.5791818
Concrete Strength,0.2,9,608,18.41590396,-220.1584477,-201.7425437
Concrete Strength,0.2,9,643,20.87043852,-104.6977714,-83.82733284
Concrete Strength,0.2,9,644,20.27748916,71.93564431,92.21313347
Concrete Strength,0.2,9,650,6.902344236,-200.181553,-193.2792087
Concrete Strength,0.2,9,651,33.19206412,-3.660509888,29.53155423
Concrete Strength,0.2,9,666,11.39221195,135.6775324,147.0697443
Concrete Strength,0.2,9,670,16.10960674,-206.6256669,-190.5160601
Concrete Strength,0.2,9,677,15.74832132,-278.1563899,-262.4080686
Concrete Strength,0.2,9,680,33.00383717,55.98840251,88.99223968
Concrete Strength,0.2,9,681,17.27551066,327.8000452,345.0755558
Concrete Strength,0.2,9,690,16.8894041,-396.9839879,-380.0945838
Concrete Strength,0.2,9,692,6.8085755,-24.64019848,-17.83162298
Concrete Strength,0.2,9,694,17.96429718,190.6795871,208.6438843
Concrete Strength,0.2,9,696,22.34798559,-55.90455902,-33.55657343
Concrete Strength,0.2,9,724,27.82725136,-83.81937154,-55.99212018
Concrete Strength,0.2,9,725,35.76312012,-303.8835932,-268.1204731
Concrete Strength,0.2,9,728,17.43684804,162.0863792,179.5232273
Concrete Strength,0.2,9,731,39.38286912,-119.6847661,-80.30189696
Concrete Strength,0.2,9,733,9.01145132,225.1880136,234.1994649
Concrete Strength,0.2,9,736,40.85834776,625.6797761,666.5381238
Concrete Strength,0.2,9,764,6.26733684,339.609834,345.8771709
Concrete Strength,0.2,9,775,11.46598588,-42.59329899,-31.12731311
Concrete Strength,0.2,9,785,13.52062436,135.4929708,149.0135951
Concrete Strength,0.2,9,789,18.12632404,282.0633932,300.1897173
Concrete Strength,0.2,9,806,48.79421652,-224.9989269,-176.2047104
Concrete Strength,0.2,9,810,19.69143456,199.3031552,218.9945898
Concrete Strength,0.2,9,812,27.923778,-239.8303934,-211.9066154
Concrete Strength,0.2,9,831,33.75674496,63.2867224,97.04346736
Concrete Strength,0.2,9,841,45.2985732,-424.043824,-378.7452508
Concrete Strength,0.2,9,844,44.6090972,-175.9234246,-131.3143274
Concrete Strength,0.2,9,860,15.08573488,78.62354605,93.70928093
Concrete Strength,0.2,9,861,38.45897128,-172.4486606,-133.9896893
Concrete Strength,0.2,9,869,44.27814872,-186.1975804,-141.9194316
Concrete Strength,0.2,9,870,31.17810472,139.968674,171.1467787
Concrete Strength,0.2,9,873,32.39847724,417.3560057,449.7544829
Concrete Strength,0.2,9,875,36.80422888,-40.40988783,-3.605658954
Concrete Strength,0.2,9,881,12.17614616,-259.7581206,-247.5819745
Concrete Strength,0.2,9,884,32.9569528,-58.86495005,-25.90799725
Concrete Strength,0.2,9,889,19.00885332,292.0760869,311.0849403
Concrete Strength,0.2,9,890,33.7153764,-477.5729945,-443.8576181
Concrete Strength,0.2,9,896,49.77327244,131.19628,180.9695525
Concrete Strength,0.2,9,898,40.93419012,350.7427359,391.676926
Concrete Strength,0.2,9,905,23.786922,76.89401908,100.6809411
Concrete Strength,0.2,9,907,39.41734292,-248.6214025,-209.2040596
Concrete Strength,0.2,9,917,46.24315532,-167.1049111,-120.8617557
Concrete Strength,0.2,9,922,9.73540112,-1.544116077,8.191285043
Concrete Strength,0.2,9,925,26.96540636,106.8737072,133.8391136
Concrete Strength,0.2,9,926,27.234302,60.29269978,87.52700178
Concrete Strength,0.2,9,929,24.5798194,147.3978228,171.9776422
Concrete Strength,0.2,9,931,30.88163004,-381.3604576,-350.4788276
Concrete Strength,0.2,9,932,15.340841,-12.90180932,2.439031679
Concrete Strength,0.2,9,942,28.9379972,28.30430733,57.24230453
Concrete Strength,0.2,9,946,36.44363293,440.3582714,476.8019044
Concrete Strength,0.2,9,948,23.8358748,-101.5074314,-77.67155658
Concrete Strength,0.2,9,956,32.24541357,139.414355,171.6597686
Concrete Strength,0.2,9,957,23.52423164,-197.4372506,-173.913019
Concrete Strength,0.2,9,960,52.44637089,-487.8796343,-435.4332634
Concrete Strength,0.2,9,970,39.42147978,294.5807849,334.0022646
Concrete Strength,0.2,9,973,23.74417449,58.40952513,82.15369961
Concrete Strength,0.2,9,980,46.24729218,140.8414239,187.0887161
Concrete Strength,0.2,9,981,26.92265885,135.5662357,162.4888946
Concrete Strength,0.2,9,1002,53.52471136,95.0798801,148.6045915
Concrete Strength,0.2,9,1003,57.21823429,-4.170298085,53.0479362
Concrete Strength,0.2,9,1006,33.39959639,284.7713915,318.1709878
Concrete Strength,0.2,9,1007,18.03393426,186.7905037,204.8244379
Concrete Strength,0.2,9,1008,37.36339392,132.0689477,169.4323416
Concrete Strength,0.2,9,1013,61.23581094,106.7490885,167.9848994
Concrete Strength,0.2,9,1014,40.8686899,-210.4120509,-169.543361
Concrete Strength,0.2,9,1016,52.42637609,188.9729271,241.3993032
Concrete Strength,0.2,9,1017,15.09125069,115.4074587,130.4987094
Concrete Strength,0.2,9,1021,42.14008364,-56.51473803,-14.37465439
Concrete Strength,0.2,9,1023,41.54230795,180.3618192,221.9041272
Concrete Strength,0.2,9,1027,31.1787942,63.23323651,94.41203071
Concrete Strength,0.2,9,1029,32.76803638,-129.8239498,-97.05591342
Concrete Strength,0.2,10,47,15.04919265,-97.88242355,-82.8332309
Concrete Strength,0.2,10,58,9.131420144,382.6969957,391.8284158
Concrete Strength,0.2,10,63,9.86640156,-215.9666373,-206.1002357
Concrete Strength,0.2,10,68,30.27558064,132.9793155,163.2548961
Concrete Strength,0.2,10,69,40.85696881,-161.1988337,-120.3418649
Concrete Strength,0.2,10,87,35.3011712,-77.86614776,-42.56497656
Concrete Strength,0.2,10,90,39.300132,35.27866171,74.57879371
Concrete Strength,0.2,10,102,34.90127512,164.7013456,199.6026208
Concrete Strength,0.2,10,105,33.39821744,-112.4147751,-79.01655769
Concrete Strength,0.2,10,107,55.89581932,-287.1940867,-231.2982674
Concrete Strength,0.2,10,111,37.99702236,94.3798884,132.3769108
Concrete Strength,0.2,10,112,55.89581932,162.1979089,218.0937283
Concrete Strength,0.2,10,113,56.09576736,-299.7353338,-243.6395664
Concrete Strength,0.2,10,116,35.10122316,125.4934938,160.5947169
Concrete Strength,0.2,10,119,60.2946762,118.5918481,178.8865243
Concrete Strength,0.2,10,122,68.29949256,-43.23719734,25.06229522
Concrete Strength,0.2,10,124,60.2946762,-195.5040071,-135.2093309
Concrete Strength,0.2,10,125,50.69717028,-460.249561,-409.5523907
Concrete Strength,0.2,10,133,71.29871316,12.43453125,83.73324441
Concrete Strength,0.2,10,138,71.29871316,-17.67757564,53.62113752
Concrete Strength,0.2,10,148,55.19944856,-283.0287043,-227.8292558
Concrete Strength,0.2,10,151,66.10006412,215.860461,281.9605251
Concrete Strength,0.2,10,154,80.19984832,-333.3929416,-253.1930933
Concrete Strength,0.2,10,165,65.19685056,-162.3669293,-97.17007875
Concrete Strength,0.2,10,166,66.69990824,-192.4806663,-125.7807581
Concrete Strength,0.2,10,178,79.29663476,-117.4044379,-38.10780309
Concrete Strength,0.2,10,184,67.79617508,143.4172731,211.2134481
Concrete Strength,0.2,10,191,22.13907436,21.02580031,43.16487467
Concrete Strength,0.2,10,193,27.66177712,-33.62508871,-5.963311591
Concrete Strength,0.2,10,194,34.55653712,108.776496,143.3330331
Concrete Strength,0.2,10,203,35.34253976,-161.6905502,-126.3480105
Concrete Strength,0.2,10,215,9.4458212,-285.3889357,-275.9431145
Concrete Strength,0.2,10,218,38.56239268,-264.8108596,-226.2484669
Concrete Strength,0.2,10,221,25.48303296,2.018230808,27.50126377
Concrete Strength,0.2,10,234,53.90323368,60.70885959,114.6120933
Concrete Strength,0.2,10,236,17.83674412,-12.93780306,4.898941065
Concrete Strength,0.2,10,238,47.13257936,226.1960871,273.3286665
Concrete Strength,0.2,10,241,22.31833812,-6.131375487,16.18696263
Concrete Strength,0.2,10,245,19.93275116,15.84481024,35.7775614
Concrete Strength,0.2,10,246,25.68987576,324.9272285,350.6171043
Concrete Strength,0.2,10,251,24.91766264,194.4952234,219.412886
Concrete Strength,0.2,10,252,29.21999288,-324.2340801,-295.0140872
Concrete Strength,0.2,10,255,13.54130864,528.6423134,542.183622
Concrete Strength,0.2,10,260,13.33446584,-16.15984107,-2.825375225
Concrete Strength,0.2,10,262,37.404073,-503.4886256,-466.0845526
Concrete Strength,0.2,10,263,44.39535964,-516.2910499,-471.8956902
Concrete Strength,0.2,10,265,19.51906556,42.85659044,62.375656
Concrete Strength,0.2,10,269,47.8151606,-369.6270042,-321.8118436
Concrete Strength,0.2,10,277,29.65436276,429.8275442,459.481907
Concrete Strength,0.2,10,285,13.62404576,17.41173194,31.0357777
Concrete Strength,0.2,10,296,23.5111316,91.74536925,115.2565008
Concrete Strength,0.2,10,299,48.15300384,410.9239377,459.0769416
Concrete Strength,0.2,10,305,23.13881456,-243.9661519,-220.8273374
Concrete Strength,0.2,10,310,22.94576128,188.3408737,211.2866349
Concrete Strength,0.2,10,315,21.02212324,250.8596719,271.8817951
Concrete Strength,0.2,10,319,45.3675208,336.0909142,381.458435
Concrete Strength,0.2,10,323,42.03045696,-124.9273699,-82.89691292
Concrete Strength,0.2,10,324,51.0556978,163.6025611,214.6582589
Concrete Strength,0.2,10,326,42.29245784,-7.474696139,34.8177617
Concrete Strength,0.2,10,333,60.32225524,-442.1694446,-381.8471894
Concrete Strength,0.2,10,339,58.60546,457.5511948,516.1566548
Concrete Strength,0.2,10,354,59.30183076,166.9976596,226.2994904
Concrete Strength,0.2,10,361,35.9561734,-653.2230615,-617.2668881
Concrete Strength,0.2,10,364,63.52831864,87.3398931,150.8682117
Concrete Strength,0.2,10,367,52.20022796,65.68334808,117.883576
Concrete Strength,0.2,10,372,30.21973308,-107.9991135,-77.77938042
Concrete Strength,0.2,10,373,37.2661778,205.5513436,242.8175214
Concrete Strength,0.2,10,375,16.27852836,314.5125719,330.7911002
Concrete Strength,0.2,10,388,51.021224,-213.1540937,-162.1328697
Concrete Strength,0.2,10,393,47.27736932,85.91950093,133.1968703
Concrete Strength,0.2,10,396,49.24927068,365.9021281,415.1513988
Concrete Strength,0.2,10,401,67.86512268,17.43466794,85.29979062
Concrete Strength,0.2,10,405,76.23536132,388.9129341,465.1482954
Concrete Strength,0.2,10,417,15.60973664,-130.3431713,-114.7334346
Concrete Strength,0.2,10,423,31.81242264,88.0865328,119.8989554
Concrete Strength,0.2,10,427,29.55094136,-331.6808244,-302.129883
Concrete Strength,0.2,10,430,29.59230992,172.5812786,202.1735885
Concrete Strength,0.2,10,432,20.72564856,-59.14906132,-38.42341276
Concrete Strength,0.2,10,445,33.27411176,-75.0376843,-41.76357254
Concrete Strength,0.2,10,455,39.64487,-138.519338,-98.87446805
Concrete Strength,0.2,10,458,39.2656582,61.45846276,100.724121
Concrete Strength,0.2,10,460,55.0201848,-65.08231503,-10.06213023
Concrete Strength,0.2,10,462,53.65502232,62.24385517,115.8988775
Concrete Strength,0.2,10,469,52.95865156,-25.41629373,27.54235783
Concrete Strength,0.2,10,471,40.14818748,-211.3583217,-171.2101342
Concrete Strength,0.2,10,473,44.42293868,-269.181138,-224.7581994
Concrete Strength,0.2,10,485,54.76507868,100.8387883,155.6038669
Concrete Strength,0.2,10,490,25.510612,-68.95299156,-43.44237956
Concrete Strength,0.2,10,492,36.83870268,-263.0519683,-226.2132656
Concrete Strength,0.2,10,494,41.66503468,-37.9651754,3.69985928
Concrete Strength,0.2,10,499,55.45455468,-270.890662,-215.4361074
Concrete Strength,0.2,10,519,23.24519085,-33.04861507,-9.803424219
Concrete Strength,0.2,10,526,25.11662572,115.5212501,140.6378758
Concrete Strength,0.2,10,530,68.75060685,337.0491203,405.7997272
Concrete Strength,0.2,10,531,66.78067543,-22.77393264,44.00674279
Concrete Strength,0.2,10,532,23.84897484,115.3437626,139.1927375
Concrete Strength,0.2,10,536,48.8466167,-504.0061518,-455.1595351
Concrete Strength,0.2,10,542,15.61594192,-113.8668838,-98.25094191
Concrete Strength,0.2,10,547,31.96686526,-181.6527687,-149.6859035
Concrete Strength,0.2,10,548,23.4049523,-147.1583389,-123.7533866
Concrete Strength,0.2,10,557,32.6266938,252.4816841,285.1083779
Concrete Strength,0.2,10,566,14.8437288,45.33393256,60.17766136
Concrete Strength,0.2,10,582,12.37264682,273.2414589,285.6141057
Concrete Strength,0.2,10,592,19.76520849,151.2752971,171.0405056
Concrete Strength,0.2,10,596,17.59680647,-249.9536173,-232.3568108
Concrete Strength,0.2,10,598,31.38150014,-173.4982038,-142.1167037
Concrete Strength,0.2,10,599,13.22414968,76.56110262,89.7852523
Concrete Strength,0.2,10,618,9.307926,-122.8562758,-113.5483498
Concrete Strength,0.2,10,627,9.99050724,178.6750121,188.6655194
Concrete Strength,0.2,10,628,7.83934212,135.3403592,143.1797013
Concrete Strength,0.2,10,629,12.24509376,139.040726,151.2858197
Concrete Strength,0.2,10,633,30.57136584,12.79222428,43.36359012
Concrete Strength,0.2,10,636,15.57526284,268.1519905,283.7272533
Concrete Strength,0.2,10,655,24.29092896,-334.1779509,-309.8870219
Concrete Strength,0.2,10,657,11.41427518,240.2034184,251.6176935
Concrete Strength,0.2,10,664,27.8748252,145.2964369,173.1712621
Concrete Strength,0.2,10,665,19.35014394,-322.9755167,-303.6253728
Concrete Strength,0.2,10,677,15.74832132,-28.4264362,-12.67811488
Concrete Strength,0.2,10,678,7.675936308,313.0822813,320.7582176
Concrete Strength,0.2,10,684,36.58842289,126.720169,163.3085919
Concrete Strength,0.2,10,686,13.66403537,174.3618084,188.0258437
Concrete Strength,0.2,10,689,2.331807832,47.39059875,49.72240658
Concrete Strength,0.2,10,691,23.52354217,-138.007252,-114.4837099
Concrete Strength,0.2,10,696,22.34798559,159.967762,182.3157476
Concrete Strength,0.2,10,704,30.43967592,37.20535937,67.6450353
Concrete Strength,0.2,10,705,9.731264264,-158.3998687,-148.6686044
Concrete Strength,0.2,10,709,6.280436884,-217.3639944,-211.0835575
Concrete Strength,0.2,10,713,21.48062478,142.4903293,163.9709541
Concrete Strength,0.2,10,731,39.38286912,-180.7287529,-141.3458838
Concrete Strength,0.2,10,734,33.60506024,526.848462,560.4535223
Concrete Strength,0.2,10,736,40.85834776,39.14627721,80.00462497
Concrete Strength,0.2,10,737,12.05204048,62.30278531,74.35482579
Concrete Strength,0.2,10,767,27.923778,339.117837,367.041615
Concrete Strength,0.2,10,771,14.98920824,112.4474648,127.4366731
Concrete Strength,0.2,10,773,24.00065956,-168.3782591,-144.3775995
Concrete Strength,0.2,10,794,18.12632404,-124.9301339,-106.8038098
Concrete Strength,0.2,10,804,19.10537996,-167.7925116,-148.6871317
Concrete Strength,0.2,10,809,11.46598588,136.866452,148.3324379
Concrete Strength,0.2,10,826,39.0932892,360.6473053,399.7405945
Concrete Strength,0.2,10,833,19.98790924,73.52736871,93.51527795
Concrete Strength,0.2,10,838,39.05192064,-287.3667316,-248.314811
Concrete Strength,0.2,10,839,27.67556664,-188.0500794,-160.3745128
Concrete Strength,0.2,10,845,53.52402188,34.62894549,88.15296737
Concrete Strength,0.2,10,855,41.94082508,227.7164878,269.6573128
Concrete Strength,0.2,10,856,61.23236356,166.7756371,228.0080006
Concrete Strength,0.2,10,858,33.3016908,-82.77170813,-49.47001733
Concrete Strength,0.2,10,869,44.27814872,416.6202221,460.8983708
Concrete Strength,0.2,10,879,31.02642,85.95935772,116.9857777
Concrete Strength,0.2,10,881,12.17614616,-242.3644459,-230.1882998
Concrete Strength,0.2,10,890,33.7153764,-134.552062,-100.8366856
Concrete Strength,0.2,10,905,23.786922,123.7007293,147.4876513
Concrete Strength,0.2,10,908,46.2293658,-7.510267672,38.71909813
Concrete Strength,0.2,10,916,28.98557104,16.80068191,45.78625295
Concrete Strength,0.2,10,917,46.24315532,241.8288469,288.0720023
Concrete Strength,0.2,10,923,33.79811352,242.057306,275.8554195
Concrete Strength,0.2,10,928,33.05347944,-179.7576628,-146.7041833
Concrete Strength,0.2,10,938,36.80491836,-21.58412586,15.2207925
Concrete Strength,0.2,10,966,56.61907964,-107.7990404,-51.17996076
Concrete Strength,0.2,10,971,46.23419213,-490.5820807,-444.3478886
Concrete Strength,0.2,10,973,23.74417449,325.7654545,349.509629
Concrete Strength,0.2,10,990,19.98790924,198.7211424,218.7090517
Concrete Strength,0.2,10,1000,15.56974703,-54.31817467,-38.74842764
Concrete Strength,0.2,10,1003,57.21823429,-114.6637213,-57.44548701
Concrete Strength,0.2,10,1012,43.79827342,-126.4454211,-82.64714769
Concrete Strength,0.2,10,1013,61.23581094,-221.7493145,-160.5135036
Concrete Strength,0.2,10,1021,42.14008364,86.11136524,128.2514489
Concrete Strength,0.2,10,1027,31.1787942,55.11982907,86.29862327
Concrete Strength,0.2,11,15,47.81378165,423.190436,471.0042177
Concrete Strength,0.2,11,17,39.35804798,171.4237716,210.7818196
Concrete Strength,0.2,11,22,28.23748958,288.1455227,316.3830123
Concrete Strength,0.2,11,56,14.63826496,-96.73934159,-82.10107664
Concrete Strength,0.2,11,68,30.27558064,-337.6750007,-307.3994201
Concrete Strength,0.2,11,72,28.79941252,501.7166995,530.516112
Concrete Strength,0.2,11,82,25.2003478,-123.5287935,-98.32844572
Concrete Strength,0.2,11,85,28.29609504,-314.1864761,-285.8903811
Concrete Strength,0.2,11,88,24.40055564,116.3736533,140.7742089
Concrete Strength,0.2,11,90,39.300132,-228.8239124,-189.5237804
Concrete Strength,0.2,11,101,49.20100736,-87.63607648,-38.43506912
Concrete Strength,0.2,11,104,49.20100736,265.253309,314.4543163
Concrete Strength,0.2,11,105,33.39821744,-230.9491496,-197.5509322
Concrete Strength,0.2,11,106,54.09628696,-36.085821,18.01046596
Concrete Strength,0.2,11,116,35.10122316,-122.8590717,-87.75784854
Concrete Strength,0.2,11,118,59.79825348,425.7608725,485.559126
Concrete Strength,0.2,11,129,68.4994406,-304.0613298,-235.5618892
Concrete Strength,0.2,11,139,49.89737812,79.43937272,129.3367508
Concrete Strength,0.2,11,143,64.90037588,400.8410823,465.7414581
Concrete Strength,0.2,11,148,55.19944856,29.47728818,84.67673674
Concrete Strength,0.2,11,162,59.89478012,-308.8375268,-248.9427467
Concrete Strength,0.2,11,170,65.19685056,-230.6139759,-165.4171254
Concrete Strength,0.2,11,171,57.59882504,-18.32038462,39.27844042
Concrete Strength,0.2,11,175,75.497622,-15.73035274,59.76726926
Concrete Strength,0.2,11,185,11.57630204,282.8464475,294.4227496
Concrete Strength,0.2,11,194,34.55653712,509.4363587,543.9928958
Concrete Strength,0.2,11,197,25.72434956,-94.04966702,-68.32531746
Concrete Strength,0.2,11,203,35.34253976,-673.7513078,-638.408768
Concrete Strength,0.2,11,211,20.08443588,-115.9553158,-95.87087995
Concrete Strength,0.2,11,217,28.46846404,9.092176011,37.56064005
Concrete Strength,0.2,11,230,17.9953236,153.3867892,171.3821128
Concrete Strength,0.2,11,231,30.38520732,-153.462898,-123.0776907
Concrete Strength,0.2,11,233,50.77301264,-232.9914977,-182.218485
Concrete Strength,0.2,11,236,17.83674412,-422.1001876,-404.2634435
Concrete Strength,0.2,11,238,47.13257936,106.0993195,153.2318989
Concrete Strength,0.2,11,242,24.53845084,-291.742353,-267.2039021
Concrete Strength,0.2,11,244,40.85834776,-185.9174889,-145.0591411
Concrete Strength,0.2,11,246,25.68987576,-11.62805044,14.06182532
Concrete Strength,0.2,11,247,30.2335226,-35.26279484,-5.029272236
Concrete Strength,0.2,11,257,31.64005364,-11.40094463,20.23910901
Concrete Strength,0.2,11,260,13.33446584,-74.17846266,-60.84399682
Concrete Strength,0.2,11,270,15.43736764,252.7081603,268.1455279
Concrete Strength,0.2,11,279,43.58177796,-20.12364674,23.45813122
Concrete Strength,0.2,11,281,24.42813468,-57.32865799,-32.90052331
Concrete Strength,0.2,11,293,43.49904084,84.36791672,127.8669576
Concrete Strength,0.2,11,304,48.97348028,-301.9439005,-252.9704202
Concrete Strength,0.2,11,306,41.885667,46.8112663,88.6969333
Concrete Strength,0.2,11,314,52.04164848,52.59706867,104.6387172
Concrete Strength,0.2,11,315,21.02212324,-355.6569366,-334.6348134
Concrete Strength,0.2,11,321,28.6822016,213.9272964,242.609498
Concrete Strength,0.2,11,325,21.78054684,-111.9404328,-90.15988594
Concrete Strength,0.2,11,333,60.32225524,135.617699,195.9399542
Concrete Strength,0.2,11,343,51.95891136,140.400709,192.3596203
Concrete Strength,0.2,11,344,56.7438748,-106.7733613,-50.02948646
Concrete Strength,0.2,11,346,33.72916592,-243.9065348,-210.1773688
Concrete Strength,0.2,11,354,59.30183076,-468.3676742,-409.0658434
Concrete Strength,0.2,11,363,61.99078716,72.8599838,134.850771
Concrete Strength,0.2,11,364,63.52831864,47.24010474,110.7684234
Concrete Strength,0.2,11,365,18.01600788,64.506727,82.52273488
Concrete Strength,0.2,11,369,56.63355864,-158.9359972,-102.3024385
Concrete Strength,0.2,11,372,30.21973308,-390.1051802,-359.8854472
Concrete Strength,0.2,11,393,47.27736932,48.59894208,95.8763114
Concrete Strength,0.2,11,395,52.30364936,-62.92476471,-10.62111535
Concrete Strength,0.2,11,415,12.5484632,-159.3335306,-146.7850674
Concrete Strength,0.2,11,418,12.17614616,292.7915409,304.9676871
Concrete Strength,0.2,11,427,29.55094136,-149.202373,-119.6514317
Concrete Strength,0.2,11,444,37.2661778,162.8899314,200.1561092
Concrete Strength,0.2,11,452,53.46196904,5.274533001,58.73650204
Concrete Strength,0.2,11,453,48.9872698,-193.0948281,-144.1075583
Concrete Strength,0.2,11,456,51.25564584,241.5326875,292.7883333
Concrete Strength,0.2,11,462,53.65502232,-135.8552451,-82.20022282
Concrete Strength,0.2,11,471,40.14818748,62.5095201,102.6577076
Concrete Strength,0.2,11,473,44.42293868,-53.16694774,-8.744009065
Concrete Strength,0.2,11,474,51.021224,166.925889,217.947113
Concrete Strength,0.2,11,476,35.36322404,372.1456078,407.5088319
Concrete Strength,0.2,11,478,23.34565736,210.6242249,233.9698823
Concrete Strength,0.2,11,489,22.752708,158.6319679,181.3846759
Concrete Strength,0.2,11,499,55.45455468,42.3304136,97.78496828
Concrete Strength,0.2,11,508,62.05284,-396.4783785,-334.4255385
Concrete Strength,0.2,11,511,39.00464228,216.7650174,255.7696597
Concrete Strength,0.2,11,530,68.75060685,46.64773003,115.3983369
Concrete Strength,0.2,11,532,23.84897484,-260.8566266,-237.0076518
Concrete Strength,0.2,11,535,19.1991487,-117.2242569,-98.02510825
Concrete Strength,0.2,11,536,48.8466167,290.6362056,339.4828223
Concrete Strength,0.2,11,539,34.56963716,85.49838925,120.0680264
Concrete Strength,0.2,11,548,23.4049523,489.8368649,513.2418172
Concrete Strength,0.2,11,549,25.57335432,-150.7654984,-125.1921441
Concrete Strength,0.2,11,562,33.08243743,263.3148703,296.3973077
Concrete Strength,0.2,11,567,32.05167081,-95.06422304,-63.01255223
Concrete Strength,0.2,11,573,13.08901238,-191.8476277,-178.7586153
Concrete Strength,0.2,11,574,38.70028788,-166.0640285,-127.3637406
Concrete Strength,0.2,11,576,17.57612219,-27.78208407,-10.20596188
Concrete Strength,0.2,11,581,21.8591471,75.73902865,97.59817575
Concrete Strength,0.2,11,584,37.81362174,-22.65710403,15.15651772
Concrete Strength,0.2,11,586,33.0431373,-49.04919572,-16.00605842
Concrete Strength,0.2,11,596,17.59680647,160.2936443,177.8904508
Concrete Strength,0.2,11,597,10.73031499,311.7499639,322.4802789
Concrete Strength,0.2,11,599,13.22414968,87.49912095,100.7232706
Concrete Strength,0.2,11,606,6.46728488,199.1614809,205.6287658
Concrete Strength,0.2,11,613,25.96566616,-293.7441092,-267.7784431
Concrete Strength,0.2,11,615,31.25394708,282.3994016,313.6533487
Concrete Strength,0.2,11,618,9.307926,65.10314784,74.41107384
Concrete Strength,0.2,11,629,12.24509376,68.05351227,80.29860603
Concrete Strength,0.2,11,633,30.57136584,-291.6569117,-261.0855458
Concrete Strength,0.2,11,636,15.57526284,169.8200409,185.3953037
Concrete Strength,0.2,11,638,26.0621928,-129.6371245,-103.5749317
Concrete Strength,0.2,11,652,4.903553312,266.5012585,271.4048118
Concrete Strength,0.2,11,653,4.565020596,163.2001957,167.7652163
Concrete Strength,0.2,11,665,19.35014394,-328.3644378,-309.0142939
Concrete Strength,0.2,11,673,6.940954892,-69.60192709,-62.6609722
Concrete Strength,0.2,11,680,33.00383717,146.9441586,179.9479958
Concrete Strength,0.2,11,687,14.14391066,134.420676,148.5645867
Concrete Strength,0.2,11,691,23.52354217,276.2152844,299.7388265
Concrete Strength,0.2,11,694,17.96429718,42.25337424,60.21767142
Concrete Strength,0.2,11,696,22.34798559,-30.66772335,-8.319737765
Concrete Strength,0.2,11,702,50.52686971,-193.4505373,-142.9236676
Concrete Strength,0.2,11,706,3.31982694,-336.4028728,-333.0830459
Concrete Strength,0.2,11,707,26.32281473,-135.1617893,-108.8389746
Concrete Strength,0.2,11,709,6.280436884,21.27027439,27.55071127
Concrete Strength,0.2,11,711,36.96418731,180.5515631,217.5157504
Concrete Strength,0.2,11,713,21.48062478,-119.6120229,-98.13139817
Concrete Strength,0.2,11,715,8.374375496,29.83275619,38.20713168
Concrete Strength,0.2,11,724,27.82725136,-52.26276038,-24.43550902
Concrete Strength,0.2,11,727,14.306627,-296.3494907,-282.0428637
Concrete Strength,0.2,11,732,15.87173752,223.534904,239.4066415
Concrete Strength,0.2,11,738,17.54026944,-139.4945152,-121.9542458
Concrete Strength,0.2,11,740,25.17966352,-117.8993851,-92.71972157
Concrete Strength,0.2,11,765,14.69962832,-498.3211369,-483.6215086
Concrete Strength,0.2,11,766,23.22155168,70.51426452,93.7358162
Concrete Strength,0.2,11,771,14.98920824,449.3345544,464.3237626
Concrete Strength,0.2,11,772,13.52062436,116.391297,129.9119214
Concrete Strength,0.2,11,777,21.16001844,-22.23483079,-1.074812354
Concrete Strength,0.2,11,783,21.6495464,-217.0958514,-195.446305
Concrete Strength,0.2,11,791,39.48629052,-380.8172787,-341.3309881
Concrete Strength,0.2,11,808,37.42475728,101.807225,139.2319822
Concrete Strength,0.2,11,811,14.98920824,100.1463839,115.1355921
Concrete Strength,0.2,11,833,19.98790924,193.1847275,213.1726367
Concrete Strength,0.2,11,837,33.41890172,320.4384716,353.8573734
Concrete Strength,0.2,11,838,39.05192064,108.1771629,147.2290836
Concrete Strength,0.2,11,841,45.2985732,-166.8047799,-121.5062067
Concrete Strength,0.2,11,859,52.42086028,76.15089158,128.5717519
Concrete Strength,0.2,11,861,38.45897128,-204.1937112,-165.7347399
Concrete Strength,0.2,11,864,42.13387836,-240.2515218,-198.1176435
Concrete Strength,0.2,11,866,41.540929,195.1191076,236.6600366
Concrete Strength,0.2,11,868,37.91428524,110.2950556,148.2093408
Concrete Strength,0.2,11,869,44.27814872,373.931246,418.2093947
Concrete Strength,0.2,11,884,32.9569528,111.0153707,143.9723235
Concrete Strength,0.2,11,897,52.44154456,424.7030832,477.1446278
Concrete Strength,0.2,11,899,44.86420332,571.3663488,616.2305521
Concrete Strength,0.2,11,905,23.786922,-301.6808521,-277.8939301
Concrete Strength,0.2,11,907,39.41734292,-365.4441265,-326.0267836
Concrete Strength,0.2,11,910,23.73865868,163.1894914,186.9281501
Concrete Strength,0.2,11,934,23.8903434,42.26617436,66.15651776
Concrete Strength,0.2,11,940,32.72046253,168.2983819,201.0188445
Concrete Strength,0.2,11,956,32.24541357,60.24261012,92.48802369
Concrete Strength,0.2,11,959,49.77327244,197.6965192,247.4697916
Concrete Strength,0.2,11,961,40.9348796,-393.1969396,-352.26206
Concrete Strength,0.2,11,968,23.786922,307.1538005,330.9407225
Concrete Strength,0.2,11,970,39.42147978,-156.3159627,-116.8944829
Concrete Strength,0.2,11,977,35.86585204,-63.74658768,-27.88073564
Concrete Strength,0.2,11,980,46.24729218,-67.7331689,-21.48587673
Concrete Strength,0.2,11,982,10.53588276,186.1922227,196.7281055
Concrete Strength,0.2,11,984,29.07313449,-129.0454939,-99.97235937
Concrete Strength,0.2,11,1013,61.23581094,-1.316888793,59.91892215
Concrete Strength,0.2,11,1014,40.8686899,0.9758477792,41.84453768
Concrete Strength,0.2,11,1025,37.91704314,19.7620964,57.67913954
Concrete Strength,0.2,11,1026,44.284354,33.92465797,78.20901197
Concrete Strength,0.2,12,8,36.44776979,101.9020504,138.3498202
Concrete Strength,0.2,12,11,38.07424367,73.89643279,111.9706765
Concrete Strength,0.2,12,37,30.07976945,152.9577541,183.0375235
Concrete Strength,0.2,12,74,36.3009114,-583.9978,-547.6968886
Concrete Strength,0.2,12,95,42.79577532,-458.1083372,-415.3125619
Concrete Strength,0.2,12,101,49.20100736,244.8971884,294.0981957
Concrete Strength,0.2,12,105,33.39821744,-148.8403354,-115.4421179
Concrete Strength,0.2,12,106,54.09628696,134.1273678,188.2236548
Concrete Strength,0.2,12,117,61.09446836,174.0999642,235.1944326
Concrete Strength,0.2,12,118,59.79825348,202.0193017,261.8175552
Concrete Strength,0.2,12,127,60.2946762,90.48752271,150.7821989
Concrete Strength,0.2,12,130,71.29871316,-96.73586044,-25.43714728
Concrete Strength,0.2,12,131,74.69782984,606.3404008,681.0382306
Concrete Strength,0.2,12,139,49.89737812,97.85803401,147.7554121
Concrete Strength,0.2,12,140,63.3973182,-119.1234443,-55.72612607
Concrete Strength,0.2,12,142,64.30053176,-115.5839559,-51.28342414
Concrete Strength,0.2,12,156,77.29715436,-110.1412846,-32.84413027
Concrete Strength,0.2,12,171,57.59882504,316.0915359,373.6903609
Concrete Strength,0.2,12,178,79.29663476,266.8964793,346.1931141
Concrete Strength,0.2,12,180,79.29663476,-122.3864024,-43.08976762
Concrete Strength,0.2,12,186,24.44881896,-275.6604256,-251.2116066
Concrete Strength,0.2,12,207,24.90387312,127.5442869,152.44816
Concrete Strength,0.2,12,212,24.48329276,212.2763738,236.7596665
Concrete Strength,0.2,12,214,35.34253976,-117.9812623,-82.63872256
Concrete Strength,0.2,12,220,10.76272036,-81.79431967,-71.03159931
Concrete Strength,0.2,12,231,30.38520732,19.70318775,50.08839507
Concrete Strength,0.2,12,241,22.31833812,213.2000853,235.5184234
Concrete Strength,0.2,12,242,24.53845084,-134.7983827,-110.2599318
Concrete Strength,0.2,12,243,31.35047372,43.52223789,74.87271161
Concrete Strength,0.2,12,250,13.81709904,-92.66570747,-78.84860843
Concrete Strength,0.2,12,265,19.51906556,169.8798759,189.3989414
Concrete Strength,0.2,12,270,15.43736764,-17.73211982,-2.294752183
Concrete Strength,0.2,12,271,26.77235308,78.40629273,105.1786458
Concrete Strength,0.2,12,274,45.83636448,-461.4246029,-415.5882384
Concrete Strength,0.2,12,280,13.12072828,295.6465944,308.7673227
Concrete Strength,0.2,12,282,32.66047812,-225.7522441,-193.091766
Concrete Strength,0.2,12,283,36.63875464,104.5600412,141.1987958
Concrete Strength,0.2,12,284,44.20920112,29.74326165,73.95246277
Concrete Strength,0.2,12,293,43.49904084,-152.2023054,-108.7032645
Concrete Strength,0.2,12,315,21.02212324,-21.31543641,-0.2933131685
Concrete Strength,0.2,12,318,44.14025352,0.9708504529,45.11110397
Concrete Strength,0.2,12,324,51.0556978,-218.0086903,-166.9529925
Concrete Strength,0.2,12,339,58.60546,135.4709301,194.0763901
Concrete Strength,0.2,12,343,51.95891136,-260.3462648,-208.3873534
Concrete Strength,0.2,12,345,17.57474324,93.01445,110.5891932
Concrete Strength,0.2,12,349,50.07664188,70.38749737,120.4641392
Concrete Strength,0.2,12,351,33.70158688,31.84590441,65.54749129
Concrete Strength,0.2,12,363,61.99078716,-271.8822192,-209.891432
Concrete Strength,0.2,12,364,63.52831864,64.10734041,127.635659
Concrete Strength,0.2,12,387,56.83350668,342.1334138,398.9669205
Concrete Strength,0.2,12,398,29.15794004,-215.8205202,-186.6625801
Concrete Strength,0.2,12,415,12.5484632,155.8998299,168.4482931
Concrete Strength,0.2,12,417,15.60973664,185.4293724,201.039109
Concrete Strength,0.2,12,418,12.17614616,111.9751438,124.15129
Concrete Strength,0.2,12,429,24.65566176,309.7265125,334.3821742
Concrete Strength,0.2,12,434,46.38794528,27.920647,74.30859228
Concrete Strength,0.2,12,442,27.22051248,-86.16348118,-58.9429687
Concrete Strength,0.2,12,443,44.63667624,197.731426,242.3681023
Concrete Strength,0.2,12,447,53.72396992,-282.1671541,-228.4431842
Concrete Strength,0.2,12,448,48.58737372,-373.7646639,-325.1772902
Concrete Strength,0.2,12,457,43.38872468,29.13892788,72.52765256
Concrete Strength,0.2,12,460,55.0201848,257.5326461,312.5528309
Concrete Strength,0.2,12,466,50.93848688,65.33382913,116.272316
Concrete Strength,0.2,12,469,52.95865156,204.0194652,256.9781168
Concrete Strength,0.2,12,474,51.021224,-127.2826651,-76.26144113
Concrete Strength,0.2,12,477,25.02108404,-372.7683391,-347.7472551
Concrete Strength,0.2,12,480,38.01770664,-111.3824452,-73.3647386
Concrete Strength,0.2,12,481,39.300132,199.3349804,238.6351124
Concrete Strength,0.2,12,482,61.06688932,196.4213154,257.4882047
Concrete Strength,0.2,12,486,50.23522136,464.0251646,514.260386
Concrete Strength,0.2,12,489,22.752708,-271.4206233,-248.6679153
Concrete Strength,0.2,12,491,34.77027468,304.1932822,338.9635569
Concrete Strength,0.2,12,493,45.89841732,-292.0623911,-246.1639738
Concrete Strength,0.2,12,495,56.33708396,-269.4726643,-213.1355803
Concrete Strength,0.2,12,496,47.96684532,87.67875596,135.6456013
Concrete Strength,0.2,12,525,59.49488404,-298.6974227,-239.2025387
Concrete Strength,0.2,12,530,68.75060685,5.303196206,74.05380306
Concrete Strength,0.2,12,531,66.78067543,171.01678,237.7974554
Concrete Strength,0.2,12,542,15.61594192,-313.9182297,-298.3022878
Concrete Strength,0.2,12,543,21.8591471,-116.5490615,-94.68991441
Concrete Strength,0.2,12,547,31.96686526,-270.4988089,-238.5319437
Concrete Strength,0.2,12,550,41.68020315,312.2219487,353.9021518
Concrete Strength,0.2,12,553,9.617500724,121.0865434,130.7040441
Concrete Strength,0.2,12,555,15.69109481,335.7593114,351.4504063
Concrete Strength,0.2,12,565,21.0662497,-18.9806707,2.085579006
Concrete Strength,0.2,12,569,25.44786968,-223.8909464,-198.4430767
Concrete Strength,0.2,12,577,21.17932377,317.7312506,338.9105743
Concrete Strength,0.2,12,583,25.72641799,42.27760688,68.00402487
Concrete Strength,0.2,12,595,24.43778734,3.264255305,27.70204265
Concrete Strength,0.2,12,597,10.73031499,177.1967961,187.9271111
Concrete Strength,0.2,12,598,31.38150014,-122.1002547,-90.71875457
Concrete Strength,0.2,12,602,32.03994972,265.1066256,297.1465753
Concrete Strength,0.2,12,603,35.17017076,-549.8690163,-514.6988455
Concrete Strength,0.2,12,612,21.26343984,-47.98904487,-26.72560503
Concrete Strength,0.2,12,613,25.96566616,182.2881299,208.253796
Concrete Strength,0.2,12,619,26.94472208,123.4679884,150.4127105
Concrete Strength,0.2,12,628,7.83934212,191.8176028,199.656945
Concrete Strength,0.2,12,629,12.24509376,-305.3720682,-293.1269744
Concrete Strength,0.2,12,631,17.3403214,-46.06148465,-28.72116325
Concrete Strength,0.2,12,632,17.54026944,-216.4400153,-198.8997459
Concrete Strength,0.2,12,633,30.57136584,239.1889539,269.7603197
Concrete Strength,0.2,12,642,12.73462172,-96.1425164,-83.40789468
Concrete Strength,0.2,12,649,29.89223198,-32.63185581,-2.739623833
Concrete Strength,0.2,12,663,33.66435518,137.9561724,171.6205276
Concrete Strength,0.2,12,674,15.0305768,-383.8570036,-368.8264268
Concrete Strength,0.2,12,676,32.53292506,-220.7123947,-188.1794696
Concrete Strength,0.2,12,684,36.58842289,667.8461417,704.4345646
Concrete Strength,0.2,12,687,14.14391066,265.0863057,279.2302164
Concrete Strength,0.2,12,692,6.8085755,-16.39703682,-9.588461324
Concrete Strength,0.2,12,694,17.96429718,66.80683853,84.77113571
Concrete Strength,0.2,12,700,9.561653168,-342.1438499,-332.5821967
Concrete Strength,0.2,12,703,17.16588397,-78.78817776,-61.62229379
Concrete Strength,0.2,12,706,3.31982694,-368.5212329,-365.201406
Concrete Strength,0.2,12,707,26.32281473,-326.6000822,-300.2772675
Concrete Strength,0.2,12,711,36.96418731,8.838465574,45.80265289
Concrete Strength,0.2,12,715,8.374375496,-81.17977678,-72.80540128
Concrete Strength,0.2,12,716,39.6621069,449.9965893,489.6586962
Concrete Strength,0.2,12,721,51.86376367,-146.1869306,-94.3231669
Concrete Strength,0.2,12,722,11.85209244,214.4009458,226.2530382
Concrete Strength,0.2,12,734,33.60506024,113.5856913,147.1907515
Concrete Strength,0.2,12,735,40.65839972,-218.4608642,-177.8024644
Concrete Strength,0.2,12,741,30.9574724,-94.41862582,-63.46115342
Concrete Strength,0.2,12,743,54.27555072,-87.6630386,-33.38748788
Concrete Strength,0.2,12,758,18.12632404,55.00394311,73.13026715
Concrete Strength,0.2,12,759,22.53207568,-38.84268781,-16.31061213
Concrete Strength,0.2,12,767,27.923778,-334.5945565,-306.6707785
Concrete Strength,0.2,12,768,31.35047372,-104.0155145,-72.66504078
Concrete Strength,0.2,12,775,11.46598588,110.7150447,122.1810306
Concrete Strength,0.2,12,776,22.43554904,-155.2688829,-132.8333339
Concrete Strength,0.2,12,782,14.2032056,138.3821845,152.5853901
Concrete Strength,0.2,12,787,31.44700036,154.3783426,185.8253429
Concrete Strength,0.2,12,827,24.39366088,-263.5692865,-239.1756256
Concrete Strength,0.2,12,843,15.56836808,590.9814809,606.549849
Concrete Strength,0.2,12,850,18.0297974,-92.8513683,-74.8215709
Concrete Strength,0.2,12,852,32.83974188,-300.7973427,-267.9576008
Concrete Strength,0.2,12,861,38.45897128,-153.9622424,-115.5032712
Concrete Strength,0.2,12,862,37.25928304,-314.842566,-277.583283
Concrete Strength,0.2,12,866,41.540929,-238.9768335,-197.4359045
Concrete Strength,0.2,12,879,31.02642,-269.4179721,-238.3915521
Concrete Strength,0.2,12,882,25.55887532,423.415533,448.9744083
Concrete Strength,0.2,12,888,40.679084,-73.35564275,-32.67655875
Concrete Strength,0.2,12,893,32.23989776,179.627314,211.8672118
Concrete Strength,0.2,12,894,23.51802636,196.9820401,220.5000665
Concrete Strength,0.2,12,895,29.72331036,-130.3543487,-100.6310383
Concrete Strength,0.2,12,896,49.77327244,-142.6024277,-92.82915528
Concrete Strength,0.2,12,898,40.93419012,-77.95422409,-37.02003397
Concrete Strength,0.2,12,900,13.19657064,-139.8714033,-126.6748326
Concrete Strength,0.2,12,910,23.73865868,-13.98799412,9.750664558
Concrete Strength,0.2,12,916,28.98557104,362.2617064,391.2472775
Concrete Strength,0.2,12,920,25.0969264,-14.09961493,10.99731147
Concrete Strength,0.2,12,926,27.234302,-251.9015987,-224.6672967
Concrete Strength,0.2,12,935,22.93197176,169.1723534,192.1043252
Concrete Strength,0.2,12,957,23.52423164,-88.62259351,-65.09836187
Concrete Strength,0.2,12,960,52.44637089,-43.74412175,8.702249144
Concrete Strength,0.2,12,961,40.9348796,71.33135782,112.2662374
Concrete Strength,0.2,12,967,12.4595208,116.0433821,128.5029029
Concrete Strength,0.2,12,988,33.76226077,238.8071353,272.5693961
Concrete Strength,0.2,12,995,39.0560575,-286.9085458,-247.8524883
Concrete Strength,0.2,12,996,27.68108245,-25.62026541,2.060817039
Concrete Strength,0.2,12,998,45.30477848,-12.04772674,33.25705175
Concrete Strength,0.2,12,1005,52.82696164,225.341876,278.1688376
Concrete Strength,0.2,12,1006,33.39959639,64.57408075,97.97367715
Concrete Strength,0.2,12,1009,35.31427124,483.4814143,518.7956856
Concrete Strength,0.2,12,1025,37.91704314,230.4884437,268.4054869
Concrete Strength,0.2,12,1028,23.69660064,25.20332424,48.89992488
Concrete Strength,0.2,12,1029,32.76803638,133.3926862,166.1607226
Concrete Strength,0.2,12,1030,32.40123514,9.257710522,41.65894567
Concrete Strength,0.2,13,22,28.23748958,41.46554059,69.70303017
Concrete Strength,0.2,13,49,26.25800398,-98.25400595,-71.99600197
Concrete Strength,0.2,13,76,37.79707432,22.67523241,60.47230673
Concrete Strength,0.2,13,84,35.3011712,-202.1129316,-166.8117604
Concrete Strength,0.2,13,107,55.89581932,-149.5411977,-93.64537833
Concrete Strength,0.2,13,108,49.80085148,-36.71146971,13.08938177
Concrete Strength,0.2,13,120,61.79773388,-696.0083856,-634.2106517
Concrete Strength,0.2,13,128,55.49592324,-165.482896,-109.9869727
Concrete Strength,0.2,13,129,68.4994406,-81.30844332,-12.80900272
Concrete Strength,0.2,13,133,71.29871316,-157.1117424,-85.81302925
Concrete Strength,0.2,13,134,67.69964844,334.3034923,402.0031407
Concrete Strength,0.2,13,138,71.29871316,338.5777418,409.876455
Concrete Strength,0.2,13,139,49.89737812,-202.5449525,-152.6475743
Concrete Strength,0.2,13,143,64.90037588,-193.4283834,-128.5280075
Concrete Strength,0.2,13,152,73.69808964,-131.842726,-58.14463639
Concrete Strength,0.2,13,156,77.29715436,372.8089539,450.1061082
Concrete Strength,0.2,13,158,77.29715436,293.5424925,370.8396469
Concrete Strength,0.2,13,159,71.69860924,47.49352514,119.1921344
Concrete Strength,0.2,13,180,79.29663476,223.6999599,302.9965947
Concrete Strength,0.2,13,184,67.79617508,-78.65384351,-10.85766843
Concrete Strength,0.2,13,186,24.44881896,192.3810326,216.8298515
Concrete Strength,0.2,13,196,24.98661024,254.9309851,279.9175953
Concrete Strength,0.2,13,197,25.72434956,-256.9934678,-231.2691182
Concrete Strength,0.2,13,200,15.04436632,-140.2690647,-125.2246983
Concrete Strength,0.2,13,202,26.40003604,179.6783731,206.0784091
Concrete Strength,0.2,13,205,12.47262084,336.9762665,349.4488873
Concrete Strength,0.2,13,206,20.91870184,378.5912121,399.509914
Concrete Strength,0.2,13,209,39.6103962,147.9389275,187.5493237
Concrete Strength,0.2,13,210,10.0318758,-147.0257401,-136.9938643
Concrete Strength,0.2,13,211,20.08443588,-34.80491051,-14.72047463
Concrete Strength,0.2,13,214,35.34253976,-110.1396218,-74.79708207
Concrete Strength,0.2,13,219,40.38950408,239.695884,280.085388
Concrete Strength,0.2,13,234,53.90323368,30.48128054,84.38451422
Concrete Strength,0.2,13,245,19.93275116,-126.8043095,-106.8715583
Concrete Strength,0.2,13,252,29.21999288,-87.83644832,-58.61645544
Concrete Strength,0.2,13,254,42.34761592,-27.65495097,14.69266495
Concrete Strength,0.2,13,255,13.54130864,-26.89366453,-13.35235589
Concrete Strength,0.2,13,258,42.54756396,114.7634135,157.3109774
Concrete Strength,0.2,13,260,13.33446584,35.7934773,49.12794314
Concrete Strength,0.2,13,261,25.3727168,68.90771421,94.28043101
Concrete Strength,0.2,13,264,47.73931824,17.66195002,65.40126826
Concrete Strength,0.2,13,276,29.93015316,179.2563314,209.1864845
Concrete Strength,0.2,13,284,44.20920112,18.99638933,63.20559045
Concrete Strength,0.2,13,289,45.3675208,16.11616096,61.48368176
Concrete Strength,0.2,13,310,22.94576128,-59.93864014,-36.99287886
Concrete Strength,0.2,13,312,39.94134468,-64.99318998,-25.0518453
Concrete Strength,0.2,13,316,33.35684888,-333.3293561,-299.9725072
Concrete Strength,0.2,13,321,28.6822016,-188.6593756,-159.977174
Concrete Strength,0.2,13,331,42.21661548,-161.6357701,-119.4191546
Concrete Strength,0.2,13,332,52.5035974,274.4268368,326.9304342
Concrete Strength,0.2,13,334,66.42411784,-225.0426448,-158.618527
Concrete Strength,0.2,13,371,26.04840328,337.0625298,363.1109331
Concrete Strength,0.2,13,372,30.21973308,-13.70590608,16.513827
Concrete Strength,0.2,13,373,37.2661778,47.32793581,84.59411361
Concrete Strength,0.2,13,376,25.62092816,-88.9014262,-63.28049804
Concrete Strength,0.2,13,396,49.24927068,-298.0869997,-248.837729
Concrete Strength,0.2,13,409,20.72564856,91.76221962,112.4878682
Concrete Strength,0.2,13,417,15.60973664,-184.2404321,-168.6306954
Concrete Strength,0.2,13,421,33.08795324,108.4073967,141.49535
Concrete Strength,0.2,13,426,32.90179472,160.9974842,193.8992789
Concrete Strength,0.2,13,427,29.55094136,-159.6397216,-130.0887803
Concrete Strength,0.2,13,429,24.65566176,162.6263787,187.2820404
Concrete Strength,0.2,13,430,29.59230992,50.69889108,80.291201
Concrete Strength,0.2,13,435,39.1622368,-50.50844922,-11.34621242
Concrete Strength,0.2,13,438,38.20386516,210.6147282,248.8185933
Concrete Strength,0.2,13,443,44.63667624,146.3366529,190.9733291
Concrete Strength,0.2,13,444,37.2661778,88.74246896,126.0086468
Concrete Strength,0.2,13,451,53.77223324,-248.3176332,-194.5454
Concrete Strength,0.2,13,452,53.46196904,171.9853713,225.4473404
Concrete Strength,0.2,13,458,39.2656582,-105.4702076,-66.20454942
Concrete Strength,0.2,13,467,33.56369168,-199.5839946,-166.020303
Concrete Strength,0.2,13,468,41.1617172,263.5321999,304.6939171
Concrete Strength,0.2,13,473,44.42293868,72.08501373,116.5079524
Concrete Strength,0.2,13,477,25.02108404,8.570811979,33.59189602
Concrete Strength,0.2,13,478,23.34565736,332.5870437,355.9327011
Concrete Strength,0.2,13,483,56.14403068,-122.8570036,-66.71297297
Concrete Strength,0.2,13,489,22.752708,95.78576392,118.5384719
Concrete Strength,0.2,13,494,41.66503468,-238.7709456,-197.105911
Concrete Strength,0.2,13,497,61.45989064,110.742051,172.2019417
Concrete Strength,0.2,13,511,39.00464228,132.850096,171.8547383
Concrete Strength,0.2,13,517,9.849657146,189.9536635,199.8033206
Concrete Strength,0.2,13,520,43.73346268,-59.74949349,-16.01603081
Concrete Strength,0.2,13,522,24.13166,403.2104097,427.3420697
Concrete Strength,0.2,13,533,32.06821824,442.7661431,474.8343614
Concrete Strength,0.2,13,546,18.74616296,-36.59004553,-17.84388256
Concrete Strength,0.2,13,557,32.6266938,322.4592081,355.0859019
Concrete Strength,0.2,13,558,17.23621052,-96.58178308,-79.34557255
Concrete Strength,0.2,13,565,21.0662497,5.24840291,26.31465261
Concrete Strength,0.2,13,579,17.20035777,131.5834685,148.7838263
Concrete Strength,0.2,13,586,33.0431373,-52.09040507,-19.04726777
Concrete Strength,0.2,13,591,10.33593472,285.9100431,296.2459778
Concrete Strength,0.2,13,592,19.76520849,-189.7239288,-169.9587203
Concrete Strength,0.2,13,593,37.43785732,114.7404563,152.1783136
Concrete Strength,0.2,13,601,27.04124872,451.1614637,478.2027124
Concrete Strength,0.2,13,609,21.94602108,-231.4640674,-209.5180463
Concrete Strength,0.2,13,618,9.307926,59.53700413,68.84493013
Concrete Strength,0.2,13,624,12.54156844,277.0983039,289.6398724
Concrete Strength,0.2,13,627,9.99050724,-249.3021366,-239.3116294
Concrete Strength,0.2,13,629,12.24509376,176.0372102,188.282304
Concrete Strength,0.2,13,630,11.1695112,135.9274006,147.0969118
Concrete Strength,0.2,13,631,17.3403214,-79.75379131,-62.41346991
Concrete Strength,0.2,13,632,17.54026944,-5.391304292,12.14896515
Concrete Strength,0.2,13,644,20.27748916,-174.2361261,-153.9586369
Concrete Strength,0.2,13,645,34.29453624,-254.3791937,-220.0846574
Concrete Strength,0.2,13,656,33.94772981,262.7326724,296.6804022
Concrete Strength,0.2,13,657,11.41427518,-170.0323916,-158.6181164
Concrete Strength,0.2,13,658,20.59395864,78.0354534,98.62941204
Concrete Strength,0.2,13,669,4.782205536,-121.8626836,-117.0804781
Concrete Strength,0.2,13,676,32.53292506,49.596526,82.12945106
Concrete Strength,0.2,13,690,16.8894041,-0.1177017043,16.77170239
Concrete Strength,0.2,13,696,22.34798559,-113.9501694,-91.60218379
Concrete Strength,0.2,13,697,10.7875415,-306.8146018,-296.0270603
Concrete Strength,0.2,13,712,54.59891496,-582.7703533,-528.1714384
Concrete Strength,0.2,13,714,9.694722036,300.7845075,310.4792295
Concrete Strength,0.2,13,735,40.65839972,-65.49662578,-24.83822606
Concrete Strength,0.2,13,740,25.17966352,404.6879375,429.8676011
Concrete Strength,0.2,13,744,36.93522932,-429.7157764,-392.780547
Concrete Strength,0.2,13,746,22.43554904,61.71818206,84.1537311
Concrete Strength,0.2,13,762,31.35047372,78.75945227,110.109926
Concrete Strength,0.2,13,766,23.22155168,13.02681217,36.24836385
Concrete Strength,0.2,13,775,11.46598588,-488.053709,-476.5877232
Concrete Strength,0.2,13,778,31.84000168,-215.0130283,-183.1730267
Concrete Strength,0.2,13,779,14.79615496,-444.0833913,-429.2872363
Concrete Strength,0.2,13,783,21.6495464,-59.08227875,-37.43273235
Concrete Strength,0.2,13,785,13.52062436,-177.8388313,-164.3182069
Concrete Strength,0.2,13,789,18.12632404,192.933233,211.059557
Concrete Strength,0.2,13,804,19.10537996,53.04181612,72.14719608
Concrete Strength,0.2,13,805,39.58281716,405.6112428,445.1940599
Concrete Strength,0.2,13,807,24.00065956,-304.2012517,-280.2005921
Concrete Strength,0.2,13,830,37.16965116,122.2987225,159.4683737
Concrete Strength,0.2,13,854,40.0585556,53.23149672,93.29005232
Concrete Strength,0.2,13,855,41.94082508,-71.16928977,-29.22846469
Concrete Strength,0.2,13,856,61.23236356,94.29373041,155.526094
Concrete Strength,0.2,13,862,37.25928304,-221.8974486,-184.6381656
Concrete Strength,0.2,13,869,44.27814872,-5.319034867,38.95911385
Concrete Strength,0.2,13,884,32.9569528,475.5807343,508.5376871
Concrete Strength,0.2,13,886,26.22766704,215.5034976,241.7311647
Concrete Strength,0.2,13,895,29.72331036,15.28049261,45.00380297
Concrete Strength,0.2,13,896,49.77327244,10.90233129,60.67560373
Concrete Strength,0.2,13,899,44.86420332,-155.9145815,-111.0503782
Concrete Strength,0.2,13,902,29.86810032,-79.04632486,-49.17822454
Concrete Strength,0.2,13,905,23.786922,-358.8151646,-335.0282426
Concrete Strength,0.2,13,906,13.29309728,88.83721382,102.1303111
Concrete Strength,0.2,13,910,23.73865868,536.0060597,559.7447184
Concrete Strength,0.2,13,916,28.98557104,-331.7279301,-302.742359
Concrete Strength,0.2,13,920,25.0969264,-216.9890228,-191.8920964
Concrete Strength,0.2,13,944,12.18097249,142.9641594,155.1451319
Concrete Strength,0.2,13,945,25.5595648,227.7240638,253.2836286
Concrete Strength,0.2,13,953,33.71882378,-391.5207053,-357.8018815
Concrete Strength,0.2,13,958,29.72606826,-241.1614958,-211.4354275
Concrete Strength,0.2,13,962,44.86834018,-147.2103318,-102.3419916
Concrete Strength,0.2,13,966,56.61907964,-118.6552769,-62.03619722
Concrete Strength,0.2,13,978,41.05346947,-10.91925321,30.13421625
Concrete Strength,0.2,13,979,28.99108685,-137.6500357,-108.6589489
Concrete Strength,0.2,13,980,46.24729218,-275.3348555,-229.0875633
Concrete Strength,0.2,13,984,29.07313449,-91.16204845,-62.08891396
Concrete Strength,0.2,13,988,33.76226077,7.871640219,41.63390099
Concrete Strength,0.2,13,997,26.85991653,327.2887892,354.1487058
Concrete Strength,0.2,13,1001,44.6118551,184.813687,229.4255421
Concrete Strength,0.2,13,1011,40.06200298,13.11766638,53.17966936
Concrete Strength,0.2,13,1016,52.42637609,227.6421453,280.0685214
Concrete Strength,0.2,13,1017,15.09125069,-62.95917322,-47.86792253
Concrete Strength,0.2,13,1018,38.46103971,62.98024883,101.4412885
Concrete Strength,0.2,13,1019,37.26548832,135.9258338,173.1913222
Concrete Strength,0.2,13,1021,42.14008364,-49.20233415,-7.062250511
Concrete Strength,0.2,13,1023,41.54230795,-97.4809087,-55.93860075
Concrete Strength,0.2,13,1028,23.69660064,104.1497401,127.8463408
Concrete Strength,0.2,14,9,45.85429086,399.9687114,445.8230023
Concrete Strength,0.2,14,11,38.07424367,1.840249961,39.91449363
Concrete Strength,0.2,14,23,8.06342182,80.4563854,88.51980722
Concrete Strength,0.2,14,69,40.85696881,-166.1435856,-125.2866168
Concrete Strength,0.2,14,71,34.39795764,-279.5807346,-245.1827769
Concrete Strength,0.2,14,76,37.79707432,-143.0933858,-105.2963115
Concrete Strength,0.2,14,83,41.09966436,66.17732703,107.2769914
Concrete Strength,0.2,14,84,35.3011712,205.8770525,241.1782237
Concrete Strength,0.2,14,85,28.29609504,-0.8536948616,27.44240018
Concrete Strength,0.2,14,90,39.300132,401.5339418,440.8340738
Concrete Strength,0.2,14,107,55.89581932,-76.22955159,-20.33373227
Concrete Strength,0.2,14,110,55.89581932,-134.5258007,-78.6299814
Concrete Strength,0.2,14,116,35.10122316,-44.48256877,-9.381345609
Concrete Strength,0.2,14,117,61.09446836,-292.8633514,-231.7688831
Concrete Strength,0.2,14,122,68.29949256,22.04122852,90.34072108
Concrete Strength,0.2,14,125,50.69717028,-127.0939343,-76.39676404
Concrete Strength,0.2,14,128,55.49592324,55.85735683,111.3532801
Concrete Strength,0.2,14,130,71.29871316,151.4326036,222.7313168
Concrete Strength,0.2,14,138,71.29871316,84.06895467,155.3676678
Concrete Strength,0.2,14,141,64.90037588,-79.2071421,-14.30676622
Concrete Strength,0.2,14,145,72.29845336,-171.2470204,-98.94856709
Concrete Strength,0.2,14,150,64.30053176,298.8994492,363.199981
Concrete Strength,0.2,14,152,73.69808964,-5.759321241,67.9387684
Concrete Strength,0.2,14,162,59.89478012,240.5940627,300.4888428
Concrete Strength,0.2,14,166,66.69990824,-216.5889486,-149.8890404
Concrete Strength,0.2,14,170,65.19685056,-106.2920251,-41.09517459
Concrete Strength,0.2,14,179,76.80073164,24.98399642,101.7847281
Concrete Strength,0.2,14,180,79.29663476,-143.491335,-64.19470021
Concrete Strength,0.2,14,186,24.44881896,199.448718,223.897537
Concrete Strength,0.2,14,196,24.98661024,-242.0157411,-217.0291309
Concrete Strength,0.2,14,206,20.91870184,243.1881648,264.1068667
Concrete Strength,0.2,14,215,9.4458212,-732.6427113,-723.1968901
Concrete Strength,0.2,14,218,38.56239268,-36.46814194,2.094250742
Concrete Strength,0.2,14,219,40.38950408,-43.06064278,-2.6711387
Concrete Strength,0.2,14,220,10.76272036,101.4260862,112.1888065
Concrete Strength,0.2,14,224,33.5430074,-165.8620727,-132.3190653
Concrete Strength,0.2,14,230,17.9953236,-306.4930655,-288.4977419
Concrete Strength,0.2,14,233,50.77301264,450.6729074,501.44592
Concrete Strength,0.2,14,237,40.2309246,-185.9934427,-145.7625181
Concrete Strength,0.2,14,238,47.13257936,-485.7658603,-438.6332809
Concrete Strength,0.2,14,246,25.68987576,-342.4543241,-316.7644483
Concrete Strength,0.2,14,260,13.33446584,-68.55441506,-55.21994922
Concrete Strength,0.2,14,264,47.73931824,-157.7500138,-110.0106955
Concrete Strength,0.2,14,268,45.08483564,-94.21350547,-49.12866983
Concrete Strength,0.2,14,272,33.72916592,-193.6178972,-159.8887313
Concrete Strength,0.2,14,274,45.83636448,294.2914032,340.1277677
Concrete Strength,0.2,14,278,36.96970312,142.760057,179.7297601
Concrete Strength,0.2,14,279,43.58177796,-406.0667899,-362.485012
Concrete Strength,0.2,14,285,13.62404576,-263.9426549,-250.3186091
Concrete Strength,0.2,14,299,48.15300384,64.37309916,112.526103
Concrete Strength,0.2,14,300,22.50449664,-173.2485525,-150.7440559
Concrete Strength,0.2,14,306,41.885667,-101.2954685,-59.40980154
Concrete Strength,0.2,14,308,51.03501352,-138.40638,-87.37136649
Concrete Strength,0.2,14,310,22.94576128,8.11226755,31.05802883
Concrete Strength,0.2,14,317,33.94290348,-89.77047893,-55.82757545
Concrete Strength,0.2,14,332,52.5035974,-455.7526396,-403.2490422
Concrete Strength,0.2,14,333,60.32225524,-95.32677596,-35.00452072
Concrete Strength,0.2,14,353,51.4349096,34.75991259,86.19482219
Concrete Strength,0.2,14,360,27.42046052,-36.71223864,-9.29177812
Concrete Strength,0.2,14,365,18.01600788,-453.7492879,-435.7332801
Concrete Strength,0.2,14,368,53.95839176,296.8452036,350.8035954
Concrete Strength,0.2,14,371,26.04840328,-99.09299747,-73.04459419
Concrete Strength,0.2,14,373,37.2661778,93.71915369,130.9853315
Concrete Strength,0.2,14,378,36.3009114,-1.226945146,35.07396625
Concrete Strength,0.2,14,386,60.28088668,-285.0546032,-224.7737166
Concrete Strength,0.2,14,393,47.27736932,19.67935379,66.95672311
Concrete Strength,0.2,14,396,49.24927068,182.6851029,231.9343736
Concrete Strength,0.2,14,399,39.39665864,10.77538306,50.1720417
Concrete Strength,0.2,14,405,76.23536132,149.1036038,225.3389652
Concrete Strength,0.2,14,418,12.17614616,427.9578526,440.1339987
Concrete Strength,0.2,14,427,29.55094136,20.86193081,50.41287217
Concrete Strength,0.2,14,444,37.2661778,97.09426203,134.3604398
Concrete Strength,0.2,14,450,35.852752,27.69370849,63.54646049
Concrete Strength,0.2,14,456,51.25564584,-70.76325389,-19.50760805
Concrete Strength,0.2,14,460,55.0201848,209.1677959,264.1879807
Concrete Strength,0.2,14,469,52.95865156,209.1990866,262.1577381
Concrete Strength,0.2,14,478,23.34565736,162.5683441,185.9140014
Concrete Strength,0.2,14,483,56.14403068,-150.4936444,-94.34961368
Concrete Strength,0.2,14,485,54.76507868,-163.5162791,-108.7512004
Concrete Strength,0.2,14,492,36.83870268,-247.3686163,-210.5299136
Concrete Strength,0.2,14,494,41.66503468,355.9086406,397.5736753
Concrete Strength,0.2,14,518,15.06997543,-148.9582082,-133.8882328
Concrete Strength,0.2,14,530,68.75060685,-231.024179,-162.2735721
Concrete Strength,0.2,14,534,11.6549023,-387.1494272,-375.4945249
Concrete Strength,0.2,14,538,43.94237391,-272.0443462,-228.1019723
Concrete Strength,0.2,14,542,15.61594192,-212.823921,-197.2079791
Concrete Strength,0.2,14,543,21.8591471,191.4755661,213.3347132
Concrete Strength,0.2,14,553,9.617500724,-70.82718547,-61.20968475
Concrete Strength,0.2,14,561,25.74503384,-125.4764008,-99.73136694
Concrete Strength,0.2,14,564,21.81984697,111.4452145,133.2650614
Concrete Strength,0.2,14,570,22.48932817,-230.1965154,-207.7071872
Concrete Strength,0.2,14,571,25.21689522,-264.0087125,-238.7918173
Concrete Strength,0.2,14,577,21.17932377,-10.63476368,10.54456009
Concrete Strength,0.2,14,580,22.62998127,66.37807404,89.00805531
Concrete Strength,0.2,14,586,33.0431373,-257.960023,-224.9168857
Concrete Strength,0.2,14,588,26.91369566,105.7485006,132.6621963
Concrete Strength,0.2,14,593,37.43785732,-336.9514739,-299.5136166
Concrete Strength,0.2,14,595,24.43778734,166.0540291,190.4918164
Concrete Strength,0.2,14,600,20.96696516,40.66924041,61.63620557
Concrete Strength,0.2,14,602,32.03994972,-235.8356134,-203.7956637
Concrete Strength,0.2,14,619,26.94472208,101.161808,128.1065301
Concrete Strength,0.2,14,626,32.922479,400.5526925,433.4751715
Concrete Strength,0.2,14,627,9.99050724,274.804658,284.7951652
Concrete Strength,0.2,14,632,17.54026944,216.4635303,234.0037997
Concrete Strength,0.2,14,651,33.19206412,-234.713316,-201.5212519
Concrete Strength,0.2,14,652,4.903553312,184.2445838,189.1481371
Concrete Strength,0.2,14,656,33.94772981,-184.7794867,-150.8317568
Concrete Strength,0.2,14,661,31.0236621,442.0992826,473.1229447
Concrete Strength,0.2,14,664,27.8748252,281.8703915,309.7452167
Concrete Strength,0.2,14,675,13.5654403,102.8599678,116.4254081
Concrete Strength,0.2,14,685,50.73233356,-337.22852,-286.4961864
Concrete Strength,0.2,14,688,47.78206575,108.9511194,156.7331852
Concrete Strength,0.2,14,690,16.8894041,216.8042426,233.6936467
Concrete Strength,0.2,14,695,32.88455782,-72.04943019,-39.16487237
Concrete Strength,0.2,14,697,10.7875415,-97.5281164,-86.7405749
Concrete Strength,0.2,14,713,21.48062478,-204.1711919,-182.6905671
Concrete Strength,0.2,14,722,11.85209244,-1.284369084,10.56772336
Concrete Strength,0.2,14,725,35.76312012,340.3094524,376.0725726
Concrete Strength,0.2,14,727,14.306627,-82.31538809,-68.00876109
Concrete Strength,0.2,14,729,31.74347504,-31.18182767,0.5616473654
Concrete Strength,0.2,14,731,39.38286912,47.02114057,86.40400969
Concrete Strength,0.2,14,732,15.87173752,82.47759596,98.34933348
Concrete Strength,0.2,14,734,33.60506024,-98.53753857,-64.93247833
Concrete Strength,0.2,14,735,40.65839972,3.651455411,44.30985513
Concrete Strength,0.2,14,740,25.17966352,117.5927226,142.7723861
Concrete Strength,0.2,14,760,27.3377234,35.69832284,63.03604624
Concrete Strength,0.2,14,761,29.97841648,-205.8307347,-175.8523182
Concrete Strength,0.2,14,774,37.42475728,-45.33895586,-7.914198578
Concrete Strength,0.2,14,786,16.26473884,194.8112681,211.0760069
Concrete Strength,0.2,14,790,32.72253096,81.06765012,113.7901811
Concrete Strength,0.2,14,801,13.71367764,-324.6962981,-310.9826205
Concrete Strength,0.2,14,805,39.58281716,-475.9013935,-436.3185764
Concrete Strength,0.2,14,810,19.69143456,262.0867212,281.7781558
Concrete Strength,0.2,14,811,14.98920824,-322.6931323,-307.703924
Concrete Strength,0.2,14,813,34.6806428,70.35700633,105.0376491
Concrete Strength,0.2,14,830,37.16965116,-413.4974495,-376.3277983
Concrete Strength,0.2,14,842,30.12320644,-264.8480273,-234.7248209
Concrete Strength,0.2,14,852,32.83974188,212.1132152,244.9529571
Concrete Strength,0.2,14,854,40.0585556,285.6969814,325.755537
Concrete Strength,0.2,14,857,40.86524252,266.2800921,307.1453346
Concrete Strength,0.2,14,870,31.17810472,-45.16598198,-13.98787726
Concrete Strength,0.2,14,886,26.22766704,-72.38311936,-46.15545232
Concrete Strength,0.2,14,890,33.7153764,37.73939229,71.45476869
Concrete Strength,0.2,14,896,49.77327244,265.6045297,315.3778022
Concrete Strength,0.2,14,897,52.44154456,-69.87263297,-17.43108841
Concrete Strength,0.2,14,899,44.86420332,-41.45093769,3.413265628
Concrete Strength,0.2,14,916,28.98557104,107.6107329,136.596304
Concrete Strength,0.2,14,918,26.91714304,-0.8664550597,26.05068798
Concrete Strength,0.2,14,926,27.234302,110.2175407,137.4518427
Concrete Strength,0.2,14,930,21.91154728,-69.02834822,-47.11680094
Concrete Strength,0.2,14,931,30.88163004,-225.5346137,-194.6529837
Concrete Strength,0.2,14,943,40.92522693,221.1334071,262.058634
Concrete Strength,0.2,14,945,25.5595648,-465.0954293,-439.5358645
Concrete Strength,0.2,14,952,19.0095428,-258.6634821,-239.6539393
Concrete Strength,0.2,14,966,56.61907964,5.251797273,61.87087692
Concrete Strength,0.2,14,968,23.786922,455.6589304,479.4458524
Concrete Strength,0.2,14,974,26.14768782,-187.17653,-161.0288422
Concrete Strength,0.2,14,975,15.52631004,-19.26534505,-3.739035006
Concrete Strength,0.2,14,979,28.99108685,82.76240656,111.7534934
Concrete Strength,0.2,14,984,29.07313449,92.86949956,121.9426341
Concrete Strength,0.2,14,990,19.98790924,-97.05039781,-77.06248857
Concrete Strength,0.2,14,1001,44.6118551,78.10296783,122.7148229
Concrete Strength,0.2,14,1002,53.52471136,506.5841548,560.1088662
Concrete Strength,0.2,14,1003,57.21823429,11.687415,68.90564929
Concrete Strength,0.2,14,1010,42.6440906,-220.625116,-177.9810254
Concrete Strength,0.2,14,1016,52.42637609,-222.4041869,-169.9778108
Concrete Strength,0.2,14,1025,37.91704314,-315.6631095,-277.7460663
Concrete Strength,0.2,15,12,28.02168359,155.5685701,183.5902537
Concrete Strength,0.2,15,15,47.81378165,-347.6668377,-299.853056
Concrete Strength,0.2,15,17,39.35804798,-168.8870092,-129.5289612
Concrete Strength,0.2,15,23,8.06342182,-134.1607922,-126.0973704
Concrete Strength,0.2,15,55,14.58931216,112.233857,126.8231692
Concrete Strength,0.2,15,58,9.131420144,-368.4231734,-359.2917533
Concrete Strength,0.2,15,60,33.01900564,-384.208464,-351.1894584
Concrete Strength,0.2,15,69,40.85696881,-3.001319579,37.85564923
Concrete Strength,0.2,15,85,28.29609504,59.35783693,87.65393197
Concrete Strength,0.2,15,97,46.80163088,111.0368081,157.838439
Concrete Strength,0.2,15,99,55.59934464,-540.9218129,-485.3224682
Concrete Strength,0.2,15,108,49.80085148,280.9512688,330.7521202
Concrete Strength,0.2,15,122,68.29949256,145.7442675,214.04376
Concrete Strength,0.2,15,142,64.30053176,-137.7158072,-73.41527542
Concrete Strength,0.2,15,145,72.29845336,-222.0185255,-149.7200722
Concrete Strength,0.2,15,147,64.30053176,63.72652269,128.0270545
Concrete Strength,0.2,15,148,55.19944856,-76.95122244,-21.75177388
Concrete Strength,0.2,15,157,72.99482412,-290.4308709,-217.4360468
Concrete Strength,0.2,15,161,77.29715436,-46.77270981,30.52444455
Concrete Strength,0.2,15,171,57.59882504,-235.1833701,-177.584545
Concrete Strength,0.2,15,174,68.09954452,131.5131987,199.6127432
Concrete Strength,0.2,15,175,75.497622,63.00985819,138.5074802
Concrete Strength,0.2,15,188,29.44751996,143.6408979,173.0884179
Concrete Strength,0.2,15,191,22.13907436,208.9411662,231.0802405
Concrete Strength,0.2,15,193,27.66177712,-424.9638108,-397.3020336
Concrete Strength,0.2,15,202,26.40003604,81.1588933,107.5589293
Concrete Strength,0.2,15,204,40.56876784,106.9198996,147.4886674
Concrete Strength,0.2,15,207,24.90387312,401.4236557,426.3275288
Concrete Strength,0.2,15,210,10.0318758,243.5404705,253.5723463
Concrete Strength,0.2,15,215,9.4458212,0.2843851761,9.730206376
Concrete Strength,0.2,15,219,40.38950408,-162.0315983,-121.6420942
Concrete Strength,0.2,15,223,28.62704352,640.9411538,669.5681973
Concrete Strength,0.2,15,224,33.5430074,-233.0222416,-199.4792342
Concrete Strength,0.2,15,236,17.83674412,-12.14493635,5.691807771
Concrete Strength,0.2,15,239,49.97322048,103.9065569,153.8797774
Concrete Strength,0.2,15,245,19.93275116,278.8524548,298.785206
Concrete Strength,0.2,15,247,30.2335226,-42.8359306,-12.602408
Concrete Strength,0.2,15,251,24.91766264,167.0055569,191.9232195
Concrete Strength,0.2,15,255,13.54130864,-429.7309481,-416.1896395
Concrete Strength,0.2,15,258,42.54756396,90.81800247,133.3655664
Concrete Strength,0.2,15,260,13.33446584,-335.8146902,-322.4802243
Concrete Strength,0.2,15,271,26.77235308,-12.36129917,14.41105391
Concrete Strength,0.2,15,274,45.83636448,-147.0964176,-101.2600531
Concrete Strength,0.2,15,282,32.66047812,125.3257025,157.9861806
Concrete Strength,0.2,15,293,43.49904084,566.994657,610.4936978
Concrete Strength,0.2,15,302,34.73580088,11.35536193,46.09116281
Concrete Strength,0.2,15,304,48.97348028,-299.6108091,-250.6373288
Concrete Strength,0.2,15,307,48.28400428,68.32518777,116.6091921
Concrete Strength,0.2,15,310,22.94576128,93.89682245,116.8425837
Concrete Strength,0.2,15,311,35.2322236,-63.9571138,-28.7248902
Concrete Strength,0.2,15,312,39.94134468,305.7638075,345.7051522
Concrete Strength,0.2,15,316,33.35684888,-339.3627838,-306.005935
Concrete Strength,0.2,15,318,44.14025352,-185.2009539,-141.0607003
Concrete Strength,0.2,15,325,21.78054684,-147.4866573,-125.7061104
Concrete Strength,0.2,15,336,38.76923548,161.9015,200.6707355
Concrete Strength,0.2,15,340,21.91154728,-144.0059225,-122.0943752
Concrete Strength,0.2,15,341,36.9903874,21.8473677,58.8377551
Concrete Strength,0.2,15,345,17.57474324,156.0434456,173.6181888
Concrete Strength,0.2,15,349,50.07664188,-160.1328912,-110.0562493
Concrete Strength,0.2,15,356,47.7117392,428.9533135,476.6650527
Concrete Strength,0.2,15,359,66.9481196,24.72611363,91.67423323
Concrete Strength,0.2,15,395,52.30364936,-216.5043586,-164.2007093
Concrete Strength,0.2,15,399,39.39665864,-317.3373627,-277.940704
Concrete Strength,0.2,15,408,19.41564416,-326.3131116,-306.8974674
Concrete Strength,0.2,15,410,14.94094492,-180.2960957,-165.3551508
Concrete Strength,0.2,15,412,23.07676172,498.0103755,521.0871372
Concrete Strength,0.2,15,417,15.60973664,-249.7365597,-234.1268231
Concrete Strength,0.2,15,421,33.08795324,-151.2369768,-118.1490236
Concrete Strength,0.2,15,423,31.81242264,152.1922983,184.0047209
Concrete Strength,0.2,15,425,33.00521612,-45.1908733,-12.18565718
Concrete Strength,0.2,15,426,32.90179472,207.2798667,240.1816614
Concrete Strength,0.2,15,437,33.68779736,-533.9481032,-500.2603058
Concrete Strength,0.2,15,442,27.22051248,-32.56710255,-5.346590066
Concrete Strength,0.2,15,445,33.27411176,-47.41446596,-14.1403542
Concrete Strength,0.2,15,448,48.58737372,136.1642238,184.7515975
Concrete Strength,0.2,15,454,31.715896,-111.7986849,-80.0827889
Concrete Strength,0.2,15,455,39.64487,-304.0554687,-264.4105987
Concrete Strength,0.2,15,456,51.25564584,-82.63718057,-31.38153473
Concrete Strength,0.2,15,470,44.27814872,125.9551358,170.2332845
Concrete Strength,0.2,15,473,44.42293868,-210.6510266,-166.2280879
Concrete Strength,0.2,15,474,51.021224,-273.9941651,-222.9729411
Concrete Strength,0.2,15,477,25.02108404,107.6703253,132.6914094
Concrete Strength,0.2,15,481,39.300132,-335.765965,-296.465833
Concrete Strength,0.2,15,486,50.23522136,-256.8207074,-206.5854861
Concrete Strength,0.2,15,490,25.510612,-301.4746219,-275.9640099
Concrete Strength,0.2,15,494,41.66503468,101.079303,142.7443377
Concrete Strength,0.2,15,496,47.96684532,96.049013,144.0158583
Concrete Strength,0.2,15,497,61.45989064,-30.87577642,30.58411422
Concrete Strength,0.2,15,518,15.06997543,68.0020822,83.07205763
Concrete Strength,0.2,15,532,23.84897484,62.00750946,85.8564843
Concrete Strength,0.2,15,541,24.4046925,103.0361379,127.4408304
Concrete Strength,0.2,15,549,25.57335432,-156.8083427,-131.2349884
Concrete Strength,0.2,15,553,9.617500724,-310.872733,-301.2552323
Concrete Strength,0.2,15,558,17.23621052,257.6047569,274.8409674
Concrete Strength,0.2,15,562,33.08243743,192.0012363,225.0836737
Concrete Strength,0.2,15,568,11.95758227,-188.4319516,-176.4743694
Concrete Strength,0.2,15,573,13.08901238,82.88997162,95.97898401
Concrete Strength,0.2,15,574,38.70028788,43.13471486,81.83500274
Concrete Strength,0.2,15,575,7.507014688,98.00954702,105.5165617
Concrete Strength,0.2,15,581,21.8591471,31.74814545,53.60729256
Concrete Strength,0.2,15,582,12.37264682,-82.25105892,-69.8784121
Concrete Strength,0.2,15,583,25.72641799,44.35880507,70.08522306
Concrete Strength,0.2,15,606,6.46728488,-29.59573948,-23.1284546
Concrete Strength,0.2,15,608,18.41590396,263.1421767,281.5580807
Concrete Strength,0.2,15,614,11.36256448,-91.18898892,-79.82642444
Concrete Strength,0.2,15,625,27.53077668,-185.4203552,-157.8895785
Concrete Strength,0.2,15,629,12.24509376,83.9351961,96.18028986
Concrete Strength,0.2,15,636,15.57526284,-213.9006641,-198.3254013
Concrete Strength,0.2,15,643,20.87043852,47.89776808,68.7682066
Concrete Strength,0.2,15,649,29.89223198,349.4578294,379.3500614
Concrete Strength,0.2,15,650,6.902344236,51.57208909,58.47443332
Concrete Strength,0.2,15,654,25.46096973,-235.4975087,-210.036539
Concrete Strength,0.2,15,656,33.94772981,117.0208119,150.9685417
Concrete Strength,0.2,15,658,20.59395864,448.2547731,468.8487317
Concrete Strength,0.2,15,665,19.35014394,138.8950711,158.2452151
Concrete Strength,0.2,15,679,38.80439876,-183.2364092,-144.4320104
Concrete Strength,0.2,15,685,50.73233356,307.6527855,358.385119
Concrete Strength,0.2,15,689,2.331807832,174.7912272,177.123035
Concrete Strength,0.2,15,690,16.8894041,-510.2557244,-493.3663203
Concrete Strength,0.2,15,697,10.7875415,-15.87416323,-5.086621738
Concrete Strength,0.2,15,704,30.43967592,277.8026194,308.2422954
Concrete Strength,0.2,15,710,32.10269204,-112.0689593,-79.96626726
Concrete Strength,0.2,15,718,4.827710952,10.74588757,15.57359852
Concrete Strength,0.2,15,721,51.86376367,-376.1140982,-324.2503346
Concrete Strength,0.2,15,722,11.85209244,31.06011532,42.91220776
Concrete Strength,0.2,15,725,35.76312012,95.19547376,130.9585939
Concrete Strength,0.2,15,731,39.38286912,492.0761859,531.4590551
Concrete Strength,0.2,15,732,15.87173752,87.02277852,102.894516
Concrete Strength,0.2,15,738,17.54026944,-239.1481414,-221.607872
Concrete Strength,0.2,15,746,22.43554904,370.4078452,392.8433942
Concrete Strength,0.2,15,758,18.12632404,39.69420684,57.82053088
Concrete Strength,0.2,15,759,22.53207568,20.4813805,43.01345618
Concrete Strength,0.2,15,772,13.52062436,-30.74468623,-17.22406187
Concrete Strength,0.2,15,773,24.00065956,-296.4490672,-272.4484076
Concrete Strength,0.2,15,782,14.2032056,359.3599066,373.5631122
Concrete Strength,0.2,15,787,31.44700036,92.45258057,123.8995809
Concrete Strength,0.2,15,790,32.72253096,497.5500446,530.2725755
Concrete Strength,0.2,15,806,48.79421652,-45.33484126,3.459375258
Concrete Strength,0.2,15,807,24.00065956,-175.507404,-151.5067445
Concrete Strength,0.2,15,811,14.98920824,145.2492859,160.2384941
Concrete Strength,0.2,15,813,34.6806428,263.5975609,298.2782037
Concrete Strength,0.2,15,840,26.8550902,64.5331864,91.3882766
Concrete Strength,0.2,15,852,32.83974188,-108.4873547,-75.64761278
Concrete Strength,0.2,15,856,61.23236356,-120.5223309,-59.28996734
Concrete Strength,0.2,15,857,40.86524252,-20.35601442,20.5092281
Concrete Strength,0.2,15,861,38.45897128,-8.837425623,29.62154566
Concrete Strength,0.2,15,895,29.72331036,20.02471919,49.74802955
Concrete Strength,0.2,15,898,40.93419012,83.53209246,124.4662826
Concrete Strength,0.2,15,903,56.61287436,128.4583949,185.0712692
Concrete Strength,0.2,15,911,26.14492992,-6.48747245,19.65745747
Concrete Strength,0.2,15,916,28.98557104,-92.28688239,-63.30131135
Concrete Strength,0.2,15,938,36.80491836,-327.3852303,-290.580312
Concrete Strength,0.2,15,945,25.5595648,18.15225235,43.71181714
Concrete Strength,0.2,15,947,32.96384756,435.6468107,468.6106583
Concrete Strength,0.2,15,951,38.6306508,-280.9855615,-242.3549107
Concrete Strength,0.2,15,952,19.0095428,-256.8203931,-237.8108503
Concrete Strength,0.2,15,961,40.9348796,-134.1859148,-93.25103517
Concrete Strength,0.2,15,965,29.87085822,-59.44019431,-29.56933609
Concrete Strength,0.2,15,974,26.14768782,16.72829751,42.87598534
Concrete Strength,0.2,15,975,15.52631004,308.6986662,324.2249762
Concrete Strength,0.2,15,978,41.05346947,329.5453269,370.5987963
Concrete Strength,0.2,15,979,28.99108685,267.2491533,296.2402402
Concrete Strength,0.2,15,984,29.07313449,244.5187243,273.5918588
Concrete Strength,0.2,15,988,33.76226077,67.76728436,101.5295451
Concrete Strength,0.2,15,994,33.4195912,-104.8608405,-71.44124926
Concrete Strength,0.2,15,1002,53.52471136,133.6981499,187.2228612
Concrete Strength,0.2,15,1025,37.91704314,74.90717785,112.824221
Concrete Strength,0.2,16,15,47.81378165,-152.4766783,-104.6628966
Concrete Strength,0.2,16,37,30.07976945,266.8615559,296.9413253
Concrete Strength,0.2,16,63,9.86640156,69.47934231,79.34574387
Concrete Strength,0.2,16,76,37.79707432,161.8365554,199.6336297
Concrete Strength,0.2,16,78,33.39821744,120.5275312,153.9257487
Concrete Strength,0.2,16,84,35.3011712,-614.2168022,-578.915631
Concrete Strength,0.2,16,88,24.40055564,-85.8814695,-61.48091386
Concrete Strength,0.2,16,94,46.20178676,438.7168892,484.918676
Concrete Strength,0.2,16,101,49.20100736,-12.86750296,36.3335044
Concrete Strength,0.2,16,108,49.80085148,-184.3971315,-134.59628
Concrete Strength,0.2,16,116,35.10122316,258.7979601,293.8991832
Concrete Strength,0.2,16,135,71.29871316,-72.78775749,-1.489044334
Concrete Strength,0.2,16,138,71.29871316,-19.07193923,52.22677393
Concrete Strength,0.2,16,150,64.30053176,-282.4005326,-218.1000009
Concrete Strength,0.2,16,151,66.10006412,296.5813037,362.6813678
Concrete Strength,0.2,16,156,77.29715436,160.425724,237.7228784
Concrete Strength,0.2,16,165,65.19685056,-10.35519305,54.84165751
Concrete Strength,0.2,16,173,65.19685056,164.0943353,229.2911858
Concrete Strength,0.2,16,176,79.29663476,-332.5424793,-253.2458446
Concrete Strength,0.2,16,179,76.80073164,-280.0810501,-203.2803185
Concrete Strength,0.2,16,180,79.29663476,71.65204457,150.9486793
Concrete Strength,0.2,16,181,73.29819356,-107.8888947,-34.59070118
Concrete Strength,0.2,16,187,24.8900836,162.6073547,187.4974383
Concrete Strength,0.2,16,199,37.34202016,186.0586253,223.4006455
Concrete Strength,0.2,16,207,24.90387312,39.17873294,64.08260606
Concrete Strength,0.2,16,208,34.20490436,-154.7126671,-120.5077627
Concrete Strength,0.2,16,213,31.53663224,-146.0346582,-114.4980259
Concrete Strength,0.2,16,222,21.53923024,470.9603352,492.4995654
Concrete Strength,0.2,16,224,33.5430074,-532.6463422,-499.1033348
Concrete Strength,0.2,16,233,50.77301264,119.6127761,170.3857888
Concrete Strength,0.2,16,234,53.90323368,383.3839069,437.2871405
Concrete Strength,0.2,16,235,13.18278112,-113.3389798,-100.1561987
Concrete Strength,0.2,16,241,22.31833812,-40.31066547,-17.99232735
Concrete Strength,0.2,16,242,24.53845084,68.5872181,93.12566894
Concrete Strength,0.2,16,243,31.35047372,179.2585982,210.6090719
Concrete Strength,0.2,16,244,40.85834776,65.02775001,105.8860978
Concrete Strength,0.2,16,246,25.68987576,-52.76898921,-27.07911345
Concrete Strength,0.2,16,249,44.298833,-77.40059819,-33.10176519
Concrete Strength,0.2,16,259,42.919881,-73.29210574,-30.37222474
Concrete Strength,0.2,16,265,19.51906556,-144.9110763,-125.3920107
Concrete Strength,0.2,16,266,31.35047372,425.626803,456.9772767
Concrete Strength,0.2,16,270,15.43736764,-28.82222936,-13.38486172
Concrete Strength,0.2,16,271,26.77235308,286.2877341,313.0600872
Concrete Strength,0.2,16,280,13.12072828,114.5862306,127.7069589
Concrete Strength,0.2,16,283,36.63875464,-52.27842158,-15.63966694
Concrete Strength,0.2,16,285,13.62404576,257.132798,270.7568438
Concrete Strength,0.2,16,286,21.60128308,27.15532104,48.75660412
Concrete Strength,0.2,16,290,7.31534036,-89.04369569,-81.72835533
Concrete Strength,0.2,16,296,23.5111316,36.36713722,59.87826882
Concrete Strength,0.2,16,300,22.50449664,-119.9727937,-97.46829704
Concrete Strength,0.2,16,301,34.67374804,246.0772787,280.7510267
Concrete Strength,0.2,16,306,41.885667,118.5698093,160.4554763
Concrete Strength,0.2,16,314,52.04164848,-196.7693259,-144.7276774
Concrete Strength,0.2,16,325,21.78054684,-340.9979701,-319.2174233
Concrete Strength,0.2,16,330,23.52492112,-30.04406388,-6.519142756
Concrete Strength,0.2,16,333,60.32225524,-6.607387225,53.71486802
Concrete Strength,0.2,16,335,23.80071152,143.3982812,167.1989927
Concrete Strength,0.2,16,344,56.7438748,-206.1842589,-149.4403841
Concrete Strength,0.2,16,358,66.82401392,-331.5609981,-264.7369842
Concrete Strength,0.2,16,364,63.52831864,-93.26824241,-29.73992377
Concrete Strength,0.2,16,365,18.01600788,-505.6046425,-487.5886346
Concrete Strength,0.2,16,369,56.63355864,-450.0150347,-393.3814761
Concrete Strength,0.2,16,386,60.28088668,-98.94531614,-38.66442946
Concrete Strength,0.2,16,398,29.15794004,348.3483641,377.5063041
Concrete Strength,0.2,16,405,76.23536132,-234.2503817,-158.0150203
Concrete Strength,0.2,16,412,23.07676172,2.295676024,25.37243774
Concrete Strength,0.2,16,427,29.55094136,8.081114931,37.63205629
Concrete Strength,0.2,16,430,29.59230992,38.20497012,67.79728004
Concrete Strength,0.2,16,436,41.20308576,168.6154974,209.8185832
Concrete Strength,0.2,16,438,38.20386516,-293.0194729,-254.8156077
Concrete Strength,0.2,16,442,27.22051248,-35.02842001,-7.807907529
Concrete Strength,0.2,16,444,37.2661778,307.9442346,345.2104124
Concrete Strength,0.2,16,447,53.72396992,152.3025367,206.0265066
Concrete Strength,0.2,16,451,53.77223324,87.33398223,141.1062155
Concrete Strength,0.2,16,460,55.0201848,-140.1048316,-85.08464678
Concrete Strength,0.2,16,466,50.93848688,88.20489688,139.1433838
Concrete Strength,0.2,16,468,41.1617172,-275.1859307,-234.0242135
Concrete Strength,0.2,16,470,44.27814872,-19.86295154,24.41519718
Concrete Strength,0.2,16,471,40.14818748,200.6420882,240.7902757
Concrete Strength,0.2,16,472,57.02655996,27.02124954,84.0478095
Concrete Strength,0.2,16,474,51.021224,97.80332167,148.8245457
Concrete Strength,0.2,16,485,54.76507868,-28.90417367,25.86090501
Concrete Strength,0.2,16,489,22.752708,244.750814,267.503522
Concrete Strength,0.2,16,511,39.00464228,-337.4305473,-298.425905
Concrete Strength,0.2,16,519,23.24519085,-76.98468183,-53.73949098
Concrete Strength,0.2,16,521,13.39553372,-102.3043443,-88.90881055
Concrete Strength,0.2,16,524,62.93536928,91.97637317,154.9117424
Concrete Strength,0.2,16,526,25.11662572,-184.6140455,-159.4974198
Concrete Strength,0.2,16,528,35.75425543,-154.813269,-119.0590136
Concrete Strength,0.2,16,531,66.78067543,96.60899522,163.3896707
Concrete Strength,0.2,16,532,23.84897484,-102.3129272,-78.46395233
Concrete Strength,0.2,16,549,25.57335432,-226.0023222,-200.4289679
Concrete Strength,0.2,16,561,25.74503384,42.60607221,68.35110605
Concrete Strength,0.2,16,569,25.44786968,-67.82600616,-42.37813647
Concrete Strength,0.2,16,577,21.17932377,86.83959423,108.018918
Concrete Strength,0.2,16,578,18.19871902,-262.0854617,-243.8867427
Concrete Strength,0.2,16,580,22.62998127,-31.67818326,-9.048201991
Concrete Strength,0.2,16,584,37.81362174,136.8822086,174.6958303
Concrete Strength,0.2,16,588,26.91369566,-118.1537878,-91.24009212
Concrete Strength,0.2,16,591,10.33593472,41.64231908,51.9782538
Concrete Strength,0.2,16,595,24.43778734,237.0140452,261.4518326
Concrete Strength,0.2,16,606,6.46728488,132.1948812,138.6621661
Concrete Strength,0.2,16,608,18.41590396,72.13891242,90.55481638
Concrete Strength,0.2,16,612,21.26343984,113.4772955,134.7407354
Concrete Strength,0.2,16,624,12.54156844,294.4047199,306.9462883
Concrete Strength,0.2,16,625,27.53077668,-12.01433275,15.51644393
Concrete Strength,0.2,16,629,12.24509376,1.143670568,13.38876433
Concrete Strength,0.2,16,630,11.1695112,115.1117375,126.2812487
Concrete Strength,0.2,16,633,30.57136584,42.02808301,72.59944885
Concrete Strength,0.2,16,641,30.14389072,-209.9073391,-179.7634484
Concrete Strength,0.2,16,646,19.53906036,238.9975195,258.5365799
Concrete Strength,0.2,16,653,4.565020596,-136.3469526,-131.781932
Concrete Strength,0.2,16,661,31.0236621,296.8425284,327.8661905
Concrete Strength,0.2,16,664,27.8748252,-429.0874791,-401.2126539
Concrete Strength,0.2,16,667,12.78840085,76.13535955,88.9237604
Concrete Strength,0.2,16,676,32.53292506,104.8718583,137.4047834
Concrete Strength,0.2,16,677,15.74832132,176.7973254,192.5456467
Concrete Strength,0.2,16,680,33.00383717,39.88710312,72.89094029
Concrete Strength,0.2,16,683,24.04616498,109.9642855,134.0104505
Concrete Strength,0.2,16,686,13.66403537,76.94308884,90.60712421
Concrete Strength,0.2,16,707,26.32281473,34.91133723,61.23415196
Concrete Strength,0.2,16,720,43.56523054,80.9297663,124.4949968
Concrete Strength,0.2,16,721,51.86376367,-69.05624952,-17.19248584
Concrete Strength,0.2,16,722,11.85209244,-15.31238135,-3.460288914
Concrete Strength,0.2,16,724,27.82725136,-395.674857,-367.8476056
Concrete Strength,0.2,16,725,35.76312012,-3.485378605,32.27774151
Concrete Strength,0.2,16,727,14.306627,-70.84978658,-56.54315958
Concrete Strength,0.2,16,728,17.43684804,-264.6471631,-247.210315
Concrete Strength,0.2,16,729,31.74347504,179.3312712,211.0747462
Concrete Strength,0.2,16,735,40.65839972,78.88808749,119.5464872
Concrete Strength,0.2,16,736,40.85834776,256.5999352,297.458283
Concrete Strength,0.2,16,737,12.05204048,138.94059,150.9926305
Concrete Strength,0.2,16,778,31.84000168,122.4674956,154.3074973
Concrete Strength,0.2,16,807,24.00065956,-26.18362464,-2.182965077
Concrete Strength,0.2,16,810,19.69143456,250.6163917,270.3078262
Concrete Strength,0.2,16,813,34.6806428,216.6845358,251.3651786
Concrete Strength,0.2,16,822,20.77391188,101.4829456,122.2568575
Concrete Strength,0.2,16,827,24.39366088,-312.8811445,-288.4874836
Concrete Strength,0.2,16,830,37.16965116,-66.55267383,-29.38302267
Concrete Strength,0.2,16,842,30.12320644,328.4404274,358.5636338
Concrete Strength,0.2,16,844,44.6090972,348.4184402,393.0275374
Concrete Strength,0.2,16,846,57.21271848,327.5975857,384.8103042
Concrete Strength,0.2,16,849,33.39821744,-111.7083205,-78.31010303
Concrete Strength,0.2,16,852,32.83974188,206.9355268,239.7752687
Concrete Strength,0.2,16,862,37.25928304,-227.7776978,-190.5184147
Concrete Strength,0.2,16,883,36.4388066,-359.3924502,-322.9536436
Concrete Strength,0.2,16,884,32.9569528,71.08967892,104.0466317
Concrete Strength,0.2,16,894,23.51802636,528.5115202,552.0295466
Concrete Strength,0.2,16,897,52.44154456,221.0057657,273.4473103
Concrete Strength,0.2,16,906,13.29309728,-131.7270507,-118.4339534
Concrete Strength,0.2,16,918,26.91714304,84.53270588,111.4498489
Concrete Strength,0.2,16,921,29.06830816,41.44086766,70.50917582
Concrete Strength,0.2,16,926,27.234302,-299.6855205,-272.4512185
Concrete Strength,0.2,16,928,33.05347944,113.0532293,146.1067088
Concrete Strength,0.2,16,940,32.72046253,-112.8674666,-80.14700404
Concrete Strength,0.2,16,946,36.44363293,33.57706887,70.0207018
Concrete Strength,0.2,16,951,38.6306508,59.97464756,98.60529837
Concrete Strength,0.2,16,952,19.0095428,133.9132342,152.922777
Concrete Strength,0.2,16,960,52.44637089,126.2203582,178.6667291
Concrete Strength,0.2,16,968,23.786922,-143.8588673,-120.0719453
Concrete Strength,0.2,16,969,13.29378676,-145.0833829,-131.7895961
Concrete Strength,0.2,16,985,9.738159024,166.9515397,176.6896987
Concrete Strength,0.2,16,1005,52.82696164,-161.2479337,-108.4209721
Concrete Strength,0.2,16,1009,35.31427124,40.57343287,75.88770411
Concrete Strength,0.2,16,1027,31.1787942,227.3403011,258.5190953
Concrete Strength,0.2,16,1028,23.69660064,-184.4128707,-160.71627
Concrete Strength,0.2,16,1030,32.40123514,23.92010043,56.32133557
Concrete Strength,0.2,17,47,15.04919265,-348.5678069,-333.5186142
Concrete Strength,0.2,17,74,36.3009114,-386.9153553,-350.6144439
Concrete Strength,0.2,17,78,33.39821744,-17.71744761,15.68076983
Concrete Strength,0.2,17,93,24.0971862,-42.3799974,-18.2828112
Concrete Strength,0.2,17,94,46.20178676,-320.3237238,-274.121937
Concrete Strength,0.2,17,99,55.59934464,54.85914707,110.4584917
Concrete Strength,0.2,17,101,49.20100736,-40.73589779,8.465109574
Concrete Strength,0.2,17,105,33.39821744,549.5165686,582.914786
Concrete Strength,0.2,17,106,54.09628696,-76.05890851,-21.96262155
Concrete Strength,0.2,17,108,49.80085148,275.9764073,325.7772588
Concrete Strength,0.2,17,115,22.89749796,227.5862051,250.4837031
Concrete Strength,0.2,17,116,35.10122316,-22.85988914,12.24133402
Concrete Strength,0.2,17,117,61.09446836,246.5509767,307.645445
Concrete Strength,0.2,17,122,68.29949256,-44.79115123,23.50834133
Concrete Strength,0.2,17,129,68.4994406,95.81469471,164.3141353
Concrete Strength,0.2,17,131,74.69782984,-108.7689991,-34.07116928
Concrete Strength,0.2,17,138,71.29871316,-153.8727541,-82.57404098
Concrete Strength,0.2,17,139,49.89737812,-289.7748266,-239.8774485
Concrete Strength,0.2,17,141,64.90037588,64.74125027,129.6416261
Concrete Strength,0.2,17,145,72.29845336,-70.90646908,1.391984277
Concrete Strength,0.2,17,150,64.30053176,84.55024205,148.8507738
Concrete Strength,0.2,17,170,65.19685056,129.1878301,194.3846807
Concrete Strength,0.2,17,180,79.29663476,222.2824985,301.5791332
Concrete Strength,0.2,17,184,67.79617508,-8.808203802,58.98797128
Concrete Strength,0.2,17,189,40.7135578,-92.93242344,-52.21886564
Concrete Strength,0.2,17,201,21.0634918,122.1362603,143.1997521
Concrete Strength,0.2,17,211,20.08443588,-330.4485753,-310.3641394
Concrete Strength,0.2,17,215,9.4458212,19.36743675,28.81325795
Concrete Strength,0.2,17,217,28.46846404,565.4780921,593.9465562
Concrete Strength,0.2,17,223,28.62704352,-396.3782198,-367.7511763
Concrete Strength,0.2,17,224,33.5430074,-140.7433508,-107.2003434
Concrete Strength,0.2,17,232,45.70536404,-203.1161512,-157.4107872
Concrete Strength,0.2,17,233,50.77301264,-307.5258842,-256.7528716
Concrete Strength,0.2,17,239,49.97322048,-335.1597579,-285.1865374
Concrete Strength,0.2,17,240,13.35515012,214.475011,227.8301611
Concrete Strength,0.2,17,243,31.35047372,49.89205508,81.2425288
Concrete Strength,0.2,17,244,40.85834776,110.3321564,151.1905042
Concrete Strength,0.2,17,251,24.91766264,-401.0944938,-376.1768312
Concrete Strength,0.2,17,259,42.919881,-251.6260302,-208.7061492
Concrete Strength,0.2,17,263,44.39535964,119.7295916,164.1249512
Concrete Strength,0.2,17,268,45.08483564,8.038663598,53.12349924
Concrete Strength,0.2,17,293,43.49904084,90.19717575,133.6962166
Concrete Strength,0.2,17,309,55.6407132,-117.3540623,-61.71334909
Concrete Strength,0.2,17,312,39.94134468,-72.37383128,-32.4324866
Concrete Strength,0.2,17,313,48.71837416,44.9816011,93.69997526
Concrete Strength,0.2,17,319,45.3675208,-19.3115629,26.0559579
Concrete Strength,0.2,17,320,15.36152528,59.65343208,75.01495736
Concrete Strength,0.2,17,333,60.32225524,120.1746486,180.4969039
Concrete Strength,0.2,17,335,23.80071152,-228.4660276,-204.6653161
Concrete Strength,0.2,17,338,56.8472962,246.9609133,303.8082095
Concrete Strength,0.2,17,340,21.91154728,-97.06110079,-75.14955351
Concrete Strength,0.2,17,353,51.4349096,181.1973413,232.6322509
Concrete Strength,0.2,17,354,59.30183076,318.2716837,377.5735145
Concrete Strength,0.2,17,359,66.9481196,7.56184006,74.50995966
Concrete Strength,0.2,17,366,38.60376124,-152.2326042,-113.6288429
Concrete Strength,0.2,17,389,55.55108132,-264.2975675,-208.7464862
Concrete Strength,0.2,17,413,15.52010476,43.31831647,58.83842123
Concrete Strength,0.2,17,418,12.17614616,517.4827101,529.6588562
Concrete Strength,0.2,17,422,34.23937816,131.0450656,165.2844438
Concrete Strength,0.2,17,429,24.65566176,157.6834729,182.3391347
Concrete Strength,0.2,17,430,29.59230992,254.5613202,284.1536301
Concrete Strength,0.2,17,440,37.81086384,-212.0959534,-174.2850896
Concrete Strength,0.2,17,444,37.2661778,366.6880987,403.9542765
Concrete Strength,0.2,17,447,53.72396992,-58.80128851,-5.077318593
Concrete Strength,0.2,17,449,51.72448952,20.30616109,72.03065061
Concrete Strength,0.2,17,452,53.46196904,-23.29805841,30.16391063
Concrete Strength,0.2,17,453,48.9872698,-51.21298723,-2.225717432
Concrete Strength,0.2,17,454,31.715896,97.51450852,129.2304045
Concrete Strength,0.2,17,460,55.0201848,-237.1321961,-182.1120113
Concrete Strength,0.2,17,473,44.42293868,-22.73784085,21.68509783
Concrete Strength,0.2,17,475,53.38612668,25.69281697,79.07894365
Concrete Strength,0.2,17,476,35.36322404,-102.0433261,-66.68010209
Concrete Strength,0.2,17,480,38.01770664,-54.76289905,-16.74519241
Concrete Strength,0.2,17,482,61.06688932,-138.9577156,-77.89082632
Concrete Strength,0.2,17,485,54.76507868,70.47439657,125.2394752
Concrete Strength,0.2,17,487,46.68441996,-124.6557358,-77.97131582
Concrete Strength,0.2,17,488,46.68441996,137.8067914,184.4912114
Concrete Strength,0.2,17,489,22.752708,38.30019285,61.05290085
Concrete Strength,0.2,17,490,25.510612,-104.1930639,-78.68245191
Concrete Strength,0.2,17,498,44.02993736,-21.7271762,22.30276116
Concrete Strength,0.2,17,499,55.45455468,378.795224,434.2497787
Concrete Strength,0.2,17,512,65.69721315,-312.2248651,-246.5276519
Concrete Strength,0.2,17,520,43.73346268,77.70275554,121.4362182
Concrete Strength,0.2,17,522,24.13166,61.39987523,85.53153523
Concrete Strength,0.2,17,529,38.610656,-170.2646375,-131.6539815
Concrete Strength,0.2,17,534,11.6549023,213.0578238,224.7127261
Concrete Strength,0.2,17,541,24.4046925,451.8973451,476.3020375
Concrete Strength,0.2,17,544,10.22217118,358.3830968,368.605268
Concrete Strength,0.2,17,562,33.08243743,232.1970038,265.2794412
Concrete Strength,0.2,17,566,14.8437288,-300.6608559,-285.8171271
Concrete Strength,0.2,17,570,22.48932817,46.10811826,68.59744643
Concrete Strength,0.2,17,573,13.08901238,-1.701620903,11.38739148
Concrete Strength,0.2,17,574,38.70028788,264.0207398,302.7210276
Concrete Strength,0.2,17,578,18.19871902,-124.8453108,-106.6465918
Concrete Strength,0.2,17,586,33.0431373,9.64578522,42.68892252
Concrete Strength,0.2,17,592,19.76520849,-117.8858783,-98.12066978
Concrete Strength,0.2,17,597,10.73031499,-236.9444903,-226.2141753
Concrete Strength,0.2,17,598,31.38150014,340.0295049,371.411005
Concrete Strength,0.2,17,606,6.46728488,96.09584526,102.5631301
Concrete Strength,0.2,17,608,18.41590396,351.8033607,370.2192646
Concrete Strength,0.2,17,612,21.26343984,-20.60763985,0.6557999918
Concrete Strength,0.2,17,619,26.94472208,195.2240762,222.1687982
Concrete Strength,0.2,17,626,32.922479,242.4955024,275.4179814
Concrete Strength,0.2,17,632,17.54026944,-106.2254129,-88.68514343
Concrete Strength,0.2,17,633,30.57136584,-48.13483446,-17.56346862
Concrete Strength,0.2,17,639,38.21075992,-161.6412764,-123.4305165
Concrete Strength,0.2,17,640,43.69898888,68.35623581,112.0552247
Concrete Strength,0.2,17,646,19.53906036,-150.3581085,-130.8190482
Concrete Strength,0.2,17,661,31.0236621,244.7866559,275.810318
Concrete Strength,0.2,17,664,27.8748252,-46.49163356,-18.61680836
Concrete Strength,0.2,17,679,38.80439876,-140.2847328,-101.480334
Concrete Strength,0.2,17,683,24.04616498,418.7125006,442.7586655
Concrete Strength,0.2,17,695,32.88455782,-520.1151223,-487.2305644
Concrete Strength,0.2,17,709,6.280436884,61.7202265,68.00066338
Concrete Strength,0.2,17,710,32.10269204,421.9940208,454.0967128
Concrete Strength,0.2,17,711,36.96418731,171.2949774,208.2591647
Concrete Strength,0.2,17,715,8.374375496,54.48396242,62.85833792
Concrete Strength,0.2,17,716,39.6621069,219.51749,259.1795969
Concrete Strength,0.2,17,723,17.24379476,-33.96798662,-16.72419186
Concrete Strength,0.2,17,724,27.82725136,-263.931913,-236.1046617
Concrete Strength,0.2,17,726,38.70028788,-65.72534656,-27.02505868
Concrete Strength,0.2,17,732,15.87173752,25.01699687,40.88873439
Concrete Strength,0.2,17,734,33.60506024,-300.4802822,-266.875222
Concrete Strength,0.2,17,737,12.05204048,638.4973761,650.5494166
Concrete Strength,0.2,17,739,18.91232668,-294.0911705,-275.1788438
Concrete Strength,0.2,17,740,25.17966352,-237.8232729,-212.6436094
Concrete Strength,0.2,17,746,22.43554904,468.1341038,490.5696528
Concrete Strength,0.2,17,767,27.923778,-179.5720842,-151.6483062
Concrete Strength,0.2,17,773,24.00065956,160.5615811,184.5622406
Concrete Strength,0.2,17,774,37.42475728,-501.3120115,-463.8872542
Concrete Strength,0.2,17,775,11.46598588,257.3020222,268.768008
Concrete Strength,0.2,17,785,13.52062436,-200.8221319,-187.3015076
Concrete Strength,0.2,17,788,37.231704,319.7854497,357.0171537
Concrete Strength,0.2,17,790,32.72253096,33.28802766,66.01055862
Concrete Strength,0.2,17,808,37.42475728,274.7085241,312.1332814
Concrete Strength,0.2,17,809,11.46598588,61.36774717,72.83373305
Concrete Strength,0.2,17,811,14.98920824,-117.2144365,-102.2252283
Concrete Strength,0.2,17,813,34.6806428,12.91642934,47.59707214
Concrete Strength,0.2,17,823,25.17966352,-126.6459729,-101.4663094
Concrete Strength,0.2,17,826,39.0932892,-177.2773548,-138.1840656
Concrete Strength,0.2,17,831,33.75674496,-39.64859213,-5.891847167
Concrete Strength,0.2,17,837,33.41890172,90.0003734,123.4192751
Concrete Strength,0.2,17,852,32.83974188,54.81059554,87.65033742
Concrete Strength,0.2,17,858,33.3016908,-108.0678714,-74.76618064
Concrete Strength,0.2,17,868,37.91428524,199.1840151,237.0983003
Concrete Strength,0.2,17,871,23.69039536,85.84945319,109.5398485
Concrete Strength,0.2,17,888,40.679084,124.7709488,165.4500328
Concrete Strength,0.2,17,902,29.86810032,73.0112821,102.8793824
Concrete Strength,0.2,17,917,46.24315532,-150.5978089,-104.3546536
Concrete Strength,0.2,17,919,10.53519328,21.63484684,32.17004012
Concrete Strength,0.2,17,926,27.234302,-55.88935678,-28.65505478
Concrete Strength,0.2,17,928,33.05347944,-4.077341405,28.97613804
Concrete Strength,0.2,17,952,19.0095428,86.3328262,105.342369
Concrete Strength,0.2,17,967,12.4595208,-3.183562313,9.275958483
Concrete Strength,0.2,17,973,23.74417449,-137.5993868,-113.8552123
Concrete Strength,0.2,17,975,15.52631004,178.389965,193.9162751
Concrete Strength,0.2,17,976,43.57833058,-108.0121478,-64.4338172
Concrete Strength,0.2,17,996,27.68108245,75.14427435,102.8253568
Concrete Strength,0.2,17,1000,15.56974703,-214.6767773,-199.1070302
Concrete Strength,0.2,17,1003,57.21823429,-44.90475362,12.31348067
Concrete Strength,0.2,17,1007,18.03393426,198.1423051,216.1762394
Concrete Strength,0.2,17,1017,15.09125069,-120.5242399,-105.4329892
Concrete Strength,0.2,17,1019,37.26548832,-24.1514626,13.11402572
Concrete Strength,0.2,17,1023,41.54230795,206.4263172,247.9686251
Concrete Strength,0.2,17,1027,31.1787942,285.7374762,316.9162704
Concrete Strength,0.2,17,1029,32.76803638,112.8664372,145.6344735
Concrete Strength,0.2,17,1030,32.40123514,-31.97431258,0.4269225641
Concrete Strength,0.2,18,12,28.02168359,81.78984224,109.8115258
Concrete Strength,0.2,18,69,40.85696881,11.6583701,52.51533891
Concrete Strength,0.2,18,74,36.3009114,-207.1560259,-170.8551145
Concrete Strength,0.2,18,78,33.39821744,-148.9168323,-115.5186149
Concrete Strength,0.2,18,84,35.3011712,298.9485701,334.2497413
Concrete Strength,0.2,18,95,42.79577532,-50.71846504,-7.922689723
Concrete Strength,0.2,18,110,55.89581932,-99.00141947,-43.10560015
Concrete Strength,0.2,18,112,55.89581932,56.34250068,112.23832
Concrete Strength,0.2,18,115,22.89749796,-2.930581894,19.96691607
Concrete Strength,0.2,18,118,59.79825348,-97.51457979,-37.71632631
Concrete Strength,0.2,18,119,60.2946762,-246.2812213,-185.9865451
Concrete Strength,0.2,18,130,71.29871316,-261.7129418,-190.4142286
Concrete Strength,0.2,18,140,63.3973182,-22.1283543,41.2689639
Concrete Strength,0.2,18,143,64.90037588,-416.3671534,-351.4667776
Concrete Strength,0.2,18,145,72.29845336,88.65281084,160.9512642
Concrete Strength,0.2,18,150,64.30053176,-28.87620705,35.42432471
Concrete Strength,0.2,18,156,77.29715436,123.443895,200.7410494
Concrete Strength,0.2,18,170,65.19685056,-253.6810467,-188.4841962
Concrete Strength,0.2,18,175,75.497622,-30.09567992,45.40194208
Concrete Strength,0.2,18,193,27.66177712,20.13986408,47.8016412
Concrete Strength,0.2,18,198,33.96358776,84.82240253,118.7859903
Concrete Strength,0.2,18,205,12.47262084,-221.6022732,-209.1296523
Concrete Strength,0.2,18,231,30.38520732,-58.59630836,-28.21110104
Concrete Strength,0.2,18,237,40.2309246,-125.5795061,-85.34858147
Concrete Strength,0.2,18,238,47.13257936,95.04394659,142.176526
Concrete Strength,0.2,18,240,13.35515012,-285.4353359,-272.0801857
Concrete Strength,0.2,18,241,22.31833812,394.2033049,416.5216431
Concrete Strength,0.2,18,243,31.35047372,84.93399155,116.2844653
Concrete Strength,0.2,18,246,25.68987576,-117.7573084,-92.06743269
Concrete Strength,0.2,18,247,30.2335226,430.4984536,460.7319762
Concrete Strength,0.2,18,251,24.91766264,221.6564616,246.5741243
Concrete Strength,0.2,18,261,25.3727168,-31.33068347,-5.957966668
Concrete Strength,0.2,18,278,36.96970312,292.5095378,329.4792409
Concrete Strength,0.2,18,279,43.58177796,336.236862,379.8186399
Concrete Strength,0.2,18,281,24.42813468,296.0140043,320.442139
Concrete Strength,0.2,18,285,13.62404576,-20.30705173,-6.683005966
Concrete Strength,0.2,18,287,27.77209328,280.0577242,307.8298175
Concrete Strength,0.2,18,301,34.67374804,396.7997864,431.4735345
Concrete Strength,0.2,18,304,48.97348028,77.7661795,126.7396598
Concrete Strength,0.2,18,308,51.03501352,316.2937108,367.3287243
Concrete Strength,0.2,18,330,23.52492112,-38.3168303,-14.79190918
Concrete Strength,0.2,18,333,60.32225524,151.5034151,211.8256703
Concrete Strength,0.2,18,336,38.76923548,98.84358096,137.6128164
Concrete Strength,0.2,18,343,51.95891136,-268.3293763,-216.370465
Concrete Strength,0.2,18,344,56.7438748,230.474446,287.2183208
Concrete Strength,0.2,18,348,46.6430514,26.15284895,72.79590035
Concrete Strength,0.2,18,349,50.07664188,15.54742675,65.62406863
Concrete Strength,0.2,18,354,59.30183076,-158.9383864,-99.63655569
Concrete Strength,0.2,18,358,66.82401392,361.6929529,428.5169668
Concrete Strength,0.2,18,359,66.9481196,-383.6840818,-316.7359622
Concrete Strength,0.2,18,361,35.9561734,-97.34746167,-61.39128827
Concrete Strength,0.2,18,366,38.60376124,-166.2510991,-127.6473378
Concrete Strength,0.2,18,389,55.55108132,124.0507157,179.6017971
Concrete Strength,0.2,18,400,39.300132,-67.52419121,-28.22405921
Concrete Strength,0.2,18,415,12.5484632,77.45382536,90.00228856
Concrete Strength,0.2,18,416,8.48744956,223.2123052,231.6997547
Concrete Strength,0.2,18,418,12.17614616,65.27183503,77.44798119
Concrete Strength,0.2,18,422,34.23937816,-422.2509967,-388.0116185
Concrete Strength,0.2,18,427,29.55094136,-196.2120449,-166.6611035
Concrete Strength,0.2,18,431,24.28334472,126.3960808,150.6794256
Concrete Strength,0.2,18,434,46.38794528,151.2211928,197.609138
Concrete Strength,0.2,18,439,41.40992856,-327.6903991,-286.2804706
Concrete Strength,0.2,18,443,44.63667624,337.8617494,382.4984256
Concrete Strength,0.2,18,444,37.2661778,-322.1395814,-284.8734036
Concrete Strength,0.2,18,449,51.72448952,172.4928734,224.2173629
Concrete Strength,0.2,18,450,35.852752,158.686248,194.539
Concrete Strength,0.2,18,460,55.0201848,-77.35918077,-22.33899597
Concrete Strength,0.2,18,461,49.99390476,293.7479491,343.7418538
Concrete Strength,0.2,18,464,56.06129356,95.6639221,151.7252157
Concrete Strength,0.2,18,469,52.95865156,-273.9837036,-221.025052
Concrete Strength,0.2,18,470,44.27814872,26.87232765,71.15047637
Concrete Strength,0.2,18,473,44.42293868,147.1337641,191.5567028
Concrete Strength,0.2,18,481,39.300132,62.1865657,101.4866977
Concrete Strength,0.2,18,485,54.76507868,307.7786531,362.5437318
Concrete Strength,0.2,18,488,46.68441996,-231.8352884,-185.1508685
Concrete Strength,0.2,18,489,22.752708,127.0192687,149.7719767
Concrete Strength,0.2,18,492,36.83870268,320.4777209,357.3164235
Concrete Strength,0.2,18,498,44.02993736,422.3066319,466.3365692
Concrete Strength,0.2,18,521,13.39553372,123.5772291,136.9727628
Concrete Strength,0.2,18,529,38.610656,-78.73426901,-40.12361301
Concrete Strength,0.2,18,530,68.75060685,-200.9508586,-132.2002517
Concrete Strength,0.2,18,531,66.78067543,107.6861775,174.4668529
Concrete Strength,0.2,18,536,48.8466167,-250.6139496,-201.7673329
Concrete Strength,0.2,18,543,21.8591471,56.90719692,78.76634403
Concrete Strength,0.2,18,544,10.22217118,358.6802674,368.9024385
Concrete Strength,0.2,18,553,9.617500724,247.2986144,256.9161151
Concrete Strength,0.2,18,555,15.69109481,-125.9820001,-110.2909053
Concrete Strength,0.2,18,563,24.0654703,-392.9609887,-368.8955184
Concrete Strength,0.2,18,569,25.44786968,-31.27590042,-5.828030734
Concrete Strength,0.2,18,577,21.17932377,14.11829821,35.29762198
Concrete Strength,0.2,18,581,21.8591471,-86.86228874,-65.00314164
Concrete Strength,0.2,18,583,25.72641799,450.3883102,476.1147281
Concrete Strength,0.2,18,584,37.81362174,-553.8516566,-516.0380349
Concrete Strength,0.2,18,589,7.995853172,-218.8941943,-210.8983412
Concrete Strength,0.2,18,591,10.33593472,-340.6449889,-330.3090542
Concrete Strength,0.2,18,596,17.59680647,120.7054313,138.3022378
Concrete Strength,0.2,18,599,13.22414968,-189.4790834,-176.2549337
Concrete Strength,0.2,18,608,18.41590396,17.92580016,36.34170412
Concrete Strength,0.2,18,614,11.36256448,112.9106599,124.2732244
Concrete Strength,0.2,18,629,12.24509376,157.4361429,169.6812367
Concrete Strength,0.2,18,636,15.57526284,-74.20408879,-58.62882595
Concrete Strength,0.2,18,640,43.69898888,-166.245177,-122.5461881
Concrete Strength,0.2,18,646,19.53906036,-53.47794411,-33.93888375
Concrete Strength,0.2,18,664,27.8748252,212.3020224,240.1768476
Concrete Strength,0.2,18,670,16.10960674,-47.6016202,-31.49201346
Concrete Strength,0.2,18,681,17.27551066,185.4888916,202.7644022
Concrete Strength,0.2,18,685,50.73233356,210.0647482,260.7970817
Concrete Strength,0.2,18,691,23.52354217,-204.4430602,-180.919518
Concrete Strength,0.2,18,692,6.8085755,-211.4072547,-204.5986792
Concrete Strength,0.2,18,700,9.561653168,269.6043672,279.1660203
Concrete Strength,0.2,18,706,3.31982694,91.67674085,94.99656779
Concrete Strength,0.2,18,713,21.48062478,-150.1416292,-128.6610044
Concrete Strength,0.2,18,715,8.374375496,134.8998166,143.2741921
Concrete Strength,0.2,18,720,43.56523054,-79.00597935,-35.44074882
Concrete Strength,0.2,18,722,11.85209244,-328.1673478,-316.3152554
Concrete Strength,0.2,18,731,39.38286912,-313.7680566,-274.3851874
Concrete Strength,0.2,18,732,15.87173752,-96.48049235,-80.60875483
Concrete Strength,0.2,18,746,22.43554904,237.4093513,259.8449003
Concrete Strength,0.2,18,767,27.923778,193.8436689,221.7674469
Concrete Strength,0.2,18,768,31.35047372,93.40287007,124.7533438
Concrete Strength,0.2,18,779,14.79615496,-2.448366962,12.347788
Concrete Strength,0.2,18,781,17.54026944,79.89346967,97.43373911
Concrete Strength,0.2,18,783,21.6495464,-61.76305479,-40.11350839
Concrete Strength,0.2,18,786,16.26473884,53.54353559,69.80827443
Concrete Strength,0.2,18,789,18.12632404,276.7553842,294.8817083
Concrete Strength,0.2,18,791,39.48629052,-46.32079236,-6.834501843
Concrete Strength,0.2,18,794,18.12632404,-154.5677367,-136.4414127
Concrete Strength,0.2,18,803,31.6469484,181.2630545,212.9100029
Concrete Strength,0.2,18,826,39.0932892,-357.1661515,-318.0728623
Concrete Strength,0.2,18,831,33.75674496,305.041114,338.7978589
Concrete Strength,0.2,18,833,19.98790924,205.3559893,225.3438985
Concrete Strength,0.2,18,841,45.2985732,-103.5532841,-58.25471088
Concrete Strength,0.2,18,844,44.6090972,229.1707916,273.7798888
Concrete Strength,0.2,18,845,53.52402188,102.5115288,156.0355506
Concrete Strength,0.2,18,849,33.39821744,-79.12090184,-45.7226844
Concrete Strength,0.2,18,850,18.0297974,-228.4155743,-210.3857769
Concrete Strength,0.2,18,881,12.17614616,251.2181512,263.3942974
Concrete Strength,0.2,18,885,23.83518532,119.783617,143.6188024
Concrete Strength,0.2,18,886,26.22766704,280.0635452,306.2912122
Concrete Strength,0.2,18,889,19.00885332,178.2725594,197.2814127
Concrete Strength,0.2,18,897,52.44154456,-100.5578624,-48.11631781
Concrete Strength,0.2,18,902,29.86810032,-290.3387202,-260.4706198
Concrete Strength,0.2,18,910,23.73865868,157.4005424,181.1392011
Concrete Strength,0.2,18,911,26.14492992,192.9081134,219.0530433
Concrete Strength,0.2,18,925,26.96540636,-410.5939819,-383.6285756
Concrete Strength,0.2,18,932,15.340841,-93.54057148,-78.19973048
Concrete Strength,0.2,18,944,12.18097249,178.679922,190.8608945
Concrete Strength,0.2,18,945,25.5595648,-85.3193494,-59.7597846
Concrete Strength,0.2,18,947,32.96384756,-80.03321409,-47.06936653
Concrete Strength,0.2,18,948,23.8358748,1.021282735,24.85715753
Concrete Strength,0.2,18,958,29.72606826,-43.83321938,-14.10715112
Concrete Strength,0.2,18,963,13.20208645,413.9925072,427.1945936
Concrete Strength,0.2,18,967,12.4595208,134.7584472,147.217968
Concrete Strength,0.2,18,976,43.57833058,119.8587749,163.4371054
Concrete Strength,0.2,18,977,35.86585204,143.1643653,179.0302174
Concrete Strength,0.2,18,979,28.99108685,293.1596226,322.1507094
Concrete Strength,0.2,18,983,25.10382116,162.0365086,187.1403298
Concrete Strength,0.2,18,988,33.76226077,-357.6342705,-323.8720098
Concrete Strength,0.2,18,990,19.98790924,-310.4709059,-290.4829967
Concrete Strength,0.2,18,994,33.4195912,168.5551148,201.974706
Concrete Strength,0.2,18,1001,44.6118551,138.3803875,182.9922426
Concrete Strength,0.2,18,1004,65.90907927,115.538294,181.4473732
Concrete Strength,0.2,18,1010,42.6440906,-446.913463,-404.2693724
Concrete Strength,0.2,18,1016,52.42637609,-86.64423557,-34.21785948
Concrete Strength,0.2,18,1019,37.26548832,219.7461681,257.0116564
Concrete Strength,0.2,18,1021,42.14008364,-122.8507577,-80.71067406
Concrete Strength,0.2,18,1027,31.1787942,100.6244022,131.8031964
Concrete Strength,0.2,19,47,15.04919265,412.6517549,427.7009476
Concrete Strength,0.2,19,60,33.01900564,205.3468459,238.3658515
Concrete Strength,0.2,19,71,34.39795764,-270.7093146,-236.3113569
Concrete Strength,0.2,19,74,36.3009114,126.5281961,162.8291075
Concrete Strength,0.2,19,79,28.096147,-422.1809193,-394.0847723
Concrete Strength,0.2,19,83,41.09966436,154.9249366,196.0246009
Concrete Strength,0.2,19,85,28.29609504,72.9291031,101.2251981
Concrete Strength,0.2,19,101,49.20100736,-51.46187812,-2.260870761
Concrete Strength,0.2,19,104,49.20100736,129.9038282,179.1048355
Concrete Strength,0.2,19,131,74.69782984,-174.463027,-99.7651972
Concrete Strength,0.2,19,139,49.89737812,202.7858645,252.6832426
Concrete Strength,0.2,19,140,63.3973182,235.6961086,299.0934268
Concrete Strength,0.2,19,142,64.30053176,-226.1752689,-161.8747372
Concrete Strength,0.2,19,145,72.29845336,203.0825092,275.3809626
Concrete Strength,0.2,19,148,55.19944856,54.55092725,109.7503758
Concrete Strength,0.2,19,154,80.19984832,-123.206273,-43.00642469
Concrete Strength,0.2,19,158,77.29715436,64.42969042,141.7268448
Concrete Strength,0.2,19,165,65.19685056,-25.83732577,39.35952479
Concrete Strength,0.2,19,181,73.29819356,43.36757808,116.6657716
Concrete Strength,0.2,19,184,67.79617508,-95.43410945,-27.63793437
Concrete Strength,0.2,19,186,24.44881896,-250.2548617,-225.8060427
Concrete Strength,0.2,19,202,26.40003604,572.8729686,599.2730046
Concrete Strength,0.2,19,236,17.83674412,574.9842007,592.8209449
Concrete Strength,0.2,19,238,47.13257936,225.3605965,272.4931758
Concrete Strength,0.2,19,241,22.31833812,-6.320954552,15.99738357
Concrete Strength,0.2,19,243,31.35047372,540.3327269,571.6832006
Concrete Strength,0.2,19,246,25.68987576,-79.64049494,-53.95061918
Concrete Strength,0.2,19,248,39.58971192,268.7099184,308.2996303
Concrete Strength,0.2,19,253,38.32797084,-143.0483067,-104.7203358
Concrete Strength,0.2,19,257,31.64005364,19.33400261,50.97405625
Concrete Strength,0.2,19,262,37.404073,-158.4911352,-121.0870622
Concrete Strength,0.2,19,266,31.35047372,-330.7977331,-299.4472594
Concrete Strength,0.2,19,273,42.69924868,-29.80844172,12.89080696
Concrete Strength,0.2,19,274,45.83636448,304.2960267,350.1323912
Concrete Strength,0.2,19,275,17.22311048,-388.4246693,-371.2015588
Concrete Strength,0.2,19,276,29.93015316,110.9820786,140.9122318
Concrete Strength,0.2,19,278,36.96970312,31.55886856,68.52857168
Concrete Strength,0.2,19,279,43.58177796,95.03067662,138.6124546
Concrete Strength,0.2,19,289,45.3675208,-374.2442635,-328.8767427
Concrete Strength,0.2,19,298,39.14844728,-3.571792784,35.5766545
Concrete Strength,0.2,19,301,34.67374804,-25.82259001,8.851158029
Concrete Strength,0.2,19,303,45.08483564,-168.2636445,-123.1788089
Concrete Strength,0.2,19,306,41.885667,39.54237588,81.42804288
Concrete Strength,0.2,19,308,51.03501352,-43.36530156,7.669711962
Concrete Strength,0.2,19,312,39.94134468,-180.0403991,-140.0990544
Concrete Strength,0.2,19,324,51.0556978,-265.9072275,-214.8515297
Concrete Strength,0.2,19,327,50.60064364,-8.798663354,41.80198029
Concrete Strength,0.2,19,328,55.82687172,-136.4771081,-80.65023638
Concrete Strength,0.2,19,329,60.9496784,263.383342,324.3330204
Concrete Strength,0.2,19,330,23.52492112,47.58423721,71.10915833
Concrete Strength,0.2,19,341,36.9903874,78.99419275,115.9845801
Concrete Strength,0.2,19,344,56.7438748,-167.6878073,-110.9439325
Concrete Strength,0.2,19,346,33.72916592,-302.0320393,-268.3028734
Concrete Strength,0.2,19,349,50.07664188,26.22742507,76.30406695
Concrete Strength,0.2,19,350,17.36790044,65.43122758,82.79912802
Concrete Strength,0.2,19,352,45.93978588,-252.240637,-206.3008511
Concrete Strength,0.2,19,354,59.30183076,109.9641753,169.2660061
Concrete Strength,0.2,19,357,63.14221208,-144.1499956,-81.00778357
Concrete Strength,0.2,19,360,27.42046052,192.6865725,220.107033
Concrete Strength,0.2,19,361,35.9561734,140.1893141,176.1454875
Concrete Strength,0.2,19,366,38.60376124,3.463573287,42.06733453
Concrete Strength,0.2,19,371,26.04840328,79.41843099,105.4668343
Concrete Strength,0.2,19,373,37.2661778,-72.34838808,-35.08221028
Concrete Strength,0.2,19,375,16.27852836,-57.28654652,-41.00801816
Concrete Strength,0.2,19,378,36.3009114,-163.7383114,-127.4374
Concrete Strength,0.2,19,386,60.28088668,-230.4186047,-170.137718
Concrete Strength,0.2,19,387,56.83350668,68.42258138,125.2560881
Concrete Strength,0.2,19,388,51.021224,20.91129289,71.93251689
Concrete Strength,0.2,19,393,47.27736932,-184.4726293,-137.19526
Concrete Strength,0.2,19,396,49.24927068,71.93734325,121.1866139
Concrete Strength,0.2,19,398,29.15794004,37.17956112,66.33750116
Concrete Strength,0.2,19,400,39.300132,240.9509405,280.2510725
Concrete Strength,0.2,19,414,15.81657944,33.99026505,49.80684449
Concrete Strength,0.2,19,416,8.48744956,-192.5791032,-184.0916537
Concrete Strength,0.2,19,422,34.23937816,92.64304301,126.8824212
Concrete Strength,0.2,19,432,20.72564856,-88.51719255,-67.79154399
Concrete Strength,0.2,19,434,46.38794528,480.3721045,526.7600497
Concrete Strength,0.2,19,439,41.40992856,54.65800146,96.06793002
Concrete Strength,0.2,19,444,37.2661778,176.1440742,213.410252
Concrete Strength,0.2,19,447,53.72396992,423.8179801,477.54195
Concrete Strength,0.2,19,450,35.852752,231.6986164,267.5513684
Concrete Strength,0.2,19,454,31.715896,136.1926021,167.9084981
Concrete Strength,0.2,19,455,39.64487,74.65786433,114.3027343
Concrete Strength,0.2,19,458,39.2656582,110.634349,149.9000072
Concrete Strength,0.2,19,467,33.56369168,543.5766713,577.1403629
Concrete Strength,0.2,19,480,38.01770664,-19.76345803,18.25424861
Concrete Strength,0.2,19,485,54.76507868,-20.45766991,34.30740877
Concrete Strength,0.2,19,486,50.23522136,-99.44087921,-49.20565785
Concrete Strength,0.2,19,496,47.96684532,210.5551431,258.5219885
Concrete Strength,0.2,19,499,55.45455468,30.29697302,85.7515277
Concrete Strength,0.2,19,519,23.24519085,-84.19287751,-60.94768666
Concrete Strength,0.2,19,526,25.11662572,99.19373649,124.3103622
Concrete Strength,0.2,19,532,23.84897484,69.13076689,92.97974173
Concrete Strength,0.2,19,543,21.8591471,-115.9710993,-94.11195224
Concrete Strength,0.2,19,549,25.57335432,48.26353814,73.83689246
Concrete Strength,0.2,19,559,19.76520849,-10.94481366,8.820394836
Concrete Strength,0.2,19,562,33.08243743,-92.93656017,-59.85412274
Concrete Strength,0.2,19,575,7.507014688,-719.5024969,-711.9954822
Concrete Strength,0.2,19,577,21.17932377,-129.0079161,-107.8285924
Concrete Strength,0.2,19,578,18.19871902,120.6596597,138.8583788
Concrete Strength,0.2,19,586,33.0431373,150.1964024,183.2395397
Concrete Strength,0.2,19,587,14.54104884,-14.36290375,0.1781450864
Concrete Strength,0.2,19,591,10.33593472,67.39708396,77.73301867
Concrete Strength,0.2,19,602,32.03994972,-525.2833717,-493.243422
Concrete Strength,0.2,19,607,12.83804312,96.62842876,109.4664719
Concrete Strength,0.2,19,609,21.94602108,172.2706838,194.2167049
Concrete Strength,0.2,19,614,11.36256448,113.4329109,124.7954754
Concrete Strength,0.2,19,618,9.307926,45.77642392,55.08434992
Concrete Strength,0.2,19,626,32.922479,-246.1736606,-213.2511816
Concrete Strength,0.2,19,630,11.1695112,-282.2811579,-271.1116467
Concrete Strength,0.2,19,639,38.21075992,-306.8669688,-268.6562089
Concrete Strength,0.2,19,646,19.53906036,344.0310374,363.5700977
Concrete Strength,0.2,19,653,4.565020596,-407.0741835,-402.5091629
Concrete Strength,0.2,19,661,31.0236621,117.4825761,148.5062382
Concrete Strength,0.2,19,663,33.66435518,51.08310255,84.74745773
Concrete Strength,0.2,19,668,39.32150576,79.69809987,119.0196056
Concrete Strength,0.2,19,684,36.58842289,-65.83776269,-29.2493398
Concrete Strength,0.2,19,690,16.8894041,-413.4967974,-396.6073933
Concrete Strength,0.2,19,700,9.561653168,-178.1279084,-168.5662552
Concrete Strength,0.2,19,701,6.883728384,79.30823915,86.19196753
Concrete Strength,0.2,19,708,43.25082948,89.59433701,132.8451665
Concrete Strength,0.2,19,709,6.280436884,19.4691786,25.74961549
Concrete Strength,0.2,19,710,32.10269204,-204.5751074,-172.4724154
Concrete Strength,0.2,19,713,21.48062478,129.70088,151.1815048
Concrete Strength,0.2,19,714,9.694722036,-276.4080135,-266.7132915
Concrete Strength,0.2,19,728,17.43684804,176.2351393,193.6719874
Concrete Strength,0.2,19,734,33.60506024,544.3460937,577.951154
Concrete Strength,0.2,19,762,31.35047372,79.55190226,110.902376
Concrete Strength,0.2,19,768,31.35047372,243.9970908,275.3475646
Concrete Strength,0.2,19,773,24.00065956,-374.048345,-350.0476855
Concrete Strength,0.2,19,777,21.16001844,64.08976958,85.24978802
Concrete Strength,0.2,19,784,29.39236188,21.65843746,51.05079934
Concrete Strength,0.2,19,785,13.52062436,215.0729861,228.5936104
Concrete Strength,0.2,19,791,39.48629052,7.034643972,46.52093449
Concrete Strength,0.2,19,804,19.10537996,-260.5223664,-241.4169865
Concrete Strength,0.2,19,831,33.75674496,-431.6071974,-397.8504525
Concrete Strength,0.2,19,833,19.98790924,-67.19432341,-47.20641417
Concrete Strength,0.2,19,838,39.05192064,-111.543472,-72.49155139
Concrete Strength,0.2,19,839,27.67556664,-109.4032431,-81.72767645
Concrete Strength,0.2,19,846,57.21271848,-120.1481478,-62.93542929
Concrete Strength,0.2,19,848,52.82075636,-52.55097535,0.2697810142
Concrete Strength,0.2,19,850,18.0297974,19.1828629,37.2126603
Concrete Strength,0.2,19,854,40.0585556,154.8552315,194.9137871
Concrete Strength,0.2,19,856,61.23236356,83.68649659,144.9188601
Concrete Strength,0.2,19,857,40.86524252,-108.7877267,-67.92248418
Concrete Strength,0.2,19,860,15.08573488,248.2413026,263.3270375
Concrete Strength,0.2,19,868,37.91428524,-230.466428,-192.5521427
Concrete Strength,0.2,19,871,23.69039536,-14.77062312,8.919772244
Concrete Strength,0.2,19,879,31.02642,-99.68057608,-68.65415608
Concrete Strength,0.2,19,882,25.55887532,-570.9511468,-545.3922715
Concrete Strength,0.2,19,897,52.44154456,-260.7125926,-208.2710481
Concrete Strength,0.2,19,908,46.2293658,-47.23304618,-1.003680382
Concrete Strength,0.2,19,911,26.14492992,-67.39678033,-41.25185041
Concrete Strength,0.2,19,912,15.52010476,28.18802422,43.70812898
Concrete Strength,0.2,19,922,9.73540112,248.2985745,258.0339757
Concrete Strength,0.2,19,931,30.88163004,240.4240799,271.3057099
Concrete Strength,0.2,19,932,15.340841,314.1252739,329.4661149
Concrete Strength,0.2,19,934,23.8903434,460.2166701,484.1070135
Concrete Strength,0.2,19,938,36.80491836,-486.0818379,-449.2769195
Concrete Strength,0.2,19,945,25.5595648,273.1397765,298.6993413
Concrete Strength,0.2,19,952,19.0095428,-16.42847824,2.581064555
Concrete Strength,0.2,19,961,40.9348796,152.6766151,193.6114947
Concrete Strength,0.2,19,995,39.0560575,52.70856419,91.76462169
Concrete Strength,0.2,19,1000,15.56974703,-168.2676635,-152.6979164
Concrete Strength,0.2,19,1007,18.03393426,-201.0811298,-183.0471955
Concrete Strength,0.2,19,1009,35.31427124,44.41733822,79.73160947
Concrete Strength,0.2,19,1011,40.06200298,276.0674653,316.1294683
Concrete Strength,0.2,20,14,42.32693164,96.0106705,138.3376021
Concrete Strength,0.2,20,15,47.81378165,296.7227333,344.5365149
Concrete Strength,0.2,20,55,14.58931216,-169.2984768,-154.7091646
Concrete Strength,0.2,20,58,9.131420144,34.64039818,43.77181832
Concrete Strength,0.2,20,63,9.86640156,-2.08614059,7.78026097
Concrete Strength,0.2,20,88,24.40055564,141.9226094,166.323165
Concrete Strength,0.2,20,90,39.300132,121.8841288,161.1842608
Concrete Strength,0.2,20,97,46.80163088,365.2097919,412.0114227
Concrete Strength,0.2,20,99,55.59934464,-23.47540975,32.12393489
Concrete Strength,0.2,20,112,55.89581932,183.8519914,239.7478107
Concrete Strength,0.2,20,113,56.09576736,118.1809241,174.2766915
Concrete Strength,0.2,20,141,64.90037588,257.0500244,321.9504002
Concrete Strength,0.2,20,145,72.29845336,78.19674736,150.4952007
Concrete Strength,0.2,20,152,73.69808964,180.2538387,253.9519283
Concrete Strength,0.2,20,161,77.29715436,-263.4669403,-186.1697859
Concrete Strength,0.2,20,163,64.90037588,480.9361062,545.8364821
Concrete Strength,0.2,20,171,57.59882504,548.886183,606.4850081
Concrete Strength,0.2,20,175,75.497622,-234.8366411,-159.3390191
Concrete Strength,0.2,20,183,79.29663476,58.56824439,137.8648792
Concrete Strength,0.2,20,184,67.79617508,366.8018781,434.5980532
Concrete Strength,0.2,20,185,11.57630204,-95.84083396,-84.26453192
Concrete Strength,0.2,20,190,10.38350856,-26.28707766,-15.9035691
Concrete Strength,0.2,20,192,22.83544512,332.2178399,355.053285
Concrete Strength,0.2,20,218,38.56239268,-137.1431981,-98.58080538
Concrete Strength,0.2,20,220,10.76272036,-29.96752339,-19.20480303
Concrete Strength,0.2,20,223,28.62704352,-378.4328513,-349.8058078
Concrete Strength,0.2,20,224,33.5430074,237.0233611,270.5663685
Concrete Strength,0.2,20,234,53.90323368,-31.06686832,22.83636536
Concrete Strength,0.2,20,238,47.13257936,27.04447685,74.17705621
Concrete Strength,0.2,20,252,29.21999288,-51.99184277,-22.77184989
Concrete Strength,0.2,20,253,38.32797084,-35.52737732,2.800593521
Concrete Strength,0.2,20,259,42.919881,-239.3908428,-196.4709618
Concrete Strength,0.2,20,261,25.3727168,102.9732716,128.3459884
Concrete Strength,0.2,20,263,44.39535964,214.885719,259.2810787
Concrete Strength,0.2,20,264,47.73931824,-127.2052714,-79.46595318
Concrete Strength,0.2,20,267,38.50033984,-287.1674019,-248.667062
Concrete Strength,0.2,20,268,45.08483564,-114.7773828,-69.69254712
Concrete Strength,0.2,20,277,29.65436276,28.93857331,58.59293607
Concrete Strength,0.2,20,286,21.60128308,210.3568105,231.9580936
Concrete Strength,0.2,20,289,45.3675208,63.20207345,108.5695943
Concrete Strength,0.2,20,293,43.49904084,373.3463927,416.8454335
Concrete Strength,0.2,20,294,48.67011084,-0.381034785,48.28907606
Concrete Strength,0.2,20,300,22.50449664,189.2217161,211.7262127
Concrete Strength,0.2,20,313,48.71837416,450.8009791,499.5193533
Concrete Strength,0.2,20,316,33.35684888,460.2409292,493.5977781
Concrete Strength,0.2,20,318,44.14025352,-186.0492971,-141.9090436
Concrete Strength,0.2,20,320,15.36152528,-79.86299421,-64.50146893
Concrete Strength,0.2,20,324,51.0556978,-400.4301394,-349.3744416
Concrete Strength,0.2,20,327,50.60064364,-212.3433639,-161.7427203
Concrete Strength,0.2,20,328,55.82687172,-293.6566884,-237.8298167
Concrete Strength,0.2,20,330,23.52492112,-177.3415005,-153.8165794
Concrete Strength,0.2,20,340,21.91154728,-116.4428268,-94.53127947
Concrete Strength,0.2,20,342,47.401475,-402.0403467,-354.6388717
Concrete Strength,0.2,20,344,56.7438748,-71.81451218,-15.07063738
Concrete Strength,0.2,20,367,52.20022796,30.11127372,82.31150168
Concrete Strength,0.2,20,368,53.95839176,49.72047097,103.6788627
Concrete Strength,0.2,20,370,15.340841,192.3849732,207.7258142
Concrete Strength,0.2,20,376,25.62092816,410.1672211,435.7881492
Concrete Strength,0.2,20,388,51.021224,-87.84046783,-36.81924383
Concrete Strength,0.2,20,399,39.39665864,364.2813678,403.6780264
Concrete Strength,0.2,20,400,39.300132,-56.54891489,-17.24878289
Concrete Strength,0.2,20,401,67.86512268,-235.4000047,-167.5348821
Concrete Strength,0.2,20,409,20.72564856,125.2977007,146.0233492
Concrete Strength,0.2,20,413,15.52010476,66.78943482,82.30953958
Concrete Strength,0.2,20,416,8.48744956,229.3275567,237.8150062
Concrete Strength,0.2,20,418,12.17614616,96.46641348,108.6425596
Concrete Strength,0.2,20,424,29.7508894,394.7117915,424.4626809
Concrete Strength,0.2,20,425,33.00521612,-35.63252661,-2.627310491
Concrete Strength,0.2,20,431,24.28334472,-25.28671283,-1.003368114
Concrete Strength,0.2,20,438,38.20386516,-177.1668345,-138.9629693
Concrete Strength,0.2,20,439,41.40992856,18.45325344,59.863182
Concrete Strength,0.2,20,440,37.81086384,32.24455827,70.05542211
Concrete Strength,0.2,20,441,24.84871504,-150.399385,-125.5506699
Concrete Strength,0.2,20,444,37.2661778,174.6347856,211.9009634
Concrete Strength,0.2,20,448,48.58737372,354.3137732,402.901147
Concrete Strength,0.2,20,453,48.9872698,-149.2135277,-100.2262579
Concrete Strength,0.2,20,455,39.64487,41.06220436,80.70707436
Concrete Strength,0.2,20,462,53.65502232,-100.2374416,-46.58241923
Concrete Strength,0.2,20,469,52.95865156,108.2136109,161.1722625
Concrete Strength,0.2,20,473,44.42293868,-37.19718146,7.225757222
Concrete Strength,0.2,20,482,61.06688932,-61.41336187,-0.3464725486
Concrete Strength,0.2,20,486,50.23522136,57.73849395,107.9737153
Concrete Strength,0.2,20,489,22.752708,-216.6400575,-193.8873495
Concrete Strength,0.2,20,490,25.510612,49.09611335,74.60672535
Concrete Strength,0.2,20,491,34.77027468,-341.1009714,-306.3306967
Concrete Strength,0.2,20,508,62.05284,77.11849715,139.1713372
Concrete Strength,0.2,20,511,39.00464228,235.8975298,274.9021721
Concrete Strength,0.2,20,520,43.73346268,-173.3518676,-129.6184049
Concrete Strength,0.2,20,521,13.39553372,-268.0635925,-254.6680588
Concrete Strength,0.2,20,532,23.84897484,-36.67491912,-12.82594428
Concrete Strength,0.2,20,541,24.4046925,-279.6660692,-255.2613767
Concrete Strength,0.2,20,544,10.22217118,118.4033661,128.6255372
Concrete Strength,0.2,20,545,14.5968964,259.6300056,274.226902
Concrete Strength,0.2,20,558,17.23621052,276.7099582,293.9461688
Concrete Strength,0.2,20,579,17.20035777,-216.6554084,-199.4550507
Concrete Strength,0.2,20,588,26.91369566,-213.7550493,-186.8413537
Concrete Strength,0.2,20,589,7.995853172,160.9741411,168.9699943
Concrete Strength,0.2,20,591,10.33593472,188.245527,198.5814617
Concrete Strength,0.2,20,592,19.76520849,293.3584601,313.1236686
Concrete Strength,0.2,20,598,31.38150014,173.2569899,204.63849
Concrete Strength,0.2,20,600,20.96696516,-484.8625095,-463.8955444
Concrete Strength,0.2,20,609,21.94602108,54.15865105,76.10467213
Concrete Strength,0.2,20,615,31.25394708,319.9111901,351.1651372
Concrete Strength,0.2,20,619,26.94472208,289.7871534,316.7318754
Concrete Strength,0.2,20,629,12.24509376,15.16315678,27.40825054
Concrete Strength,0.2,20,635,24.49708228,-243.125057,-218.6279747
Concrete Strength,0.2,20,636,15.57526284,-179.593499,-164.0182362
Concrete Strength,0.2,20,642,12.73462172,256.063782,268.7984037
Concrete Strength,0.2,20,674,15.0305768,-176.4713119,-161.4407351
Concrete Strength,0.2,20,678,7.675936308,211.0136296,218.689566
Concrete Strength,0.2,20,683,24.04616498,130.8555263,154.9016913
Concrete Strength,0.2,20,684,36.58842289,131.7610229,168.3494458
Concrete Strength,0.2,20,701,6.883728384,151.2293308,158.1130592
Concrete Strength,0.2,20,709,6.280436884,94.12499844,100.4054353
Concrete Strength,0.2,20,714,9.694722036,98.8249224,108.5196444
Concrete Strength,0.2,20,716,39.6621069,-76.81080086,-37.14869396
Concrete Strength,0.2,20,719,10.35455057,193.2022573,203.5568078
Concrete Strength,0.2,20,726,38.70028788,-104.5471314,-65.84684347
Concrete Strength,0.2,20,731,39.38286912,-215.1125325,-175.7296634
Concrete Strength,0.2,20,733,9.01145132,342.5454386,351.5568899
Concrete Strength,0.2,20,737,12.05204048,-2.763628264,9.288412216
Concrete Strength,0.2,20,742,43.89204216,111.9436826,155.8357247
Concrete Strength,0.2,20,743,54.27555072,243.2729694,297.5485201
Concrete Strength,0.2,20,759,22.53207568,-97.2769572,-74.74488152
Concrete Strength,0.2,20,760,27.3377234,-96.94030682,-69.60258342
Concrete Strength,0.2,20,767,27.923778,407.0348959,434.9586739
Concrete Strength,0.2,20,771,14.98920824,117.5748139,132.5640221
Concrete Strength,0.2,20,783,21.6495464,-455.4595075,-433.8099611
Concrete Strength,0.2,20,784,29.39236188,-210.4723691,-181.0800072
Concrete Strength,0.2,20,788,37.231704,306.5607504,343.7924544
Concrete Strength,0.2,20,790,32.72253096,28.18972071,60.91225167
Concrete Strength,0.2,20,841,45.2985732,259.1595173,304.4580905
Concrete Strength,0.2,20,849,33.39821744,219.2946675,252.6928849
Concrete Strength,0.2,20,857,40.86524252,-148.5074087,-107.6421661
Concrete Strength,0.2,20,879,31.02642,314.6291047,345.6555247
Concrete Strength,0.2,20,889,19.00885332,451.7953501,470.8042034
Concrete Strength,0.2,20,893,32.23989776,-5.394836901,26.84506086
Concrete Strength,0.2,20,896,49.77327244,-418.4514052,-368.6781328
Concrete Strength,0.2,20,913,43.5748832,-126.7517942,-83.17691099
Concrete Strength,0.2,20,918,26.91714304,-71.50339767,-44.58625463
Concrete Strength,0.2,20,923,33.79811352,22.23391437,56.03202789
Concrete Strength,0.2,20,927,30.6472082,-358.765806,-328.1185978
Concrete Strength,0.2,20,928,33.05347944,-103.0874235,-70.03394401
Concrete Strength,0.2,20,940,32.72046253,-224.4118076,-191.6913451
Concrete Strength,0.2,20,943,40.92522693,-6.057315416,34.86791152
Concrete Strength,0.2,20,944,12.18097249,133.8649255,146.045898
Concrete Strength,0.2,20,945,25.5595648,-131.7107186,-106.1511538
Concrete Strength,0.2,20,947,32.96384756,298.3806609,331.3445084
Concrete Strength,0.2,20,953,33.71882378,-9.09503278,24.623791
Concrete Strength,0.2,20,957,23.52423164,-70.91002617,-47.38579453
Concrete Strength,0.2,20,967,12.4595208,-246.5896134,-234.1300926
Concrete Strength,0.2,20,970,39.42147978,-76.39708678,-36.975607
Concrete Strength,0.2,20,979,28.99108685,318.47895,347.4700368
Concrete Strength,0.2,20,982,10.53588276,1.665260791,12.20114355
Concrete Strength,0.2,20,985,9.738159024,161.6741015,171.4122605
Concrete Strength,0.2,20,990,19.98790924,-24.53899649,-4.551087253
Concrete Strength,0.2,20,994,33.4195912,298.4179077,331.8374989
Concrete Strength,0.2,20,996,27.68108245,214.2226078,241.9036902
Concrete Strength,0.2,20,1000,15.56974703,-226.6148678,-211.0451208
Concrete Strength,0.2,20,1002,53.52471136,292.5838471,346.1085585
Concrete Strength,0.2,20,1003,57.21823429,126.9357932,184.1540275
Concrete Strength,0.2,20,1004,65.90907927,-264.1883112,-198.279232
Concrete Strength,0.2,20,1009,35.31427124,-239.0382072,-203.723936
Concrete Strength,0.2,20,1011,40.06200298,-268.627065,-228.565062
Concrete Strength,0.2,20,1012,43.79827342,-136.3193653,-92.52109188
Concrete Strength,0.2,20,1015,33.30651713,2.694665586,36.00118272
Concrete Strength,0.2,20,1017,15.09125069,-67.42668294,-52.33543225
Concrete Strength,0.2,21,6,47.02984744,188.5759839,235.6058314
Concrete Strength,0.2,21,23,8.06342182,5.017023651,13.08044547
Concrete Strength,0.2,21,47,15.04919265,-0.7940886609,14.25510399
Concrete Strength,0.2,21,55,14.58931216,218.1910237,232.7803358
Concrete Strength,0.2,21,56,14.63826496,-89.68930819,-75.05104324
Concrete Strength,0.2,21,63,9.86640156,-18.28712325,-8.420721689
Concrete Strength,0.2,21,71,34.39795764,15.96634998,50.36430762
Concrete Strength,0.2,21,81,33.39821744,124.8487719,158.2469894
Concrete Strength,0.2,21,84,35.3011712,173.6849035,208.9860747
Concrete Strength,0.2,21,90,39.300132,4.793939107,44.09407111
Concrete Strength,0.2,21,101,49.20100736,-94.68000086,-45.4789935
Concrete Strength,0.2,21,129,68.4994406,403.7167238,472.2161644
Concrete Strength,0.2,21,135,71.29871316,-307.2878171,-235.989104
Concrete Strength,0.2,21,138,71.29871316,173.3165165,244.6152297
Concrete Strength,0.2,21,139,49.89737812,174.3951088,224.292487
Concrete Strength,0.2,21,145,72.29845336,-26.08818828,46.21026508
Concrete Strength,0.2,21,150,64.30053176,474.1410271,538.4415589
Concrete Strength,0.2,21,154,80.19984832,134.2366131,214.4364614
Concrete Strength,0.2,21,158,77.29715436,-99.47524083,-22.17808647
Concrete Strength,0.2,21,165,65.19685056,15.06394148,80.26079204
Concrete Strength,0.2,21,184,67.79617508,-267.1376789,-199.3415038
Concrete Strength,0.2,21,192,22.83544512,-59.30011852,-36.4646734
Concrete Strength,0.2,21,194,34.55653712,305.5324045,340.0889416
Concrete Strength,0.2,21,200,15.04436632,-268.1183875,-253.0740211
Concrete Strength,0.2,21,206,20.91870184,74.30797943,95.22668127
Concrete Strength,0.2,21,208,34.20490436,-62.01778283,-27.81287847
Concrete Strength,0.2,21,211,20.08443588,-239.0011547,-218.9167188
Concrete Strength,0.2,21,212,24.48329276,140.3429424,164.8262351
Concrete Strength,0.2,21,214,35.34253976,207.6621955,243.0047352
Concrete Strength,0.2,21,232,45.70536404,72.27078724,117.9761513
Concrete Strength,0.2,21,238,47.13257936,-293.2974425,-246.1648631
Concrete Strength,0.2,21,241,22.31833812,153.7360227,176.0543608
Concrete Strength,0.2,21,248,39.58971192,214.7073711,254.297083
Concrete Strength,0.2,21,249,44.298833,-113.7028412,-69.40400817
Concrete Strength,0.2,21,250,13.81709904,-184.7521371,-170.9350381
Concrete Strength,0.2,21,254,42.34761592,14.37347302,56.72108894
Concrete Strength,0.2,21,260,13.33446584,437.9248877,451.2593536
Concrete Strength,0.2,21,265,19.51906556,-412.6433351,-393.1242695
Concrete Strength,0.2,21,269,47.8151606,-73.32246392,-25.50730332
Concrete Strength,0.2,21,276,29.93015316,-222.5967699,-192.6666168
Concrete Strength,0.2,21,282,32.66047812,-294.5970729,-261.9365948
Concrete Strength,0.2,21,284,44.20920112,9.999493493,54.20869461
Concrete Strength,0.2,21,285,13.62404576,-62.99760918,-49.37356342
Concrete Strength,0.2,21,286,21.60128308,-12.80091331,8.800369772
Concrete Strength,0.2,21,287,27.77209328,47.53365969,75.30575297
Concrete Strength,0.2,21,290,7.31534036,-274.2481387,-266.9327983
Concrete Strength,0.2,21,291,21.50475644,-94.74858197,-73.24382553
Concrete Strength,0.2,21,294,48.67011084,-144.3739189,-95.70380808
Concrete Strength,0.2,21,298,39.14844728,-4.458421563,34.69002572
Concrete Strength,0.2,21,300,22.50449664,-39.54941989,-17.04492325
Concrete Strength,0.2,21,312,39.94134468,69.48586346,109.4272081
Concrete Strength,0.2,21,314,52.04164848,-139.3555242,-87.31387571
Concrete Strength,0.2,21,323,42.03045696,27.25287769,69.28333465
Concrete Strength,0.2,21,338,56.8472962,30.4434208,87.290717
Concrete Strength,0.2,21,347,40.14818748,77.23220505,117.3803925
Concrete Strength,0.2,21,354,59.30183076,227.7055175,287.0073483
Concrete Strength,0.2,21,361,35.9561734,86.62363859,122.579812
Concrete Strength,0.2,21,366,38.60376124,429.0900229,467.6937842
Concrete Strength,0.2,21,368,53.95839176,-172.1519916,-118.1935998
Concrete Strength,0.2,21,371,26.04840328,66.25477964,92.30318292
Concrete Strength,0.2,21,417,15.60973664,10.08187635,25.69161299
Concrete Strength,0.2,21,421,33.08795324,-76.62408011,-43.53612687
Concrete Strength,0.2,21,428,19.41564416,291.5070578,310.922702
Concrete Strength,0.2,21,429,24.65566176,-181.7277703,-157.0721085
Concrete Strength,0.2,21,431,24.28334472,-34.89060963,-10.60726491
Concrete Strength,0.2,21,439,41.40992856,188.7342261,230.1441547
Concrete Strength,0.2,21,444,37.2661778,7.762211753,45.02838955
Concrete Strength,0.2,21,454,31.715896,-212.3770432,-180.6611472
Concrete Strength,0.2,21,461,49.99390476,-131.4149817,-81.42107692
Concrete Strength,0.2,21,466,50.93848688,-140.551016,-89.61252914
Concrete Strength,0.2,21,467,33.56369168,-53.77973014,-20.21603846
Concrete Strength,0.2,21,468,41.1617172,138.0585946,179.2203118
Concrete Strength,0.2,21,471,40.14818748,167.5348573,207.6830448
Concrete Strength,0.2,21,472,57.02655996,161.4644247,218.4909847
Concrete Strength,0.2,21,475,53.38612668,158.9301758,212.3163025
Concrete Strength,0.2,21,478,23.34565736,-196.4131995,-173.0675421
Concrete Strength,0.2,21,482,61.06688932,443.8819956,504.948885
Concrete Strength,0.2,21,492,36.83870268,238.7786689,275.6173716
Concrete Strength,0.2,21,498,44.02993736,-630.7214687,-586.6915313
Concrete Strength,0.2,21,509,32.01138572,23.636907,55.64829271
Concrete Strength,0.2,21,517,9.849657146,71.86006915,81.7097263
Concrete Strength,0.2,21,519,23.24519085,246.2355487,269.4807396
Concrete Strength,0.2,21,525,59.49488404,131.113487,190.608371
Concrete Strength,0.2,21,527,23.63917715,124.5848492,148.2240264
Concrete Strength,0.2,21,533,32.06821824,-11.45145068,20.61676755
Concrete Strength,0.2,21,546,18.74616296,81.983491,100.729654
Concrete Strength,0.2,21,548,23.4049523,297.3577137,320.762666
Concrete Strength,0.2,21,561,25.74503384,-584.5568071,-558.8117732
Concrete Strength,0.2,21,563,24.0654703,36.68067608,60.74614638
Concrete Strength,0.2,21,570,22.48932817,-346.2437529,-323.7544247
Concrete Strength,0.2,21,574,38.70028788,-97.55698396,-58.85669608
Concrete Strength,0.2,21,581,21.8591471,86.78711613,108.6462632
Concrete Strength,0.2,21,583,25.72641799,79.02062341,104.7470414
Concrete Strength,0.2,21,588,26.91369566,63.16534523,90.07904089
Concrete Strength,0.2,21,590,31.89998609,75.85886881,107.7588549
Concrete Strength,0.2,21,600,20.96696516,326.5939979,347.560963
Concrete Strength,0.2,21,612,21.26343984,-164.2113376,-142.9478978
Concrete Strength,0.2,21,613,25.96566616,136.3559737,162.3216398
Concrete Strength,0.2,21,635,24.49708228,-220.5553503,-196.058268
Concrete Strength,0.2,21,636,15.57526284,-296.4502102,-280.8749473
Concrete Strength,0.2,21,638,26.0621928,2.558210876,28.62040368
Concrete Strength,0.2,21,642,12.73462172,168.5010704,181.2356921
Concrete Strength,0.2,21,656,33.94772981,-298.4742036,-264.5264738
Concrete Strength,0.2,21,657,11.41427518,22.4058491,33.82012428
Concrete Strength,0.2,21,660,29.23171397,-143.1781404,-113.9464264
Concrete Strength,0.2,21,661,31.0236621,148.5720338,179.5956959
Concrete Strength,0.2,21,662,10.3938507,-195.0365594,-184.6427087
Concrete Strength,0.2,21,667,12.78840085,-146.9242461,-134.1358453
Concrete Strength,0.2,21,669,4.782205536,-353.5964844,-348.8142789
Concrete Strength,0.2,21,672,20.41607384,252.343128,272.7592018
Concrete Strength,0.2,21,677,15.74832132,340.8213961,356.5697174
Concrete Strength,0.2,21,688,47.78206575,5.752262318,53.53432807
Concrete Strength,0.2,21,696,22.34798559,-134.7481478,-112.4001622
Concrete Strength,0.2,21,710,32.10269204,127.2496073,159.3522993
Concrete Strength,0.2,21,712,54.59891496,43.97787337,98.57678833
Concrete Strength,0.2,21,713,21.48062478,47.0371798,68.51780458
Concrete Strength,0.2,21,714,9.694722036,-50.75947086,-41.06474882
Concrete Strength,0.2,21,718,4.827710952,164.4567665,169.2844774
Concrete Strength,0.2,21,723,17.24379476,347.5865879,364.8303827
Concrete Strength,0.2,21,728,17.43684804,-87.57566349,-70.13881545
Concrete Strength,0.2,21,735,40.65839972,50.42468999,91.08308971
Concrete Strength,0.2,21,737,12.05204048,-104.8600562,-92.80801577
Concrete Strength,0.2,21,739,18.91232668,-253.0133073,-234.1009806
Concrete Strength,0.2,21,740,25.17966352,-162.2391032,-137.0594397
Concrete Strength,0.2,21,743,54.27555072,-87.88571824,-33.61016752
Concrete Strength,0.2,21,746,22.43554904,-211.0098677,-188.5743187
Concrete Strength,0.2,21,759,22.53207568,70.11365033,92.64572601
Concrete Strength,0.2,21,760,27.3377234,28.98751587,56.32523927
Concrete Strength,0.2,21,761,29.97841648,329.8747602,359.8531767
Concrete Strength,0.2,21,774,37.42475728,141.7202288,179.1449861
Concrete Strength,0.2,21,776,22.43554904,382.8408349,405.276384
Concrete Strength,0.2,21,787,31.44700036,394.0159367,425.4629371
Concrete Strength,0.2,21,789,18.12632404,-337.7042217,-319.5778976
Concrete Strength,0.2,21,791,39.48629052,-146.1237471,-106.6374566
Concrete Strength,0.2,21,852,32.83974188,132.8659987,165.7057406
Concrete Strength,0.2,21,853,42.63719584,320.1715998,362.8087957
Concrete Strength,0.2,21,862,37.25928304,139.916216,177.1754991
Concrete Strength,0.2,21,880,44.38846488,85.663948,130.0524129
Concrete Strength,0.2,21,894,23.51802636,-290.2433409,-266.7253146
Concrete Strength,0.2,21,899,44.86420332,-52.91244869,-8.048245365
Concrete Strength,0.2,21,912,15.52010476,-356.2716235,-340.7515187
Concrete Strength,0.2,21,919,10.53519328,-195.7878417,-185.2526484
Concrete Strength,0.2,21,921,29.06830816,12.70679724,41.7751054
Concrete Strength,0.2,21,923,33.79811352,209.1677171,242.9658306
Concrete Strength,0.2,21,929,24.5798194,160.5830162,185.1628356
Concrete Strength,0.2,21,938,36.80491836,-268.8697348,-232.0648165
Concrete Strength,0.2,21,942,28.9379972,362.7003322,391.6383294
Concrete Strength,0.2,21,943,40.92522693,-42.62057222,-1.695345292
Concrete Strength,0.2,21,945,25.5595648,-269.8565546,-244.2969898
Concrete Strength,0.2,21,946,36.44363293,303.7646345,340.2082674
Concrete Strength,0.2,21,951,38.6306508,-112.4337419,-73.80309106
Concrete Strength,0.2,21,966,56.61907964,144.85112,201.4701997
Concrete Strength,0.2,21,968,23.786922,-335.0481731,-311.2612511
Concrete Strength,0.2,21,971,46.23419213,386.1307437,432.3649359
Concrete Strength,0.2,21,976,43.57833058,156.0951193,199.6734499
Concrete Strength,0.2,21,983,25.10382116,-24.12502306,0.9787981
Concrete Strength,0.2,21,985,9.738159024,483.4471327,493.1852918
Concrete Strength,0.2,21,986,33.798803,62.74221369,96.54101669
Concrete Strength,0.2,21,990,19.98790924,-203.6862014,-183.6982921
Concrete Strength,0.2,21,996,27.68108245,-328.7934905,-301.112408
Concrete Strength,0.2,21,998,45.30477848,-85.68201147,-40.37723298
Concrete Strength,0.2,21,1003,57.21823429,-115.0080035,-57.78976923
Concrete Strength,0.2,21,1004,65.90907927,284.3748517,350.283931
Concrete Strength,0.2,21,1009,35.31427124,41.57364303,76.88791427
Concrete Strength,0.2,21,1012,43.79827342,-98.86280186,-55.06452844
Concrete Strength,0.2,21,1017,15.09125069,407.5779997,422.6692504
Concrete Strength,0.2,21,1030,32.40123514,-116.955198,-84.55396288
Concrete Strength,0.2,22,8,36.44776979,2.578184544,39.02595433
Concrete Strength,0.2,22,73,33.39821744,458.601119,491.9993365
Concrete Strength,0.2,22,90,39.300132,-349.0451681,-309.7450361
Concrete Strength,0.2,22,95,42.79577532,-18.95465346,23.84112186
Concrete Strength,0.2,22,101,49.20100736,-276.8682873,-227.6672799
Concrete Strength,0.2,22,116,35.10122316,-12.51772028,22.58350288
Concrete Strength,0.2,22,118,59.79825348,456.2297414,516.0279948
Concrete Strength,0.2,22,129,68.4994406,-140.2154192,-71.71597856
Concrete Strength,0.2,22,140,63.3973182,57.51078778,120.908106
Concrete Strength,0.2,22,154,80.19984832,180.283675,260.4835234
Concrete Strength,0.2,22,159,71.69860924,409.624773,481.3233823
Concrete Strength,0.2,22,162,59.89478012,-40.13508318,19.75969694
Concrete Strength,0.2,22,163,64.90037588,480.0199736,544.9203495
Concrete Strength,0.2,22,165,65.19685056,-257.8074702,-192.6106196
Concrete Strength,0.2,22,175,75.497622,-432.5600304,-357.0624084
Concrete Strength,0.2,22,194,34.55653712,347.2424304,381.7989675
Concrete Strength,0.2,22,197,25.72434956,-58.38744482,-32.66309526
Concrete Strength,0.2,22,200,15.04436632,-50.41452574,-35.37015942
Concrete Strength,0.2,22,202,26.40003604,76.24818671,102.6482228
Concrete Strength,0.2,22,203,35.34253976,665.5600806,700.9026203
Concrete Strength,0.2,22,207,24.90387312,-237.2571207,-212.3532475
Concrete Strength,0.2,22,209,39.6103962,4.905833825,44.51623002
Concrete Strength,0.2,22,210,10.0318758,-75.31325482,-65.28137902
Concrete Strength,0.2,22,212,24.48329276,-89.59558533,-65.11229257
Concrete Strength,0.2,22,218,38.56239268,335.9330322,374.4954249
Concrete Strength,0.2,22,220,10.76272036,-176.8856142,-166.1228938
Concrete Strength,0.2,22,222,21.53923024,-75.11168888,-53.57245864
Concrete Strength,0.2,22,237,40.2309246,-149.3732941,-109.1423695
Concrete Strength,0.2,22,247,30.2335226,115.4463981,145.6799207
Concrete Strength,0.2,22,248,39.58971192,191.8917457,231.4814577
Concrete Strength,0.2,22,250,13.81709904,350.2386182,364.0557173
Concrete Strength,0.2,22,257,31.64005364,-45.17342737,-13.53337373
Concrete Strength,0.2,22,264,47.73931824,-159.8189102,-112.0795919
Concrete Strength,0.2,22,267,38.50033984,259.1820762,297.682416
Concrete Strength,0.2,22,268,45.08483564,-64.3542906,-19.26945496
Concrete Strength,0.2,22,272,33.72916592,-279.2059207,-245.4767548
Concrete Strength,0.2,22,279,43.58177796,168.2713701,211.8531481
Concrete Strength,0.2,22,284,44.20920112,-280.9417241,-236.732523
Concrete Strength,0.2,22,287,27.77209328,-51.5526122,-23.78051892
Concrete Strength,0.2,22,294,48.67011084,125.3794853,174.0495962
Concrete Strength,0.2,22,299,48.15300384,-195.0422424,-146.8892386
Concrete Strength,0.2,22,301,34.67374804,-8.918198459,25.75554958
Concrete Strength,0.2,22,302,34.73580088,137.8331815,172.5689824
Concrete Strength,0.2,22,313,48.71837416,40.51821463,89.23658879
Concrete Strength,0.2,22,314,52.04164848,303.5931002,355.6347487
Concrete Strength,0.2,22,316,33.35684888,399.1693352,432.5261841
Concrete Strength,0.2,22,323,42.03045696,-308.9880281,-266.9575711
Concrete Strength,0.2,22,326,42.29245784,196.7726864,239.0651442
Concrete Strength,0.2,22,337,51.3314882,16.63665877,67.96814697
Concrete Strength,0.2,22,343,51.95891136,-24.7129841,27.24592726
Concrete Strength,0.2,22,344,56.7438748,-118.6362595,-61.89238475
Concrete Strength,0.2,22,362,55.50971276,319.3529281,374.8626409
Concrete Strength,0.2,22,368,53.95839176,-161.392808,-107.4344163
Concrete Strength,0.2,22,369,56.63355864,186.0003687,242.6339273
Concrete Strength,0.2,22,370,15.340841,-373.8748723,-358.5340313
Concrete Strength,0.2,22,371,26.04840328,246.8827849,272.9311882
Concrete Strength,0.2,22,389,55.55108132,162.9283447,218.479426
Concrete Strength,0.2,22,404,58.99846132,-159.3641798,-100.3657185
Concrete Strength,0.2,22,410,14.94094492,257.3664941,272.307439
Concrete Strength,0.2,22,416,8.48744956,20.7280542,29.21550376
Concrete Strength,0.2,22,424,29.7508894,114.4997478,144.2506372
Concrete Strength,0.2,22,429,24.65566176,-207.9620617,-183.3064
Concrete Strength,0.2,22,432,20.72564856,-277.0595484,-256.3338998
Concrete Strength,0.2,22,440,37.81086384,-16.69860945,21.11225439
Concrete Strength,0.2,22,444,37.2661778,321.3148829,358.5810607
Concrete Strength,0.2,22,451,53.77223324,-60.69917603,-6.926942788
Concrete Strength,0.2,22,452,53.46196904,279.9662651,333.4282342
Concrete Strength,0.2,22,454,31.715896,-49.64917104,-17.93327504
Concrete Strength,0.2,22,456,51.25564584,147.0738705,198.3295164
Concrete Strength,0.2,22,457,43.38872468,-128.048609,-84.65988436
Concrete Strength,0.2,22,467,33.56369168,44.27702901,77.84072069
Concrete Strength,0.2,22,476,35.36322404,-185.6275823,-150.2643583
Concrete Strength,0.2,22,484,55.25460664,313.2237316,368.4783382
Concrete Strength,0.2,22,487,46.68441996,200.4224447,247.1068647
Concrete Strength,0.2,22,489,22.752708,-111.6948423,-88.94213432
Concrete Strength,0.2,22,499,55.45455468,305.7956992,361.2502539
Concrete Strength,0.2,22,518,15.06997543,37.28695602,52.35693145
Concrete Strength,0.2,22,522,24.13166,-122.2407065,-98.1090465
Concrete Strength,0.2,22,528,35.75425543,5.229993979,40.98424941
Concrete Strength,0.2,22,530,68.75060685,111.6617011,180.412308
Concrete Strength,0.2,22,534,11.6549023,-1.609495093,10.04540721
Concrete Strength,0.2,22,535,19.1991487,550.188837,569.3879857
Concrete Strength,0.2,22,536,48.8466167,135.5388493,184.385466
Concrete Strength,0.2,22,538,43.94237391,128.2313139,172.1736878
Concrete Strength,0.2,22,546,18.74616296,148.2721423,167.0183053
Concrete Strength,0.2,22,550,41.68020315,96.47620423,138.1564074
Concrete Strength,0.2,22,556,27.93549909,182.9441587,210.8796578
Concrete Strength,0.2,22,559,19.76520849,-78.48099938,-58.71579089
Concrete Strength,0.2,22,566,14.8437288,11.05917965,25.90290845
Concrete Strength,0.2,22,570,22.48932817,-23.38213069,-0.8928025191
Concrete Strength,0.2,22,574,38.70028788,-229.6257261,-190.9254382
Concrete Strength,0.2,22,576,17.57612219,360.7369924,378.3131146
Concrete Strength,0.2,22,582,12.37264682,-96.79951966,-84.42687284
Concrete Strength,0.2,22,586,33.0431373,-322.2696398,-289.2265025
Concrete Strength,0.2,22,591,10.33593472,206.1460016,216.4819363
Concrete Strength,0.2,22,592,19.76520849,-304.9424662,-285.1772577
Concrete Strength,0.2,22,598,31.38150014,-198.4681657,-167.0866655
Concrete Strength,0.2,22,606,6.46728488,-99.75923286,-93.29194798
Concrete Strength,0.2,22,608,18.41590396,-263.341441,-244.925537
Concrete Strength,0.2,22,609,21.94602108,199.8310331,221.7770541
Concrete Strength,0.2,22,625,27.53077668,-172.2232494,-144.6924727
Concrete Strength,0.2,22,626,32.922479,67.00289819,99.92537719
Concrete Strength,0.2,22,628,7.83934212,180.7356299,188.574972
Concrete Strength,0.2,22,645,34.29453624,-13.36135991,20.93317633
Concrete Strength,0.2,22,652,4.903553312,78.4603173,83.36387061
Concrete Strength,0.2,22,656,33.94772981,45.80908622,79.75681603
Concrete Strength,0.2,22,660,29.23171397,131.9852546,161.2169685
Concrete Strength,0.2,22,662,10.3938507,105.6693874,116.0632381
Concrete Strength,0.2,22,672,20.41607384,-314.2740343,-293.8579604
Concrete Strength,0.2,22,675,13.5654403,-188.1501793,-174.584739
Concrete Strength,0.2,22,676,32.53292506,-220.1587003,-187.6257752
Concrete Strength,0.2,22,677,15.74832132,42.70502346,58.45334478
Concrete Strength,0.2,22,680,33.00383717,-143.8497041,-110.845867
Concrete Strength,0.2,22,687,14.14391066,-81.7467486,-67.60283794
Concrete Strength,0.2,22,689,2.331807832,-150.9181529,-148.5863451
Concrete Strength,0.2,22,692,6.8085755,-198.816537,-192.0079615
Concrete Strength,0.2,22,703,17.16588397,-246.750652,-229.584768
Concrete Strength,0.2,22,708,43.25082948,-54.2199884,-10.96915892
Concrete Strength,0.2,22,715,8.374375496,203.2031763,211.5775518
Concrete Strength,0.2,22,720,43.56523054,-237.5879465,-194.022716
Concrete Strength,0.2,22,736,40.85834776,-15.24540842,25.61293934
Concrete Strength,0.2,22,737,12.05204048,550.8573069,562.9093474
Concrete Strength,0.2,22,739,18.91232668,196.212374,215.1247007
Concrete Strength,0.2,22,758,18.12632404,-66.65027735,-48.52395331
Concrete Strength,0.2,22,762,31.35047372,-100.4234853,-69.0730116
Concrete Strength,0.2,22,781,17.54026944,-433.1982587,-415.6579893
Concrete Strength,0.2,22,782,14.2032056,134.9790305,149.1822361
Concrete Strength,0.2,22,784,29.39236188,4.711081757,34.10344364
Concrete Strength,0.2,22,785,13.52062436,418.1342911,431.6549155
Concrete Strength,0.2,22,786,16.26473884,-181.1863123,-164.9215734
Concrete Strength,0.2,22,810,19.69143456,-37.00420673,-17.31277217
Concrete Strength,0.2,22,811,14.98920824,215.1658629,230.1550711
Concrete Strength,0.2,22,813,34.6806428,-77.56801237,-42.88736957
Concrete Strength,0.2,22,833,19.98790924,-102.375256,-82.38734672
Concrete Strength,0.2,22,837,33.41890172,98.2262908,131.6451925
Concrete Strength,0.2,22,840,26.8550902,-253.7424529,-226.8873627
Concrete Strength,0.2,22,843,15.56836808,-83.38280416,-67.81443608
Concrete Strength,0.2,22,849,33.39821744,395.17631,428.5745274
Concrete Strength,0.2,22,856,61.23236356,392.6972824,453.929646
Concrete Strength,0.2,22,859,52.42086028,28.84253848,81.26339876
Concrete Strength,0.2,22,861,38.45897128,147.3522016,185.8111729
Concrete Strength,0.2,22,864,42.13387836,483.429752,525.5636304
Concrete Strength,0.2,22,868,37.91428524,20.05950958,57.97379482
Concrete Strength,0.2,22,870,31.17810472,-207.1282511,-175.9501464
Concrete Strength,0.2,22,871,23.69039536,-65.17793569,-41.48754033
Concrete Strength,0.2,22,880,44.38846488,104.8593319,149.2477968
Concrete Strength,0.2,22,884,32.9569528,-101.8973609,-68.94040805
Concrete Strength,0.2,22,894,23.51802636,191.939627,215.4576534
Concrete Strength,0.2,22,905,23.786922,-225.6994829,-201.9125609
Concrete Strength,0.2,22,910,23.73865868,152.5192075,176.2578662
Concrete Strength,0.2,22,919,10.53519328,282.2905815,292.8257748
Concrete Strength,0.2,22,921,29.06830816,-148.6250302,-119.556722
Concrete Strength,0.2,22,935,22.93197176,236.7180749,259.6500466
Concrete Strength,0.2,22,940,32.72046253,-169.3657417,-136.6452792
Concrete Strength,0.2,22,942,28.9379972,-24.1546549,4.783342298
Concrete Strength,0.2,22,944,12.18097249,-491.4427002,-479.2617277
Concrete Strength,0.2,22,952,19.0095428,403.9924131,423.0019559
Concrete Strength,0.2,22,961,40.9348796,49.78200063,90.71688023
Concrete Strength,0.2,22,967,12.4595208,-64.34914864,-51.88962784
Concrete Strength,0.2,22,971,46.23419213,357.0554196,403.2896118
Concrete Strength,0.2,22,988,33.76226077,125.531241,159.2935017
Concrete Strength,0.2,22,990,19.98790924,-56.78304058,-36.79513134
Concrete Strength,0.2,22,1006,33.39959639,223.8813285,257.2809249
Concrete Strength,0.2,22,1007,18.03393426,-87.55113077,-69.51719652
Concrete Strength,0.2,22,1010,42.6440906,-184.8873481,-142.2432575
Concrete Strength,0.2,22,1012,43.79827342,-36.69754931,7.100724112
Concrete Strength,0.2,22,1026,44.284354,120.5047518,164.7891058
Concrete Strength,0.2,23,8,36.44776979,118.043919,154.4916888
Concrete Strength,0.2,23,11,38.07424367,-70.70126025,-32.62701657
Concrete Strength,0.2,23,15,47.81378165,159.696904,207.5106857
Concrete Strength,0.2,23,22,28.23748958,-86.80634619,-58.56885661
Concrete Strength,0.2,23,37,30.07976945,360.3392272,390.4189967
Concrete Strength,0.2,23,47,15.04919265,83.68790465,98.7370973
Concrete Strength,0.2,23,73,33.39821744,244.4454755,277.8436929
Concrete Strength,0.2,23,76,37.79707432,-58.80233383,-21.00525951
Concrete Strength,0.2,23,79,28.096147,-290.8648936,-262.7687466
Concrete Strength,0.2,23,85,28.29609504,89.81328462,118.1093797
Concrete Strength,0.2,23,87,35.3011712,-74.4360344,-39.1348632
Concrete Strength,0.2,23,93,24.0971862,153.7117862,177.8089724
Concrete Strength,0.2,23,118,59.79825348,-8.867568305,50.93068518
Concrete Strength,0.2,23,119,60.2946762,197.1246763,257.4193525
Concrete Strength,0.2,23,125,50.69717028,-26.69037826,24.00679202
Concrete Strength,0.2,23,128,55.49592324,283.2194147,338.715338
Concrete Strength,0.2,23,130,71.29871316,-193.231789,-121.9330758
Concrete Strength,0.2,23,148,55.19944856,364.4679608,419.6674094
Concrete Strength,0.2,23,162,59.89478012,181.5896299,241.48441
Concrete Strength,0.2,23,179,76.80073164,112.7219448,189.5226765
Concrete Strength,0.2,23,180,79.29663476,143.1498711,222.4465059
Concrete Strength,0.2,23,183,79.29663476,85.54391351,164.8405483
Concrete Strength,0.2,23,190,10.38350856,-109.0923807,-98.70887214
Concrete Strength,0.2,23,194,34.55653712,71.02541733,105.5819545
Concrete Strength,0.2,23,199,37.34202016,-248.0415367,-210.6995165
Concrete Strength,0.2,23,201,21.0634918,-292.137283,-271.0737912
Concrete Strength,0.2,23,212,24.48329276,-64.16599433,-39.68270157
Concrete Strength,0.2,23,213,31.53663224,-309.0842808,-277.5476485
Concrete Strength,0.2,23,218,38.56239268,268.4378362,307.0002288
Concrete Strength,0.2,23,220,10.76272036,15.36687371,26.12959407
Concrete Strength,0.2,23,234,53.90323368,-13.64076935,40.26246433
Concrete Strength,0.2,23,243,31.35047372,132.9735152,164.3239889
Concrete Strength,0.2,23,247,30.2335226,-39.70254053,-9.469017927
Concrete Strength,0.2,23,258,42.54756396,-174.7660486,-132.2184846
Concrete Strength,0.2,23,266,31.35047372,268.3407633,299.691237
Concrete Strength,0.2,23,273,42.69924868,72.87902776,115.5782764
Concrete Strength,0.2,23,279,43.58177796,-115.7431016,-72.16132366
Concrete Strength,0.2,23,290,7.31534036,-305.9414502,-298.6261099
Concrete Strength,0.2,23,294,48.67011084,206.2824165,254.9525273
Concrete Strength,0.2,23,300,22.50449664,-287.4090976,-264.904601
Concrete Strength,0.2,23,302,34.73580088,511.8810037,546.6168046
Concrete Strength,0.2,23,308,51.03501352,96.46633647,147.50135
Concrete Strength,0.2,23,323,42.03045696,364.2368265,406.2672835
Concrete Strength,0.2,23,324,51.0556978,292.156805,343.2125028
Concrete Strength,0.2,23,325,21.78054684,383.5565768,405.3371237
Concrete Strength,0.2,23,327,50.60064364,142.6982389,193.2988825
Concrete Strength,0.2,23,330,23.52492112,-250.0090177,-226.4840966
Concrete Strength,0.2,23,332,52.5035974,22.96217877,75.46577617
Concrete Strength,0.2,23,336,38.76923548,473.5161794,512.2854149
Concrete Strength,0.2,23,351,33.70158688,217.373928,251.0755149
Concrete Strength,0.2,23,360,27.42046052,-59.97191481,-32.55145429
Concrete Strength,0.2,23,364,63.52831864,-18.6853021,44.84301654
Concrete Strength,0.2,23,370,15.340841,-120.9490182,-105.6081772
Concrete Strength,0.2,23,371,26.04840328,-330.3711523,-304.322749
Concrete Strength,0.2,23,373,37.2661778,459.7014525,496.9676303
Concrete Strength,0.2,23,378,36.3009114,-213.7500196,-177.4491082
Concrete Strength,0.2,23,396,49.24927068,168.8761019,218.1253726
Concrete Strength,0.2,23,398,29.15794004,28.63238254,57.79032258
Concrete Strength,0.2,23,409,20.72564856,-128.1549389,-107.4292903
Concrete Strength,0.2,23,412,23.07676172,-2.52058134,20.55618038
Concrete Strength,0.2,23,415,12.5484632,258.2264847,270.7749479
Concrete Strength,0.2,23,440,37.81086384,161.8145872,199.625451
Concrete Strength,0.2,23,445,33.27411176,217.870934,251.1450457
Concrete Strength,0.2,23,450,35.852752,227.6462783,263.4990303
Concrete Strength,0.2,23,452,53.46196904,215.1064891,268.5684581
Concrete Strength,0.2,23,455,39.64487,212.1151942,251.7600642
Concrete Strength,0.2,23,472,57.02655996,-141.2166944,-84.19013441
Concrete Strength,0.2,23,476,35.36322404,791.3232624,826.6864865
Concrete Strength,0.2,23,479,52.00717468,213.3281021,265.3352768
Concrete Strength,0.2,23,483,56.14403068,75.53113995,131.6751706
Concrete Strength,0.2,23,497,61.45989064,-275.297526,-213.8376353
Concrete Strength,0.2,23,509,32.01138572,-9.095309939,22.91607578
Concrete Strength,0.2,23,520,43.73346268,255.6772942,299.4107569
Concrete Strength,0.2,23,522,24.13166,9.140709616,33.27236962
Concrete Strength,0.2,23,527,23.63917715,-412.4648219,-388.8256448
Concrete Strength,0.2,23,528,35.75425543,-127.6699107,-91.91565531
Concrete Strength,0.2,23,531,66.78067543,24.83426078,91.61493621
Concrete Strength,0.2,23,533,32.06821824,347.6086402,379.6768585
Concrete Strength,0.2,23,536,48.8466167,-87.21331505,-38.36669835
Concrete Strength,0.2,23,556,27.93549909,-84.4395482,-56.50404911
Concrete Strength,0.2,23,559,19.76520849,-227.85602,-208.0908116
Concrete Strength,0.2,23,561,25.74503384,158.3543881,184.0994219
Concrete Strength,0.2,23,564,21.81984697,144.4070837,166.2269306
Concrete Strength,0.2,23,566,14.8437288,195.3720142,210.215743
Concrete Strength,0.2,23,570,22.48932817,-340.8040217,-318.3146935
Concrete Strength,0.2,23,575,7.507014688,332.4826585,339.9896732
Concrete Strength,0.2,23,577,21.17932377,252.3699151,273.5492388
Concrete Strength,0.2,23,583,25.72641799,-153.5971599,-127.8707419
Concrete Strength,0.2,23,589,7.995853172,19.763942,27.75979518
Concrete Strength,0.2,23,593,37.43785732,338.6803927,376.11825
Concrete Strength,0.2,23,594,11.48391226,344.4554874,355.9393996
Concrete Strength,0.2,23,597,10.73031499,-177.8105989,-167.0802839
Concrete Strength,0.2,23,601,27.04124872,49.0058893,76.04713802
Concrete Strength,0.2,23,625,27.53077668,-66.19307738,-38.6623007
Concrete Strength,0.2,23,629,12.24509376,70.03031812,82.27541188
Concrete Strength,0.2,23,633,30.57136584,-151.8580486,-121.2866828
Concrete Strength,0.2,23,634,14.2032056,139.3299626,153.5331682
Concrete Strength,0.2,23,635,24.49708228,-91.85865865,-67.36157637
Concrete Strength,0.2,23,648,43.37700359,-297.3525322,-253.9755287
Concrete Strength,0.2,23,651,33.19206412,303.9397346,337.1317987
Concrete Strength,0.2,23,655,24.29092896,162.053125,186.344054
Concrete Strength,0.2,23,659,25.89396066,-78.65741693,-52.76345627
Concrete Strength,0.2,23,662,10.3938507,-470.7983289,-460.4044782
Concrete Strength,0.2,23,665,19.35014394,170.8807133,190.2308572
Concrete Strength,0.2,23,670,16.10960674,240.8279874,256.9375941
Concrete Strength,0.2,23,673,6.940954892,-121.7825208,-114.8415659
Concrete Strength,0.2,23,675,13.5654403,-552.505761,-538.9403207
Concrete Strength,0.2,23,676,32.53292506,230.7811104,263.3140354
Concrete Strength,0.2,23,677,15.74832132,-143.3621427,-127.6138213
Concrete Strength,0.2,23,681,17.27551066,75.66740883,92.94291948
Concrete Strength,0.2,23,690,16.8894041,144.9306572,161.8200613
Concrete Strength,0.2,23,694,17.96429718,280.2409486,298.2052457
Concrete Strength,0.2,23,696,22.34798559,249.112562,271.4605476
Concrete Strength,0.2,23,701,6.883728384,97.14939987,104.0331283
Concrete Strength,0.2,23,712,54.59891496,157.4912675,212.0901825
Concrete Strength,0.2,23,722,11.85209244,-220.5160951,-208.6640026
Concrete Strength,0.2,23,733,9.01145132,322.5621309,331.5735822
Concrete Strength,0.2,23,735,40.65839972,-155.3551499,-114.6967501
Concrete Strength,0.2,23,738,17.54026944,224.3718901,241.9121595
Concrete Strength,0.2,23,746,22.43554904,-205.5100082,-183.0744591
Concrete Strength,0.2,23,759,22.53207568,-200.5095153,-177.9774396
Concrete Strength,0.2,23,768,31.35047372,-363.3575717,-332.007098
Concrete Strength,0.2,23,771,14.98920824,408.346525,423.3357332
Concrete Strength,0.2,23,786,16.26473884,133.661276,149.9260148
Concrete Strength,0.2,23,802,19.69143456,-53.4011263,-33.70969174
Concrete Strength,0.2,23,812,27.923778,-101.9346995,-74.01092151
Concrete Strength,0.2,23,827,24.39366088,18.64387717,43.03753805
Concrete Strength,0.2,23,833,19.98790924,-93.46533844,-73.4774292
Concrete Strength,0.2,23,837,33.41890172,-253.7616384,-220.3427367
Concrete Strength,0.2,23,838,39.05192064,438.6706303,477.722551
Concrete Strength,0.2,23,841,45.2985732,-92.11092714,-46.81235394
Concrete Strength,0.2,23,845,53.52402188,145.631039,199.1550608
Concrete Strength,0.2,23,854,40.0585556,236.7473593,276.8059149
Concrete Strength,0.2,23,860,15.08573488,-476.3902362,-461.3045013
Concrete Strength,0.2,23,864,42.13387836,74.48945176,116.6233301
Concrete Strength,0.2,23,866,41.540929,53.94287789,95.48380689
Concrete Strength,0.2,23,868,37.91428524,-406.5594822,-368.645197
Concrete Strength,0.2,23,873,32.39847724,199.7953313,232.1938085
Concrete Strength,0.2,23,877,33.0603742,-484.8303782,-451.770004
Concrete Strength,0.2,23,879,31.02642,-46.37531123,-15.34889123
Concrete Strength,0.2,23,881,12.17614616,-123.2753724,-111.0992262
Concrete Strength,0.2,23,882,25.55887532,267.7617642,293.3206395
Concrete Strength,0.2,23,885,23.83518532,57.80025178,81.6354371
Concrete Strength,0.2,23,889,19.00885332,486.3760213,505.3848746
Concrete Strength,0.2,23,895,29.72331036,41.16686841,70.89017877
Concrete Strength,0.2,23,896,49.77327244,-66.49873963,-16.72546719
Concrete Strength,0.2,23,897,52.44154456,-156.0082492,-103.5667046
Concrete Strength,0.2,23,913,43.5748832,93.22033223,136.7952154
Concrete Strength,0.2,23,915,41.05140104,-132.3232094,-91.27180837
Concrete Strength,0.2,23,919,10.53519328,-221.1790838,-210.6438905
Concrete Strength,0.2,23,922,9.73540112,188.380147,198.1155481
Concrete Strength,0.2,23,927,30.6472082,240.5460257,271.1932339
Concrete Strength,0.2,23,932,15.340841,-276.7626,-261.421759
Concrete Strength,0.2,23,943,40.92522693,401.7626112,442.6878382
Concrete Strength,0.2,23,960,52.44637089,167.9458118,220.3921827
Concrete Strength,0.2,23,965,29.87085822,41.48192372,71.35278194
Concrete Strength,0.2,23,966,56.61907964,158.0585765,214.6776561
Concrete Strength,0.2,23,975,15.52631004,69.4221479,84.94845794
Concrete Strength,0.2,23,976,43.57833058,480.6098794,524.18821
Concrete Strength,0.2,23,978,41.05346947,-186.8553517,-145.8018823
Concrete Strength,0.2,23,986,33.798803,90.71678505,124.515588
Concrete Strength,0.2,23,988,33.76226077,81.18400769,114.9462685
Concrete Strength,0.2,23,994,33.4195912,-242.7785901,-209.3589989
Concrete Strength,0.2,23,998,45.30477848,-316.3971195,-271.092341
Concrete Strength,0.2,23,1001,44.6118551,-308.2400148,-263.6281597
Concrete Strength,0.2,23,1006,33.39959639,-404.0614963,-370.6618999
Concrete Strength,0.2,23,1017,15.09125069,28.63269223,43.72394291
Concrete Strength,0.2,24,55,14.58931216,-227.9488596,-213.3595475
Concrete Strength,0.2,24,60,33.01900564,104.6451425,137.6641481
Concrete Strength,0.2,24,73,33.39821744,-392.9721109,-359.5738935
Concrete Strength,0.2,24,74,36.3009114,90.44083487,126.7417463
Concrete Strength,0.2,24,82,25.2003478,-123.6116629,-98.41131506
Concrete Strength,0.2,24,83,41.09966436,88.19988616,129.2995505
Concrete Strength,0.2,24,92,35.3011712,-289.9935376,-254.6923664
Concrete Strength,0.2,24,99,55.59934464,219.2293249,274.8286695
Concrete Strength,0.2,24,104,49.20100736,-247.8543874,-198.65338
Concrete Strength,0.2,24,118,59.79825348,-16.28342151,43.51483197
Concrete Strength,0.2,24,119,60.2946762,61.6165596,121.9112358
Concrete Strength,0.2,24,125,50.69717028,77.17344126,127.8706115
Concrete Strength,0.2,24,141,64.90037588,-72.96059576,-8.060219881
Concrete Strength,0.2,24,142,64.30053176,-223.0759923,-158.7754605
Concrete Strength,0.2,24,143,64.90037588,-96.67978185,-31.77940597
Concrete Strength,0.2,24,154,80.19984832,-40.09639977,40.10344855
Concrete Strength,0.2,24,168,74.19451236,-29.29377568,44.90073668
Concrete Strength,0.2,24,179,76.80073164,22.88244799,99.68317963
Concrete Strength,0.2,24,183,79.29663476,407.1701928,486.4668276
Concrete Strength,0.2,24,188,29.44751996,83.34337098,112.7908909
Concrete Strength,0.2,24,191,22.13907436,-76.52445491,-54.38538055
Concrete Strength,0.2,24,193,27.66177712,285.3556654,313.0174426
Concrete Strength,0.2,24,195,12.45193656,34.5268965,46.97883306
Concrete Strength,0.2,24,199,37.34202016,-64.46825259,-27.12623243
Concrete Strength,0.2,24,200,15.04436632,60.54166036,75.58602668
Concrete Strength,0.2,24,206,20.91870184,206.0041055,226.9228073
Concrete Strength,0.2,24,237,40.2309246,-284.0668711,-243.8359465
Concrete Strength,0.2,24,250,13.81709904,-42.72714235,-28.91004331
Concrete Strength,0.2,24,252,29.21999288,-200.5971865,-171.3771936
Concrete Strength,0.2,24,261,25.3727168,-297.681932,-272.3092152
Concrete Strength,0.2,24,264,47.73931824,-94.20504473,-46.46572649
Concrete Strength,0.2,24,265,19.51906556,375.4678599,394.9869254
Concrete Strength,0.2,24,279,43.58177796,33.29949088,76.88126884
Concrete Strength,0.2,24,282,32.66047812,382.8852798,415.5457579
Concrete Strength,0.2,24,287,27.77209328,47.11362205,74.88571533
Concrete Strength,0.2,24,290,7.31534036,-56.60589612,-49.29055576
Concrete Strength,0.2,24,303,45.08483564,308.9893019,354.0741376
Concrete Strength,0.2,24,305,23.13881456,113.1679631,136.3067777
Concrete Strength,0.2,24,307,48.28400428,-247.1474204,-198.8634162
Concrete Strength,0.2,24,311,35.2322236,99.10149938,134.333723
Concrete Strength,0.2,24,312,39.94134468,-193.2921543,-153.3508096
Concrete Strength,0.2,24,315,21.02212324,-147.458448,-126.4363248
Concrete Strength,0.2,24,323,42.03045696,156.1370391,198.1674961
Concrete Strength,0.2,24,324,51.0556978,295.9233557,346.9790535
Concrete Strength,0.2,24,325,21.78054684,-84.37464016,-62.59409332
Concrete Strength,0.2,24,335,23.80071152,-215.727779,-191.9270675
Concrete Strength,0.2,24,340,21.91154728,-56.15654496,-34.24499768
Concrete Strength,0.2,24,341,36.9903874,415.5105845,452.5009719
Concrete Strength,0.2,24,344,56.7438748,420.4782287,477.2221035
Concrete Strength,0.2,24,346,33.72916592,153.5530112,187.2821771
Concrete Strength,0.2,24,348,46.6430514,-219.4152386,-172.7721872
Concrete Strength,0.2,24,350,17.36790044,189.2964453,206.6643458
Concrete Strength,0.2,24,353,51.4349096,-13.89634476,37.53856484
Concrete Strength,0.2,24,355,30.44726016,126.3937322,156.8409924
Concrete Strength,0.2,24,370,15.340841,62.11858556,77.45942656
Concrete Strength,0.2,24,375,16.27852836,142.7115092,158.9900376
Concrete Strength,0.2,24,410,14.94094492,130.3797703,145.3207152
Concrete Strength,0.2,24,412,23.07676172,448.2387926,471.3155543
Concrete Strength,0.2,24,413,15.52010476,114.5931279,130.1132326
Concrete Strength,0.2,24,414,15.81657944,-60.01398596,-44.19740652
Concrete Strength,0.2,24,421,33.08795324,315.6758604,348.7638137
Concrete Strength,0.2,24,423,31.81242264,48.7726553,80.58507794
Concrete Strength,0.2,24,429,24.65566176,240.1843479,264.8400097
Concrete Strength,0.2,24,438,38.20386516,-73.0425053,-34.83864014
Concrete Strength,0.2,24,443,44.63667624,175.4844246,220.1211009
Concrete Strength,0.2,24,448,48.58737372,-329.5388046,-280.9514309
Concrete Strength,0.2,24,452,53.46196904,100.5213612,153.9833303
Concrete Strength,0.2,24,465,56.8128224,269.9686292,326.7814516
Concrete Strength,0.2,24,488,46.68441996,-87.70480441,-41.02038445
Concrete Strength,0.2,24,516,21.96670536,-424.1446171,-402.1779118
Concrete Strength,0.2,24,518,15.06997543,-353.8879212,-338.8179458
Concrete Strength,0.2,24,520,43.73346268,133.546734,177.2801966
Concrete Strength,0.2,24,534,11.6549023,95.82227542,107.4771777
Concrete Strength,0.2,24,544,10.22217118,-159.3627466,-149.1405755
Concrete Strength,0.2,24,545,14.5968964,-256.4356791,-241.8387827
Concrete Strength,0.2,24,551,27.74244581,249.982245,277.7246908
Concrete Strength,0.2,24,556,27.93549909,-30.90239423,-2.96689514
Concrete Strength,0.2,24,562,33.08243743,98.89025466,131.9726921
Concrete Strength,0.2,24,574,38.70028788,-270.5132801,-231.8129922
Concrete Strength,0.2,24,575,7.507014688,32.82835155,40.33536624
Concrete Strength,0.2,24,580,22.62998127,272.8603345,295.4903158
Concrete Strength,0.2,24,592,19.76520849,275.0894942,294.8547027
Concrete Strength,0.2,24,595,24.43778734,-403.3422326,-378.9044452
Concrete Strength,0.2,24,608,18.41590396,-164.8139284,-146.3980245
Concrete Strength,0.2,24,609,21.94602108,-68.4188864,-46.47286532
Concrete Strength,0.2,24,613,25.96566616,-107.8262557,-81.86058956
Concrete Strength,0.2,24,628,7.83934212,93.0464763,100.8858184
Concrete Strength,0.2,24,629,12.24509376,-284.3361221,-272.0910284
Concrete Strength,0.2,24,632,17.54026944,509.8789342,527.4192036
Concrete Strength,0.2,24,634,14.2032056,-313.0529707,-298.8497651
Concrete Strength,0.2,24,641,30.14389072,-330.2928422,-300.1489515
Concrete Strength,0.2,24,650,6.902344236,66.27642564,73.17876988
Concrete Strength,0.2,24,653,4.565020596,325.8084242,330.3734448
Concrete Strength,0.2,24,656,33.94772981,96.16835453,130.1160843
Concrete Strength,0.2,24,657,11.41427518,249.0317306,260.4460058
Concrete Strength,0.2,24,658,20.59395864,217.2037975,237.7977562
Concrete Strength,0.2,24,659,25.89396066,-18.54428627,7.349674387
Concrete Strength,0.2,24,662,10.3938507,150.6674095,161.0612602
Concrete Strength,0.2,24,665,19.35014394,-146.9362607,-127.5861167
Concrete Strength,0.2,24,666,11.39221195,-121.8381748,-110.4459628
Concrete Strength,0.2,24,667,12.78840085,11.00955173,23.79795258
Concrete Strength,0.2,24,668,39.32150576,-127.9681603,-88.64665453
Concrete Strength,0.2,24,671,43.37700359,138.5246293,181.9016329
Concrete Strength,0.2,24,673,6.940954892,-157.051068,-150.1101131
Concrete Strength,0.2,24,685,50.73233356,-29.84060517,20.89172838
Concrete Strength,0.2,24,689,2.331807832,-465.3713548,-463.0395469
Concrete Strength,0.2,24,700,9.561653168,6.335814254,15.89746742
Concrete Strength,0.2,24,712,54.59891496,116.4094327,171.0083476
Concrete Strength,0.2,24,713,21.48062478,-122.4355732,-100.9549484
Concrete Strength,0.2,24,716,39.6621069,64.45402913,104.116136
Concrete Strength,0.2,24,719,10.35455057,-11.98677976,-1.632229192
Concrete Strength,0.2,24,728,17.43684804,-282.2051779,-264.7683298
Concrete Strength,0.2,24,729,31.74347504,-123.6053747,-91.86189967
Concrete Strength,0.2,24,733,9.01145132,-199.5165062,-190.5050548
Concrete Strength,0.2,24,736,40.85834776,379.0557057,419.9140534
Concrete Strength,0.2,24,740,25.17966352,-248.9172285,-223.737565
Concrete Strength,0.2,24,743,54.27555072,377.6104835,431.8860342
Concrete Strength,0.2,24,758,18.12632404,388.686416,406.8127401
Concrete Strength,0.2,24,761,29.97841648,-452.4840805,-422.505664
Concrete Strength,0.2,24,767,27.923778,108.8536339,136.7774119
Concrete Strength,0.2,24,772,13.52062436,-154.9448196,-141.4241952
Concrete Strength,0.2,24,773,24.00065956,34.1010595,58.10171906
Concrete Strength,0.2,24,778,31.84000168,86.59157359,118.4315753
Concrete Strength,0.2,24,785,13.52062436,-184.5804189,-171.0597945
Concrete Strength,0.2,24,787,31.44700036,551.1248414,582.5718417
Concrete Strength,0.2,24,803,31.6469484,-212.4565958,-180.8096474
Concrete Strength,0.2,24,804,19.10537996,60.39418731,79.49956727
Concrete Strength,0.2,24,808,37.42475728,82.35804932,119.7828066
Concrete Strength,0.2,24,823,25.17966352,175.6469186,200.8265821
Concrete Strength,0.2,24,827,24.39366088,-320.390556,-295.9968951
Concrete Strength,0.2,24,830,37.16965116,-216.7794717,-179.6098206
Concrete Strength,0.2,24,831,33.75674496,-165.6126384,-131.8558935
Concrete Strength,0.2,24,833,19.98790924,-28.33984755,-8.351938308
Concrete Strength,0.2,24,839,27.67556664,-127.176324,-99.50075733
Concrete Strength,0.2,24,842,30.12320644,233.8306276,263.953834
Concrete Strength,0.2,24,846,57.21271848,-97.03376077,-39.82104229
Concrete Strength,0.2,24,854,40.0585556,278.440533,318.4990886
Concrete Strength,0.2,24,862,37.25928304,456.349574,493.608857
Concrete Strength,0.2,24,871,23.69039536,95.87394325,119.5643386
Concrete Strength,0.2,24,877,33.0603742,45.81203855,78.87241275
Concrete Strength,0.2,24,882,25.55887532,-64.95231389,-39.39343857
Concrete Strength,0.2,24,884,32.9569528,55.08719331,88.04414611
Concrete Strength,0.2,24,898,40.93419012,-98.47727117,-57.54308105
Concrete Strength,0.2,24,904,12.45883132,37.28254387,49.74137519
Concrete Strength,0.2,24,907,39.41734292,228.0101183,267.4274612
Concrete Strength,0.2,24,918,26.91714304,136.9083189,163.8254619
Concrete Strength,0.2,24,919,10.53519328,124.1885784,134.7237717
Concrete Strength,0.2,24,926,27.234302,-183.7773261,-156.5430241
Concrete Strength,0.2,24,930,21.91154728,42.28300048,64.19454776
Concrete Strength,0.2,24,935,22.93197176,-137.6012324,-114.6692606
Concrete Strength,0.2,24,946,36.44363293,-366.1321847,-329.6885518
Concrete Strength,0.2,24,956,32.24541357,17.81272947,50.05814304
Concrete Strength,0.2,24,966,56.61907964,9.967338021,66.58641767
Concrete Strength,0.2,24,969,13.29378676,-444.70486,-431.4110733
Concrete Strength,0.2,24,973,23.74417449,-15.24394559,8.500228896
Concrete Strength,0.2,24,975,15.52631004,-241.013541,-225.4872309
Concrete Strength,0.2,24,982,10.53588276,-83.89463008,-73.35874732
Concrete Strength,0.2,24,995,39.0560575,161.2716533,200.3277108
Concrete Strength,0.2,24,1009,35.31427124,-53.53622064,-18.2219494
Concrete Strength,0.2,24,1011,40.06200298,-34.06150905,6.000493931
Concrete Strength,0.2,24,1012,43.79827342,35.94982202,79.74809545
Concrete Strength,0.2,24,1013,61.23581094,-115.0207375,-53.78492653
Concrete Strength,0.2,24,1014,40.8686899,166.1523126,207.0210025
Concrete Strength,0.2,24,1019,37.26548832,-111.4420931,-74.17660474
Concrete Strength,0.2,24,1021,42.14008364,332.7344044,374.874488
Concrete Strength,0.2,24,1026,44.284354,-38.7468364,5.537517601
Concrete Strength,0.2,24,1029,32.76803638,235.7960685,268.5641049
Concrete Strength,0.2,25,23,8.06342182,18.95785485,27.02127667
Concrete Strength,0.2,25,47,15.04919265,-40.52906378,-25.47987113
Concrete Strength,0.2,25,50,32.82319446,-78.43646993,-45.61327548
Concrete Strength,0.2,25,83,41.09966436,334.5813222,375.6809866
Concrete Strength,0.2,25,89,35.3011712,-314.3915021,-279.0903309
Concrete Strength,0.2,25,90,39.300132,-46.45989974,-7.159767743
Concrete Strength,0.2,25,93,24.0971862,88.83341345,112.9305997
Concrete Strength,0.2,25,102,34.90127512,459.1152292,494.0165043
Concrete Strength,0.2,25,115,22.89749796,222.5212718,245.4187698
Concrete Strength,0.2,25,117,61.09446836,456.1907903,517.2852586
Concrete Strength,0.2,25,119,60.2946762,-162.2396664,-101.9449902
Concrete Strength,0.2,25,131,74.69782984,-275.5308565,-200.8330266
Concrete Strength,0.2,25,140,63.3973182,-327.6182036,-264.2208854
Concrete Strength,0.2,25,142,64.30053176,26.42780053,90.72833229
Concrete Strength,0.2,25,148,55.19944856,-189.2878085,-134.08836
Concrete Strength,0.2,25,152,73.69808964,-439.4116221,-365.7135325
Concrete Strength,0.2,25,161,77.29715436,127.2753029,204.5724573
Concrete Strength,0.2,25,163,64.90037588,-107.799321,-42.89894512
Concrete Strength,0.2,25,166,66.69990824,114.8022906,181.5021988
Concrete Strength,0.2,25,178,79.29663476,-351.6011924,-272.3045576
Concrete Strength,0.2,25,181,73.29819356,419.1823194,492.480513
Concrete Strength,0.2,25,186,24.44881896,-252.9383932,-228.4895742
Concrete Strength,0.2,25,188,29.44751996,-3.557455727,25.89006423
Concrete Strength,0.2,25,189,40.7135578,299.5996851,340.3132429
Concrete Strength,0.2,25,191,22.13907436,-189.2458568,-167.1067825
Concrete Strength,0.2,25,205,12.47262084,32.0752233,44.54784414
Concrete Strength,0.2,25,213,31.53663224,56.06272478,87.59935702
Concrete Strength,0.2,25,214,35.34253976,-459.7823147,-424.4397749
Concrete Strength,0.2,25,215,9.4458212,-347.2199362,-337.774115
Concrete Strength,0.2,25,216,22.7182342,225.358169,248.0764032
Concrete Strength,0.2,25,219,40.38950408,238.6962293,279.0857334
Concrete Strength,0.2,25,220,10.76272036,10.12211517,20.88483553
Concrete Strength,0.2,25,222,21.53923024,128.0960994,149.6353297
Concrete Strength,0.2,25,234,53.90323368,-176.7660204,-122.8627867
Concrete Strength,0.2,25,237,40.2309246,-414.7899265,-374.5590019
Concrete Strength,0.2,25,238,47.13257936,-35.96137925,11.17120011
Concrete Strength,0.2,25,239,49.97322048,-183.453249,-133.4800286
Concrete Strength,0.2,25,246,25.68987576,-295.3475374,-269.6576617
Concrete Strength,0.2,25,249,44.298833,-2.989779776,41.30905322
Concrete Strength,0.2,25,256,26.31040416,414.4428787,440.7532829
Concrete Strength,0.2,25,258,42.54756396,-223.7094493,-181.1618853
Concrete Strength,0.2,25,261,25.3727168,-261.0458207,-235.6731039
Concrete Strength,0.2,25,268,45.08483564,-104.3988342,-59.31399859
Concrete Strength,0.2,25,270,15.43736764,-164.0624103,-148.6250427
Concrete Strength,0.2,25,277,29.65436276,195.4704157,225.1247785
Concrete Strength,0.2,25,282,32.66047812,126.5599192,159.2203973
Concrete Strength,0.2,25,289,45.3675208,81.46848632,126.8360071
Concrete Strength,0.2,25,290,7.31534036,-69.2655143,-61.95017394
Concrete Strength,0.2,25,295,7.39807748,-437.2507654,-429.8526879
Concrete Strength,0.2,25,301,34.67374804,241.4989138,276.1726618
Concrete Strength,0.2,25,308,51.03501352,-527.714357,-476.6793435
Concrete Strength,0.2,25,311,35.2322236,225.1323218,260.3645454
Concrete Strength,0.2,25,319,45.3675208,-447.2818753,-401.9143545
Concrete Strength,0.2,25,325,21.78054684,-16.81442511,4.966121731
Concrete Strength,0.2,25,330,23.52492112,-66.309746,-42.78482488
Concrete Strength,0.2,25,335,23.80071152,297.2748007,321.0755122
Concrete Strength,0.2,25,341,36.9903874,43.21092777,80.20131517
Concrete Strength,0.2,25,342,47.401475,89.0556429,136.4571179
Concrete Strength,0.2,25,343,51.95891136,281.559039,333.5179504
Concrete Strength,0.2,25,352,45.93978588,-388.8692791,-342.9294932
Concrete Strength,0.2,25,356,47.7117392,38.88824281,86.59998201
Concrete Strength,0.2,25,357,63.14221208,-267.2456607,-204.1034486
Concrete Strength,0.2,25,360,27.42046052,-630.2091555,-602.788695
Concrete Strength,0.2,25,362,55.50971276,-130.0360625,-74.52634975
Concrete Strength,0.2,25,365,18.01600788,-68.97924795,-50.96324007
Concrete Strength,0.2,25,368,53.95839176,86.42864088,140.3870326
Concrete Strength,0.2,25,372,30.21973308,-123.2149803,-92.99524722
Concrete Strength,0.2,25,377,31.97100212,-286.1639929,-254.1929908
Concrete Strength,0.2,25,386,60.28088668,-24.4013001,35.87958658
Concrete Strength,0.2,25,389,55.55108132,181.7543756,237.305457
Concrete Strength,0.2,25,393,47.27736932,274.4760551,321.7534244
Concrete Strength,0.2,25,395,52.30364936,-25.74817307,26.55547629
Concrete Strength,0.2,25,410,14.94094492,96.51673114,111.4576761
Concrete Strength,0.2,25,412,23.07676172,-164.6055884,-141.5288266
Concrete Strength,0.2,25,413,15.52010476,-54.39279972,-38.87269496
Concrete Strength,0.2,25,445,33.27411176,230.6229257,263.8970375
Concrete Strength,0.2,25,450,35.852752,6.352312359,42.20506436
Concrete Strength,0.2,25,457,43.38872468,-26.69019416,16.69853052
Concrete Strength,0.2,25,471,40.14818748,-97.66133256,-57.51314508
Concrete Strength,0.2,25,472,57.02655996,11.59485435,68.62141431
Concrete Strength,0.2,25,476,35.36322404,50.6833398,86.04656384
Concrete Strength,0.2,25,477,25.02108404,114.6119135,139.6329975
Concrete Strength,0.2,25,488,46.68441996,-303.6455074,-256.9610875
Concrete Strength,0.2,25,490,25.510612,-261.8805615,-236.3699495
Concrete Strength,0.2,25,491,34.77027468,-126.9773003,-92.20702558
Concrete Strength,0.2,25,508,62.05284,-279.3019784,-217.2491384
Concrete Strength,0.2,25,519,23.24519085,-336.7284,-313.4832092
Concrete Strength,0.2,25,524,62.93536928,314.8264178,377.7617871
Concrete Strength,0.2,25,525,59.49488404,-114.230059,-54.73517498
Concrete Strength,0.2,25,530,68.75060685,-173.6374673,-104.8868604
Concrete Strength,0.2,25,531,66.78067543,185.801599,252.5822745
Concrete Strength,0.2,25,533,32.06821824,75.38281652,107.4510348
Concrete Strength,0.2,25,545,14.5968964,155.04207,169.6389664
Concrete Strength,0.2,25,550,41.68020315,-212.3863594,-170.7061563
Concrete Strength,0.2,25,551,27.74244581,-46.06890631,-18.32646049
Concrete Strength,0.2,25,556,27.93549909,-138.6950587,-110.7595596
Concrete Strength,0.2,25,562,33.08243743,-79.50579393,-46.4233565
Concrete Strength,0.2,25,566,14.8437288,282.1252651,296.9689939
Concrete Strength,0.2,25,573,13.08901238,-116.274609,-103.1855967
Concrete Strength,0.2,25,577,21.17932377,941.9544178,963.1337416
Concrete Strength,0.2,25,580,22.62998127,-457.4498554,-434.8198741
Concrete Strength,0.2,25,582,12.37264682,-112.8389125,-100.4662657
Concrete Strength,0.2,25,584,37.81362174,166.3413751,204.1549968
Concrete Strength,0.2,25,586,33.0431373,134.3008686,167.3440059
Concrete Strength,0.2,25,587,14.54104884,117.3470806,131.8881294
Concrete Strength,0.2,25,602,32.03994972,-412.348524,-380.3085743
Concrete Strength,0.2,25,603,35.17017076,-76.53656081,-41.36639005
Concrete Strength,0.2,25,618,9.307926,213.5627495,222.8706755
Concrete Strength,0.2,25,628,7.83934212,183.0638865,190.9032286
Concrete Strength,0.2,25,633,30.57136584,77.20077494,107.7721408
Concrete Strength,0.2,25,645,34.29453624,113.6528474,147.9473837
Concrete Strength,0.2,25,648,43.37700359,64.88451016,108.2615137
Concrete Strength,0.2,25,659,25.89396066,-340.978398,-315.0844374
Concrete Strength,0.2,25,665,19.35014394,-77.22003878,-57.86989484
Concrete Strength,0.2,25,670,16.10960674,-17.34193435,-1.232327612
Concrete Strength,0.2,25,686,13.66403537,-119.6443305,-105.9802951
Concrete Strength,0.2,25,693,39.70002808,16.03691147,55.73693955
Concrete Strength,0.2,25,701,6.883728384,463.3143248,470.1980532
Concrete Strength,0.2,25,703,17.16588397,455.6397496,472.8056336
Concrete Strength,0.2,25,705,9.731264264,-116.6487314,-106.9174672
Concrete Strength,0.2,25,706,3.31982694,-92.28792319,-88.96809625
Concrete Strength,0.2,25,708,43.25082948,330.014639,373.2654684
Concrete Strength,0.2,25,709,6.280436884,-131.7317855,-125.4513487
Concrete Strength,0.2,25,710,32.10269204,-192.5344205,-160.4317284
Concrete Strength,0.2,25,716,39.6621069,256.2334777,295.8955846
Concrete Strength,0.2,25,718,4.827710952,-226.5651894,-221.7374785
Concrete Strength,0.2,25,721,51.86376367,-105.7474292,-53.88366549
Concrete Strength,0.2,25,728,17.43684804,186.7728282,204.2096763
Concrete Strength,0.2,25,730,37.91428524,90.56553802,128.4798233
Concrete Strength,0.2,25,732,15.87173752,23.32778077,39.19951829
Concrete Strength,0.2,25,791,39.48629052,-293.970544,-254.4842535
Concrete Strength,0.2,25,804,19.10537996,-164.8685774,-145.7631974
Concrete Strength,0.2,25,807,24.00065956,207.6737356,231.6743951
Concrete Strength,0.2,25,810,19.69143456,21.09090197,40.78233653
Concrete Strength,0.2,25,823,25.17966352,-232.185891,-207.0062274
Concrete Strength,0.2,25,833,19.98790924,276.1775864,296.1654956
Concrete Strength,0.2,25,834,36.34917472,-218.1225574,-181.7733826
Concrete Strength,0.2,25,844,44.6090972,-110.5867329,-65.97763566
Concrete Strength,0.2,25,847,65.90701084,25.09177702,90.99878786
Concrete Strength,0.2,25,849,33.39821744,151.878276,185.2764934
Concrete Strength,0.2,25,857,40.86524252,154.0455171,194.9107596
Concrete Strength,0.2,25,858,33.3016908,-383.8848514,-350.5831606
Concrete Strength,0.2,25,875,36.80422888,470.4879835,507.2922123
Concrete Strength,0.2,25,877,33.0603742,-238.4080182,-205.347644
Concrete Strength,0.2,25,883,36.4388066,-334.8061085,-298.3673019
Concrete Strength,0.2,25,888,40.679084,-113.0195005,-72.34041648
Concrete Strength,0.2,25,895,29.72331036,114.3613814,144.0846918
Concrete Strength,0.2,25,906,13.29309728,-226.9677166,-213.6746193
Concrete Strength,0.2,25,913,43.5748832,-87.22316584,-43.64828264
Concrete Strength,0.2,25,915,41.05140104,195.9892771,237.0406781
Concrete Strength,0.2,25,930,21.91154728,217.5049482,239.4164955
Concrete Strength,0.2,25,931,30.88163004,-3.941022159,26.94060788
Concrete Strength,0.2,25,953,33.71882378,-171.2982012,-137.5793774
Concrete Strength,0.2,25,965,29.87085822,7.570386043,37.44124427
Concrete Strength,0.2,25,973,23.74417449,209.8172514,233.5614259
Concrete Strength,0.2,25,976,43.57833058,129.2331764,172.811507
Concrete Strength,0.2,25,977,35.86585204,-277.1043218,-241.2384698
Concrete Strength,0.2,25,978,41.05346947,-159.0995801,-118.0461106
Concrete Strength,0.2,25,983,25.10382116,-53.35758584,-28.25376468
Concrete Strength,0.2,25,998,45.30477848,314.2702711,359.5750496
Concrete Strength,0.2,25,999,30.12320644,371.8522405,401.9754469
Concrete Strength,0.2,25,1006,33.39959639,-89.97182132,-56.57222493
Concrete Strength,0.2,25,1007,18.03393426,296.8402548,314.874189
Concrete Strength,0.2,25,1010,42.6440906,-297.2456818,-254.6015912
Concrete Strength,0.2,25,1014,40.8686899,5.118315305,45.9870052
Concrete Strength,0.2,25,1021,42.14008364,-389.1103245,-346.9702409
Concrete Strength,0.2,25,1030,32.40123514,-16.58330603,15.81792911
Concrete Strength,0.2,26,6,47.02984744,96.88663068,143.9164781
Concrete Strength,0.2,26,23,8.06342182,-28.24171826,-20.17829644
Concrete Strength,0.2,26,47,15.04919265,86.97724901,102.0264417
Concrete Strength,0.2,26,50,32.82319446,-117.4407848,-84.61759039
Concrete Strength,0.2,26,55,14.58931216,-316.193669,-301.6043569
Concrete Strength,0.2,26,73,33.39821744,82.57870026,115.9769177
Concrete Strength,0.2,26,76,37.79707432,369.4890104,407.2860848
Concrete Strength,0.2,26,95,42.79577532,-101.8784286,-59.08265329
Concrete Strength,0.2,26,116,35.10122316,-152.4015208,-117.3002976
Concrete Strength,0.2,26,125,50.69717028,-152.4875341,-101.7903638
Concrete Strength,0.2,26,133,71.29871316,-12.62953094,58.66918222
Concrete Strength,0.2,26,134,67.69964844,-166.5141892,-98.8145408
Concrete Strength,0.2,26,141,64.90037588,201.3818362,266.2822121
Concrete Strength,0.2,26,157,72.99482412,104.0221964,177.0170205
Concrete Strength,0.2,26,165,65.19685056,134.138896,199.3357466
Concrete Strength,0.2,26,185,11.57630204,-402.2201399,-390.6438379
Concrete Strength,0.2,26,190,10.38350856,-0.04381335616,10.3396952
Concrete Strength,0.2,26,194,34.55653712,232.4931611,267.0496982
Concrete Strength,0.2,26,196,24.98661024,-265.1828796,-240.1962694
Concrete Strength,0.2,26,197,25.72434956,-272.4120915,-246.687742
Concrete Strength,0.2,26,207,24.90387312,122.884583,147.7884561
Concrete Strength,0.2,26,224,33.5430074,120.17807,153.7210774
Concrete Strength,0.2,26,238,47.13257936,141.6281428,188.7607222
Concrete Strength,0.2,26,239,49.97322048,201.9489713,251.9221918
Concrete Strength,0.2,26,242,24.53845084,141.14853,165.6869808
Concrete Strength,0.2,26,246,25.68987576,-11.1065854,14.58329036
Concrete Strength,0.2,26,260,13.33446584,39.08453648,52.41900232
Concrete Strength,0.2,26,262,37.404073,196.1443371,233.5484101
Concrete Strength,0.2,26,263,44.39535964,-207.961344,-163.5659843
Concrete Strength,0.2,26,266,31.35047372,12.00154466,43.35201838
Concrete Strength,0.2,26,269,47.8151606,266.2427181,314.0578787
Concrete Strength,0.2,26,272,33.72916592,404.581926,438.3110919
Concrete Strength,0.2,26,281,24.42813468,132.7550272,157.1831619
Concrete Strength,0.2,26,289,45.3675208,-91.43572447,-46.06820367
Concrete Strength,0.2,26,296,23.5111316,12.73529553,36.24642713
Concrete Strength,0.2,26,301,34.67374804,43.89486002,78.56860806
Concrete Strength,0.2,26,302,34.73580088,166.6773875,201.4131884
Concrete Strength,0.2,26,303,45.08483564,73.22838789,118.3132235
Concrete Strength,0.2,26,316,33.35684888,-284.3810562,-251.0242073
Concrete Strength,0.2,26,318,44.14025352,32.76117448,76.901428
Concrete Strength,0.2,26,319,45.3675208,-110.3273544,-64.95983363
Concrete Strength,0.2,26,320,15.36152528,228.2193297,243.580855
Concrete Strength,0.2,26,324,51.0556978,248.9579602,300.013658
Concrete Strength,0.2,26,325,21.78054684,530.9904942,552.771041
Concrete Strength,0.2,26,326,42.29245784,59.46301154,101.7554694
Concrete Strength,0.2,26,333,60.32225524,-106.5511529,-46.22889768
Concrete Strength,0.2,26,334,66.42411784,16.35307337,82.77719121
Concrete Strength,0.2,26,338,56.8472962,-117.1844429,-60.33714673
Concrete Strength,0.2,26,341,36.9903874,268.9545504,305.9449378
Concrete Strength,0.2,26,365,18.01600788,238.950976,256.9669839
Concrete Strength,0.2,26,366,38.60376124,-77.34245809,-38.73869685
Concrete Strength,0.2,26,373,37.2661778,211.4295014,248.6956792
Concrete Strength,0.2,26,375,16.27852836,171.6712641,187.9497925
Concrete Strength,0.2,26,376,25.62092816,168.7060857,194.3270139
Concrete Strength,0.2,26,387,56.83350668,50.25529632,107.088803
Concrete Strength,0.2,26,396,49.24927068,54.88748385,104.1367545
Concrete Strength,0.2,26,401,67.86512268,-6.222149104,61.64297358
Concrete Strength,0.2,26,403,53.57917996,336.945358,390.524538
Concrete Strength,0.2,26,415,12.5484632,179.1633898,191.711853
Concrete Strength,0.2,26,425,33.00521612,384.6787624,417.6839785
Concrete Strength,0.2,26,427,29.55094136,85.31798837,114.8689297
Concrete Strength,0.2,26,435,39.1622368,133.4838591,172.6460959
Concrete Strength,0.2,26,444,37.2661778,145.7092474,182.9754252
Concrete Strength,0.2,26,450,35.852752,203.9346396,239.7873916
Concrete Strength,0.2,26,456,51.25564584,-69.08151695,-17.82587111
Concrete Strength,0.2,26,466,50.93848688,-199.6394417,-148.7009549
Concrete Strength,0.2,26,472,57.02655996,-128.2392851,-71.21272516
Concrete Strength,0.2,26,481,39.300132,-89.66443818,-50.36430618
Concrete Strength,0.2,26,482,61.06688932,329.1677326,390.234622
Concrete Strength,0.2,26,485,54.76507868,-55.33353492,-0.5684562371
Concrete Strength,0.2,26,509,32.01138572,140.8909204,172.9023061
Concrete Strength,0.2,26,511,39.00464228,316.4663961,355.4710383
Concrete Strength,0.2,26,517,9.849657146,225.9135093,235.7631665
Concrete Strength,0.2,26,522,24.13166,31.78091023,55.91257023
Concrete Strength,0.2,26,524,62.93536928,-134.8288969,-71.89352761
Concrete Strength,0.2,26,525,59.49488404,268.8271778,328.3220618
Concrete Strength,0.2,26,527,23.63917715,485.5390291,509.1782062
Concrete Strength,0.2,26,528,35.75425543,-304.544625,-268.7903696
Concrete Strength,0.2,26,532,23.84897484,-33.03861232,-9.189637478
Concrete Strength,0.2,26,536,48.8466167,261.0659448,309.9125615
Concrete Strength,0.2,26,541,24.4046925,-19.69530817,4.709384329
Concrete Strength,0.2,26,551,27.74244581,135.9641932,163.706639
Concrete Strength,0.2,26,562,33.08243743,404.2573305,437.3397679
Concrete Strength,0.2,26,566,14.8437288,357.9967256,372.8404544
Concrete Strength,0.2,26,575,7.507014688,126.8296536,134.3366683
Concrete Strength,0.2,26,578,18.19871902,190.4694878,208.6682068
Concrete Strength,0.2,26,583,25.72641799,514.2624553,539.9888733
Concrete Strength,0.2,26,586,33.0431373,-198.1242836,-165.0811463
Concrete Strength,0.2,26,588,26.91369566,248.9370687,275.8507643
Concrete Strength,0.2,26,592,19.76520849,-133.23277,-113.4675616
Concrete Strength,0.2,26,593,37.43785732,75.04882961,112.4866869
Concrete Strength,0.2,26,603,35.17017076,-117.2668237,-82.09665296
Concrete Strength,0.2,26,608,18.41590396,107.540164,125.9560679
Concrete Strength,0.2,26,615,31.25394708,51.85118899,83.10513607
Concrete Strength,0.2,26,624,12.54156844,135.0356413,147.5772098
Concrete Strength,0.2,26,632,17.54026944,174.6801085,192.2203779
Concrete Strength,0.2,26,634,14.2032056,25.21800054,39.42120614
Concrete Strength,0.2,26,637,26.84819544,-276.0608786,-249.2126832
Concrete Strength,0.2,26,658,20.59395864,234.3593449,254.9533036
Concrete Strength,0.2,26,660,29.23171397,-0.6000512442,28.63166273
Concrete Strength,0.2,26,662,10.3938507,210.7362097,221.1300604
Concrete Strength,0.2,26,663,33.66435518,202.3330081,235.9973633
Concrete Strength,0.2,26,665,19.35014394,-282.7948929,-263.4447489
Concrete Strength,0.2,26,668,39.32150576,226.8851691,266.2066749
Concrete Strength,0.2,26,670,16.10960674,-252.1796289,-236.0700221
Concrete Strength,0.2,26,675,13.5654403,211.4146622,224.9801025
Concrete Strength,0.2,26,676,32.53292506,2.486724363,35.01964942
Concrete Strength,0.2,26,681,17.27551066,63.76405298,81.03956363
Concrete Strength,0.2,26,688,47.78206575,-54.49794553,-6.715879774
Concrete Strength,0.2,26,698,7.723510152,-212.1028509,-204.3793407
Concrete Strength,0.2,26,704,30.43967592,-66.7856613,-36.34598538
Concrete Strength,0.2,26,707,26.32281473,184.2743724,210.5971871
Concrete Strength,0.2,26,711,36.96418731,395.3443039,432.3084913
Concrete Strength,0.2,26,715,8.374375496,-139.2070327,-130.8326572
Concrete Strength,0.2,26,716,39.6621069,-126.7271948,-87.06508788
Concrete Strength,0.2,26,720,43.56523054,185.2311421,228.7963726
Concrete Strength,0.2,26,727,14.306627,-90.31278748,-76.00616048
Concrete Strength,0.2,26,731,39.38286912,-12.60403076,26.77883836
Concrete Strength,0.2,26,746,22.43554904,-223.9170169,-201.4814679
Concrete Strength,0.2,26,761,29.97841648,-109.5004741,-79.52205759
Concrete Strength,0.2,26,764,6.26733684,-53.79759117,-47.53025433
Concrete Strength,0.2,26,765,14.69962832,-39.61774017,-24.91811185
Concrete Strength,0.2,26,766,23.22155168,-400.1849721,-376.9634204
Concrete Strength,0.2,26,771,14.98920824,-334.8171291,-319.8279208
Concrete Strength,0.2,26,775,11.46598588,-2.372336115,9.093649765
Concrete Strength,0.2,26,778,31.84000168,-208.9836579,-177.1436562
Concrete Strength,0.2,26,780,25.17966352,125.6672545,150.846918
Concrete Strength,0.2,26,781,17.54026944,-149.7237807,-132.1835113
Concrete Strength,0.2,26,785,13.52062436,-120.0449192,-106.5242948
Concrete Strength,0.2,26,786,16.26473884,224.1228748,240.3876136
Concrete Strength,0.2,26,787,31.44700036,204.5997353,236.0467356
Concrete Strength,0.2,26,791,39.48629052,22.42476039,61.91105091
Concrete Strength,0.2,26,803,31.6469484,4.385200838,36.03214924
Concrete Strength,0.2,26,806,48.79421652,-0.040990318,48.7532262
Concrete Strength,0.2,26,825,21.7529678,-159.2243994,-137.4714316
Concrete Strength,0.2,26,830,37.16965116,-89.67872573,-52.50907457
Concrete Strength,0.2,26,831,33.75674496,-95.52470819,-61.76796323
Concrete Strength,0.2,26,837,33.41890172,14.57706815,47.99596987
Concrete Strength,0.2,26,847,65.90701084,49.33370083,115.2407117
Concrete Strength,0.2,26,864,42.13387836,-206.3229867,-164.1891084
Concrete Strength,0.2,26,868,37.91428524,328.80351,366.7177952
Concrete Strength,0.2,26,871,23.69039536,210.4140753,234.1044707
Concrete Strength,0.2,26,898,40.93419012,75.04784561,115.9820357
Concrete Strength,0.2,26,900,13.19657064,-201.0209177,-187.8243471
Concrete Strength,0.2,26,905,23.786922,-101.4408386,-77.6539166
Concrete Strength,0.2,26,926,27.234302,-368.4464966,-341.2121946
Concrete Strength,0.2,26,931,30.88163004,99.18838162,130.0700117
Concrete Strength,0.2,26,934,23.8903434,-50.88652205,-26.99617865
Concrete Strength,0.2,26,935,22.93197176,-60.45032774,-37.51835598
Concrete Strength,0.2,26,942,28.9379972,-61.29987598,-32.36187878
Concrete Strength,0.2,26,944,12.18097249,-161.4650297,-149.2840572
Concrete Strength,0.2,26,951,38.6306508,239.2040089,277.8346597
Concrete Strength,0.2,26,952,19.0095428,-151.9882092,-132.9786664
Concrete Strength,0.2,26,953,33.71882378,-173.3899293,-139.6711055
Concrete Strength,0.2,26,956,32.24541357,205.6502956,237.8957092
Concrete Strength,0.2,26,963,13.20208645,-90.89498253,-77.69289608
Concrete Strength,0.2,26,967,12.4595208,-72.01431409,-59.5547933
Concrete Strength,0.2,26,973,23.74417449,72.58386535,96.32803984
Concrete Strength,0.2,26,974,26.14768782,79.3553128,105.5030006
Concrete Strength,0.2,26,975,15.52631004,152.2418001,167.7681102
Concrete Strength,0.2,26,990,19.98790924,-3.807674355,16.18023488
Concrete Strength,0.2,26,996,27.68108245,-140.8046925,-113.1236101
Concrete Strength,0.2,26,997,26.85991653,-14.26717568,12.59274085
Concrete Strength,0.2,26,1003,57.21823429,-209.4780068,-152.2597726
Concrete Strength,0.2,26,1009,35.31427124,-95.5028755,-60.18860426
Concrete Strength,0.2,26,1010,42.6440906,306.2426092,348.8866998
Concrete Strength,0.2,26,1025,37.91704314,-98.8370936,-60.92005046
Concrete Strength,0.2,27,17,39.35804798,248.7768671,288.1349151
Concrete Strength,0.2,27,50,32.82319446,94.96704875,127.7902432
Concrete Strength,0.2,27,76,37.79707432,186.981124,224.7781983
Concrete Strength,0.2,27,84,35.3011712,353.68166,388.9828312
Concrete Strength,0.2,27,88,24.40055564,-140.1890238,-115.7884682
Concrete Strength,0.2,27,101,49.20100736,99.17043919,148.3714466
Concrete Strength,0.2,27,117,61.09446836,-140.0312216,-78.9367532
Concrete Strength,0.2,27,118,59.79825348,-85.44924999,-25.65099651
Concrete Strength,0.2,27,131,74.69782984,138.9454816,213.6433114
Concrete Strength,0.2,27,135,71.29871316,220.7057779,292.0044911
Concrete Strength,0.2,27,138,71.29871316,193.5774598,264.876173
Concrete Strength,0.2,27,140,63.3973182,-382.2187622,-318.821444
Concrete Strength,0.2,27,141,64.90037588,-495.4726484,-430.5722725
Concrete Strength,0.2,27,143,64.90037588,-143.5748001,-78.67442425
Concrete Strength,0.2,27,147,64.30053176,322.4868673,386.7873991
Concrete Strength,0.2,27,148,55.19944856,221.5553612,276.7548097
Concrete Strength,0.2,27,150,64.30053176,335.2888023,399.5893341
Concrete Strength,0.2,27,165,65.19685056,-60.53060289,4.666247666
Concrete Strength,0.2,27,166,66.69990824,67.62230377,134.322212
Concrete Strength,0.2,27,178,79.29663476,107.5777266,186.8743614
Concrete Strength,0.2,27,183,79.29663476,267.5405018,346.8371365
Concrete Strength,0.2,27,204,40.56876784,-666.6744596,-626.1056918
Concrete Strength,0.2,27,208,34.20490436,-87.1231948,-52.91829044
Concrete Strength,0.2,27,215,9.4458212,-339.7494942,-330.303673
Concrete Strength,0.2,27,217,28.46846404,-170.4258591,-141.9573951
Concrete Strength,0.2,27,222,21.53923024,381.2865222,402.8257525
Concrete Strength,0.2,27,239,49.97322048,450.5484179,500.5216383
Concrete Strength,0.2,27,240,13.35515012,145.6179119,158.973062
Concrete Strength,0.2,27,246,25.68987576,209.2481063,234.9379821
Concrete Strength,0.2,27,252,29.21999288,-82.03438283,-52.81438995
Concrete Strength,0.2,27,255,13.54130864,-5.482316123,8.058992517
Concrete Strength,0.2,27,258,42.54756396,-102.3454753,-59.7979113
Concrete Strength,0.2,27,260,13.33446584,-133.3577434,-120.0232775
Concrete Strength,0.2,27,265,19.51906556,26.72888652,46.24795208
Concrete Strength,0.2,27,274,45.83636448,-112.7176136,-66.88124916
Concrete Strength,0.2,27,275,17.22311048,176.1189672,193.3420777
Concrete Strength,0.2,27,288,35.57006684,47.63830863,83.20837547
Concrete Strength,0.2,27,289,45.3675208,26.95351857,72.32103937
Concrete Strength,0.2,27,293,43.49904084,-174.1564396,-130.6573988
Concrete Strength,0.2,27,297,31.11605188,9.253099879,40.36915176
Concrete Strength,0.2,27,303,45.08483564,261.6240939,306.7089296
Concrete Strength,0.2,27,306,41.885667,211.7278434,253.6135104
Concrete Strength,0.2,27,315,21.02212324,-134.1033359,-113.0812127
Concrete Strength,0.2,27,321,28.6822016,-328.3565096,-299.674308
Concrete Strength,0.2,27,331,42.21661548,-132.9894355,-90.77281999
Concrete Strength,0.2,27,335,23.80071152,345.4351242,369.2358357
Concrete Strength,0.2,27,338,56.8472962,14.04077388,70.88807008
Concrete Strength,0.2,27,342,47.401475,-323.2439961,-275.8425211
Concrete Strength,0.2,27,346,33.72916592,-18.19064186,15.53852406
Concrete Strength,0.2,27,347,40.14818748,-133.7709093,-93.62272183
Concrete Strength,0.2,27,350,17.36790044,290.5534201,307.9213205
Concrete Strength,0.2,27,355,30.44726016,199.1877575,229.6350177
Concrete Strength,0.2,27,356,47.7117392,297.332086,345.0438252
Concrete Strength,0.2,27,357,63.14221208,-504.3839649,-441.2417528
Concrete Strength,0.2,27,358,66.82401392,102.652592,169.4766059
Concrete Strength,0.2,27,369,56.63355864,112.3534745,168.9870331
Concrete Strength,0.2,27,370,15.340841,133.3703475,148.7111885
Concrete Strength,0.2,27,371,26.04840328,2.756007543,28.80441082
Concrete Strength,0.2,27,373,37.2661778,-243.9387578,-206.67258
Concrete Strength,0.2,27,374,46.2293658,-2.986308173,43.24305763
Concrete Strength,0.2,27,378,36.3009114,430.7575634,467.0584748
Concrete Strength,0.2,27,409,20.72564856,-107.54858,-86.82293148
Concrete Strength,0.2,27,421,33.08795324,-60.78705044,-27.6990972
Concrete Strength,0.2,27,424,29.7508894,37.1271161,66.8780055
Concrete Strength,0.2,27,425,33.00521612,199.1161188,232.1213349
Concrete Strength,0.2,27,426,32.90179472,-48.54030498,-15.63851026
Concrete Strength,0.2,27,430,29.59230992,201.3774486,230.9697585
Concrete Strength,0.2,27,436,41.20308576,-222.1351968,-180.9321111
Concrete Strength,0.2,27,439,41.40992856,-145.6821871,-104.2722586
Concrete Strength,0.2,27,442,27.22051248,-132.4371042,-105.2165918
Concrete Strength,0.2,27,447,53.72396992,-362.5924027,-308.8684328
Concrete Strength,0.2,27,451,53.77223324,-49.70870082,4.063532424
Concrete Strength,0.2,27,455,39.64487,196.4428006,236.0876706
Concrete Strength,0.2,27,456,51.25564584,265.2268657,316.4825116
Concrete Strength,0.2,27,458,39.2656582,15.49078716,54.75644536
Concrete Strength,0.2,27,462,53.65502232,149.5565097,203.211532
Concrete Strength,0.2,27,465,56.8128224,336.1025937,392.9154161
Concrete Strength,0.2,27,472,57.02655996,96.28807924,153.3146392
Concrete Strength,0.2,27,474,51.021224,197.8003617,248.8215857
Concrete Strength,0.2,27,480,38.01770664,-71.07846311,-33.06075647
Concrete Strength,0.2,27,485,54.76507868,163.8622209,218.6272996
Concrete Strength,0.2,27,488,46.68441996,82.20788673,128.8923067
Concrete Strength,0.2,27,492,36.83870268,58.04689046,94.88559314
Concrete Strength,0.2,27,496,47.96684532,314.2427509,362.2095962
Concrete Strength,0.2,27,498,44.02993736,-406.9601337,-362.9301963
Concrete Strength,0.2,27,508,62.05284,-77.05041955,-14.99757955
Concrete Strength,0.2,27,511,39.00464228,51.71923315,90.72387544
Concrete Strength,0.2,27,512,65.69721315,81.01831778,146.7155309
Concrete Strength,0.2,27,522,24.13166,-467.1608312,-443.0291712
Concrete Strength,0.2,27,523,44.52045028,-216.0640424,-171.5435922
Concrete Strength,0.2,27,528,35.75425543,73.95503475,109.7092902
Concrete Strength,0.2,27,531,66.78067543,67.01576354,133.796439
Concrete Strength,0.2,27,532,23.84897484,309.3323904,333.1813652
Concrete Strength,0.2,27,535,19.1991487,-392.8824417,-373.683293
Concrete Strength,0.2,27,538,43.94237391,231.3699012,275.3122751
Concrete Strength,0.2,27,542,15.61594192,315.5048996,331.1208415
Concrete Strength,0.2,27,550,41.68020315,-71.50086419,-29.82066104
Concrete Strength,0.2,27,551,27.74244581,-261.6228393,-233.8803935
Concrete Strength,0.2,27,576,17.57612219,4.670753509,22.2468757
Concrete Strength,0.2,27,586,33.0431373,107.6612715,140.7044088
Concrete Strength,0.2,27,590,31.89998609,-105.6438128,-73.74382675
Concrete Strength,0.2,27,592,19.76520849,-272.3083573,-252.5431488
Concrete Strength,0.2,27,598,31.38150014,-9.052540384,22.32895976
Concrete Strength,0.2,27,602,32.03994972,-94.61554248,-62.57559276
Concrete Strength,0.2,27,618,9.307926,-108.7973585,-99.48943248
Concrete Strength,0.2,27,625,27.53077668,163.1459046,190.6766813
Concrete Strength,0.2,27,626,32.922479,-57.90461303,-24.98213403
Concrete Strength,0.2,27,627,9.99050724,90.16298898,100.1534962
Concrete Strength,0.2,27,646,19.53906036,80.73640505,100.2754654
Concrete Strength,0.2,27,647,47.7144971,90.28966159,138.0041587
Concrete Strength,0.2,27,655,24.29092896,-113.2971112,-89.00618223
Concrete Strength,0.2,27,664,27.8748252,8.398564541,36.27338975
Concrete Strength,0.2,27,672,20.41607384,-60.3368159,-39.92074207
Concrete Strength,0.2,27,673,6.940954892,-82.86949669,-75.9285418
Concrete Strength,0.2,27,675,13.5654403,-93.43969993,-79.87425963
Concrete Strength,0.2,27,681,17.27551066,-158.3020113,-141.0265006
Concrete Strength,0.2,27,682,24.28196577,-83.11281094,-58.83084517
Concrete Strength,0.2,27,696,22.34798559,-518.9026644,-496.5546788
Concrete Strength,0.2,27,700,9.561653168,-122.159566,-112.5979128
Concrete Strength,0.2,27,716,39.6621069,-304.9357132,-265.2736063
Concrete Strength,0.2,27,718,4.827710952,385.7146262,390.5423372
Concrete Strength,0.2,27,723,17.24379476,-57.40751024,-40.16371548
Concrete Strength,0.2,27,725,35.76312012,79.71344984,115.47657
Concrete Strength,0.2,27,728,17.43684804,350.1042751,367.5411231
Concrete Strength,0.2,27,730,37.91428524,-71.96725861,-34.05297337
Concrete Strength,0.2,27,760,27.3377234,40.75934826,68.09707166
Concrete Strength,0.2,27,762,31.35047372,83.64324172,114.9937154
Concrete Strength,0.2,27,766,23.22155168,-257.6695032,-234.4479515
Concrete Strength,0.2,27,771,14.98920824,43.11778418,58.10699242
Concrete Strength,0.2,27,779,14.79615496,260.5643802,275.3605351
Concrete Strength,0.2,27,783,21.6495464,-273.3988926,-251.7493462
Concrete Strength,0.2,27,785,13.52062436,-0.4837782238,13.03684614
Concrete Strength,0.2,27,790,32.72253096,3.382021803,36.10455276
Concrete Strength,0.2,27,794,18.12632404,-38.60246334,-20.4761393
Concrete Strength,0.2,27,807,24.00065956,76.95229561,100.9529552
Concrete Strength,0.2,27,830,37.16965116,84.13070149,121.3003526
Concrete Strength,0.2,27,831,33.75674496,-252.1060424,-218.3492975
Concrete Strength,0.2,27,840,26.8550902,-129.5014284,-102.6463382
Concrete Strength,0.2,27,848,52.82075636,93.99760998,146.8183663
Concrete Strength,0.2,27,857,40.86524252,211.8471724,252.7124149
Concrete Strength,0.2,27,859,52.42086028,294.2026078,346.6234681
Concrete Strength,0.2,27,864,42.13387836,-47.00211911,-4.868240752
Concrete Strength,0.2,27,896,49.77327244,-135.5859992,-85.81272678
Concrete Strength,0.2,27,900,13.19657064,-439.5521569,-426.3555863
Concrete Strength,0.2,27,903,56.61287436,-493.8020057,-437.1891314
Concrete Strength,0.2,27,905,23.786922,77.22122603,101.008148
Concrete Strength,0.2,27,907,39.41734292,386.9754709,426.3928139
Concrete Strength,0.2,27,910,23.73865868,-330.4832381,-306.7445794
Concrete Strength,0.2,27,921,29.06830816,230.9604946,260.0288028
Concrete Strength,0.2,27,927,30.6472082,-237.6945286,-207.0473204
Concrete Strength,0.2,27,929,24.5798194,-48.53266361,-23.95284421
Concrete Strength,0.2,27,942,28.9379972,285.5863209,314.5243181
Concrete Strength,0.2,27,946,36.44363293,-322.1966436,-285.7530107
Concrete Strength,0.2,27,949,26.23318285,-83.3429984,-57.10981555
Concrete Strength,0.2,27,951,38.6306508,-139.7299311,-101.0992803
Concrete Strength,0.2,27,952,19.0095428,325.9981919,345.0077347
Concrete Strength,0.2,27,958,29.72606826,-260.9362028,-231.2101345
Concrete Strength,0.2,27,968,23.786922,33.01482812,56.80175012
Concrete Strength,0.2,27,976,43.57833058,-421.8513629,-378.2730323
Concrete Strength,0.2,27,982,10.53588276,-131.2425697,-120.706687
Concrete Strength,0.2,27,983,25.10382116,-158.7863922,-133.6825711
Concrete Strength,0.2,27,985,9.738159024,419.0148869,428.7530459
Concrete Strength,0.2,27,998,45.30477848,34.34135138,79.64612986
Concrete Strength,0.2,27,1001,44.6118551,12.98261167,57.59446678
Concrete Strength,0.2,27,1004,65.90907927,83.84578542,149.7548647
Concrete Strength,0.2,27,1015,33.30651713,-158.3721971,-125.06568
Concrete Strength,0.2,27,1019,37.26548832,108.7340194,145.9995077
Concrete Strength,0.2,28,8,36.44776979,61.78888381,98.2366536
Concrete Strength,0.2,28,11,38.07424367,15.5849436,53.65918728
Concrete Strength,0.2,28,14,42.32693164,33.16125697,75.48818861
Concrete Strength,0.2,28,37,30.07976945,-59.5319198,-29.45215035
Concrete Strength,0.2,28,88,24.40055564,-125.1579213,-100.7573657
Concrete Strength,0.2,28,95,42.79577532,-84.05776379,-41.26198847
Concrete Strength,0.2,28,101,49.20100736,-57.4213455,-8.22033814
Concrete Strength,0.2,28,107,55.89581932,50.17843595,106.0742553
Concrete Strength,0.2,28,112,55.89581932,139.3902998,195.2861191
Concrete Strength,0.2,28,115,22.89749796,137.0531611,159.9506591
Concrete Strength,0.2,28,117,61.09446836,-309.389649,-248.2951807
Concrete Strength,0.2,28,122,68.29949256,-71.93790784,-3.638415281
Concrete Strength,0.2,28,124,60.2946762,-100.217333,-39.92265677
Concrete Strength,0.2,28,129,68.4994406,-343.9210703,-275.4216297
Concrete Strength,0.2,28,138,71.29871316,146.3728794,217.6715926
Concrete Strength,0.2,28,150,64.30053176,234.2035787,298.5041104
Concrete Strength,0.2,28,151,66.10006412,-414.4811197,-348.3810556
Concrete Strength,0.2,28,168,74.19451236,-257.8365637,-183.6420513
Concrete Strength,0.2,28,171,57.59882504,1.606596724,59.20542176
Concrete Strength,0.2,28,175,75.497622,212.9012591,288.3988811
Concrete Strength,0.2,28,181,73.29819356,-162.3459549,-89.04776134
Concrete Strength,0.2,28,184,67.79617508,400.3619961,468.1581711
Concrete Strength,0.2,28,194,34.55653712,183.4755455,218.0320826
Concrete Strength,0.2,28,201,21.0634918,-73.31344795,-52.24995615
Concrete Strength,0.2,28,203,35.34253976,-109.4465252,-74.10398548
Concrete Strength,0.2,28,214,35.34253976,-56.6646933,-21.32215354
Concrete Strength,0.2,28,215,9.4458212,332.4919938,341.937815
Concrete Strength,0.2,28,219,40.38950408,5.356339576,45.74584366
Concrete Strength,0.2,28,221,25.48303296,49.17878444,74.6618174
Concrete Strength,0.2,28,222,21.53923024,347.3955582,368.9347885
Concrete Strength,0.2,28,230,17.9953236,-350.142779,-332.1474554
Concrete Strength,0.2,28,231,30.38520732,-207.7575073,-177.3723
Concrete Strength,0.2,28,234,53.90323368,209.3743421,263.2775757
Concrete Strength,0.2,28,264,47.73931824,248.822419,296.5617372
Concrete Strength,0.2,28,276,29.93015316,-127.1151895,-97.18503634
Concrete Strength,0.2,28,278,36.96970312,-31.5289829,5.440720216
Concrete Strength,0.2,28,282,32.66047812,-256.6990324,-224.0385542
Concrete Strength,0.2,28,285,13.62404576,-80.9291369,-67.30509114
Concrete Strength,0.2,28,288,35.57006684,447.1334646,482.7035314
Concrete Strength,0.2,28,295,7.39807748,-313.8292935,-306.431216
Concrete Strength,0.2,28,297,31.11605188,-156.5298744,-125.4138225
Concrete Strength,0.2,28,300,22.50449664,129.7048729,152.2093696
Concrete Strength,0.2,28,303,45.08483564,134.484665,179.5695007
Concrete Strength,0.2,28,304,48.97348028,-72.29680572,-23.32332544
Concrete Strength,0.2,28,307,48.28400428,-319.1429,-270.8588957
Concrete Strength,0.2,28,311,35.2322236,-24.15752053,11.07470307
Concrete Strength,0.2,28,312,39.94134468,43.49547881,83.43682349
Concrete Strength,0.2,28,320,15.36152528,-360.5953395,-345.2338142
Concrete Strength,0.2,28,321,28.6822016,-36.32096925,-7.638767654
Concrete Strength,0.2,28,324,51.0556978,-111.5006622,-60.44496444
Concrete Strength,0.2,28,326,42.29245784,-154.9258338,-112.6333759
Concrete Strength,0.2,28,331,42.21661548,-198.2117222,-155.9951067
Concrete Strength,0.2,28,332,52.5035974,254.5623682,307.0659656
Concrete Strength,0.2,28,336,38.76923548,-116.4059277,-77.63669224
Concrete Strength,0.2,28,337,51.3314882,58.90314875,110.234637
Concrete Strength,0.2,28,340,21.91154728,415.3807699,437.2923172
Concrete Strength,0.2,28,352,45.93978588,334.1315983,380.0713842
Concrete Strength,0.2,28,355,30.44726016,-241.4194867,-210.9722265
Concrete Strength,0.2,28,359,66.9481196,-55.17455892,11.77356068
Concrete Strength,0.2,28,367,52.20022796,38.60601193,90.80623989
Concrete Strength,0.2,28,370,15.340841,351.6809688,367.0218098
Concrete Strength,0.2,28,371,26.04840328,-80.47980064,-54.43139736
Concrete Strength,0.2,28,372,30.21973308,-103.2791203,-73.0593872
Concrete Strength,0.2,28,393,47.27736932,-443.8388339,-396.5614646
Concrete Strength,0.2,28,395,52.30364936,-141.153581,-88.84993162
Concrete Strength,0.2,28,399,39.39665864,-119.7858316,-80.38917297
Concrete Strength,0.2,28,411,21.29101888,81.20497621,102.4959951
Concrete Strength,0.2,28,415,12.5484632,-175.7206872,-163.172224
Concrete Strength,0.2,28,421,33.08795324,9.742889754,42.83084299
Concrete Strength,0.2,28,422,34.23937816,-178.0769277,-143.8375495
Concrete Strength,0.2,28,424,29.7508894,-365.5255222,-335.7746328
Concrete Strength,0.2,28,438,38.20386516,23.52791503,61.73178019
Concrete Strength,0.2,28,462,53.65502232,2.087336301,55.74235862
Concrete Strength,0.2,28,465,56.8128224,469.34968,526.1625024
Concrete Strength,0.2,28,469,52.95865156,-366.6280112,-313.6693596
Concrete Strength,0.2,28,471,40.14818748,-354.9519588,-314.8037713
Concrete Strength,0.2,28,472,57.02655996,-467.757988,-410.731428
Concrete Strength,0.2,28,475,53.38612668,15.30500467,68.69113135
Concrete Strength,0.2,28,477,25.02108404,1.37056748,26.39165152
Concrete Strength,0.2,28,482,61.06688932,-121.40095,-60.33406067
Concrete Strength,0.2,28,490,25.510612,-30.52771987,-5.017107867
Concrete Strength,0.2,28,491,34.77027468,317.0868288,351.8571035
Concrete Strength,0.2,28,492,36.83870268,-82.15917874,-45.32047606
Concrete Strength,0.2,28,494,41.66503468,-366.1423854,-324.4773508
Concrete Strength,0.2,28,499,55.45455468,60.8212046,116.2757593
Concrete Strength,0.2,28,523,44.52045028,-328.861553,-284.3411027
Concrete Strength,0.2,28,526,25.11662572,288.9481917,314.0648174
Concrete Strength,0.2,28,531,66.78067543,-404.9696733,-338.1889979
Concrete Strength,0.2,28,551,27.74244581,-95.57846786,-67.83602204
Concrete Strength,0.2,28,555,15.69109481,-152.7574769,-137.0663821
Concrete Strength,0.2,28,562,33.08243743,95.76425883,128.8466963
Concrete Strength,0.2,28,564,21.81984697,-312.7393966,-290.9195496
Concrete Strength,0.2,28,566,14.8437288,-90.09860396,-75.25487516
Concrete Strength,0.2,28,569,25.44786968,-20.88728811,4.560581572
Concrete Strength,0.2,28,574,38.70028788,-191.6415412,-152.9412533
Concrete Strength,0.2,28,577,21.17932377,50.88530296,72.06462673
Concrete Strength,0.2,28,581,21.8591471,265.2608861,287.1200332
Concrete Strength,0.2,28,583,25.72641799,319.5914859,345.3179039
Concrete Strength,0.2,28,590,31.89998609,-283.285875,-251.3858889
Concrete Strength,0.2,28,596,17.59680647,55.21845695,72.81526342
Concrete Strength,0.2,28,601,27.04124872,-160.0335768,-132.9923281
Concrete Strength,0.2,28,602,32.03994972,-220.2872604,-188.2473106
Concrete Strength,0.2,28,606,6.46728488,-440.0075062,-433.5402213
Concrete Strength,0.2,28,631,17.3403214,28.51208174,45.85240314
Concrete Strength,0.2,28,634,14.2032056,-512.2921253,-498.0889197
Concrete Strength,0.2,28,635,24.49708228,271.7580841,296.2551663
Concrete Strength,0.2,28,646,19.53906036,-292.160473,-272.6214126
Concrete Strength,0.2,28,647,47.7144971,223.1932646,270.9077617
Concrete Strength,0.2,28,648,43.37700359,-111.9342716,-68.55726805
Concrete Strength,0.2,28,649,29.89223198,-51.41111084,-21.51887886
Concrete Strength,0.2,28,655,24.29092896,-109.5729443,-85.28201539
Concrete Strength,0.2,28,668,39.32150576,-233.1425259,-193.8210201
Concrete Strength,0.2,28,674,15.0305768,26.32601794,41.35659474
Concrete Strength,0.2,28,678,7.675936308,230.3098857,237.985822
Concrete Strength,0.2,28,681,17.27551066,-261.1704758,-243.8949651
Concrete Strength,0.2,28,683,24.04616498,178.9783841,203.024549
Concrete Strength,0.2,28,686,13.66403537,-545.5314499,-531.8674146
Concrete Strength,0.2,28,687,14.14391066,-171.1512392,-157.0073285
Concrete Strength,0.2,28,696,22.34798559,81.81521619,104.1632018
Concrete Strength,0.2,28,699,41.68434001,-54.87676366,-13.19242365
Concrete Strength,0.2,28,701,6.883728384,31.0277018,37.91143019
Concrete Strength,0.2,28,703,17.16588397,230.5228038,247.6886878
Concrete Strength,0.2,28,704,30.43967592,-140.1158295,-109.6761536
Concrete Strength,0.2,28,710,32.10269204,-64.7352807,-32.63258867
Concrete Strength,0.2,28,714,9.694722036,-110.3641385,-100.6694165
Concrete Strength,0.2,28,723,17.24379476,-255.1084728,-237.8646781
Concrete Strength,0.2,28,731,39.38286912,219.150125,258.5329941
Concrete Strength,0.2,28,732,15.87173752,-132.5366068,-116.6648692
Concrete Strength,0.2,28,737,12.05204048,-130.6392822,-118.5872417
Concrete Strength,0.2,28,762,31.35047372,101.1884555,132.5389292
Concrete Strength,0.2,28,767,27.923778,130.7288064,158.6525844
Concrete Strength,0.2,28,771,14.98920824,163.4294049,178.4186131
Concrete Strength,0.2,28,779,14.79615496,153.0613541,167.8575091
Concrete Strength,0.2,28,788,37.231704,278.4601092,315.6918132
Concrete Strength,0.2,28,789,18.12632404,153.7358042,171.8621282
Concrete Strength,0.2,28,803,31.6469484,-202.1555816,-170.5086332
Concrete Strength,0.2,28,805,39.58281716,150.5918588,190.1746759
Concrete Strength,0.2,28,812,27.923778,105.1503188,133.0740968
Concrete Strength,0.2,28,822,20.77391188,25.98965401,46.76356589
Concrete Strength,0.2,28,823,25.17966352,-140.3637898,-115.1841263
Concrete Strength,0.2,28,839,27.67556664,-211.5232052,-183.8476385
Concrete Strength,0.2,28,845,53.52402188,-70.96935374,-17.44533186
Concrete Strength,0.2,28,852,32.83974188,150.2479518,183.0876937
Concrete Strength,0.2,28,857,40.86524252,137.2778248,178.1430674
Concrete Strength,0.2,28,862,37.25928304,144.7053294,181.9646124
Concrete Strength,0.2,28,864,42.13387836,-583.3763111,-541.2424327
Concrete Strength,0.2,28,870,31.17810472,-71.56901159,-40.39090687
Concrete Strength,0.2,28,873,32.39847724,71.96063788,104.3591151
Concrete Strength,0.2,28,902,29.86810032,344.575846,374.4439463
Concrete Strength,0.2,28,905,23.786922,-163.1831308,-139.3962088
Concrete Strength,0.2,28,911,26.14492992,340.2743232,366.4192531
Concrete Strength,0.2,28,916,28.98557104,88.58800977,117.5735808
Concrete Strength,0.2,28,921,29.06830816,158.0157166,187.0840248
Concrete Strength,0.2,28,925,26.96540636,63.22312754,90.1885339
Concrete Strength,0.2,28,928,33.05347944,52.96932838,86.02280782
Concrete Strength,0.2,28,934,23.8903434,-39.40928866,-15.51894526
Concrete Strength,0.2,28,942,28.9379972,237.9841561,266.9221533
Concrete Strength,0.2,28,957,23.52423164,-273.6374081,-250.1131764
Concrete Strength,0.2,28,958,29.72606826,-236.6960153,-206.969947
Concrete Strength,0.2,28,968,23.786922,202.3951485,226.1820705
Concrete Strength,0.2,28,995,39.0560575,-90.53585432,-51.47979683
Concrete Strength,0.2,28,1000,15.56974703,160.9763431,176.5460902
Concrete Strength,0.2,28,1004,65.90907927,112.1894455,178.0985248
Concrete Strength,0.2,28,1006,33.39959639,175.4204312,208.8200276
Concrete Strength,0.2,28,1011,40.06200298,-94.30757356,-54.24557058
Concrete Strength,0.2,28,1021,42.14008364,-154.0398894,-111.8998057
Concrete Strength,0.2,28,1028,23.69660064,248.1694332,271.8660339
Concrete Strength,0.2,29,6,47.02984744,-33.70374866,13.32609878
Concrete Strength,0.2,29,56,14.63826496,-85.31462451,-70.67635955
Concrete Strength,0.2,29,68,30.27558064,-47.19253108,-16.91695044
Concrete Strength,0.2,29,69,40.85696881,-83.06517892,-42.20821011
Concrete Strength,0.2,29,74,36.3009114,-25.37386508,10.92704632
Concrete Strength,0.2,29,82,25.2003478,-43.00360907,-17.80326127
Concrete Strength,0.2,29,85,28.29609504,59.73016303,88.02625807
Concrete Strength,0.2,29,87,35.3011712,-72.69209007,-37.39091887
Concrete Strength,0.2,29,89,35.3011712,-59.7193156,-24.4181444
Concrete Strength,0.2,29,90,39.300132,-175.2879007,-135.9877687
Concrete Strength,0.2,29,93,24.0971862,-459.7404061,-435.6432199
Concrete Strength,0.2,29,104,49.20100736,199.0589989,248.2600063
Concrete Strength,0.2,29,113,56.09576736,-224.5085321,-168.4127647
Concrete Strength,0.2,29,129,68.4994406,-134.4066882,-65.90724756
Concrete Strength,0.2,29,141,64.90037588,18.19551151,83.09588739
Concrete Strength,0.2,29,148,55.19944856,104.6405104,159.839959
Concrete Strength,0.2,29,151,66.10006412,10.02828779,76.12835191
Concrete Strength,0.2,29,153,77.29715436,279.3980957,356.6952501
Concrete Strength,0.2,29,166,66.69990824,-279.3076944,-212.6077862
Concrete Strength,0.2,29,168,74.19451236,-62.80295006,11.3915623
Concrete Strength,0.2,29,174,68.09954452,43.98103713,112.0805817
Concrete Strength,0.2,29,176,79.29663476,147.4550343,226.751669
Concrete Strength,0.2,29,181,73.29819356,-178.5823546,-105.2841611
Concrete Strength,0.2,29,185,11.57630204,308.8002244,320.3765264
Concrete Strength,0.2,29,188,29.44751996,-146.4221442,-116.9746243
Concrete Strength,0.2,29,204,40.56876784,96.32986643,136.8986343
Concrete Strength,0.2,29,206,20.91870184,10.88023731,31.79893915
Concrete Strength,0.2,29,208,34.20490436,36.18666978,70.39157414
Concrete Strength,0.2,29,219,40.38950408,-180.0053054,-139.6158014
Concrete Strength,0.2,29,221,25.48303296,137.3957737,162.8788067
Concrete Strength,0.2,29,222,21.53923024,-169.6433623,-148.1041321
Concrete Strength,0.2,29,223,28.62704352,99.46832626,128.0953698
Concrete Strength,0.2,29,237,40.2309246,-246.6452469,-206.4143223
Concrete Strength,0.2,29,239,49.97322048,153.3196869,203.2929074
Concrete Strength,0.2,29,252,29.21999288,24.07387536,53.29386824
Concrete Strength,0.2,29,253,38.32797084,60.80943406,99.1374049
Concrete Strength,0.2,29,257,31.64005364,23.53413699,55.17419063
Concrete Strength,0.2,29,268,45.08483564,425.2442289,470.3290645
Concrete Strength,0.2,29,271,26.77235308,-194.7054312,-167.9330781
Concrete Strength,0.2,29,280,13.12072828,492.4948214,505.6155497
Concrete Strength,0.2,29,289,45.3675208,-113.2883869,-67.92086606
Concrete Strength,0.2,29,292,31.2677366,-120.2341769,-88.96644029
Concrete Strength,0.2,29,307,48.28400428,37.9558439,86.23984818
Concrete Strength,0.2,29,309,55.6407132,237.4082895,293.0490027
Concrete Strength,0.2,29,311,35.2322236,107.492356,142.7245796
Concrete Strength,0.2,29,322,30.84715624,-310.3825331,-279.5353768
Concrete Strength,0.2,29,323,42.03045696,154.0197134,196.0501704
Concrete Strength,0.2,29,324,51.0556978,-77.15713742,-26.10143962
Concrete Strength,0.2,29,329,60.9496784,284.4955182,345.4451966
Concrete Strength,0.2,29,335,23.80071152,14.67854754,38.47925906
Concrete Strength,0.2,29,341,36.9903874,23.61530643,60.60569383
Concrete Strength,0.2,29,346,33.72916592,58.32003169,92.04919761
Concrete Strength,0.2,29,349,50.07664188,-270.2137905,-220.1371486
Concrete Strength,0.2,29,351,33.70158688,-33.25212882,0.4494580604
Concrete Strength,0.2,29,356,47.7117392,287.0946569,334.8063961
Concrete Strength,0.2,29,359,66.9481196,-353.2577513,-286.3096317
Concrete Strength,0.2,29,373,37.2661778,23.98666903,61.25284683
Concrete Strength,0.2,29,375,16.27852836,-128.3953547,-112.1168264
Concrete Strength,0.2,29,377,31.97100212,17.08349112,49.05449324
Concrete Strength,0.2,29,387,56.83350668,51.10319289,107.9366996
Concrete Strength,0.2,29,395,52.30364936,-74.84546782,-22.54181846
Concrete Strength,0.2,29,396,49.24927068,290.4898509,339.7391215
Concrete Strength,0.2,29,400,39.300132,-349.2689066,-309.9687746
Concrete Strength,0.2,29,401,67.86512268,173.5876715,241.4527942
Concrete Strength,0.2,29,405,76.23536132,300.9266391,377.1620004
Concrete Strength,0.2,29,417,15.60973664,-179.7076162,-164.0978796
Concrete Strength,0.2,29,424,29.7508894,10.31696124,40.06785064
Concrete Strength,0.2,29,426,32.90179472,294.8216101,327.7234048
Concrete Strength,0.2,29,432,20.72564856,-99.92716262,-79.20151406
Concrete Strength,0.2,29,439,41.40992856,129.0133535,170.4232821
Concrete Strength,0.2,29,444,37.2661778,-122.2631663,-84.99698848
Concrete Strength,0.2,29,451,53.77223324,-124.9368322,-71.16459896
Concrete Strength,0.2,29,454,31.715896,-392.3869645,-360.6710685
Concrete Strength,0.2,29,464,56.06129356,-308.9356602,-252.8743666
Concrete Strength,0.2,29,473,44.42293868,349.100485,393.5234237
Concrete Strength,0.2,29,476,35.36322404,-121.4705371,-86.10731309
Concrete Strength,0.2,29,487,46.68441996,71.71413508,118.398555
Concrete Strength,0.2,29,495,56.33708396,-191.8015381,-135.4644542
Concrete Strength,0.2,29,537,39.60488039,-129.5226403,-89.91775989
Concrete Strength,0.2,29,538,43.94237391,124.2433438,168.1857177
Concrete Strength,0.2,29,546,18.74616296,97.83576708,116.58193
Concrete Strength,0.2,29,547,31.96686526,-49.65538113,-17.68851586
Concrete Strength,0.2,29,549,25.57335432,323.8714947,349.444849
Concrete Strength,0.2,29,553,9.617500724,-240.1944159,-230.5769151
Concrete Strength,0.2,29,567,32.05167081,-278.2746409,-246.2229701
Concrete Strength,0.2,29,569,25.44786968,-89.34708412,-63.89921444
Concrete Strength,0.2,29,571,25.21689522,-157.2760193,-132.0591241
Concrete Strength,0.2,29,576,17.57612219,-418.2350492,-400.658927
Concrete Strength,0.2,29,586,33.0431373,-191.4911404,-158.4480031
Concrete Strength,0.2,29,587,14.54104884,-129.9450914,-115.4040426
Concrete Strength,0.2,29,588,26.91369566,210.2873396,237.2010353
Concrete Strength,0.2,29,589,7.995853172,58.24154296,66.23739613
Concrete Strength,0.2,29,597,10.73031499,-495.8892603,-485.1589453
Concrete Strength,0.2,29,602,32.03994972,-33.53516062,-1.495210899
Concrete Strength,0.2,29,603,35.17017076,-77.4060661,-42.23589534
Concrete Strength,0.2,29,606,6.46728488,148.2354512,154.7027361
Concrete Strength,0.2,29,613,25.96566616,-98.43906696,-72.4734008
Concrete Strength,0.2,29,614,11.36256448,61.97152766,73.33409214
Concrete Strength,0.2,29,619,26.94472208,28.1938983,55.13862038
Concrete Strength,0.2,29,636,15.57526284,-228.2244827,-212.6492199
Concrete Strength,0.2,29,644,20.27748916,8.114358596,28.39184776
Concrete Strength,0.2,29,645,34.29453624,142.9547731,177.2493094
Concrete Strength,0.2,29,652,4.903553312,446.203449,451.1070023
Concrete Strength,0.2,29,653,4.565020596,-95.19895989,-90.63393929
Concrete Strength,0.2,29,655,24.29092896,23.97115761,48.26208656
Concrete Strength,0.2,29,656,33.94772981,-222.2093681,-188.2616383
Concrete Strength,0.2,29,658,20.59395864,-574.0407352,-553.4467765
Concrete Strength,0.2,29,660,29.23171397,54.51314097,83.74485494
Concrete Strength,0.2,29,665,19.35014394,33.56225895,52.91240289
Concrete Strength,0.2,29,667,12.78840085,455.3925267,468.1809275
Concrete Strength,0.2,29,669,4.782205536,141.187287,145.9694926
Concrete Strength,0.2,29,672,20.41607384,179.064829,199.4809028
Concrete Strength,0.2,29,684,36.58842289,141.8875275,178.4759503
Concrete Strength,0.2,29,706,3.31982694,-181.2326689,-177.912842
Concrete Strength,0.2,29,709,6.280436884,16.89203114,23.17246802
Concrete Strength,0.2,29,723,17.24379476,-112.9689989,-95.72520417
Concrete Strength,0.2,29,725,35.76312012,-207.4411799,-171.6780597
Concrete Strength,0.2,29,729,31.74347504,329.0963699,360.839845
Concrete Strength,0.2,29,736,40.85834776,-363.7658463,-322.9074985
Concrete Strength,0.2,29,737,12.05204048,-526.9864114,-514.934371
Concrete Strength,0.2,29,758,18.12632404,173.5860945,191.7124186
Concrete Strength,0.2,29,762,31.35047372,-256.7372648,-225.3867911
Concrete Strength,0.2,29,764,6.26733684,93.29136841,99.55870525
Concrete Strength,0.2,29,773,24.00065956,106.295618,130.2962775
Concrete Strength,0.2,29,783,21.6495464,-103.8159815,-82.16643511
Concrete Strength,0.2,29,786,16.26473884,59.05643217,75.32117101
Concrete Strength,0.2,29,790,32.72253096,-43.93072776,-11.2081968
Concrete Strength,0.2,29,791,39.48629052,-155.7294158,-116.2431253
Concrete Strength,0.2,29,801,13.71367764,23.67674483,37.39042247
Concrete Strength,0.2,29,803,31.6469484,-62.39652233,-30.74957393
Concrete Strength,0.2,29,809,11.46598588,-14.25071144,-2.784725562
Concrete Strength,0.2,29,812,27.923778,-345.575536,-317.651758
Concrete Strength,0.2,29,813,34.6806428,41.55429769,76.23494049
Concrete Strength,0.2,29,826,39.0932892,-180.9701835,-141.8768943
Concrete Strength,0.2,29,827,24.39366088,-232.7063546,-208.3126937
Concrete Strength,0.2,29,834,36.34917472,270.8897154,307.2388901
Concrete Strength,0.2,29,854,40.0585556,208.258876,248.3174316
Concrete Strength,0.2,29,869,44.27814872,-39.55219353,4.725955187
Concrete Strength,0.2,29,870,31.17810472,-123.0384464,-91.86034173
Concrete Strength,0.2,29,873,32.39847724,-215.2912328,-182.8927556
Concrete Strength,0.2,29,888,40.679084,22.75851737,63.43760137
Concrete Strength,0.2,29,894,23.51802636,95.16844671,118.6864731
Concrete Strength,0.2,29,897,52.44154456,266.6195721,319.0611167
Concrete Strength,0.2,29,900,13.19657064,-237.3351659,-224.1385952
Concrete Strength,0.2,29,903,56.61287436,350.5906002,407.2034745
Concrete Strength,0.2,29,904,12.45883132,-345.0155216,-332.5566902
Concrete Strength,0.2,29,905,23.786922,-97.28043831,-73.49351631
Concrete Strength,0.2,29,906,13.29309728,-171.6732832,-158.380186
Concrete Strength,0.2,29,907,39.41734292,257.4813322,296.8986751
Concrete Strength,0.2,29,915,41.05140104,4.411528987,45.46293003
Concrete Strength,0.2,29,917,46.24315532,242.1601856,288.403341
Concrete Strength,0.2,29,921,29.06830816,77.74676333,106.8150715
Concrete Strength,0.2,29,935,22.93197176,-163.2343587,-140.3023869
Concrete Strength,0.2,29,938,36.80491836,303.319388,340.1243064
Concrete Strength,0.2,29,942,28.9379972,462.701032,491.6390292
Concrete Strength,0.2,29,943,40.92522693,-96.5467238,-55.62149686
Concrete Strength,0.2,29,946,36.44363293,59.06321928,95.50685221
Concrete Strength,0.2,29,962,44.86834018,-527.4787375,-482.6103973
Concrete Strength,0.2,29,965,29.87085822,207.1452732,237.0161314
Concrete Strength,0.2,29,967,12.4595208,-61.19473729,-48.73521649
Concrete Strength,0.2,29,973,23.74417449,131.8753837,155.6195581
Concrete Strength,0.2,29,982,10.53588276,221.4262287,231.9621114
Concrete Strength,0.2,29,1004,65.90907927,-208.5784898,-142.6694105
Concrete Strength,0.2,29,1010,42.6440906,-275.3042186,-232.660128
Concrete Strength,0.2,29,1021,42.14008364,57.02214813,99.16223177
Concrete Strength,0.2,29,1025,37.91704314,94.0458312,131.9628743
Concrete Strength,0.2,29,1026,44.284354,246.3321411,290.6164951
Concrete Strength,0.2,30,11,38.07424367,28.04364616,66.11788983
Concrete Strength,0.2,30,47,15.04919265,-277.0981066,-262.0489139
Concrete Strength,0.2,30,58,9.131420144,-202.9442758,-193.8128557
Concrete Strength,0.2,30,60,33.01900564,198.8052213,231.8242269
Concrete Strength,0.2,30,82,25.2003478,146.0770325,171.2773803
Concrete Strength,0.2,30,85,28.29609504,-314.1659842,-285.8698892
Concrete Strength,0.2,30,87,35.3011712,40.89675662,76.19792782
Concrete Strength,0.2,30,93,24.0971862,-308.6991148,-284.6019286
Concrete Strength,0.2,30,96,49.20100736,13.91170248,63.11270984
Concrete Strength,0.2,30,101,49.20100736,-53.15950213,-3.958494767
Concrete Strength,0.2,30,105,33.39821744,434.035988,467.4342054
Concrete Strength,0.2,30,111,37.99702236,-21.78543563,16.21158673
Concrete Strength,0.2,30,117,61.09446836,-169.3126171,-108.2181488
Concrete Strength,0.2,30,120,61.79773388,253.7517639,315.5494978
Concrete Strength,0.2,30,124,60.2946762,-169.876037,-109.5813608
Concrete Strength,0.2,30,133,71.29871316,-83.43177573,-12.13306257
Concrete Strength,0.2,30,134,67.69964844,69.83741611,137.5370645
Concrete Strength,0.2,30,147,64.30053176,-176.0144257,-111.713894
Concrete Strength,0.2,30,148,55.19944856,-10.46801773,44.73143083
Concrete Strength,0.2,30,152,73.69808964,-155.2047409,-81.50665125
Concrete Strength,0.2,30,159,71.69860924,-156.9996163,-85.30100703
Concrete Strength,0.2,30,163,64.90037588,78.44197213,143.342348
Concrete Strength,0.2,30,187,24.8900836,129.4951497,154.3852333
Concrete Strength,0.2,30,189,40.7135578,227.3408651,268.0544229
Concrete Strength,0.2,30,192,22.83544512,-236.878527,-214.0430819
Concrete Strength,0.2,30,193,27.66177712,-262.3894018,-234.7276247
Concrete Strength,0.2,30,197,25.72434956,-172.2634043,-146.5390547
Concrete Strength,0.2,30,198,33.96358776,239.5084407,273.4720285
Concrete Strength,0.2,30,199,37.34202016,-108.3339654,-70.99194522
Concrete Strength,0.2,30,201,21.0634918,-236.3235621,-215.2600703
Concrete Strength,0.2,30,203,35.34253976,-299.6165477,-264.274008
Concrete Strength,0.2,30,208,34.20490436,-119.4250324,-85.22012802
Concrete Strength,0.2,30,217,28.46846404,-102.4507512,-73.98228714
Concrete Strength,0.2,30,218,38.56239268,60.96048566,99.52287834
Concrete Strength,0.2,30,246,25.68987576,-191.1574995,-165.4676237
Concrete Strength,0.2,30,247,30.2335226,376.7997549,407.0332775
Concrete Strength,0.2,30,252,29.21999288,12.16245684,41.38244972
Concrete Strength,0.2,30,255,13.54130864,-475.9175317,-462.376223
Concrete Strength,0.2,30,259,42.919881,-229.3007211,-186.3808401
Concrete Strength,0.2,30,262,37.404073,-234.7191755,-197.3151025
Concrete Strength,0.2,30,264,47.73931824,-68.708541,-20.96922276
Concrete Strength,0.2,30,278,36.96970312,250.5211348,287.4908379
Concrete Strength,0.2,30,284,44.20920112,12.89596648,57.1051676
Concrete Strength,0.2,30,287,27.77209328,-59.53768137,-31.76558809
Concrete Strength,0.2,30,288,35.57006684,-112.1657097,-76.59564287
Concrete Strength,0.2,30,292,31.2677366,-218.8088554,-187.5411188
Concrete Strength,0.2,30,296,23.5111316,-294.307415,-270.7962834
Concrete Strength,0.2,30,302,34.73580088,99.08261616,133.818417
Concrete Strength,0.2,30,309,55.6407132,376.9599727,432.6006859
Concrete Strength,0.2,30,312,39.94134468,183.907061,223.8484057
Concrete Strength,0.2,30,317,33.94290348,-5.625114759,28.31778872
Concrete Strength,0.2,30,318,44.14025352,-296.0024841,-251.8622306
Concrete Strength,0.2,30,321,28.6822016,264.9964543,293.6786559
Concrete Strength,0.2,30,322,30.84715624,41.82706407,72.67422031
Concrete Strength,0.2,30,323,42.03045696,-106.0285893,-63.99813236
Concrete Strength,0.2,30,324,51.0556978,74.18276702,125.2384648
Concrete Strength,0.2,30,332,52.5035974,-236.2954044,-183.791807
Concrete Strength,0.2,30,333,60.32225524,79.604662,139.9269172
Concrete Strength,0.2,30,343,51.95891136,-403.5314449,-351.5725336
Concrete Strength,0.2,30,353,51.4349096,44.48352303,95.91843263
Concrete Strength,0.2,30,356,47.7117392,-62.0269291,-14.3151899
Concrete Strength,0.2,30,365,18.01600788,-81.75823571,-63.74222783
Concrete Strength,0.2,30,366,38.60376124,-391.7861525,-353.1823912
Concrete Strength,0.2,30,375,16.27852836,-90.01226454,-73.73373618
Concrete Strength,0.2,30,377,31.97100212,-282.0469366,-250.0759345
Concrete Strength,0.2,30,438,38.20386516,12.95898977,51.16285493
Concrete Strength,0.2,30,456,51.25564584,-433.7639001,-382.5082542
Concrete Strength,0.2,30,468,41.1617172,179.335934,220.4976512
Concrete Strength,0.2,30,469,52.95865156,143.2606549,196.2193064
Concrete Strength,0.2,30,470,44.27814872,-18.69475119,25.58339753
Concrete Strength,0.2,30,474,51.021224,150.4208258,201.4420498
Concrete Strength,0.2,30,480,38.01770664,-337.7566342,-299.7389275
Concrete Strength,0.2,30,485,54.76507868,73.41810181,128.1831805
Concrete Strength,0.2,30,494,41.66503468,130.2665189,171.9315536
Concrete Strength,0.2,30,495,56.33708396,-160.767607,-104.430523
Concrete Strength,0.2,30,497,61.45989064,246.8076801,308.2675708
Concrete Strength,0.2,30,518,15.06997543,173.7206847,188.7906601
Concrete Strength,0.2,30,519,23.24519085,179.2049766,202.4501675
Concrete Strength,0.2,30,529,38.610656,156.2376966,194.8483526
Concrete Strength,0.2,30,533,32.06821824,595.9285052,627.9967235
Concrete Strength,0.2,30,538,43.94237391,-72.59002105,-28.64764714
Concrete Strength,0.2,30,539,34.56963716,163.8730513,198.4426885
Concrete Strength,0.2,30,550,41.68020315,-183.2548853,-141.5746822
Concrete Strength,0.2,30,558,17.23621052,-192.2627161,-175.0265055
Concrete Strength,0.2,30,562,33.08243743,143.6090927,176.6915301
Concrete Strength,0.2,30,569,25.44786968,-122.9621671,-97.51429746
Concrete Strength,0.2,30,570,22.48932817,173.6324508,196.1217789
Concrete Strength,0.2,30,571,25.21689522,-269.6679783,-244.4510831
Concrete Strength,0.2,30,574,38.70028788,58.10299045,96.80327833
Concrete Strength,0.2,30,576,17.57612219,218.6517826,236.2279047
Concrete Strength,0.2,30,578,18.19871902,237.5539595,255.7526786
Concrete Strength,0.2,30,579,17.20035777,233.4430814,250.6434391
Concrete Strength,0.2,30,584,37.81362174,135.8562861,173.6699079
Concrete Strength,0.2,30,588,26.91369566,-361.4424877,-334.528792
Concrete Strength,0.2,30,592,19.76520849,107.6067213,127.3719298
Concrete Strength,0.2,30,593,37.43785732,-246.2317332,-208.7938759
Concrete Strength,0.2,30,596,17.59680647,94.50157424,112.0983807
Concrete Strength,0.2,30,603,35.17017076,-47.87460775,-12.70443699
Concrete Strength,0.2,30,609,21.94602108,-16.09127101,5.854750066
Concrete Strength,0.2,30,634,14.2032056,-232.9400237,-218.7368181
Concrete Strength,0.2,30,637,26.84819544,-100.7450703,-73.8968749
Concrete Strength,0.2,30,643,20.87043852,576.7236414,597.5940799
Concrete Strength,0.2,30,650,6.902344236,102.6523108,109.554655
Concrete Strength,0.2,30,652,4.903553312,-205.7595894,-200.8560361
Concrete Strength,0.2,30,654,25.46096973,23.0247017,48.48567143
Concrete Strength,0.2,30,661,31.0236621,200.1162136,231.1398757
Concrete Strength,0.2,30,664,27.8748252,-320.5937931,-292.7189679
Concrete Strength,0.2,30,669,4.782205536,65.85183562,70.63404115
Concrete Strength,0.2,30,673,6.940954892,-39.62826536,-32.68731046
Concrete Strength,0.2,30,674,15.0305768,-136.2710358,-121.240459
Concrete Strength,0.2,30,678,7.675936308,526.9680941,534.6440304
Concrete Strength,0.2,30,680,33.00383717,94.83751386,127.841351
Concrete Strength,0.2,30,681,17.27551066,174.0570389,191.3325496
Concrete Strength,0.2,30,683,24.04616498,-367.6825373,-343.6363723
Concrete Strength,0.2,30,684,36.58842289,-321.8714432,-285.2830203
Concrete Strength,0.2,30,691,23.52354217,101.2998675,124.8234096
Concrete Strength,0.2,30,698,7.723510152,-27.72784419,-20.00433403
Concrete Strength,0.2,30,700,9.561653168,37.18834512,46.74999829
Concrete Strength,0.2,30,703,17.16588397,194.472329,211.6382129
Concrete Strength,0.2,30,706,3.31982694,472.4084086,475.7282356
Concrete Strength,0.2,30,712,54.59891496,7.769167337,62.3680823
Concrete Strength,0.2,30,714,9.694722036,-89.77421788,-80.07949585
Concrete Strength,0.2,30,721,51.86376367,146.2957975,198.1595612
Concrete Strength,0.2,30,723,17.24379476,160.847172,178.0909667
Concrete Strength,0.2,30,726,38.70028788,60.86885875,99.56914663
Concrete Strength,0.2,30,729,31.74347504,-215.5540433,-183.8105683
Concrete Strength,0.2,30,742,43.89204216,333.3322993,377.2243414
Concrete Strength,0.2,30,746,22.43554904,54.06773298,76.50328202
Concrete Strength,0.2,30,765,14.69962832,-243.5812532,-228.8816249
Concrete Strength,0.2,30,773,24.00065956,-177.8015197,-153.8008602
Concrete Strength,0.2,30,782,14.2032056,-243.1632835,-228.9600779
Concrete Strength,0.2,30,784,29.39236188,-72.67494274,-43.28258086
Concrete Strength,0.2,30,802,19.69143456,-37.80921172,-18.11777716
Concrete Strength,0.2,30,803,31.6469484,-16.23901996,15.40792844
Concrete Strength,0.2,30,806,48.79421652,124.4536331,173.2478496
Concrete Strength,0.2,30,822,20.77391188,-6.026716809,14.74719507
Concrete Strength,0.2,30,830,37.16965116,-4.858713429,32.31093773
Concrete Strength,0.2,30,831,33.75674496,-250.1922261,-216.4354812
Concrete Strength,0.2,30,833,19.98790924,105.1423929,125.1303022
Concrete Strength,0.2,30,839,27.67556664,324.347873,352.0234396
Concrete Strength,0.2,30,844,44.6090972,5.522558656,50.13165586
Concrete Strength,0.2,30,845,53.52402188,241.2064464,294.7304683
Concrete Strength,0.2,30,846,57.21271848,-4.116667694,53.09605079
Concrete Strength,0.2,30,848,52.82075636,81.74060918,134.5613655
Concrete Strength,0.2,30,857,40.86524252,-178.483325,-137.6180825
Concrete Strength,0.2,30,859,52.42086028,282.3761664,334.7970267
Concrete Strength,0.2,30,862,37.25928304,101.6653195,138.9246025
Concrete Strength,0.2,30,864,42.13387836,165.531202,207.6650803
Concrete Strength,0.2,30,880,44.38846488,478.0832131,522.471678
Concrete Strength,0.2,30,890,33.7153764,-299.8349284,-266.119552
Concrete Strength,0.2,30,897,52.44154456,392.9318797,445.3734243
Concrete Strength,0.2,30,900,13.19657064,-378.7499707,-365.5534001
Concrete Strength,0.2,30,907,39.41734292,-105.9667825,-66.54943953
Concrete Strength,0.2,30,913,43.5748832,-256.696832,-213.1219488
Concrete Strength,0.2,30,920,25.0969264,146.8985723,171.9954987
Concrete Strength,0.2,30,929,24.5798194,334.1962566,358.776076
Concrete Strength,0.2,30,934,23.8903434,-109.9122517,-86.0219083
Concrete Strength,0.2,30,947,32.96384756,70.38453437,103.3483819
Concrete Strength,0.2,30,959,49.77327244,-66.77492475,-17.00165231
Concrete Strength,0.2,30,979,28.99108685,-218.354358,-189.3632711
Concrete Strength,0.2,30,983,25.10382116,-78.23614032,-53.13231916
Concrete Strength,0.2,30,1007,18.03393426,-120.758538,-102.7246038
Concrete Strength,0.2,30,1010,42.6440906,36.70309044,79.34718104
Concrete Strength,0.2,30,1012,43.79827342,43.40317326,87.20144668
Concrete Strength,0.2,30,1017,15.09125069,276.6244848,291.7157355
Concrete Strength,0.2,30,1029,32.76803638,-314.0634323,-281.2953959
Concrete Strength,0.2,30,1030,32.40123514,-43.54001196,-11.13877681
Hawkins-Bradu-Kass (HBK),0.05,1,23,-0.8,8.817461113,8.017461113
Hawkins-Bradu-Kass (HBK),0.05,1,55,0,-10.49743285,-10.49743285
Hawkins-Bradu-Kass (HBK),0.05,1,57,0.7,-5.68523352,-4.98523352
Hawkins-Bradu-Kass (HBK),0.05,2,21,0.9,-6.242855766,-5.342855766
Hawkins-Bradu-Kass (HBK),0.05,2,29,0.3,3.215247127,3.515247127
Hawkins-Bradu-Kass (HBK),0.05,2,36,-1,-1.41552285,-2.41552285
Hawkins-Bradu-Kass (HBK),0.05,3,27,-0.7,-1.208410967,-1.908410967
Hawkins-Bradu-Kass (HBK),0.05,3,28,0.3,-15.3510624,-15.0510624
Hawkins-Bradu-Kass (HBK),0.05,3,47,-0.9,1.887714872,0.9877148725
Hawkins-Bradu-Kass (HBK),0.05,4,44,-0.7,-3.987116697,-4.687116697
Hawkins-Bradu-Kass (HBK),0.05,4,51,0.7,12.1227799,12.8227799
Hawkins-Bradu-Kass (HBK),0.05,4,53,0.7,-11.04094368,-10.34094368
Hawkins-Bradu-Kass (HBK),0.05,5,20,0.4,-12.40491222,-12.00491222
Hawkins-Bradu-Kass (HBK),0.05,5,50,-0.4,-3.47397705,-3.87397705
Hawkins-Bradu-Kass (HBK),0.05,5,66,-0.9,8.414659825,7.514659825
Hawkins-Bradu-Kass (HBK),0.05,6,27,-0.7,0.1533344678,-0.5466655322
Hawkins-Bradu-Kass (HBK),0.05,6,29,0.3,0.2401644804,0.5401644804
Hawkins-Bradu-Kass (HBK),0.05,6,65,0.6,3.703391425,4.303391425
Hawkins-Bradu-Kass (HBK),0.05,7,18,0,3.482453457,3.482453457
Hawkins-Bradu-Kass (HBK),0.05,7,44,-0.7,4.859438975,4.159438975
Hawkins-Bradu-Kass (HBK),0.05,7,45,-0.5,-1.252100088,-1.752100088
Hawkins-Bradu-Kass (HBK),0.05,8,39,-0.7,2.807288375,2.107288375
Hawkins-Bradu-Kass (HBK),0.05,8,54,0.7,2.490771904,3.190771904
Hawkins-Bradu-Kass (HBK),0.05,8,67,-0.7,-3.978088404,-4.678088404
Hawkins-Bradu-Kass (HBK),0.05,9,21,0.9,-9.290136304,-8.390136304
Hawkins-Bradu-Kass (HBK),0.05,9,47,-0.9,-2.811854395,-3.711854395
Hawkins-Bradu-Kass (HBK),0.05,9,50,-0.4,-0.3734757356,-0.7734757356
Hawkins-Bradu-Kass (HBK),0.05,10,36,-1,-7.547212543,-8.547212543
Hawkins-Bradu-Kass (HBK),0.05,10,51,0.7,-1.702884301,-1.002884301
Hawkins-Bradu-Kass (HBK),0.05,10,68,0.6,0.4335206878,1.033520688
Hawkins-Bradu-Kass (HBK),0.05,11,16,0.6,9.744360508,10.34436051
Hawkins-Bradu-Kass (HBK),0.05,11,38,0.9,6.988078591,7.888078591
Hawkins-Bradu-Kass (HBK),0.05,11,54,0.7,15.90722631,16.60722631
Hawkins-Bradu-Kass (HBK),0.05,12,41,-0.1,13.7751233,13.6751233
Hawkins-Bradu-Kass (HBK),0.05,12,52,-0.5,0.1099389922,-0.3900610078
Hawkins-Bradu-Kass (HBK),0.05,12,59,-0.3,13.42102219,13.12102219
Hawkins-Bradu-Kass (HBK),0.05,13,38,0.9,-3.503486217,-2.603486217
Hawkins-Bradu-Kass (HBK),0.05,13,55,0,-11.59084931,-11.59084931
Hawkins-Bradu-Kass (HBK),0.05,13,59,-0.3,8.35708964,8.05708964
Hawkins-Bradu-Kass (HBK),0.05,14,16,0.6,-9.588083756,-8.988083756
Hawkins-Bradu-Kass (HBK),0.05,14,38,0.9,-13.14746301,-12.24746301
Hawkins-Bradu-Kass (HBK),0.05,14,52,-0.5,17.01315377,16.51315377
Hawkins-Bradu-Kass (HBK),0.05,15,32,-0.4,-3.093185405,-3.493185405
Hawkins-Bradu-Kass (HBK),0.05,15,42,-0.7,7.236815929,6.536815929
Hawkins-Bradu-Kass (HBK),0.05,15,43,0.6,-4.309038651,-3.709038651
Hawkins-Bradu-Kass (HBK),0.05,16,16,0.6,-3.934692778,-3.334692778
Hawkins-Bradu-Kass (HBK),0.05,16,20,0.4,5.03203677,5.43203677
Hawkins-Bradu-Kass (HBK),0.05,16,26,-0.8,-3.03420493,-3.83420493
Hawkins-Bradu-Kass (HBK),0.05,17,41,-0.1,-7.903357142,-8.003357142
Hawkins-Bradu-Kass (HBK),0.05,17,61,-0.3,3.089991997,2.789991997
Hawkins-Bradu-Kass (HBK),0.05,17,70,0.7,6.594290088,7.294290088
Hawkins-Bradu-Kass (HBK),0.05,18,20,0.4,-16.09428326,-15.69428326
Hawkins-Bradu-Kass (HBK),0.05,18,40,-0.5,-1.535244918,-2.035244918
Hawkins-Bradu-Kass (HBK),0.05,18,66,-0.9,-0.5324596002,-1.4324596
Hawkins-Bradu-Kass (HBK),0.05,19,34,-0.7,11.83777341,11.13777341
Hawkins-Bradu-Kass (HBK),0.05,19,53,0.7,-19.50292108,-18.80292108
Hawkins-Bradu-Kass (HBK),0.05,19,60,-0.9,16.62830687,15.72830687
Hawkins-Bradu-Kass (HBK),0.05,20,30,-0.3,-0.2433344526,-0.5433344526
Hawkins-Bradu-Kass (HBK),0.05,20,57,0.7,-9.499737639,-8.799737639
Hawkins-Bradu-Kass (HBK),0.05,20,65,0.6,-11.59939922,-10.99939922
Hawkins-Bradu-Kass (HBK),0.05,21,37,-0.6,0.3738964177,-0.2261035823
Hawkins-Bradu-Kass (HBK),0.05,21,41,-0.1,-7.17370339,-7.27370339
Hawkins-Bradu-Kass (HBK),0.05,21,72,-0.2,4.371928591,4.171928591
Hawkins-Bradu-Kass (HBK),0.05,22,18,0,0.6197633003,0.6197633003
Hawkins-Bradu-Kass (HBK),0.05,22,45,-0.5,3.811498362,3.311498362
Hawkins-Bradu-Kass (HBK),0.05,22,57,0.7,-2.410865765,-1.710865765
Hawkins-Bradu-Kass (HBK),0.05,23,52,-0.5,4.367392812,3.867392812
Hawkins-Bradu-Kass (HBK),0.05,23,63,-0.3,7.420863129,7.120863129
Hawkins-Bradu-Kass (HBK),0.05,23,66,-0.9,-12.55395881,-13.45395881
Hawkins-Bradu-Kass (HBK),0.05,24,29,0.3,16.87103242,17.17103242
Hawkins-Bradu-Kass (HBK),0.05,24,44,-0.7,-3.882444954,-4.582444954
Hawkins-Bradu-Kass (HBK),0.05,24,51,0.7,2.138994244,2.838994244
Hawkins-Bradu-Kass (HBK),0.05,25,20,0.4,6.565926329,6.965926329
Hawkins-Bradu-Kass (HBK),0.05,25,53,0.7,2.676600167,3.376600167
Hawkins-Bradu-Kass (HBK),0.05,25,68,0.6,-10.92744202,-10.32744202
Hawkins-Bradu-Kass (HBK),0.05,26,55,0,-4.399670146,-4.399670146
Hawkins-Bradu-Kass (HBK),0.05,26,59,-0.3,-12.95922292,-13.25922292
Hawkins-Bradu-Kass (HBK),0.05,26,64,-0.5,-21.4488577,-21.9488577
Hawkins-Bradu-Kass (HBK),0.05,27,24,0.7,0.1898262992,0.8898262992
Hawkins-Bradu-Kass (HBK),0.05,27,29,0.3,7.141580844,7.441580844
Hawkins-Bradu-Kass (HBK),0.05,27,57,0.7,-12.13886177,-11.43886177
Hawkins-Bradu-Kass (HBK),0.05,28,22,0.3,2.075397499,2.375397499
Hawkins-Bradu-Kass (HBK),0.05,28,29,0.3,4.104124146,4.404124146
Hawkins-Bradu-Kass (HBK),0.05,28,53,0.7,-15.10555488,-14.40555488
Hawkins-Bradu-Kass (HBK),0.05,29,26,-0.8,-0.7102516496,-1.51025165
Hawkins-Bradu-Kass (HBK),0.05,29,51,0.7,3.765083656,4.465083656
Hawkins-Bradu-Kass (HBK),0.05,29,70,0.7,5.744262553,6.444262553
Hawkins-Bradu-Kass (HBK),0.05,30,29,0.3,-7.725519078,-7.425519078
Hawkins-Bradu-Kass (HBK),0.05,30,49,0.9,13.16525789,14.06525789
Hawkins-Bradu-Kass (HBK),0.05,30,52,-0.5,4.532297237,4.032297237
Hawkins-Bradu-Kass (HBK),0.1,1,20,0.4,-2.377565997,-1.977565997
Hawkins-Bradu-Kass (HBK),0.1,1,35,0.3,-1.476218359,-1.176218359
Hawkins-Bradu-Kass (HBK),0.1,1,52,-0.5,5.808332101,5.308332101
Hawkins-Bradu-Kass (HBK),0.1,1,62,0.6,3.119973999,3.719973999
Hawkins-Bradu-Kass (HBK),0.1,1,63,-0.3,31.95220394,31.65220394
Hawkins-Bradu-Kass (HBK),0.1,1,66,-0.9,16.68688079,15.78688079
Hawkins-Bradu-Kass (HBK),0.1,2,38,0.9,-17.56308374,-16.66308374
Hawkins-Bradu-Kass (HBK),0.1,2,47,-0.9,7.212377494,6.312377494
Hawkins-Bradu-Kass (HBK),0.1,2,57,0.7,4.518441597,5.218441597
Hawkins-Bradu-Kass (HBK),0.1,2,61,-0.3,13.2544297,12.9544297
Hawkins-Bradu-Kass (HBK),0.1,2,68,0.6,13.03656229,13.63656229
Hawkins-Bradu-Kass (HBK),0.1,2,72,-0.2,1.88182101,1.68182101
Hawkins-Bradu-Kass (HBK),0.1,3,16,0.6,-10.88696991,-10.28696991
Hawkins-Bradu-Kass (HBK),0.1,3,22,0.3,-12.38689882,-12.08689882
Hawkins-Bradu-Kass (HBK),0.1,3,31,0,5.756326181,5.756326181
Hawkins-Bradu-Kass (HBK),0.1,3,43,0.6,-1.21948585,-0.6194858504
Hawkins-Bradu-Kass (HBK),0.1,3,59,-0.3,14.56339648,14.26339648
Hawkins-Bradu-Kass (HBK),0.1,3,69,0.2,-6.907356059,-6.707356059
Hawkins-Bradu-Kass (HBK),0.1,4,25,-0.3,13.03938363,12.73938363
Hawkins-Bradu-Kass (HBK),0.1,4,28,0.3,6.433190968,6.733190968
Hawkins-Bradu-Kass (HBK),0.1,4,56,0.1,-12.79313329,-12.69313329
Hawkins-Bradu-Kass (HBK),0.1,4,57,0.7,0.4488374034,1.148837403
Hawkins-Bradu-Kass (HBK),0.1,4,71,0.2,-3.841445573,-3.641445573
Hawkins-Bradu-Kass (HBK),0.1,4,75,0.2,6.402299133,6.602299133
Hawkins-Bradu-Kass (HBK),0.1,5,18,0,0.6063116857,0.6063116857
Hawkins-Bradu-Kass (HBK),0.1,5,21,0.9,-12.90683088,-12.00683088
Hawkins-Bradu-Kass (HBK),0.1,5,30,-0.3,-6.736648439,-7.036648439
Hawkins-Bradu-Kass (HBK),0.1,5,62,0.6,7.638805977,8.238805977
Hawkins-Bradu-Kass (HBK),0.1,5,64,-0.5,1.869787023,1.369787023
Hawkins-Bradu-Kass (HBK),0.1,5,68,0.6,-2.088768952,-1.488768952
Hawkins-Bradu-Kass (HBK),0.1,6,31,0,-1.019797286,-1.019797286
Hawkins-Bradu-Kass (HBK),0.1,6,32,-0.4,-7.113021561,-7.513021561
Hawkins-Bradu-Kass (HBK),0.1,6,38,0.9,10.25886743,11.15886743
Hawkins-Bradu-Kass (HBK),0.1,6,48,0.1,-8.822654352,-8.722654352
Hawkins-Bradu-Kass (HBK),0.1,6,67,-0.7,-2.712311752,-3.412311752
Hawkins-Bradu-Kass (HBK),0.1,6,73,0.4,-1.572391634,-1.172391634
Hawkins-Bradu-Kass (HBK),0.1,7,16,0.6,1.818387991,2.418387991
Hawkins-Bradu-Kass (HBK),0.1,7,18,0,-0.04867090405,-0.04867090405
Hawkins-Bradu-Kass (HBK),0.1,7,20,0.4,0.793247,1.193247
Hawkins-Bradu-Kass (HBK),0.1,7,21,0.9,1.571831419,2.471831419
Hawkins-Bradu-Kass (HBK),0.1,7,47,-0.9,11.52301793,10.62301793
Hawkins-Bradu-Kass (HBK),0.1,7,71,0.2,-3.324785204,-3.124785204
Hawkins-Bradu-Kass (HBK),0.1,8,18,0,0.3584933788,0.3584933788
Hawkins-Bradu-Kass (HBK),0.1,8,28,0.3,-12.54417357,-12.24417357
Hawkins-Bradu-Kass (HBK),0.1,8,44,-0.7,1.66831047,0.9683104696
Hawkins-Bradu-Kass (HBK),0.1,8,50,-0.4,0.06371099842,-0.3362890016
Hawkins-Bradu-Kass (HBK),0.1,8,56,0.1,7.027446672,7.127446672
Hawkins-Bradu-Kass (HBK),0.1,8,58,-0.1,3.394939521,3.294939521
Hawkins-Bradu-Kass (HBK),0.1,9,23,-0.8,-13.75177384,-14.55177384
Hawkins-Bradu-Kass (HBK),0.1,9,36,-1,4.158156701,3.158156701
Hawkins-Bradu-Kass (HBK),0.1,9,40,-0.5,-14.38386389,-14.88386389
Hawkins-Bradu-Kass (HBK),0.1,9,51,0.7,6.094753831,6.794753831
Hawkins-Bradu-Kass (HBK),0.1,9,53,0.7,-1.791928942,-1.091928942
Hawkins-Bradu-Kass (HBK),0.1,9,64,-0.5,23.19866138,22.69866138
Hawkins-Bradu-Kass (HBK),0.1,10,24,0.7,-1.593925889,-0.8939258887
Hawkins-Bradu-Kass (HBK),0.1,10,26,-0.8,-9.063909313,-9.863909313
Hawkins-Bradu-Kass (HBK),0.1,10,28,0.3,-13.0282515,-12.7282515
Hawkins-Bradu-Kass (HBK),0.1,10,41,-0.1,6.120128989,6.020128989
Hawkins-Bradu-Kass (HBK),0.1,10,50,-0.4,-10.92774487,-11.32774487
Hawkins-Bradu-Kass (HBK),0.1,10,72,-0.2,-8.363653774,-8.563653774
Hawkins-Bradu-Kass (HBK),0.1,11,49,0.9,4.942566727,5.842566727
Hawkins-Bradu-Kass (HBK),0.1,11,58,-0.1,-1.428998693,-1.528998693
Hawkins-Bradu-Kass (HBK),0.1,11,62,0.6,21.7149057,22.3149057
Hawkins-Bradu-Kass (HBK),0.1,11,64,-0.5,-5.430254133,-5.930254133
Hawkins-Bradu-Kass (HBK),0.1,11,65,0.6,3.376270425,3.976270425
Hawkins-Bradu-Kass (HBK),0.1,11,72,-0.2,13.04813003,12.84813003
Hawkins-Bradu-Kass (HBK),0.1,12,28,0.3,-2.93129563,-2.63129563
Hawkins-Bradu-Kass (HBK),0.1,12,30,-0.3,-3.208447851,-3.508447851
Hawkins-Bradu-Kass (HBK),0.1,12,36,-1,-1.74196619,-2.74196619
Hawkins-Bradu-Kass (HBK),0.1,12,56,0.1,12.13488932,12.23488932
Hawkins-Bradu-Kass (HBK),0.1,12,63,-0.3,7.269254465,6.969254465
Hawkins-Bradu-Kass (HBK),0.1,12,69,0.2,-10.4138751,-10.2138751
Hawkins-Bradu-Kass (HBK),0.1,13,22,0.3,9.113010046,9.413010046
Hawkins-Bradu-Kass (HBK),0.1,13,41,-0.1,-0.2879444172,-0.3879444172
Hawkins-Bradu-Kass (HBK),0.1,13,47,-0.9,4.140908665,3.240908665
Hawkins-Bradu-Kass (HBK),0.1,13,52,-0.5,10.34033043,9.840330431
Hawkins-Bradu-Kass (HBK),0.1,13,62,0.6,-5.206010385,-4.606010385
Hawkins-Bradu-Kass (HBK),0.1,13,67,-0.7,-6.886887389,-7.586887389
Hawkins-Bradu-Kass (HBK),0.1,14,15,-0.4,0.3179713141,-0.08202868593
Hawkins-Bradu-Kass (HBK),0.1,14,28,0.3,-5.103525986,-4.803525986
Hawkins-Bradu-Kass (HBK),0.1,14,38,0.9,-1.266142439,-0.3661424391
Hawkins-Bradu-Kass (HBK),0.1,14,43,0.6,-6.282432823,-5.682432823
Hawkins-Bradu-Kass (HBK),0.1,14,46,-0.4,6.463909867,6.063909867
Hawkins-Bradu-Kass (HBK),0.1,14,75,0.2,-17.42010969,-17.22010969
Hawkins-Bradu-Kass (HBK),0.1,15,15,-0.4,-7.425686296,-7.825686296
Hawkins-Bradu-Kass (HBK),0.1,15,23,-0.8,1.996458498,1.196458498
Hawkins-Bradu-Kass (HBK),0.1,15,33,-0.6,3.689682742,3.089682742
Hawkins-Bradu-Kass (HBK),0.1,15,36,-1,-1.786544495,-2.786544495
Hawkins-Bradu-Kass (HBK),0.1,15,57,0.7,3.507126972,4.207126972
Hawkins-Bradu-Kass (HBK),0.1,15,71,0.2,18.64994752,18.84994752
Hawkins-Bradu-Kass (HBK),0.1,16,18,0,-3.203884731,-3.203884731
Hawkins-Bradu-Kass (HBK),0.1,16,28,0.3,-3.871083046,-3.571083046
Hawkins-Bradu-Kass (HBK),0.1,16,50,-0.4,6.125253955,5.725253955
Hawkins-Bradu-Kass (HBK),0.1,16,53,0.7,-9.591429078,-8.891429078
Hawkins-Bradu-Kass (HBK),0.1,16,54,0.7,-4.922990567,-4.222990567
Hawkins-Bradu-Kass (HBK),0.1,16,75,0.2,-1.94696419,-1.74696419
Hawkins-Bradu-Kass (HBK),0.1,17,35,0.3,-2.072174817,-1.772174817
Hawkins-Bradu-Kass (HBK),0.1,17,40,-0.5,-2.889177395,-3.389177395
Hawkins-Bradu-Kass (HBK),0.1,17,47,-0.9,-2.448862953,-3.348862953
Hawkins-Bradu-Kass (HBK),0.1,17,60,-0.9,-1.77884315,-2.67884315
Hawkins-Bradu-Kass (HBK),0.1,17,65,0.6,-10.42811844,-9.828118442
Hawkins-Bradu-Kass (HBK),0.1,17,66,-0.9,7.369726297,6.469726297
Hawkins-Bradu-Kass (HBK),0.1,18,19,0.1,0.3064452905,0.4064452905
Hawkins-Bradu-Kass (HBK),0.1,18,38,0.9,8.902890585,9.802890585
Hawkins-Bradu-Kass (HBK),0.1,18,59,-0.3,12.19597107,11.89597107
Hawkins-Bradu-Kass (HBK),0.1,18,61,-0.3,-14.05900247,-14.35900247
Hawkins-Bradu-Kass (HBK),0.1,18,67,-0.7,-5.536143024,-6.236143024
Hawkins-Bradu-Kass (HBK),0.1,18,73,0.4,10.00681703,10.40681703
Hawkins-Bradu-Kass (HBK),0.1,19,15,-0.4,7.701368431,7.301368431
Hawkins-Bradu-Kass (HBK),0.1,19,16,0.6,6.605926593,7.205926593
Hawkins-Bradu-Kass (HBK),0.1,19,40,-0.5,4.237112767,3.737112767
Hawkins-Bradu-Kass (HBK),0.1,19,42,-0.7,1.445955167,0.7459551671
Hawkins-Bradu-Kass (HBK),0.1,19,43,0.6,8.055089381,8.655089381
Hawkins-Bradu-Kass (HBK),0.1,19,52,-0.5,2.557233437,2.057233437
Hawkins-Bradu-Kass (HBK),0.1,20,24,0.7,-5.447583218,-4.747583218
Hawkins-Bradu-Kass (HBK),0.1,20,26,-0.8,-10.5856112,-11.3856112
Hawkins-Bradu-Kass (HBK),0.1,20,35,0.3,-5.796493261,-5.496493261
Hawkins-Bradu-Kass (HBK),0.1,20,39,-0.7,-1.412743943,-2.112743943
Hawkins-Bradu-Kass (HBK),0.1,20,58,-0.1,-9.306940881,-9.406940881
Hawkins-Bradu-Kass (HBK),0.1,20,72,-0.2,-3.864285599,-4.064285599
Hawkins-Bradu-Kass (HBK),0.1,21,28,0.3,2.068579135,2.368579135
Hawkins-Bradu-Kass (HBK),0.1,21,45,-0.5,-2.817991182,-3.317991182
Hawkins-Bradu-Kass (HBK),0.1,21,49,0.9,5.125489414,6.025489414
Hawkins-Bradu-Kass (HBK),0.1,21,51,0.7,7.852939744,8.552939744
Hawkins-Bradu-Kass (HBK),0.1,21,58,-0.1,-10.5474333,-10.6474333
Hawkins-Bradu-Kass (HBK),0.1,21,65,0.6,-12.22899502,-11.62899502
Hawkins-Bradu-Kass (HBK),0.1,22,19,0.1,-9.839323992,-9.739323992
Hawkins-Bradu-Kass (HBK),0.1,22,20,0.4,5.637882101,6.037882101
Hawkins-Bradu-Kass (HBK),0.1,22,23,-0.8,10.81605279,10.01605279
Hawkins-Bradu-Kass (HBK),0.1,22,37,-0.6,-11.00918648,-11.60918648
Hawkins-Bradu-Kass (HBK),0.1,22,58,-0.1,19.12624568,19.02624568
Hawkins-Bradu-Kass (HBK),0.1,22,66,-0.9,0.1270886561,-0.7729113439
Hawkins-Bradu-Kass (HBK),0.1,23,16,0.6,-19.01624448,-18.41624448
Hawkins-Bradu-Kass (HBK),0.1,23,23,-0.8,7.198247375,6.398247375
Hawkins-Bradu-Kass (HBK),0.1,23,26,-0.8,8.584325879,7.784325879
Hawkins-Bradu-Kass (HBK),0.1,23,32,-0.4,13.82316459,13.42316459
Hawkins-Bradu-Kass (HBK),0.1,23,53,0.7,-1.947664339,-1.247664339
Hawkins-Bradu-Kass (HBK),0.1,23,63,-0.3,-3.507523154,-3.807523154
Hawkins-Bradu-Kass (HBK),0.1,24,19,0.1,10.50335134,10.60335134
Hawkins-Bradu-Kass (HBK),0.1,24,41,-0.1,17.77677835,17.67677835
Hawkins-Bradu-Kass (HBK),0.1,24,43,0.6,-14.03215118,-13.43215118
Hawkins-Bradu-Kass (HBK),0.1,24,44,-0.7,-0.3104989193,-1.010498919
Hawkins-Bradu-Kass (HBK),0.1,24,52,-0.5,-4.460282154,-4.960282154
Hawkins-Bradu-Kass (HBK),0.1,24,67,-0.7,10.17432427,9.474324266
Hawkins-Bradu-Kass (HBK),0.1,25,20,0.4,18.81158221,19.21158221
Hawkins-Bradu-Kass (HBK),0.1,25,21,0.9,-12.99598354,-12.09598354
Hawkins-Bradu-Kass (HBK),0.1,25,22,0.3,-12.36121754,-12.06121754
Hawkins-Bradu-Kass (HBK),0.1,25,38,0.9,-3.034158019,-2.134158019
Hawkins-Bradu-Kass (HBK),0.1,25,39,-0.7,-8.310231224,-9.010231224
Hawkins-Bradu-Kass (HBK),0.1,25,53,0.7,2.557857216,3.257857216
Hawkins-Bradu-Kass (HBK),0.1,26,19,0.1,-3.502033351,-3.402033351
Hawkins-Bradu-Kass (HBK),0.1,26,25,-0.3,-0.7685709672,-1.068570967
Hawkins-Bradu-Kass (HBK),0.1,26,32,-0.4,-2.180287116,-2.580287116
Hawkins-Bradu-Kass (HBK),0.1,26,40,-0.5,2.184410962,1.684410962
Hawkins-Bradu-Kass (HBK),0.1,26,42,-0.7,-27.8601699,-28.5601699
Hawkins-Bradu-Kass (HBK),0.1,26,46,-0.4,20.31562044,19.91562044
Hawkins-Bradu-Kass (HBK),0.1,27,16,0.6,1.508794232,2.108794232
Hawkins-Bradu-Kass (HBK),0.1,27,36,-1,-3.720575076,-4.720575076
Hawkins-Bradu-Kass (HBK),0.1,27,39,-0.7,-7.097839396,-7.797839396
Hawkins-Bradu-Kass (HBK),0.1,27,56,0.1,8.371059255,8.471059255
Hawkins-Bradu-Kass (HBK),0.1,27,60,-0.9,-16.09632467,-16.99632467
Hawkins-Bradu-Kass (HBK),0.1,27,72,-0.2,-13.40004301,-13.60004301
Hawkins-Bradu-Kass (HBK),0.1,28,21,0.9,18.30610787,19.20610787
Hawkins-Bradu-Kass (HBK),0.1,28,23,-0.8,13.1015704,12.3015704
Hawkins-Bradu-Kass (HBK),0.1,28,28,0.3,-0.3399047642,-0.03990476421
Hawkins-Bradu-Kass (HBK),0.1,28,33,-0.6,-1.058302699,-1.658302699
Hawkins-Bradu-Kass (HBK),0.1,28,36,-1,7.407995576,6.407995576
Hawkins-Bradu-Kass (HBK),0.1,28,73,0.4,-8.126378647,-7.726378647
Hawkins-Bradu-Kass (HBK),0.1,29,21,0.9,2.895829431,3.795829431
Hawkins-Bradu-Kass (HBK),0.1,29,33,-0.6,9.13576378,8.53576378
Hawkins-Bradu-Kass (HBK),0.1,29,55,0,2.835090453,2.835090453
Hawkins-Bradu-Kass (HBK),0.1,29,57,0.7,-5.989507986,-5.289507986
Hawkins-Bradu-Kass (HBK),0.1,29,66,-0.9,-13.58512856,-14.48512856
Hawkins-Bradu-Kass (HBK),0.1,29,72,-0.2,16.57914836,16.37914836
Hawkins-Bradu-Kass (HBK),0.1,30,24,0.7,1.781000852,2.481000852
Hawkins-Bradu-Kass (HBK),0.1,30,25,-0.3,11.6358275,11.3358275
Hawkins-Bradu-Kass (HBK),0.1,30,39,-0.7,9.618554119,8.918554119
Hawkins-Bradu-Kass (HBK),0.1,30,43,0.6,1.932640809,2.532640809
Hawkins-Bradu-Kass (HBK),0.1,30,45,-0.5,-3.927921368,-4.427921368
Hawkins-Bradu-Kass (HBK),0.1,30,68,0.6,-4.177260176,-3.577260176
Hawkins-Bradu-Kass (HBK),0.2,1,15,-0.4,4.690923578,4.290923578
Hawkins-Bradu-Kass (HBK),0.2,1,18,0,10.37263729,10.37263729
Hawkins-Bradu-Kass (HBK),0.2,1,20,0.4,-1.295739202,-0.8957392016
Hawkins-Bradu-Kass (HBK),0.2,1,23,-0.8,-15.43306602,-16.23306602
Hawkins-Bradu-Kass (HBK),0.2,1,45,-0.5,-6.39620222,-6.89620222
Hawkins-Bradu-Kass (HBK),0.2,1,49,0.9,-8.605437565,-7.705437565
Hawkins-Bradu-Kass (HBK),0.2,1,54,0.7,-8.526229494,-7.826229494
Hawkins-Bradu-Kass (HBK),0.2,1,61,-0.3,5.741339791,5.441339791
Hawkins-Bradu-Kass (HBK),0.2,1,64,-0.5,-2.772917618,-3.272917618
Hawkins-Bradu-Kass (HBK),0.2,1,68,0.6,2.708562062,3.308562062
Hawkins-Bradu-Kass (HBK),0.2,1,74,-0.9,-9.084423834,-9.984423834
Hawkins-Bradu-Kass (HBK),0.2,1,75,0.2,-1.072566947,-0.8725669474
Hawkins-Bradu-Kass (HBK),0.2,2,18,0,12.91785352,12.91785352
Hawkins-Bradu-Kass (HBK),0.2,2,23,-0.8,-4.226574712,-5.026574712
Hawkins-Bradu-Kass (HBK),0.2,2,35,0.3,11.26723063,11.56723063
Hawkins-Bradu-Kass (HBK),0.2,2,40,-0.5,-5.469547881,-5.969547881
Hawkins-Bradu-Kass (HBK),0.2,2,48,0.1,2.867342839,2.967342839
Hawkins-Bradu-Kass (HBK),0.2,2,49,0.9,5.496877653,6.396877653
Hawkins-Bradu-Kass (HBK),0.2,2,50,-0.4,5.007589879,4.607589879
Hawkins-Bradu-Kass (HBK),0.2,2,53,0.7,-6.520604141,-5.820604141
Hawkins-Bradu-Kass (HBK),0.2,2,54,0.7,12.73803665,13.43803665
Hawkins-Bradu-Kass (HBK),0.2,2,60,-0.9,-9.550560837,-10.45056084
Hawkins-Bradu-Kass (HBK),0.2,2,70,0.7,-10.00454745,-9.304547455
Hawkins-Bradu-Kass (HBK),0.2,2,75,0.2,4.89549363,5.09549363
Hawkins-Bradu-Kass (HBK),0.2,3,16,0.6,-17.22997501,-16.62997501
Hawkins-Bradu-Kass (HBK),0.2,3,29,0.3,7.32699514,7.62699514
Hawkins-Bradu-Kass (HBK),0.2,3,31,0,-8.107505217,-8.107505217
Hawkins-Bradu-Kass (HBK),0.2,3,37,-0.6,15.8988122,15.2988122
Hawkins-Bradu-Kass (HBK),0.2,3,39,-0.7,-2.776605674,-3.476605674
Hawkins-Bradu-Kass (HBK),0.2,3,47,-0.9,7.41074179,6.51074179
Hawkins-Bradu-Kass (HBK),0.2,3,53,0.7,-11.18097414,-10.48097414
Hawkins-Bradu-Kass (HBK),0.2,3,57,0.7,12.32252492,13.02252492
Hawkins-Bradu-Kass (HBK),0.2,3,58,-0.1,7.932834006,7.832834006
Hawkins-Bradu-Kass (HBK),0.2,3,63,-0.3,-17.02322026,-17.32322026
Hawkins-Bradu-Kass (HBK),0.2,3,69,0.2,3.407747522,3.607747522
Hawkins-Bradu-Kass (HBK),0.2,3,70,0.7,1.338777553,2.038777553
Hawkins-Bradu-Kass (HBK),0.2,4,27,-0.7,0.3886796703,-0.3113203297
Hawkins-Bradu-Kass (HBK),0.2,4,28,0.3,-10.73525333,-10.43525333
Hawkins-Bradu-Kass (HBK),0.2,4,32,-0.4,4.745525877,4.345525877
Hawkins-Bradu-Kass (HBK),0.2,4,41,-0.1,-11.6230722,-11.7230722
Hawkins-Bradu-Kass (HBK),0.2,4,43,0.6,-0.6287445059,-0.02874450595
Hawkins-Bradu-Kass (HBK),0.2,4,47,-0.9,11.50682351,10.60682351
Hawkins-Bradu-Kass (HBK),0.2,4,50,-0.4,-1.342680937,-1.742680937
Hawkins-Bradu-Kass (HBK),0.2,4,52,-0.5,-0.07571243219,-0.5757124322
Hawkins-Bradu-Kass (HBK),0.2,4,58,-0.1,5.801099363,5.701099363
Hawkins-Bradu-Kass (HBK),0.2,4,61,-0.3,-7.402919457,-7.702919457
Hawkins-Bradu-Kass (HBK),0.2,4,69,0.2,22.78895358,22.98895358
Hawkins-Bradu-Kass (HBK),0.2,4,71,0.2,-12.62055162,-12.42055162
Hawkins-Bradu-Kass (HBK),0.2,5,23,-0.8,-1.277408518,-2.077408518
Hawkins-Bradu-Kass (HBK),0.2,5,27,-0.7,-4.792027486,-5.492027486
Hawkins-Bradu-Kass (HBK),0.2,5,31,0,-2.045230479,-2.045230479
Hawkins-Bradu-Kass (HBK),0.2,5,33,-0.6,9.871539418,9.271539418
Hawkins-Bradu-Kass (HBK),0.2,5,36,-1,7.180225235,6.180225235
Hawkins-Bradu-Kass (HBK),0.2,5,43,0.6,5.545849629,6.145849629
Hawkins-Bradu-Kass (HBK),0.2,5,44,-0.7,-12.93842936,-13.63842936
Hawkins-Bradu-Kass (HBK),0.2,5,46,-0.4,-5.384124415,-5.784124415
Hawkins-Bradu-Kass (HBK),0.2,5,47,-0.9,8.992121362,8.092121362
Hawkins-Bradu-Kass (HBK),0.2,5,55,0,14.33798061,14.33798061
Hawkins-Bradu-Kass (HBK),0.2,5,71,0.2,-15.66616745,-15.46616745
Hawkins-Bradu-Kass (HBK),0.2,5,74,-0.9,-21.51140032,-22.41140032
Hawkins-Bradu-Kass (HBK),0.2,6,19,0.1,-3.283434965,-3.183434965
Hawkins-Bradu-Kass (HBK),0.2,6,20,0.4,-2.222886053,-1.822886053
Hawkins-Bradu-Kass (HBK),0.2,6,21,0.9,-6.154770271,-5.254770271
Hawkins-Bradu-Kass (HBK),0.2,6,25,-0.3,-5.735155156,-6.035155156
Hawkins-Bradu-Kass (HBK),0.2,6,33,-0.6,6.246377223,5.646377223
Hawkins-Bradu-Kass (HBK),0.2,6,37,-0.6,5.24268656,4.64268656
Hawkins-Bradu-Kass (HBK),0.2,6,40,-0.5,18.13960961,17.63960961
Hawkins-Bradu-Kass (HBK),0.2,6,42,-0.7,2.253023359,1.553023359
Hawkins-Bradu-Kass (HBK),0.2,6,44,-0.7,-2.048156827,-2.748156827
Hawkins-Bradu-Kass (HBK),0.2,6,53,0.7,13.46751818,14.16751818
Hawkins-Bradu-Kass (HBK),0.2,6,60,-0.9,-9.448458571,-10.34845857
Hawkins-Bradu-Kass (HBK),0.2,6,74,-0.9,-1.000233159,-1.900233159
Hawkins-Bradu-Kass (HBK),0.2,7,18,0,-4.845378744,-4.845378744
Hawkins-Bradu-Kass (HBK),0.2,7,21,0.9,-7.229365695,-6.329365695
Hawkins-Bradu-Kass (HBK),0.2,7,25,-0.3,4.65402549,4.35402549
Hawkins-Bradu-Kass (HBK),0.2,7,30,-0.3,-23.5463837,-23.8463837
Hawkins-Bradu-Kass (HBK),0.2,7,33,-0.6,4.329711675,3.729711675
Hawkins-Bradu-Kass (HBK),0.2,7,42,-0.7,-6.563825609,-7.263825609
Hawkins-Bradu-Kass (HBK),0.2,7,45,-0.5,7.504234602,7.004234602
Hawkins-Bradu-Kass (HBK),0.2,7,57,0.7,6.228203044,6.928203044
Hawkins-Bradu-Kass (HBK),0.2,7,58,-0.1,-2.761964367,-2.861964367
Hawkins-Bradu-Kass (HBK),0.2,7,59,-0.3,2.303011159,2.003011159
Hawkins-Bradu-Kass (HBK),0.2,7,69,0.2,13.09351688,13.29351688
Hawkins-Bradu-Kass (HBK),0.2,7,74,-0.9,-5.656097132,-6.556097132
Hawkins-Bradu-Kass (HBK),0.2,8,18,0,-2.123405788,-2.123405788
Hawkins-Bradu-Kass (HBK),0.2,8,29,0.3,-15.88999372,-15.58999372
Hawkins-Bradu-Kass (HBK),0.2,8,32,-0.4,0.0100618022,-0.3899381978
Hawkins-Bradu-Kass (HBK),0.2,8,35,0.3,-2.257711762,-1.957711762
Hawkins-Bradu-Kass (HBK),0.2,8,46,-0.4,-6.123006141,-6.523006141
Hawkins-Bradu-Kass (HBK),0.2,8,47,-0.9,9.966421999,9.066421999
Hawkins-Bradu-Kass (HBK),0.2,8,51,0.7,-2.900774289,-2.200774289
Hawkins-Bradu-Kass (HBK),0.2,8,54,0.7,-16.30793453,-15.60793453
Hawkins-Bradu-Kass (HBK),0.2,8,55,0,-4.700650193,-4.700650193
Hawkins-Bradu-Kass (HBK),0.2,8,57,0.7,-0.6186610726,0.08133892745
Hawkins-Bradu-Kass (HBK),0.2,8,66,-0.9,2.28874808,1.38874808
Hawkins-Bradu-Kass (HBK),0.2,8,71,0.2,6.754896609,6.954896609
Hawkins-Bradu-Kass (HBK),0.2,9,24,0.7,8.429091268,9.129091268
Hawkins-Bradu-Kass (HBK),0.2,9,28,0.3,-23.25489586,-22.95489586
Hawkins-Bradu-Kass (HBK),0.2,9,29,0.3,-0.3530912154,-0.05309121544
Hawkins-Bradu-Kass (HBK),0.2,9,32,-0.4,4.305663865,3.905663865
Hawkins-Bradu-Kass (HBK),0.2,9,41,-0.1,-18.25605758,-18.35605758
Hawkins-Bradu-Kass (HBK),0.2,9,44,-0.7,-0.8039208739,-1.503920874
Hawkins-Bradu-Kass (HBK),0.2,9,47,-0.9,-15.5593663,-16.4593663
Hawkins-Bradu-Kass (HBK),0.2,9,48,0.1,-6.045667273,-5.945667273
Hawkins-Bradu-Kass (HBK),0.2,9,50,-0.4,9.788354295,9.388354295
Hawkins-Bradu-Kass (HBK),0.2,9,60,-0.9,-6.569293642,-7.469293642
Hawkins-Bradu-Kass (HBK),0.2,9,61,-0.3,-7.60735758,-7.90735758
Hawkins-Bradu-Kass (HBK),0.2,9,63,-0.3,-17.64662058,-17.94662058
Hawkins-Bradu-Kass (HBK),0.2,10,16,0.6,11.6093913,12.2093913
Hawkins-Bradu-Kass (HBK),0.2,10,17,-0.2,-21.68586483,-21.88586483
Hawkins-Bradu-Kass (HBK),0.2,10,22,0.3,4.959537367,5.259537367
Hawkins-Bradu-Kass (HBK),0.2,10,26,-0.8,-0.9284126874,-1.728412687
Hawkins-Bradu-Kass (HBK),0.2,10,27,-0.7,13.77914288,13.07914288
Hawkins-Bradu-Kass (HBK),0.2,10,43,0.6,7.700387984,8.300387984
Hawkins-Bradu-Kass (HBK),0.2,10,50,-0.4,-3.563781613,-3.963781613
Hawkins-Bradu-Kass (HBK),0.2,10,56,0.1,8.430926213,8.530926213
Hawkins-Bradu-Kass (HBK),0.2,10,62,0.6,3.382631022,3.982631022
Hawkins-Bradu-Kass (HBK),0.2,10,63,-0.3,-3.500487192,-3.800487192
Hawkins-Bradu-Kass (HBK),0.2,10,67,-0.7,6.206058151,5.506058151
Hawkins-Bradu-Kass (HBK),0.2,10,70,0.7,9.372322277,10.07232228
Hawkins-Bradu-Kass (HBK),0.2,11,24,0.7,-5.158386358,-4.458386358
Hawkins-Bradu-Kass (HBK),0.2,11,25,-0.3,0.8440309004,0.5440309004
Hawkins-Bradu-Kass (HBK),0.2,11,26,-0.8,-3.103817472,-3.903817472
Hawkins-Bradu-Kass (HBK),0.2,11,33,-0.6,11.52983306,10.92983306
Hawkins-Bradu-Kass (HBK),0.2,11,42,-0.7,2.8893653,2.1893653
Hawkins-Bradu-Kass (HBK),0.2,11,53,0.7,3.375357495,4.075357495
Hawkins-Bradu-Kass (HBK),0.2,11,56,0.1,12.94300447,13.04300447
Hawkins-Bradu-Kass (HBK),0.2,11,57,0.7,-3.848900772,-3.148900772
Hawkins-Bradu-Kass (HBK),0.2,11,59,-0.3,-6.827931359,-7.127931359
Hawkins-Bradu-Kass (HBK),0.2,11,70,0.7,5.136159801,5.836159801
Hawkins-Bradu-Kass (HBK),0.2,11,71,0.2,-8.790536532,-8.590536532
Hawkins-Bradu-Kass (HBK),0.2,11,75,0.2,-0.2620107834,-0.06201078339
Hawkins-Bradu-Kass (HBK),0.2,12,16,0.6,8.866688,9.466688
Hawkins-Bradu-Kass (HBK),0.2,12,18,0,8.963732727,8.963732727
Hawkins-Bradu-Kass (HBK),0.2,12,23,-0.8,1.636970845,0.836970845
Hawkins-Bradu-Kass (HBK),0.2,12,25,-0.3,-2.838261457,-3.138261457
Hawkins-Bradu-Kass (HBK),0.2,12,26,-0.8,-4.893098004,-5.693098004
Hawkins-Bradu-Kass (HBK),0.2,12,39,-0.7,-13.66260215,-14.36260215
Hawkins-Bradu-Kass (HBK),0.2,12,43,0.6,-5.288857469,-4.688857469
Hawkins-Bradu-Kass (HBK),0.2,12,44,-0.7,-2.632721526,-3.332721526
Hawkins-Bradu-Kass (HBK),0.2,12,63,-0.3,7.432320708,7.132320708
Hawkins-Bradu-Kass (HBK),0.2,12,64,-0.5,-0.2828196649,-0.7828196649
Hawkins-Bradu-Kass (HBK),0.2,12,66,-0.9,-1.672967372,-2.572967372
Hawkins-Bradu-Kass (HBK),0.2,12,69,0.2,-8.016161918,-7.816161918
Hawkins-Bradu-Kass (HBK),0.2,13,19,0.1,-4.914585068,-4.814585068
Hawkins-Bradu-Kass (HBK),0.2,13,21,0.9,2.017295604,2.917295604
Hawkins-Bradu-Kass (HBK),0.2,13,23,-0.8,-11.01494276,-11.81494276
Hawkins-Bradu-Kass (HBK),0.2,13,27,-0.7,-7.402356389,-8.102356389
Hawkins-Bradu-Kass (HBK),0.2,13,28,0.3,0.3240276354,0.6240276354
Hawkins-Bradu-Kass (HBK),0.2,13,33,-0.6,7.024719295,6.424719295
Hawkins-Bradu-Kass (HBK),0.2,13,38,0.9,-6.117998681,-5.217998681
Hawkins-Bradu-Kass (HBK),0.2,13,39,-0.7,-3.119659384,-3.819659384
Hawkins-Bradu-Kass (HBK),0.2,13,43,0.6,4.06602288,4.66602288
Hawkins-Bradu-Kass (HBK),0.2,13,59,-0.3,-6.62703812,-6.92703812
Hawkins-Bradu-Kass (HBK),0.2,13,67,-0.7,7.63265872,6.93265872
Hawkins-Bradu-Kass (HBK),0.2,13,71,0.2,3.943361134,4.143361134
Hawkins-Bradu-Kass (HBK),0.2,14,15,-0.4,14.86111411,14.46111411
Hawkins-Bradu-Kass (HBK),0.2,14,19,0.1,-1.66357079,-1.56357079
Hawkins-Bradu-Kass (HBK),0.2,14,21,0.9,6.202886572,7.102886572
Hawkins-Bradu-Kass (HBK),0.2,14,24,0.7,4.12554598,4.82554598
Hawkins-Bradu-Kass (HBK),0.2,14,37,-0.6,-3.582443083,-4.182443083
Hawkins-Bradu-Kass (HBK),0.2,14,40,-0.5,-2.476790586,-2.976790586
Hawkins-Bradu-Kass (HBK),0.2,14,42,-0.7,11.62988599,10.92988599
Hawkins-Bradu-Kass (HBK),0.2,14,43,0.6,9.307652206,9.907652206
Hawkins-Bradu-Kass (HBK),0.2,14,46,-0.4,-7.860312494,-8.260312494
Hawkins-Bradu-Kass (HBK),0.2,14,50,-0.4,10.33240384,9.932403839
Hawkins-Bradu-Kass (HBK),0.2,14,61,-0.3,10.90266982,10.60266982
Hawkins-Bradu-Kass (HBK),0.2,14,75,0.2,-14.04016652,-13.84016652
Hawkins-Bradu-Kass (HBK),0.2,15,26,-0.8,-4.660827187,-5.460827187
Hawkins-Bradu-Kass (HBK),0.2,15,31,0,-0.9789572083,-0.9789572083
Hawkins-Bradu-Kass (HBK),0.2,15,36,-1,-8.48481682,-9.48481682
Hawkins-Bradu-Kass (HBK),0.2,15,37,-0.6,-13.83671296,-14.43671296
Hawkins-Bradu-Kass (HBK),0.2,15,41,-0.1,3.171769952,3.071769952
Hawkins-Bradu-Kass (HBK),0.2,15,42,-0.7,1.076647086,0.3766470864
Hawkins-Bradu-Kass (HBK),0.2,15,45,-0.5,20.28677768,19.78677768
Hawkins-Bradu-Kass (HBK),0.2,15,49,0.9,7.572785511,8.472785511
Hawkins-Bradu-Kass (HBK),0.2,15,50,-0.4,-4.092871291,-4.492871291
Hawkins-Bradu-Kass (HBK),0.2,15,54,0.7,-2.672600516,-1.972600516
Hawkins-Bradu-Kass (HBK),0.2,15,58,-0.1,0.5637824547,0.4637824547
Hawkins-Bradu-Kass (HBK),0.2,15,66,-0.9,-1.750591793,-2.650591793
Hawkins-Bradu-Kass (HBK),0.2,16,15,-0.4,-5.793425958,-6.193425958
Hawkins-Bradu-Kass (HBK),0.2,16,18,0,-4.094538319,-4.094538319
Hawkins-Bradu-Kass (HBK),0.2,16,19,0.1,12.13268367,12.23268367
Hawkins-Bradu-Kass (HBK),0.2,16,24,0.7,-3.916462357,-3.216462357
Hawkins-Bradu-Kass (HBK),0.2,16,30,-0.3,7.688567238,7.388567238
Hawkins-Bradu-Kass (HBK),0.2,16,35,0.3,-6.609397635,-6.309397635
Hawkins-Bradu-Kass (HBK),0.2,16,36,-1,-4.141613678,-5.141613678
Hawkins-Bradu-Kass (HBK),0.2,16,47,-0.9,13.02812424,12.12812424
Hawkins-Bradu-Kass (HBK),0.2,16,58,-0.1,-6.511904146,-6.611904146
Hawkins-Bradu-Kass (HBK),0.2,16,65,0.6,12.85393925,13.45393925
Hawkins-Bradu-Kass (HBK),0.2,16,71,0.2,9.476700651,9.676700651
Hawkins-Bradu-Kass (HBK),0.2,16,73,0.4,-11.78795453,-11.38795453
Hawkins-Bradu-Kass (HBK),0.2,17,15,-0.4,8.900530302,8.500530302
Hawkins-Bradu-Kass (HBK),0.2,17,17,-0.2,-15.26852129,-15.46852129
Hawkins-Bradu-Kass (HBK),0.2,17,20,0.4,-4.087531001,-3.687531001
Hawkins-Bradu-Kass (HBK),0.2,17,24,0.7,-2.070841602,-1.370841602
Hawkins-Bradu-Kass (HBK),0.2,17,30,-0.3,-0.8629603268,-1.162960327
Hawkins-Bradu-Kass (HBK),0.2,17,38,0.9,4.426541796,5.326541796
Hawkins-Bradu-Kass (HBK),0.2,17,45,-0.5,-2.686423178,-3.186423178
Hawkins-Bradu-Kass (HBK),0.2,17,46,-0.4,-2.174972257,-2.574972257
Hawkins-Bradu-Kass (HBK),0.2,17,47,-0.9,5.146168224,4.246168224
Hawkins-Bradu-Kass (HBK),0.2,17,54,0.7,11.48705351,12.18705351
Hawkins-Bradu-Kass (HBK),0.2,17,56,0.1,-9.134460848,-9.034460848
Hawkins-Bradu-Kass (HBK),0.2,17,67,-0.7,10.39244826,9.692448258
Hawkins-Bradu-Kass (HBK),0.2,18,25,-0.3,-2.35679507,-2.65679507
Hawkins-Bradu-Kass (HBK),0.2,18,26,-0.8,-5.412561456,-6.212561456
Hawkins-Bradu-Kass (HBK),0.2,18,31,0,6.222588902,6.222588902
Hawkins-Bradu-Kass (HBK),0.2,18,43,0.6,-2.735805754,-2.135805754
Hawkins-Bradu-Kass (HBK),0.2,18,46,-0.4,-6.99993516,-7.39993516
Hawkins-Bradu-Kass (HBK),0.2,18,53,0.7,7.987454222,8.687454222
Hawkins-Bradu-Kass (HBK),0.2,18,56,0.1,13.89509819,13.99509819
Hawkins-Bradu-Kass (HBK),0.2,18,58,-0.1,-7.670686635,-7.770686635
Hawkins-Bradu-Kass (HBK),0.2,18,60,-0.9,4.908128726,4.008128726
Hawkins-Bradu-Kass (HBK),0.2,18,63,-0.3,10.84877508,10.54877508
Hawkins-Bradu-Kass (HBK),0.2,18,66,-0.9,6.623901267,5.723901267
Hawkins-Bradu-Kass (HBK),0.2,18,70,0.7,11.10187023,11.80187023
Hawkins-Bradu-Kass (HBK),0.2,19,15,-0.4,-0.6409115009,-1.040911501
Hawkins-Bradu-Kass (HBK),0.2,19,22,0.3,-2.739435408,-2.439435408
Hawkins-Bradu-Kass (HBK),0.2,19,24,0.7,9.281088238,9.981088238
Hawkins-Bradu-Kass (HBK),0.2,19,25,-0.3,-17.9609889,-18.2609889
Hawkins-Bradu-Kass (HBK),0.2,19,31,0,11.61261659,11.61261659
Hawkins-Bradu-Kass (HBK),0.2,19,39,-0.7,-6.880305441,-7.580305441
Hawkins-Bradu-Kass (HBK),0.2,19,42,-0.7,4.724794394,4.024794394
Hawkins-Bradu-Kass (HBK),0.2,19,45,-0.5,-10.22985543,-10.72985543
Hawkins-Bradu-Kass (HBK),0.2,19,46,-0.4,-7.710874504,-8.110874504
Hawkins-Bradu-Kass (HBK),0.2,19,48,0.1,7.147162157,7.247162157
Hawkins-Bradu-Kass (HBK),0.2,19,69,0.2,-13.78589907,-13.58589907
Hawkins-Bradu-Kass (HBK),0.2,19,70,0.7,5.944282427,6.644282427
Hawkins-Bradu-Kass (HBK),0.2,20,16,0.6,-6.512679906,-5.912679906
Hawkins-Bradu-Kass (HBK),0.2,20,18,0,4.199737114,4.199737114
Hawkins-Bradu-Kass (HBK),0.2,20,23,-0.8,-4.733431383,-5.533431383
Hawkins-Bradu-Kass (HBK),0.2,20,31,0,2.709039093,2.709039093
Hawkins-Bradu-Kass (HBK),0.2,20,33,-0.6,-0.7942927524,-1.394292752
Hawkins-Bradu-Kass (HBK),0.2,20,37,-0.6,1.604204508,1.004204508
Hawkins-Bradu-Kass (HBK),0.2,20,38,0.9,6.835284714,7.735284714
Hawkins-Bradu-Kass (HBK),0.2,20,43,0.6,-7.418546675,-6.818546675
Hawkins-Bradu-Kass (HBK),0.2,20,46,-0.4,-1.838058888,-2.238058888
Hawkins-Bradu-Kass (HBK),0.2,20,57,0.7,-1.464927815,-0.764927815
Hawkins-Bradu-Kass (HBK),0.2,20,65,0.6,-3.116482013,-2.516482013
Hawkins-Bradu-Kass (HBK),0.2,20,70,0.7,-0.9485790145,-0.2485790145
Hawkins-Bradu-Kass (HBK),0.2,21,20,0.4,-2.212668699,-1.812668699
Hawkins-Bradu-Kass (HBK),0.2,21,21,0.9,-0.1495683127,0.7504316873
Hawkins-Bradu-Kass (HBK),0.2,21,30,-0.3,-6.146380152,-6.446380152
Hawkins-Bradu-Kass (HBK),0.2,21,36,-1,4.022454213,3.022454213
Hawkins-Bradu-Kass (HBK),0.2,21,40,-0.5,-20.08741405,-20.58741405
Hawkins-Bradu-Kass (HBK),0.2,21,47,-0.9,15.5265594,14.6265594
Hawkins-Bradu-Kass (HBK),0.2,21,58,-0.1,6.995458881,6.895458881
Hawkins-Bradu-Kass (HBK),0.2,21,61,-0.3,-1.676357569,-1.976357569
Hawkins-Bradu-Kass (HBK),0.2,21,62,0.6,-5.495518424,-4.895518424
Hawkins-Bradu-Kass (HBK),0.2,21,66,-0.9,7.195825432,6.295825432
Hawkins-Bradu-Kass (HBK),0.2,21,70,0.7,8.542704733,9.242704733
Hawkins-Bradu-Kass (HBK),0.2,21,74,-0.9,-11.15161125,-12.05161125
Hawkins-Bradu-Kass (HBK),0.2,22,18,0,-15.74661713,-15.74661713
Hawkins-Bradu-Kass (HBK),0.2,22,31,0,7.709843315,7.709843315
Hawkins-Bradu-Kass (HBK),0.2,22,32,-0.4,13.32616451,12.92616451
Hawkins-Bradu-Kass (HBK),0.2,22,33,-0.6,-0.131145846,-0.731145846
Hawkins-Bradu-Kass (HBK),0.2,22,34,-0.7,-7.899247762,-8.599247762
Hawkins-Bradu-Kass (HBK),0.2,22,38,0.9,7.395759768,8.295759768
Hawkins-Bradu-Kass (HBK),0.2,22,39,-0.7,4.457541722,3.757541722
Hawkins-Bradu-Kass (HBK),0.2,22,43,0.6,0.431968413,1.031968413
Hawkins-Bradu-Kass (HBK),0.2,22,44,-0.7,1.255379953,0.5553799535
Hawkins-Bradu-Kass (HBK),0.2,22,54,0.7,6.875161942,7.575161942
Hawkins-Bradu-Kass (HBK),0.2,22,63,-0.3,6.480401415,6.180401415
Hawkins-Bradu-Kass (HBK),0.2,22,75,0.2,-4.015405429,-3.815405429
Hawkins-Bradu-Kass (HBK),0.2,23,17,-0.2,-1.095793098,-1.295793098
Hawkins-Bradu-Kass (HBK),0.2,23,19,0.1,7.856898533,7.956898533
Hawkins-Bradu-Kass (HBK),0.2,23,40,-0.5,-20.98676151,-21.48676151
Hawkins-Bradu-Kass (HBK),0.2,23,43,0.6,2.390662776,2.990662776
Hawkins-Bradu-Kass (HBK),0.2,23,49,0.9,4.203307282,5.103307282
Hawkins-Bradu-Kass (HBK),0.2,23,55,0,10.98249885,10.98249885
Hawkins-Bradu-Kass (HBK),0.2,23,56,0.1,0.8379788364,0.9379788364
Hawkins-Bradu-Kass (HBK),0.2,23,58,-0.1,-10.91209426,-11.01209426
Hawkins-Bradu-Kass (HBK),0.2,23,60,-0.9,-0.1877648192,-1.087764819
Hawkins-Bradu-Kass (HBK),0.2,23,62,0.6,3.269996361,3.869996361
Hawkins-Bradu-Kass (HBK),0.2,23,64,-0.5,0.4749998125,-0.02500018749
Hawkins-Bradu-Kass (HBK),0.2,23,65,0.6,21.17362161,21.77362161
Hawkins-Bradu-Kass (HBK),0.2,24,29,0.3,2.186453996,2.486453996
Hawkins-Bradu-Kass (HBK),0.2,24,30,-0.3,9.166916695,8.866916695
Hawkins-Bradu-Kass (HBK),0.2,24,32,-0.4,5.651978479,5.251978479
Hawkins-Bradu-Kass (HBK),0.2,24,36,-1,-6.100136155,-7.100136155
Hawkins-Bradu-Kass (HBK),0.2,24,40,-0.5,-13.6565349,-14.1565349
Hawkins-Bradu-Kass (HBK),0.2,24,41,-0.1,7.268599384,7.168599384
Hawkins-Bradu-Kass (HBK),0.2,24,43,0.6,8.238774437,8.838774437
Hawkins-Bradu-Kass (HBK),0.2,24,47,-0.9,-4.895861157,-5.795861157
Hawkins-Bradu-Kass (HBK),0.2,24,50,-0.4,6.152018408,5.752018408
Hawkins-Bradu-Kass (HBK),0.2,24,60,-0.9,14.03452081,13.13452081
Hawkins-Bradu-Kass (HBK),0.2,24,66,-0.9,-4.527684917,-5.427684917
Hawkins-Bradu-Kass (HBK),0.2,24,68,0.6,16.68854188,17.28854188
Hawkins-Bradu-Kass (HBK),0.2,25,15,-0.4,-11.61729388,-12.01729388
Hawkins-Bradu-Kass (HBK),0.2,25,22,0.3,14.74689406,15.04689406
Hawkins-Bradu-Kass (HBK),0.2,25,23,-0.8,4.002228896,3.202228896
Hawkins-Bradu-Kass (HBK),0.2,25,30,-0.3,-9.443409615,-9.743409615
Hawkins-Bradu-Kass (HBK),0.2,25,37,-0.6,1.480574294,0.8805742941
Hawkins-Bradu-Kass (HBK),0.2,25,43,0.6,-4.67481899,-4.07481899
Hawkins-Bradu-Kass (HBK),0.2,25,50,-0.4,8.40465139,8.00465139
Hawkins-Bradu-Kass (HBK),0.2,25,56,0.1,-2.125871734,-2.025871734
Hawkins-Bradu-Kass (HBK),0.2,25,58,-0.1,-0.8890019698,-0.9890019698
Hawkins-Bradu-Kass (HBK),0.2,25,61,-0.3,-14.55301237,-14.85301237
Hawkins-Bradu-Kass (HBK),0.2,25,63,-0.3,3.948251068,3.648251068
Hawkins-Bradu-Kass (HBK),0.2,25,73,0.4,-14.27622408,-13.87622408
Hawkins-Bradu-Kass (HBK),0.2,26,23,-0.8,-1.470890391,-2.270890391
Hawkins-Bradu-Kass (HBK),0.2,26,25,-0.3,10.03558753,9.73558753
Hawkins-Bradu-Kass (HBK),0.2,26,31,0,-7.5260491,-7.5260491
Hawkins-Bradu-Kass (HBK),0.2,26,32,-0.4,-5.494084278,-5.894084278
Hawkins-Bradu-Kass (HBK),0.2,26,42,-0.7,18.94523143,18.24523143
Hawkins-Bradu-Kass (HBK),0.2,26,43,0.6,-1.440810066,-0.8408100659
Hawkins-Bradu-Kass (HBK),0.2,26,61,-0.3,1.188098534,0.8880985339
Hawkins-Bradu-Kass (HBK),0.2,26,62,0.6,10.74514928,11.34514928
Hawkins-Bradu-Kass (HBK),0.2,26,63,-0.3,-0.6447480019,-0.9447480019
Hawkins-Bradu-Kass (HBK),0.2,26,66,-0.9,-5.739781061,-6.639781061
Hawkins-Bradu-Kass (HBK),0.2,26,73,0.4,-18.32801676,-17.92801676
Hawkins-Bradu-Kass (HBK),0.2,26,75,0.2,-19.38325829,-19.18325829
Hawkins-Bradu-Kass (HBK),0.2,27,16,0.6,-13.15268002,-12.55268002
Hawkins-Bradu-Kass (HBK),0.2,27,17,-0.2,-11.98720161,-12.18720161
Hawkins-Bradu-Kass (HBK),0.2,27,19,0.1,9.608746816,9.708746816
Hawkins-Bradu-Kass (HBK),0.2,27,22,0.3,3.716783091,4.016783091
Hawkins-Bradu-Kass (HBK),0.2,27,23,-0.8,18.15907914,17.35907914
Hawkins-Bradu-Kass (HBK),0.2,27,40,-0.5,1.355171048,0.8551710481
Hawkins-Bradu-Kass (HBK),0.2,27,41,-0.1,-17.86851831,-17.96851831
Hawkins-Bradu-Kass (HBK),0.2,27,43,0.6,2.579963351,3.179963351
Hawkins-Bradu-Kass (HBK),0.2,27,51,0.7,-11.86353347,-11.16353347
Hawkins-Bradu-Kass (HBK),0.2,27,52,-0.5,-2.53592129,-3.03592129
Hawkins-Bradu-Kass (HBK),0.2,27,73,0.4,0.5940081694,0.9940081694
Hawkins-Bradu-Kass (HBK),0.2,27,75,0.2,-4.719685117,-4.519685117
Hawkins-Bradu-Kass (HBK),0.2,28,16,0.6,3.711559579,4.311559579
Hawkins-Bradu-Kass (HBK),0.2,28,17,-0.2,-3.663254369,-3.863254369
Hawkins-Bradu-Kass (HBK),0.2,28,18,0,14.38221969,14.38221969
Hawkins-Bradu-Kass (HBK),0.2,28,20,0.4,2.733981602,3.133981602
Hawkins-Bradu-Kass (HBK),0.2,28,29,0.3,7.905810857,8.205810857
Hawkins-Bradu-Kass (HBK),0.2,28,32,-0.4,-2.604748737,-3.004748737
Hawkins-Bradu-Kass (HBK),0.2,28,33,-0.6,14.98778847,14.38778847
Hawkins-Bradu-Kass (HBK),0.2,28,34,-0.7,-9.909164845,-10.60916484
Hawkins-Bradu-Kass (HBK),0.2,28,36,-1,-11.26118413,-12.26118413
Hawkins-Bradu-Kass (HBK),0.2,28,46,-0.4,3.876436297,3.476436297
Hawkins-Bradu-Kass (HBK),0.2,28,49,0.9,-11.50818837,-10.60818837
Hawkins-Bradu-Kass (HBK),0.2,28,74,-0.9,0.4370608819,-0.4629391181
Hawkins-Bradu-Kass (HBK),0.2,29,18,0,8.939801252,8.939801252
Hawkins-Bradu-Kass (HBK),0.2,29,23,-0.8,8.447034199,7.647034199
Hawkins-Bradu-Kass (HBK),0.2,29,24,0.7,1.951162003,2.651162003
Hawkins-Bradu-Kass (HBK),0.2,29,31,0,9.095845157,9.095845157
Hawkins-Bradu-Kass (HBK),0.2,29,36,-1,9.363245545,8.363245545
Hawkins-Bradu-Kass (HBK),0.2,29,40,-0.5,13.15249535,12.65249535
Hawkins-Bradu-Kass (HBK),0.2,29,45,-0.5,-1.572246428,-2.072246428
Hawkins-Bradu-Kass (HBK),0.2,29,48,0.1,2.002323373,2.102323373
Hawkins-Bradu-Kass (HBK),0.2,29,55,0,11.84202574,11.84202574
Hawkins-Bradu-Kass (HBK),0.2,29,65,0.6,10.91821886,11.51821886
Hawkins-Bradu-Kass (HBK),0.2,29,66,-0.9,-5.202540728,-6.102540728
Hawkins-Bradu-Kass (HBK),0.2,29,70,0.7,-0.5237581196,0.1762418804
Hawkins-Bradu-Kass (HBK),0.2,30,15,-0.4,-5.792241588,-6.192241588
Hawkins-Bradu-Kass (HBK),0.2,30,20,0.4,-9.009304316,-8.609304316
Hawkins-Bradu-Kass (HBK),0.2,30,21,0.9,-11.4474216,-10.5474216
Hawkins-Bradu-Kass (HBK),0.2,30,34,-0.7,-14.61016733,-15.31016733
Hawkins-Bradu-Kass (HBK),0.2,30,36,-1,12.85897495,11.85897495
Hawkins-Bradu-Kass (HBK),0.2,30,43,0.6,0.05427593046,0.6542759305
Hawkins-Bradu-Kass (HBK),0.2,30,52,-0.5,-16.3458181,-16.8458181
Hawkins-Bradu-Kass (HBK),0.2,30,64,-0.5,-2.88947148,-3.38947148
Hawkins-Bradu-Kass (HBK),0.2,30,66,-0.9,-8.299230701,-9.199230701
Hawkins-Bradu-Kass (HBK),0.2,30,69,0.2,-15.52941555,-15.32941555
Hawkins-Bradu-Kass (HBK),0.2,30,70,0.7,1.662396187,2.362396187
Hawkins-Bradu-Kass (HBK),0.2,30,75,0.2,-1.831039255,-1.631039255
Synthetic OLS-LAD,0.05,1,27,24.79,15.88083186,40.67083186
Synthetic OLS-LAD,0.05,1,41,34.2,473.5742837,507.7742837
Synthetic OLS-LAD,0.05,1,63,33.34,207.5318891,240.8718891
Synthetic OLS-LAD,0.05,1,67,36.22,-172.665898,-136.445898
Synthetic OLS-LAD,0.05,2,1,9.37,-151.2359969,-141.8659969
Synthetic OLS-LAD,0.05,2,33,21.33,101.3907431,122.7207431
Synthetic OLS-LAD,0.05,2,35,21.9,-5.249136838,16.65086316
Synthetic OLS-LAD,0.05,2,60,29.68,7.546799824,37.22679982
Synthetic OLS-LAD,0.05,3,4,11.12,-36.54610731,-25.42610731
Synthetic OLS-LAD,0.05,3,23,11.11,84.04742554,95.15742554
Synthetic OLS-LAD,0.05,3,28,11.56,81.32426555,92.88426555
Synthetic OLS-LAD,0.05,3,31,19.79,-41.79137093,-22.00137093
Synthetic OLS-LAD,0.05,4,3,10.02,-144.3088957,-134.2888957
Synthetic OLS-LAD,0.05,4,30,18.64,48.12215448,66.76215448
Synthetic OLS-LAD,0.05,4,42,27.72,92.64043355,120.3604335
Synthetic OLS-LAD,0.05,4,53,29.07,25.32749634,54.39749634
Synthetic OLS-LAD,0.05,5,19,14.98,46.972248,61.952248
Synthetic OLS-LAD,0.05,5,20,24.36,-20.60377937,3.756220629
Synthetic OLS-LAD,0.05,5,27,24.79,330.9885458,355.7785458
Synthetic OLS-LAD,0.05,5,72,41.36,175.6936941,217.0536941
Synthetic OLS-LAD,0.05,6,5,6.23,-64.22690578,-57.99690578
Synthetic OLS-LAD,0.05,6,37,24.37,-15.3061234,9.063876599
Synthetic OLS-LAD,0.05,6,60,29.68,-136.974479,-107.294479
Synthetic OLS-LAD,0.05,6,72,41.36,232.1217804,273.4817804
Synthetic OLS-LAD,0.05,7,13,16.57,-121.4087531,-104.8387531
Synthetic OLS-LAD,0.05,7,40,18.56,226.4771619,245.0371619
Synthetic OLS-LAD,0.05,7,68,33.97,-43.32004341,-9.350043411
Synthetic OLS-LAD,0.05,7,72,41.36,286.6954586,328.0554586
Synthetic OLS-LAD,0.05,8,46,31.45,179.2933299,210.7433299
Synthetic OLS-LAD,0.05,8,49,31.97,145.232711,177.202711
Synthetic OLS-LAD,0.05,8,54,28.26,157.8580953,186.1180953
Synthetic OLS-LAD,0.05,8,61,37.1,-120.8919534,-83.7919534
Synthetic OLS-LAD,0.05,9,3,10.02,147.094478,157.114478
Synthetic OLS-LAD,0.05,9,24,20.63,-32.69625893,-12.06625893
Synthetic OLS-LAD,0.05,9,33,21.33,126.0211605,147.3511605
Synthetic OLS-LAD,0.05,9,80,37.79,195.5601084,233.3501084
Synthetic OLS-LAD,0.05,10,29,17.89,-23.84044648,-5.950446475
Synthetic OLS-LAD,0.05,10,32,15.93,67.85289394,83.78289394
Synthetic OLS-LAD,0.05,10,37,24.37,296.9652452,321.3352452
Synthetic OLS-LAD,0.05,10,47,23.87,25.56084339,49.43084339
Synthetic OLS-LAD,0.05,11,15,10.74,-410.0096262,-399.2696262
Synthetic OLS-LAD,0.05,11,35,21.9,-74.45666167,-52.55666167
Synthetic OLS-LAD,0.05,11,37,24.37,-131.9053009,-107.5353009
Synthetic OLS-LAD,0.05,11,66,31.29,-243.1246656,-211.8346656
Synthetic OLS-LAD,0.05,12,28,11.56,228.8960408,240.4560408
Synthetic OLS-LAD,0.05,12,36,18.57,86.61153771,105.1815377
Synthetic OLS-LAD,0.05,12,45,27.18,243.0527227,270.2327227
Synthetic OLS-LAD,0.05,12,61,37.1,153.5160784,190.6160784
Synthetic OLS-LAD,0.05,13,3,10.02,38.56856499,48.58856499
Synthetic OLS-LAD,0.05,13,15,10.74,240.6447913,251.3847913
Synthetic OLS-LAD,0.05,13,25,12.28,-87.7632897,-75.4832897
Synthetic OLS-LAD,0.05,13,40,18.56,-252.8722728,-234.3122728
Synthetic OLS-LAD,0.05,14,7,6.01,53.50614616,59.51614616
Synthetic OLS-LAD,0.05,14,21,11.39,-56.391261,-45.001261
Synthetic OLS-LAD,0.05,14,45,27.18,-62.22820638,-35.04820638
Synthetic OLS-LAD,0.05,14,68,33.97,-226.118622,-192.148622
Synthetic OLS-LAD,0.05,15,5,6.23,-54.78253036,-48.55253036
Synthetic OLS-LAD,0.05,15,10,15.69,-47.06680109,-31.37680109
Synthetic OLS-LAD,0.05,15,75,40.05,-46.10019052,-6.050190522
Synthetic OLS-LAD,0.05,15,79,43.25,-71.1835264,-27.9335264
Synthetic OLS-LAD,0.05,16,4,11.12,253.6418388,264.7618388
Synthetic OLS-LAD,0.05,16,5,6.23,-296.2717425,-290.0417425
Synthetic OLS-LAD,0.05,16,59,22.71,-22.36252874,0.3474712619
Synthetic OLS-LAD,0.05,16,68,33.97,259.656832,293.626832
Synthetic OLS-LAD,0.05,17,13,16.57,-405.7867355,-389.2167355
Synthetic OLS-LAD,0.05,17,32,15.93,-60.32295651,-44.39295651
Synthetic OLS-LAD,0.05,17,64,30.57,360.4552562,391.0252562
Synthetic OLS-LAD,0.05,17,74,35.59,66.35054174,101.9405417
Synthetic OLS-LAD,0.05,18,1,9.37,14.14483192,23.51483192
Synthetic OLS-LAD,0.05,18,3,10.02,26.08607566,36.10607566
Synthetic OLS-LAD,0.05,18,22,11.26,-128.2370374,-116.9770374
Synthetic OLS-LAD,0.05,18,63,33.34,173.5412686,206.8812686
Synthetic OLS-LAD,0.05,19,12,7.2,-53.10124713,-45.90124713
Synthetic OLS-LAD,0.05,19,19,14.98,111.2045646,126.1845646
Synthetic OLS-LAD,0.05,19,31,19.79,-87.8513736,-68.0613736
Synthetic OLS-LAD,0.05,19,69,31.76,314.6587827,346.4187827
Synthetic OLS-LAD,0.05,20,14,10.38,485.8203577,496.2003577
Synthetic OLS-LAD,0.05,20,17,10.35,-110.7485823,-100.3985823
Synthetic OLS-LAD,0.05,20,25,12.28,110.5918373,122.8718373
Synthetic OLS-LAD,0.05,20,52,30.89,63.50637152,94.39637152
Synthetic OLS-LAD,0.05,21,5,6.23,-61.34487188,-55.11487188
Synthetic OLS-LAD,0.05,21,8,11.59,155.3387565,166.9287565
Synthetic OLS-LAD,0.05,21,28,11.56,167.4955514,179.0555514
Synthetic OLS-LAD,0.05,21,75,40.05,-80.86073529,-40.81073529
Synthetic OLS-LAD,0.05,22,6,8.36,105.4871112,113.8471112
Synthetic OLS-LAD,0.05,22,41,34.2,-84.23779303,-50.03779303
Synthetic OLS-LAD,0.05,22,43,20.31,55.30492081,75.61492081
Synthetic OLS-LAD,0.05,22,62,29.63,-15.28012889,14.34987111
Synthetic OLS-LAD,0.05,23,9,9.22,-253.1340483,-243.9140483
Synthetic OLS-LAD,0.05,23,20,24.36,-57.3504938,-32.9904938
Synthetic OLS-LAD,0.05,23,35,21.9,-5.740878105,16.15912189
Synthetic OLS-LAD,0.05,23,54,28.26,8.481612427,36.74161243
Synthetic OLS-LAD,0.05,24,20,24.36,-444.1283458,-419.7683458
Synthetic OLS-LAD,0.05,24,25,12.28,-30.12599424,-17.84599424
Synthetic OLS-LAD,0.05,24,62,29.63,-226.6605593,-197.0305593
Synthetic OLS-LAD,0.05,24,66,31.29,136.418808,167.708808
Synthetic OLS-LAD,0.05,25,15,10.74,76.85597069,87.59597069
Synthetic OLS-LAD,0.05,25,27,24.79,-127.5686642,-102.7786642
Synthetic OLS-LAD,0.05,25,42,27.72,-216.4979792,-188.7779792
Synthetic OLS-LAD,0.05,25,65,32.34,-160.8630438,-128.5230438
Synthetic OLS-LAD,0.05,26,16,14.41,321.5631176,335.9731176
Synthetic OLS-LAD,0.05,26,20,24.36,-100.8640187,-76.50401868
Synthetic OLS-LAD,0.05,26,70,39.29,-80.18882283,-40.89882283
Synthetic OLS-LAD,0.05,26,78,39.18,196.5110182,235.6910182
Synthetic OLS-LAD,0.05,27,29,17.89,79.18038799,97.07038799
Synthetic OLS-LAD,0.05,27,42,27.72,-14.43374533,13.28625467
Synthetic OLS-LAD,0.05,27,49,31.97,269.4071406,301.3771406
Synthetic OLS-LAD,0.05,27,64,30.57,5.200072819,35.77007282
Synthetic OLS-LAD,0.05,28,5,6.23,-310.4939796,-304.2639796
Synthetic OLS-LAD,0.05,28,22,11.26,-275.1280829,-263.8680829
Synthetic OLS-LAD,0.05,28,31,19.79,158.0391217,177.8291217
Synthetic OLS-LAD,0.05,28,66,31.29,-108.4182573,-77.12825728
Synthetic OLS-LAD,0.05,29,12,7.2,484.4983894,491.6983894
Synthetic OLS-LAD,0.05,29,25,12.28,-112.6877333,-100.4077333
Synthetic OLS-LAD,0.05,29,31,19.79,115.7865372,135.5765372
Synthetic OLS-LAD,0.05,29,70,39.29,237.2128467,276.5028467
Synthetic OLS-LAD,0.05,30,24,20.63,42.35317753,62.98317753
Synthetic OLS-LAD,0.05,30,43,20.31,-28.88829142,-8.578291415
Synthetic OLS-LAD,0.05,30,54,28.26,-120.002914,-91.742914
Synthetic OLS-LAD,0.05,30,73,32.54,86.45258709,118.9925871
Synthetic OLS-LAD,0.1,1,1,9.37,-55.76376466,-46.39376466
Synthetic OLS-LAD,0.1,1,4,11.12,160.0120512,171.1320512
Synthetic OLS-LAD,0.1,1,5,6.23,131.2084785,137.4384785
Synthetic OLS-LAD,0.1,1,31,19.79,131.8069267,151.5969267
Synthetic OLS-LAD,0.1,1,36,18.57,-103.2557122,-84.68571223
Synthetic OLS-LAD,0.1,1,57,35.96,-21.68821744,14.27178256
Synthetic OLS-LAD,0.1,1,66,31.29,115.2618591,146.5518591
Synthetic OLS-LAD,0.1,1,77,34.19,-30.68254132,3.50745868
Synthetic OLS-LAD,0.1,2,4,11.12,141.31996,152.43996
Synthetic OLS-LAD,0.1,2,18,5.82,-276.3907357,-270.5707357
Synthetic OLS-LAD,0.1,2,26,14.23,-138.0807737,-123.8507737
Synthetic OLS-LAD,0.1,2,34,26.09,129.5735323,155.6635323
Synthetic OLS-LAD,0.1,2,46,31.45,-55.52908539,-24.07908539
Synthetic OLS-LAD,0.1,2,58,28.63,-5.073604221,23.55639578
Synthetic OLS-LAD,0.1,2,72,41.36,-165.9922296,-124.6322296
Synthetic OLS-LAD,0.1,2,75,40.05,-375.7104504,-335.6604504
Synthetic OLS-LAD,0.1,3,5,6.23,211.5568828,217.7868828
Synthetic OLS-LAD,0.1,3,15,10.74,277.5979188,288.3379188
Synthetic OLS-LAD,0.1,3,29,17.89,-278.2283846,-260.3383846
Synthetic OLS-LAD,0.1,3,33,21.33,224.649793,245.979793
Synthetic OLS-LAD,0.1,3,40,18.56,-150.8081908,-132.2481908
Synthetic OLS-LAD,0.1,3,69,31.76,-147.8643213,-116.1043213
Synthetic OLS-LAD,0.1,3,70,39.29,130.0722731,169.3622731
Synthetic OLS-LAD,0.1,3,78,39.18,81.7107375,120.8907375
Synthetic OLS-LAD,0.1,4,3,10.02,38.17959565,48.19959565
Synthetic OLS-LAD,0.1,4,12,7.2,-159.9675246,-152.7675246
Synthetic OLS-LAD,0.1,4,17,10.35,229.2785327,239.6285327
Synthetic OLS-LAD,0.1,4,30,18.64,279.6038132,298.2438132
Synthetic OLS-LAD,0.1,4,40,18.56,-332.2415839,-313.6815839
Synthetic OLS-LAD,0.1,4,47,23.87,129.4158861,153.2858861
Synthetic OLS-LAD,0.1,4,48,27.06,-317.1166632,-290.0566632
Synthetic OLS-LAD,0.1,4,54,28.26,-187.1498469,-158.8898469
Synthetic OLS-LAD,0.1,5,1,9.37,-29.75493376,-20.38493376
Synthetic OLS-LAD,0.1,5,17,10.35,18.06301407,28.41301407
Synthetic OLS-LAD,0.1,5,21,11.39,-89.9831119,-78.5931119
Synthetic OLS-LAD,0.1,5,31,19.79,74.87323852,94.66323852
Synthetic OLS-LAD,0.1,5,55,27.57,131.4812971,159.0512971
Synthetic OLS-LAD,0.1,5,61,37.1,-57.49016481,-20.39016481
Synthetic OLS-LAD,0.1,5,62,29.63,91.42391487,121.0539149
Synthetic OLS-LAD,0.1,5,67,36.22,-311.2481923,-275.0281923
Synthetic OLS-LAD,0.1,6,6,8.36,357.322646,365.682646
Synthetic OLS-LAD,0.1,6,30,18.64,-238.3719971,-219.7319971
Synthetic OLS-LAD,0.1,6,36,18.57,101.1808158,119.7508158
Synthetic OLS-LAD,0.1,6,38,20.08,10.53022524,30.61022524
Synthetic OLS-LAD,0.1,6,39,14.44,-10.71039295,3.729607054
Synthetic OLS-LAD,0.1,6,40,18.56,194.2911215,212.8511215
Synthetic OLS-LAD,0.1,6,54,28.26,-185.4257049,-157.1657049
Synthetic OLS-LAD,0.1,6,58,28.63,21.67292743,50.30292743
Synthetic OLS-LAD,0.1,7,1,9.37,293.7297613,303.0997613
Synthetic OLS-LAD,0.1,7,5,6.23,273.0131638,279.2431638
Synthetic OLS-LAD,0.1,7,21,11.39,-50.7723761,-39.3823761
Synthetic OLS-LAD,0.1,7,36,18.57,158.1236747,176.6936747
Synthetic OLS-LAD,0.1,7,66,31.29,94.99669195,126.2866919
Synthetic OLS-LAD,0.1,7,71,29.08,-4.899299953,24.18070005
Synthetic OLS-LAD,0.1,7,73,32.54,-34.04277295,-1.502772947
Synthetic OLS-LAD,0.1,7,80,37.79,-57.04684701,-19.25684701
Synthetic OLS-LAD,0.1,8,1,9.37,79.83807431,89.20807431
Synthetic OLS-LAD,0.1,8,3,10.02,214.3627531,224.3827531
Synthetic OLS-LAD,0.1,8,39,14.44,-458.2669392,-443.8269392
Synthetic OLS-LAD,0.1,8,42,27.72,-140.7900688,-113.0700688
Synthetic OLS-LAD,0.1,8,43,20.31,106.1999442,126.5099442
Synthetic OLS-LAD,0.1,8,45,27.18,16.39732496,43.57732496
Synthetic OLS-LAD,0.1,8,72,41.36,90.75877697,132.118777
Synthetic OLS-LAD,0.1,8,80,37.79,189.5482333,227.3382333
Synthetic OLS-LAD,0.1,9,4,11.12,-118.8738376,-107.7538376
Synthetic OLS-LAD,0.1,9,18,5.82,201.8140087,207.6340087
Synthetic OLS-LAD,0.1,9,24,20.63,-52.3167934,-31.6867934
Synthetic OLS-LAD,0.1,9,33,21.33,125.2932728,146.6232728
Synthetic OLS-LAD,0.1,9,53,29.07,-122.2444304,-93.17443042
Synthetic OLS-LAD,0.1,9,54,28.26,298.3805736,326.6405736
Synthetic OLS-LAD,0.1,9,59,22.71,-98.84242864,-76.13242864
Synthetic OLS-LAD,0.1,9,69,31.76,-116.3761697,-84.61616974
Synthetic OLS-LAD,0.1,10,10,15.69,28.29415001,43.98415001
Synthetic OLS-LAD,0.1,10,14,10.38,119.5689148,129.9489148
Synthetic OLS-LAD,0.1,10,26,14.23,125.9280449,140.1580449
Synthetic OLS-LAD,0.1,10,29,17.89,276.3689317,294.2589317
Synthetic OLS-LAD,0.1,10,30,18.64,95.2387199,113.8787199
Synthetic OLS-LAD,0.1,10,50,28.38,-211.6782348,-183.2982348
Synthetic OLS-LAD,0.1,10,54,28.26,-251.8891374,-223.6291374
Synthetic OLS-LAD,0.1,10,68,33.97,-201.0322502,-167.0622502
Synthetic OLS-LAD,0.1,11,11,11.26,-119.526294,-108.266294
Synthetic OLS-LAD,0.1,11,13,16.57,125.1203228,141.6903228
Synthetic OLS-LAD,0.1,11,15,10.74,47.04152009,57.78152009
Synthetic OLS-LAD,0.1,11,20,24.36,-19.40481839,4.955181608
Synthetic OLS-LAD,0.1,11,24,20.63,251.3498634,271.9798634
Synthetic OLS-LAD,0.1,11,49,31.97,-245.7707799,-213.8007799
Synthetic OLS-LAD,0.1,11,72,41.36,47.7271119,89.0871119
Synthetic OLS-LAD,0.1,11,78,39.18,2.134586221,41.31458622
Synthetic OLS-LAD,0.1,12,6,8.36,109.8132008,118.1732008
Synthetic OLS-LAD,0.1,12,7,6.01,33.32400971,39.33400971
Synthetic OLS-LAD,0.1,12,9,9.22,-229.9692535,-220.7492535
Synthetic OLS-LAD,0.1,12,21,11.39,-62.34419932,-50.95419932
Synthetic OLS-LAD,0.1,12,28,11.56,-15.63352196,-4.073521963
Synthetic OLS-LAD,0.1,12,32,15.93,-296.0250857,-280.0950857
Synthetic OLS-LAD,0.1,12,70,39.29,-139.5919304,-100.3019304
Synthetic OLS-LAD,0.1,12,71,29.08,310.167086,339.247086
Synthetic OLS-LAD,0.1,13,5,6.23,-167.6730032,-161.4430032
Synthetic OLS-LAD,0.1,13,14,10.38,-246.5190294,-236.1390294
Synthetic OLS-LAD,0.1,13,24,20.63,-154.216861,-133.586861
Synthetic OLS-LAD,0.1,13,40,18.56,-96.88539068,-78.32539068
Synthetic OLS-LAD,0.1,13,42,27.72,-102.7945396,-75.07453957
Synthetic OLS-LAD,0.1,13,57,35.96,328.56734,364.52734
Synthetic OLS-LAD,0.1,13,60,29.68,-14.9205133,14.7594867
Synthetic OLS-LAD,0.1,13,71,29.08,-418.5112439,-389.4312439
Synthetic OLS-LAD,0.1,14,3,10.02,-121.0908448,-111.0708448
Synthetic OLS-LAD,0.1,14,6,8.36,55.46090756,63.82090756
Synthetic OLS-LAD,0.1,14,7,6.01,-277.1815056,-271.1715056
Synthetic OLS-LAD,0.1,14,20,24.36,-107.5149345,-83.15493448
Synthetic OLS-LAD,0.1,14,22,11.26,275.787786,287.047786
Synthetic OLS-LAD,0.1,14,72,41.36,385.0577004,426.4177004
Synthetic OLS-LAD,0.1,14,75,40.05,135.1117549,175.1617549
Synthetic OLS-LAD,0.1,14,78,39.18,328.0961323,367.2761323
Synthetic OLS-LAD,0.1,15,6,8.36,123.7822357,132.1422357
Synthetic OLS-LAD,0.1,15,11,11.26,-133.2689117,-122.0089117
Synthetic OLS-LAD,0.1,15,45,27.18,247.7495752,274.9295752
Synthetic OLS-LAD,0.1,15,49,31.97,-28.44951905,3.520480951
Synthetic OLS-LAD,0.1,15,59,22.71,127.018084,149.728084
Synthetic OLS-LAD,0.1,15,73,32.54,-6.092246215,26.44775378
Synthetic OLS-LAD,0.1,15,77,34.19,89.8759188,124.0659188
Synthetic OLS-LAD,0.1,15,80,37.79,-71.85192875,-34.06192875
Synthetic OLS-LAD,0.1,16,25,12.28,148.2661783,160.5461783
Synthetic OLS-LAD,0.1,16,32,15.93,-254.1602287,-238.2302287
Synthetic OLS-LAD,0.1,16,34,26.09,-27.80870278,-1.718702782
Synthetic OLS-LAD,0.1,16,37,24.37,178.9823437,203.3523437
Synthetic OLS-LAD,0.1,16,54,28.26,-160.0639593,-131.8039593
Synthetic OLS-LAD,0.1,16,63,33.34,116.2755687,149.6155687
Synthetic OLS-LAD,0.1,16,65,32.34,-128.0333379,-95.69333788
Synthetic OLS-LAD,0.1,16,67,36.22,135.1927099,171.4127099
Synthetic OLS-LAD,0.1,17,6,8.36,-343.3425331,-334.9825331
Synthetic OLS-LAD,0.1,17,27,24.79,-141.7156085,-116.9256085
Synthetic OLS-LAD,0.1,17,31,19.79,124.1184329,143.9084329
Synthetic OLS-LAD,0.1,17,45,27.18,-241.3598761,-214.1798761
Synthetic OLS-LAD,0.1,17,57,35.96,-94.6768631,-58.7168631
Synthetic OLS-LAD,0.1,17,61,37.1,260.330848,297.430848
Synthetic OLS-LAD,0.1,17,69,31.76,308.9746225,340.7346225
Synthetic OLS-LAD,0.1,17,73,32.54,114.5823538,147.1223538
Synthetic OLS-LAD,0.1,18,12,7.2,-258.8349026,-251.6349026
Synthetic OLS-LAD,0.1,18,20,24.36,489.6401378,514.0001378
Synthetic OLS-LAD,0.1,18,23,11.11,-58.0751326,-46.9651326
Synthetic OLS-LAD,0.1,18,32,15.93,59.56845088,75.49845088
Synthetic OLS-LAD,0.1,18,36,18.57,104.2803619,122.8503619
Synthetic OLS-LAD,0.1,18,63,33.34,196.2329871,229.5729871
Synthetic OLS-LAD,0.1,18,65,32.34,196.3873208,228.7273208
Synthetic OLS-LAD,0.1,18,77,34.19,2.367249557,36.55724956
Synthetic OLS-LAD,0.1,19,5,6.23,262.9529822,269.1829822
Synthetic OLS-LAD,0.1,19,8,11.59,-135.30528,-123.71528
Synthetic OLS-LAD,0.1,19,10,15.69,-104.8083617,-89.11836169
Synthetic OLS-LAD,0.1,19,42,27.72,106.9793926,134.6993926
Synthetic OLS-LAD,0.1,19,67,36.22,192.3051791,228.5251791
Synthetic OLS-LAD,0.1,19,68,33.97,67.82044717,101.7904472
Synthetic OLS-LAD,0.1,19,69,31.76,224.5980452,256.3580452
Synthetic OLS-LAD,0.1,19,78,39.18,93.05293007,132.2329301
Synthetic OLS-LAD,0.1,20,7,6.01,166.2757559,172.2857559
Synthetic OLS-LAD,0.1,20,8,11.59,308.4833032,320.0733032
Synthetic OLS-LAD,0.1,20,28,11.56,195.2238011,206.7838011
Synthetic OLS-LAD,0.1,20,29,17.89,47.35876873,65.24876873
Synthetic OLS-LAD,0.1,20,34,26.09,-49.90074035,-23.81074035
Synthetic OLS-LAD,0.1,20,39,14.44,-348.5011711,-334.0611711
Synthetic OLS-LAD,0.1,20,55,27.57,-90.25932707,-62.68932707
Synthetic OLS-LAD,0.1,20,68,33.97,-234.3590827,-200.3890827
Synthetic OLS-LAD,0.1,21,13,16.57,85.12609932,101.6960993
Synthetic OLS-LAD,0.1,21,25,12.28,8.475171194,20.75517119
Synthetic OLS-LAD,0.1,21,34,26.09,182.6670569,208.7570569
Synthetic OLS-LAD,0.1,21,42,27.72,-210.0855416,-182.3655416
Synthetic OLS-LAD,0.1,21,50,28.38,86.92525002,115.30525
Synthetic OLS-LAD,0.1,21,61,37.1,-166.1135779,-129.0135779
Synthetic OLS-LAD,0.1,21,71,29.08,231.3213671,260.4013671
Synthetic OLS-LAD,0.1,21,77,34.19,245.192065,279.382065
Synthetic OLS-LAD,0.1,22,2,10.17,202.566572,212.736572
Synthetic OLS-LAD,0.1,22,29,17.89,220.8478092,238.7378092
Synthetic OLS-LAD,0.1,22,33,21.33,33.93322361,55.26322361
Synthetic OLS-LAD,0.1,22,48,27.06,217.5119445,244.5719445
Synthetic OLS-LAD,0.1,22,53,29.07,195.8484917,224.9184917
Synthetic OLS-LAD,0.1,22,60,29.68,-477.9621606,-448.2821606
Synthetic OLS-LAD,0.1,22,63,33.34,-139.9703798,-106.6303798
Synthetic OLS-LAD,0.1,22,71,29.08,89.01452345,118.0945235
Synthetic OLS-LAD,0.1,23,4,11.12,-395.7851516,-384.6651516
Synthetic OLS-LAD,0.1,23,6,8.36,137.6401171,146.0001171
Synthetic OLS-LAD,0.1,23,8,11.59,150.1332015,161.7232015
Synthetic OLS-LAD,0.1,23,39,14.44,-381.1004602,-366.6604602
Synthetic OLS-LAD,0.1,23,42,27.72,-101.9307517,-74.21075174
Synthetic OLS-LAD,0.1,23,53,29.07,-203.6898196,-174.6198196
Synthetic OLS-LAD,0.1,23,62,29.63,-245.5619836,-215.9319836
Synthetic OLS-LAD,0.1,23,74,35.59,31.56805224,67.15805224
Synthetic OLS-LAD,0.1,24,12,7.2,137.4583865,144.6583865
Synthetic OLS-LAD,0.1,24,13,16.57,-41.63282084,-25.06282084
Synthetic OLS-LAD,0.1,24,14,10.38,14.82760069,25.20760069
Synthetic OLS-LAD,0.1,24,17,10.35,31.31187243,41.66187243
Synthetic OLS-LAD,0.1,24,24,20.63,-220.2998372,-199.6698372
Synthetic OLS-LAD,0.1,24,27,24.79,-241.1567671,-216.3667671
Synthetic OLS-LAD,0.1,24,40,18.56,-473.4464363,-454.8864363
Synthetic OLS-LAD,0.1,24,60,29.68,176.2766632,205.9566632
Synthetic OLS-LAD,0.1,25,11,11.26,-228.586028,-217.326028
Synthetic OLS-LAD,0.1,25,21,11.39,-95.24069696,-83.85069696
Synthetic OLS-LAD,0.1,25,29,17.89,223.2790782,241.1690782
Synthetic OLS-LAD,0.1,25,39,14.44,375.8101097,390.2501097
Synthetic OLS-LAD,0.1,25,44,26.15,-89.83187105,-63.68187105
Synthetic OLS-LAD,0.1,25,59,22.71,192.3875719,215.0975719
Synthetic OLS-LAD,0.1,25,62,29.63,-288.6537504,-259.0237504
Synthetic OLS-LAD,0.1,25,69,31.76,22.44210913,54.20210913
Synthetic OLS-LAD,0.1,26,20,24.36,-447.0575801,-422.6975801
Synthetic OLS-LAD,0.1,26,22,11.26,176.1571003,187.4171003
Synthetic OLS-LAD,0.1,26,41,34.2,-172.3111618,-138.1111618
Synthetic OLS-LAD,0.1,26,47,23.87,120.1493483,144.0193483
Synthetic OLS-LAD,0.1,26,51,27.82,-311.7148033,-283.8948033
Synthetic OLS-LAD,0.1,26,66,31.29,6.535456164,37.82545616
Synthetic OLS-LAD,0.1,26,68,33.97,-53.70788365,-19.73788365
Synthetic OLS-LAD,0.1,26,74,35.59,-141.8068066,-106.2168066
Synthetic OLS-LAD,0.1,27,20,24.36,109.8318014,134.1918014
Synthetic OLS-LAD,0.1,27,23,11.11,-178.1258609,-167.0158609
Synthetic OLS-LAD,0.1,27,33,21.33,-18.71501411,2.614985887
Synthetic OLS-LAD,0.1,27,40,18.56,-60.23807693,-41.67807693
Synthetic OLS-LAD,0.1,27,53,29.07,-118.4077579,-89.33775787
Synthetic OLS-LAD,0.1,27,61,37.1,157.8639916,194.9639916
Synthetic OLS-LAD,0.1,27,62,29.63,117.3865777,147.0165777
Synthetic OLS-LAD,0.1,27,67,36.22,79.31986673,115.5398667
Synthetic OLS-LAD,0.1,28,7,6.01,318.6790563,324.6890563
Synthetic OLS-LAD,0.1,28,16,14.41,-156.1393837,-141.7293837
Synthetic OLS-LAD,0.1,28,24,20.63,133.3805236,154.0105236
Synthetic OLS-LAD,0.1,28,32,15.93,177.9222325,193.8522325
Synthetic OLS-LAD,0.1,28,35,21.9,-52.60451233,-30.70451233
Synthetic OLS-LAD,0.1,28,54,28.26,67.29494812,95.55494812
Synthetic OLS-LAD,0.1,28,65,32.34,204.5267954,236.8667954
Synthetic OLS-LAD,0.1,28,78,39.18,-170.108184,-130.928184
Synthetic OLS-LAD,0.1,29,4,11.12,141.6580541,152.7780541
Synthetic OLS-LAD,0.1,29,7,6.01,-262.1883568,-256.1783568
Synthetic OLS-LAD,0.1,29,20,24.36,200.9440527,225.3040527
Synthetic OLS-LAD,0.1,29,23,11.11,201.0013433,212.1113433
Synthetic OLS-LAD,0.1,29,26,14.23,-23.54821064,-9.318210636
Synthetic OLS-LAD,0.1,29,33,21.33,-9.281510572,12.04848943
Synthetic OLS-LAD,0.1,29,39,14.44,-285.9691529,-271.5291529
Synthetic OLS-LAD,0.1,29,74,35.59,195.6179909,231.2079909
Synthetic OLS-LAD,0.1,30,14,10.38,-274.9948347,-264.6148347
Synthetic OLS-LAD,0.1,30,19,14.98,73.1898553,88.1698553
Synthetic OLS-LAD,0.1,30,46,31.45,104.5664126,136.0164126
Synthetic OLS-LAD,0.1,30,47,23.87,67.51427796,91.38427796
Synthetic OLS-LAD,0.1,30,55,27.57,-17.88752796,9.682472036
Synthetic OLS-LAD,0.1,30,60,29.68,-77.13111136,-47.45111136
Synthetic OLS-LAD,0.1,30,62,29.63,-247.9551365,-218.3251365
Synthetic OLS-LAD,0.1,30,72,41.36,246.7593507,288.1193507
Synthetic OLS-LAD,0.2,1,15,10.74,-320.0858156,-309.3458156
Synthetic OLS-LAD,0.2,1,16,14.41,-11.10374908,3.30625092
Synthetic OLS-LAD,0.2,1,23,11.11,100.6725572,111.7825572
Synthetic OLS-LAD,0.2,1,24,20.63,233.211665,253.841665
Synthetic OLS-LAD,0.2,1,34,26.09,347.9638229,374.0538229
Synthetic OLS-LAD,0.2,1,36,18.57,-171.3310253,-152.7610253
Synthetic OLS-LAD,0.2,1,38,20.08,-28.37431822,-8.29431822
Synthetic OLS-LAD,0.2,1,41,34.2,48.02081637,82.22081637
Synthetic OLS-LAD,0.2,1,45,27.18,68.74766234,95.92766234
Synthetic OLS-LAD,0.2,1,50,28.38,39.22821433,67.60821433
Synthetic OLS-LAD,0.2,1,52,30.89,32.060025,62.950025
Synthetic OLS-LAD,0.2,1,53,29.07,-112.3612767,-83.29127665
Synthetic OLS-LAD,0.2,1,64,30.57,73.38303102,103.953031
Synthetic OLS-LAD,0.2,1,67,36.22,-84.75427544,-48.53427544
Synthetic OLS-LAD,0.2,1,79,43.25,-145.6031225,-102.3531225
Synthetic OLS-LAD,0.2,1,80,37.79,24.06789997,61.85789997
Synthetic OLS-LAD,0.2,2,2,10.17,139.9121483,150.0821483
Synthetic OLS-LAD,0.2,2,3,10.02,334.2430903,344.2630903
Synthetic OLS-LAD,0.2,2,7,6.01,-210.5207287,-204.5107287
Synthetic OLS-LAD,0.2,2,11,11.26,-52.53425645,-41.27425645
Synthetic OLS-LAD,0.2,2,14,10.38,-111.561423,-101.181423
Synthetic OLS-LAD,0.2,2,16,14.41,122.0952686,136.5052686
Synthetic OLS-LAD,0.2,2,22,11.26,-43.80944854,-32.54944854
Synthetic OLS-LAD,0.2,2,25,12.28,-35.28461442,-23.00461442
Synthetic OLS-LAD,0.2,2,33,21.33,236.2547196,257.5847196
Synthetic OLS-LAD,0.2,2,35,21.9,-74.01877317,-52.11877317
Synthetic OLS-LAD,0.2,2,41,34.2,98.21800695,132.418007
Synthetic OLS-LAD,0.2,2,46,31.45,116.6316771,148.0816771
Synthetic OLS-LAD,0.2,2,63,33.34,-38.37652914,-5.036529138
Synthetic OLS-LAD,0.2,2,67,36.22,49.83926217,86.05926217
Synthetic OLS-LAD,0.2,2,73,32.54,-176.7304893,-144.1904893
Synthetic OLS-LAD,0.2,2,75,40.05,167.1759081,207.2259081
Synthetic OLS-LAD,0.2,3,3,10.02,292.6577592,302.6777592
Synthetic OLS-LAD,0.2,3,7,6.01,108.2253406,114.2353406
Synthetic OLS-LAD,0.2,3,16,14.41,-52.46779155,-38.05779155
Synthetic OLS-LAD,0.2,3,29,17.89,-97.39921244,-79.50921244
Synthetic OLS-LAD,0.2,3,39,14.44,-113.6716049,-99.23160493
Synthetic OLS-LAD,0.2,3,43,20.31,-22.91067355,-2.600673554
Synthetic OLS-LAD,0.2,3,48,27.06,-260.7038935,-233.6438935
Synthetic OLS-LAD,0.2,3,51,27.82,-242.385632,-214.565632
Synthetic OLS-LAD,0.2,3,54,28.26,108.7646312,137.0246312
Synthetic OLS-LAD,0.2,3,60,29.68,-2.572775566,27.10722443
Synthetic OLS-LAD,0.2,3,61,37.1,122.6727359,159.7727359
Synthetic OLS-LAD,0.2,3,65,32.34,72.70785756,105.0478576
Synthetic OLS-LAD,0.2,3,66,31.29,-152.3019872,-121.0119872
Synthetic OLS-LAD,0.2,3,67,36.22,560.559789,596.779789
Synthetic OLS-LAD,0.2,3,69,31.76,47.62136981,79.38136981
Synthetic OLS-LAD,0.2,3,77,34.19,-13.37332697,20.81667303
Synthetic OLS-LAD,0.2,4,6,8.36,-138.2160443,-129.8560443
Synthetic OLS-LAD,0.2,4,9,9.22,-200.5012443,-191.2812443
Synthetic OLS-LAD,0.2,4,10,15.69,-113.9117426,-98.2217426
Synthetic OLS-LAD,0.2,4,17,10.35,-79.0770881,-68.7270881
Synthetic OLS-LAD,0.2,4,23,11.11,-123.8487889,-112.7387889
Synthetic OLS-LAD,0.2,4,26,14.23,-112.819732,-98.58973199
Synthetic OLS-LAD,0.2,4,35,21.9,-62.18421991,-40.28421991
Synthetic OLS-LAD,0.2,4,36,18.57,463.5707693,482.1407693
Synthetic OLS-LAD,0.2,4,37,24.37,-158.0334784,-133.6634784
Synthetic OLS-LAD,0.2,4,39,14.44,118.3014523,132.7414523
Synthetic OLS-LAD,0.2,4,49,31.97,227.0966798,259.0666798
Synthetic OLS-LAD,0.2,4,51,27.82,54.94150875,82.76150875
Synthetic OLS-LAD,0.2,4,55,27.57,267.4603323,295.0303323
Synthetic OLS-LAD,0.2,4,58,28.63,67.69676701,96.32676701
Synthetic OLS-LAD,0.2,4,69,31.76,-77.73634139,-45.97634139
Synthetic OLS-LAD,0.2,4,71,29.08,374.3646346,403.4446346
Synthetic OLS-LAD,0.2,5,4,11.12,65.37766073,76.49766073
Synthetic OLS-LAD,0.2,5,21,11.39,14.57214843,25.96214843
Synthetic OLS-LAD,0.2,5,23,11.11,56.12929571,67.23929571
Synthetic OLS-LAD,0.2,5,24,20.63,60.01774624,80.64774624
Synthetic OLS-LAD,0.2,5,29,17.89,-80.86613944,-62.97613944
Synthetic OLS-LAD,0.2,5,32,15.93,-106.7892955,-90.8592955
Synthetic OLS-LAD,0.2,5,37,24.37,-9.924525919,14.44547408
Synthetic OLS-LAD,0.2,5,42,27.72,432.9188141,460.6388141
Synthetic OLS-LAD,0.2,5,43,20.31,12.20061581,32.51061581
Synthetic OLS-LAD,0.2,5,59,22.71,-420.6686367,-397.9586367
Synthetic OLS-LAD,0.2,5,66,31.29,-87.1772197,-55.8872197
Synthetic OLS-LAD,0.2,5,67,36.22,60.25078415,96.47078415
Synthetic OLS-LAD,0.2,5,69,31.76,-323.3609919,-291.6009919
Synthetic OLS-LAD,0.2,5,70,39.29,118.2896402,157.5796402
Synthetic OLS-LAD,0.2,5,71,29.08,259.9710082,289.0510082
Synthetic OLS-LAD,0.2,5,77,34.19,-140.0314692,-105.8414692
Synthetic OLS-LAD,0.2,6,2,10.17,-47.00733687,-36.83733687
Synthetic OLS-LAD,0.2,6,5,6.23,-217.2467677,-211.0167677
Synthetic OLS-LAD,0.2,6,6,8.36,70.08783106,78.44783106
Synthetic OLS-LAD,0.2,6,19,14.98,356.2939774,371.2739774
Synthetic OLS-LAD,0.2,6,25,12.28,-257.4111781,-245.1311781
Synthetic OLS-LAD,0.2,6,26,14.23,-96.73092076,-82.50092076
Synthetic OLS-LAD,0.2,6,27,24.79,291.7074102,316.4974102
Synthetic OLS-LAD,0.2,6,30,18.64,-51.90368219,-33.26368219
Synthetic OLS-LAD,0.2,6,45,27.18,-17.56316828,9.616831715
Synthetic OLS-LAD,0.2,6,49,31.97,-339.4435022,-307.4735022
Synthetic OLS-LAD,0.2,6,51,27.82,-118.1455848,-90.32558484
Synthetic OLS-LAD,0.2,6,57,35.96,102.5324252,138.4924252
Synthetic OLS-LAD,0.2,6,60,29.68,-25.82342635,3.856573652
Synthetic OLS-LAD,0.2,6,75,40.05,-231.0024325,-190.9524325
Synthetic OLS-LAD,0.2,6,77,34.19,143.6359366,177.8259366
Synthetic OLS-LAD,0.2,6,80,37.79,207.9618191,245.7518191
Synthetic OLS-LAD,0.2,7,2,10.17,-165.3591389,-155.1891389
Synthetic OLS-LAD,0.2,7,4,11.12,-201.3992031,-190.2792031
Synthetic OLS-LAD,0.2,7,8,11.59,-57.07808809,-45.48808809
Synthetic OLS-LAD,0.2,7,18,5.82,207.8006817,213.6206817
Synthetic OLS-LAD,0.2,7,23,11.11,-158.3786369,-147.2686369
Synthetic OLS-LAD,0.2,7,31,19.79,268.3784922,288.1684922
Synthetic OLS-LAD,0.2,7,33,21.33,-192.9544037,-171.6244037
Synthetic OLS-LAD,0.2,7,38,20.08,129.930598,150.010598
Synthetic OLS-LAD,0.2,7,44,26.15,-154.4712723,-128.3212723
Synthetic OLS-LAD,0.2,7,49,31.97,-111.4445384,-79.4745384
Synthetic OLS-LAD,0.2,7,52,30.89,-79.02894059,-48.13894059
Synthetic OLS-LAD,0.2,7,57,35.96,-463.8237699,-427.8637699
Synthetic OLS-LAD,0.2,7,58,28.63,263.5051672,292.1351672
Synthetic OLS-LAD,0.2,7,69,31.76,-65.10307643,-33.34307643
Synthetic OLS-LAD,0.2,7,70,39.29,-286.580736,-247.290736
Synthetic OLS-LAD,0.2,7,74,35.59,21.22555704,56.81555704
Synthetic OLS-LAD,0.2,8,3,10.02,17.62656307,27.64656307
Synthetic OLS-LAD,0.2,8,6,8.36,-154.6607448,-146.3007448
Synthetic OLS-LAD,0.2,8,14,10.38,-103.1837388,-92.80373877
Synthetic OLS-LAD,0.2,8,16,14.41,281.2441446,295.6541446
Synthetic OLS-LAD,0.2,8,25,12.28,44.99588483,57.27588483
Synthetic OLS-LAD,0.2,8,26,14.23,-16.72511807,-2.495118066
Synthetic OLS-LAD,0.2,8,28,11.56,-84.59754454,-73.03754454
Synthetic OLS-LAD,0.2,8,30,18.64,96.95007191,115.5900719
Synthetic OLS-LAD,0.2,8,35,21.9,-183.4130519,-161.5130519
Synthetic OLS-LAD,0.2,8,36,18.57,156.5962858,175.1662858
Synthetic OLS-LAD,0.2,8,42,27.72,350.9410645,378.6610645
Synthetic OLS-LAD,0.2,8,48,27.06,-172.5522852,-145.4922852
Synthetic OLS-LAD,0.2,8,52,30.89,-260.3386453,-229.4486453
Synthetic OLS-LAD,0.2,8,54,28.26,-237.7788579,-209.5188579
Synthetic OLS-LAD,0.2,8,66,31.29,84.2526262,115.5426262
Synthetic OLS-LAD,0.2,8,68,33.97,-201.1537979,-167.1837979
Synthetic OLS-LAD,0.2,9,2,10.17,383.6076026,393.7776026
Synthetic OLS-LAD,0.2,9,5,6.23,147.6172781,153.8472781
Synthetic OLS-LAD,0.2,9,7,6.01,190.734003,196.744003
Synthetic OLS-LAD,0.2,9,18,5.82,259.2311923,265.0511923
Synthetic OLS-LAD,0.2,9,24,20.63,-570.6045622,-549.9745622
Synthetic OLS-LAD,0.2,9,27,24.79,114.6303095,139.4203095
Synthetic OLS-LAD,0.2,9,36,18.57,-92.60422587,-74.03422587
Synthetic OLS-LAD,0.2,9,42,27.72,9.823974654,37.54397465
Synthetic OLS-LAD,0.2,9,46,31.45,-243.5351599,-212.0851599
Synthetic OLS-LAD,0.2,9,49,31.97,-64.16656115,-32.19656115
Synthetic OLS-LAD,0.2,9,52,30.89,-136.5229249,-105.6329249
Synthetic OLS-LAD,0.2,9,53,29.07,-189.1464233,-160.0764233
Synthetic OLS-LAD,0.2,9,57,35.96,-107.1453737,-71.18537374
Synthetic OLS-LAD,0.2,9,66,31.29,42.62379865,73.91379865
Synthetic OLS-LAD,0.2,9,78,39.18,23.80568816,62.98568816
Synthetic OLS-LAD,0.2,9,80,37.79,-79.33718061,-41.54718061
Synthetic OLS-LAD,0.2,10,5,6.23,119.4783516,125.7083516
Synthetic OLS-LAD,0.2,10,8,11.59,190.8964871,202.4864871
Synthetic OLS-LAD,0.2,10,15,10.74,36.38214509,47.12214509
Synthetic OLS-LAD,0.2,10,20,24.36,132.4620601,156.8220601
Synthetic OLS-LAD,0.2,10,24,20.63,51.03670833,71.66670833
Synthetic OLS-LAD,0.2,10,37,24.37,-3.046140775,21.32385923
Synthetic OLS-LAD,0.2,10,38,20.08,-242.061439,-221.981439
Synthetic OLS-LAD,0.2,10,42,27.72,-2.701060323,25.01893968
Synthetic OLS-LAD,0.2,10,45,27.18,-51.16077183,-23.98077183
Synthetic OLS-LAD,0.2,10,46,31.45,-219.1939841,-187.7439841
Synthetic OLS-LAD,0.2,10,49,31.97,-57.4649646,-25.4949646
Synthetic OLS-LAD,0.2,10,52,30.89,-233.5410059,-202.6510059
Synthetic OLS-LAD,0.2,10,57,35.96,-106.9944938,-71.03449384
Synthetic OLS-LAD,0.2,10,61,37.1,-20.93463579,16.16536421
Synthetic OLS-LAD,0.2,10,66,31.29,263.8518079,295.1418079
Synthetic OLS-LAD,0.2,10,80,37.79,-269.7278797,-231.9378797
Synthetic OLS-LAD,0.2,11,6,8.36,40.80718597,49.16718597
Synthetic OLS-LAD,0.2,11,19,14.98,-127.2408032,-112.2608032
Synthetic OLS-LAD,0.2,11,21,11.39,416.6240952,428.0140952
Synthetic OLS-LAD,0.2,11,23,11.11,-8.687312025,2.422687975
Synthetic OLS-LAD,0.2,11,24,20.63,163.3583066,183.9883066
Synthetic OLS-LAD,0.2,11,25,12.28,-238.4583758,-226.1783758
Synthetic OLS-LAD,0.2,11,34,26.09,-197.6538646,-171.5638646
Synthetic OLS-LAD,0.2,11,43,20.31,207.8545603,228.1645603
Synthetic OLS-LAD,0.2,11,51,27.82,-126.952229,-99.13222897
Synthetic OLS-LAD,0.2,11,54,28.26,75.66351971,103.9235197
Synthetic OLS-LAD,0.2,11,64,30.57,96.14326613,126.7132661
Synthetic OLS-LAD,0.2,11,65,32.34,-161.4871321,-129.1471321
Synthetic OLS-LAD,0.2,11,66,31.29,-68.77663564,-37.48663564
Synthetic OLS-LAD,0.2,11,73,32.54,-70.60046434,-38.06046434
Synthetic OLS-LAD,0.2,11,77,34.19,-112.6403588,-78.45035885
Synthetic OLS-LAD,0.2,11,78,39.18,50.59051344,89.77051344
Synthetic OLS-LAD,0.2,12,5,6.23,36.9315582,43.1615582
Synthetic OLS-LAD,0.2,12,6,8.36,-163.7404346,-155.3804346
Synthetic OLS-LAD,0.2,12,7,6.01,299.1124359,305.1224359
Synthetic OLS-LAD,0.2,12,9,9.22,-21.22985685,-12.00985685
Synthetic OLS-LAD,0.2,12,12,7.2,-162.062938,-154.862938
Synthetic OLS-LAD,0.2,12,16,14.41,-24.03122565,-9.621225655
Synthetic OLS-LAD,0.2,12,18,5.82,117.5412297,123.3612297
Synthetic OLS-LAD,0.2,12,23,11.11,13.56187041,24.67187041
Synthetic OLS-LAD,0.2,12,36,18.57,106.5460212,125.1160212
Synthetic OLS-LAD,0.2,12,45,27.18,295.8147157,322.9947157
Synthetic OLS-LAD,0.2,12,50,28.38,-239.5737913,-211.1937913
Synthetic OLS-LAD,0.2,12,58,28.63,-215.8867515,-187.2567515
Synthetic OLS-LAD,0.2,12,61,37.1,-14.38288095,22.71711905
Synthetic OLS-LAD,0.2,12,73,32.54,191.5265416,224.0665416
Synthetic OLS-LAD,0.2,12,77,34.19,45.21776669,79.40776669
Synthetic OLS-LAD,0.2,12,80,37.79,-136.2240295,-98.43402953
Synthetic OLS-LAD,0.2,13,2,10.17,439.9694325,450.1394325
Synthetic OLS-LAD,0.2,13,12,7.2,-31.18380361,-23.98380361
Synthetic OLS-LAD,0.2,13,18,5.82,39.7976498,45.6176498
Synthetic OLS-LAD,0.2,13,21,11.39,-237.411902,-226.021902
Synthetic OLS-LAD,0.2,13,23,11.11,29.71991419,40.82991419
Synthetic OLS-LAD,0.2,13,32,15.93,-237.4886739,-221.5586739
Synthetic OLS-LAD,0.2,13,34,26.09,50.40139801,76.49139801
Synthetic OLS-LAD,0.2,13,40,18.56,-142.123323,-123.563323
Synthetic OLS-LAD,0.2,13,45,27.18,101.1676989,128.3476989
Synthetic OLS-LAD,0.2,13,52,30.89,-48.35159836,-17.46159836
Synthetic OLS-LAD,0.2,13,53,29.07,-19.17148914,9.898510858
Synthetic OLS-LAD,0.2,13,61,37.1,263.8856733,300.9856733
Synthetic OLS-LAD,0.2,13,66,31.29,-62.11846848,-30.82846848
Synthetic OLS-LAD,0.2,13,69,31.76,-383.3754053,-351.6154053
Synthetic OLS-LAD,0.2,13,78,39.18,-73.25917165,-34.07917165
Synthetic OLS-LAD,0.2,13,79,43.25,60.02875399,103.278754
Synthetic OLS-LAD,0.2,14,3,10.02,-286.12676,-276.10676
Synthetic OLS-LAD,0.2,14,8,11.59,69.68326185,81.27326185
Synthetic OLS-LAD,0.2,14,14,10.38,-260.8315005,-250.4515005
Synthetic OLS-LAD,0.2,14,18,5.82,-477.4685272,-471.6485272
Synthetic OLS-LAD,0.2,14,22,11.26,104.7355364,115.9955364
Synthetic OLS-LAD,0.2,14,24,20.63,35.33264916,55.96264916
Synthetic OLS-LAD,0.2,14,25,12.28,98.03543309,110.3154331
Synthetic OLS-LAD,0.2,14,30,18.64,195.7518598,214.3918598
Synthetic OLS-LAD,0.2,14,34,26.09,-69.6850922,-43.5950922
Synthetic OLS-LAD,0.2,14,43,20.31,-197.9784636,-177.6684636
Synthetic OLS-LAD,0.2,14,52,30.89,-112.0813449,-81.19134486
Synthetic OLS-LAD,0.2,14,54,28.26,201.1620742,229.4220742
Synthetic OLS-LAD,0.2,14,57,35.96,-7.485983307,28.47401669
Synthetic OLS-LAD,0.2,14,59,22.71,-364.6126714,-341.9026714
Synthetic OLS-LAD,0.2,14,73,32.54,-136.3313156,-103.7913156
Synthetic OLS-LAD,0.2,14,77,34.19,-364.7961525,-330.6061525
Synthetic OLS-LAD,0.2,15,1,9.37,170.0715595,179.4415595
Synthetic OLS-LAD,0.2,15,10,15.69,40.08964371,55.77964371
Synthetic OLS-LAD,0.2,15,12,7.2,-195.3133774,-188.1133774
Synthetic OLS-LAD,0.2,15,24,20.63,-121.4789845,-100.8489845
Synthetic OLS-LAD,0.2,15,30,18.64,68.54914209,87.18914209
Synthetic OLS-LAD,0.2,15,38,20.08,219.2010143,239.2810143
Synthetic OLS-LAD,0.2,15,39,14.44,98.08008378,112.5200838
Synthetic OLS-LAD,0.2,15,54,28.26,-124.6284745,-96.36847446
Synthetic OLS-LAD,0.2,15,55,27.57,295.8232028,323.3932028
Synthetic OLS-LAD,0.2,15,59,22.71,-58.70310338,-35.99310338
Synthetic OLS-LAD,0.2,15,61,37.1,133.6295111,170.7295111
Synthetic OLS-LAD,0.2,15,69,31.76,-123.1656462,-91.40564616
Synthetic OLS-LAD,0.2,15,70,39.29,86.50244248,125.7924425
Synthetic OLS-LAD,0.2,15,72,41.36,-157.063768,-115.703768
Synthetic OLS-LAD,0.2,15,79,43.25,57.04959258,100.2995926
Synthetic OLS-LAD,0.2,15,80,37.79,-127.8115409,-90.02154088
Synthetic OLS-LAD,0.2,16,2,10.17,143.2146534,153.3846534
Synthetic OLS-LAD,0.2,16,11,11.26,-67.15374214,-55.89374214
Synthetic OLS-LAD,0.2,16,17,10.35,-76.04211231,-65.69211231
Synthetic OLS-LAD,0.2,16,24,20.63,-21.06908141,-0.4390814125
Synthetic OLS-LAD,0.2,16,27,24.79,-16.2963425,8.493657495
Synthetic OLS-LAD,0.2,16,28,11.56,6.67450259,18.23450259
Synthetic OLS-LAD,0.2,16,40,18.56,-81.85671186,-63.29671186
Synthetic OLS-LAD,0.2,16,41,34.2,117.335078,151.535078
Synthetic OLS-LAD,0.2,16,48,27.06,105.8344375,132.8944375
Synthetic OLS-LAD,0.2,16,63,33.34,-4.281278227,29.05872177
Synthetic OLS-LAD,0.2,16,67,36.22,346.5998999,382.8198999
Synthetic OLS-LAD,0.2,16,68,33.97,-357.9625209,-323.9925209
Synthetic OLS-LAD,0.2,16,69,31.76,209.3229834,241.0829834
Synthetic OLS-LAD,0.2,16,72,41.36,104.1304407,145.4904407
Synthetic OLS-LAD,0.2,16,78,39.18,61.63004011,100.8100401
Synthetic OLS-LAD,0.2,16,79,43.25,-31.43017407,11.81982593
Synthetic OLS-LAD,0.2,17,3,10.02,-480.5355542,-470.5155542
Synthetic OLS-LAD,0.2,17,4,11.12,-230.632817,-219.512817
Synthetic OLS-LAD,0.2,17,6,8.36,-34.16943322,-25.80943322
Synthetic OLS-LAD,0.2,17,7,6.01,-189.0980621,-183.0880621
Synthetic OLS-LAD,0.2,17,8,11.59,-193.8227991,-182.2327991
Synthetic OLS-LAD,0.2,17,12,7.2,272.5848635,279.7848635
Synthetic OLS-LAD,0.2,17,25,12.28,-63.1921407,-50.9121407
Synthetic OLS-LAD,0.2,17,33,21.33,68.14852195,89.47852195
Synthetic OLS-LAD,0.2,17,43,20.31,-97.57616454,-77.26616454
Synthetic OLS-LAD,0.2,17,50,28.38,-78.8529485,-50.4729485
Synthetic OLS-LAD,0.2,17,53,29.07,-110.2489527,-81.17895267
Synthetic OLS-LAD,0.2,17,57,35.96,-177.104139,-141.144139
Synthetic OLS-LAD,0.2,17,63,33.34,165.7562919,199.0962919
Synthetic OLS-LAD,0.2,17,68,33.97,145.8055875,179.7755875
Synthetic OLS-LAD,0.2,17,72,41.36,12.08344596,53.44344596
Synthetic OLS-LAD,0.2,17,74,35.59,40.58779406,76.17779406
Synthetic OLS-LAD,0.2,18,4,11.12,81.29763688,92.41763688
Synthetic OLS-LAD,0.2,18,12,7.2,57.45855776,64.65855776
Synthetic OLS-LAD,0.2,18,14,10.38,-22.75530999,-12.37530999
Synthetic OLS-LAD,0.2,18,16,14.41,130.8263582,145.2363582
Synthetic OLS-LAD,0.2,18,20,24.36,-159.4710271,-135.1110271
Synthetic OLS-LAD,0.2,18,21,11.39,-365.8833686,-354.4933686
Synthetic OLS-LAD,0.2,18,25,12.28,-241.946552,-229.666552
Synthetic OLS-LAD,0.2,18,27,24.79,-197.8812136,-173.0912136
Synthetic OLS-LAD,0.2,18,37,24.37,-175.2243736,-150.8543736
Synthetic OLS-LAD,0.2,18,40,18.56,-362.7277411,-344.1677411
Synthetic OLS-LAD,0.2,18,58,28.63,227.3785708,256.0085708
Synthetic OLS-LAD,0.2,18,63,33.34,-121.4233917,-88.08339167
Synthetic OLS-LAD,0.2,18,72,41.36,-179.4628867,-138.1028867
Synthetic OLS-LAD,0.2,18,75,40.05,-245.8991201,-205.8491201
Synthetic OLS-LAD,0.2,18,79,43.25,-162.9899785,-119.7399785
Synthetic OLS-LAD,0.2,18,80,37.79,129.3031794,167.0931794
Synthetic OLS-LAD,0.2,19,2,10.17,-23.88602949,-13.71602949
Synthetic OLS-LAD,0.2,19,9,9.22,9.56295138,18.78295138
Synthetic OLS-LAD,0.2,19,11,11.26,-122.4349351,-111.1749351
Synthetic OLS-LAD,0.2,19,12,7.2,53.57626584,60.77626584
Synthetic OLS-LAD,0.2,19,24,20.63,13.30775962,33.93775962
Synthetic OLS-LAD,0.2,19,28,11.56,-8.413788068,3.146211932
Synthetic OLS-LAD,0.2,19,39,14.44,-117.7472861,-103.3072861
Synthetic OLS-LAD,0.2,19,43,20.31,-60.95572568,-40.64572568
Synthetic OLS-LAD,0.2,19,44,26.15,60.24784788,86.39784788
Synthetic OLS-LAD,0.2,19,45,27.18,39.70392572,66.88392572
Synthetic OLS-LAD,0.2,19,46,31.45,71.93221574,103.3822157
Synthetic OLS-LAD,0.2,19,50,28.38,-92.95714581,-64.57714581
Synthetic OLS-LAD,0.2,19,58,28.63,-226.6130779,-197.9830779
Synthetic OLS-LAD,0.2,19,59,22.71,-110.6098206,-87.89982056
Synthetic OLS-LAD,0.2,19,64,30.57,39.66598654,70.23598654
Synthetic OLS-LAD,0.2,19,67,36.22,285.0925652,321.3125652
Synthetic OLS-LAD,0.2,20,8,11.59,-27.61846833,-16.02846833
Synthetic OLS-LAD,0.2,20,10,15.69,-125.7543721,-110.0643721
Synthetic OLS-LAD,0.2,20,18,5.82,-37.31971662,-31.49971662
Synthetic OLS-LAD,0.2,20,23,11.11,56.33312964,67.44312964
Synthetic OLS-LAD,0.2,20,24,20.63,68.3560687,88.9860687
Synthetic OLS-LAD,0.2,20,33,21.33,-328.2569376,-306.9269376
Synthetic OLS-LAD,0.2,20,37,24.37,-172.2586795,-147.8886795
Synthetic OLS-LAD,0.2,20,43,20.31,497.9617177,518.2717177
Synthetic OLS-LAD,0.2,20,47,23.87,87.62111785,111.4911178
Synthetic OLS-LAD,0.2,20,53,29.07,106.8112747,135.8812747
Synthetic OLS-LAD,0.2,20,55,27.57,159.5933535,187.1633535
Synthetic OLS-LAD,0.2,20,66,31.29,193.4380549,224.7280549
Synthetic OLS-LAD,0.2,20,67,36.22,-211.2686417,-175.0486417
Synthetic OLS-LAD,0.2,20,70,39.29,51.9413463,91.2313463
Synthetic OLS-LAD,0.2,20,71,29.08,-151.7670839,-122.6870839
Synthetic OLS-LAD,0.2,20,78,39.18,-21.71677901,17.46322099
Synthetic OLS-LAD,0.2,21,12,7.2,-27.14760866,-19.94760866
Synthetic OLS-LAD,0.2,21,21,11.39,189.6249397,201.0149397
Synthetic OLS-LAD,0.2,21,23,11.11,-193.2557654,-182.1457654
Synthetic OLS-LAD,0.2,21,25,12.28,104.688277,116.968277
Synthetic OLS-LAD,0.2,21,27,24.79,102.111013,126.901013
Synthetic OLS-LAD,0.2,21,32,15.93,-50.14894206,-34.21894206
Synthetic OLS-LAD,0.2,21,33,21.33,236.9240033,258.2540033
Synthetic OLS-LAD,0.2,21,34,26.09,88.83150752,114.9215075
Synthetic OLS-LAD,0.2,21,40,18.56,-187.5685899,-169.0085899
Synthetic OLS-LAD,0.2,21,50,28.38,-317.2235157,-288.8435157
Synthetic OLS-LAD,0.2,21,52,30.89,204.2648312,235.1548312
Synthetic OLS-LAD,0.2,21,53,29.07,-6.309391632,22.76060837
Synthetic OLS-LAD,0.2,21,69,31.76,264.607359,296.367359
Synthetic OLS-LAD,0.2,21,75,40.05,-187.6708299,-147.6208299
Synthetic OLS-LAD,0.2,21,77,34.19,3.219698137,37.40969814
Synthetic OLS-LAD,0.2,21,78,39.18,-85.82075986,-46.64075986
Synthetic OLS-LAD,0.2,22,6,8.36,352.1982014,360.5582014
Synthetic OLS-LAD,0.2,22,9,9.22,-374.5960308,-365.3760308
Synthetic OLS-LAD,0.2,22,14,10.38,41.59231095,51.97231095
Synthetic OLS-LAD,0.2,22,20,24.36,-32.96147416,-8.601474165
Synthetic OLS-LAD,0.2,22,24,20.63,-265.5395062,-244.9095062
Synthetic OLS-LAD,0.2,22,25,12.28,-195.443914,-183.163914
Synthetic OLS-LAD,0.2,22,32,15.93,-64.23264369,-48.30264369
Synthetic OLS-LAD,0.2,22,38,20.08,-122.1505086,-102.0705086
Synthetic OLS-LAD,0.2,22,39,14.44,-158.4726322,-144.0326322
Synthetic OLS-LAD,0.2,22,44,26.15,292.2373152,318.3873152
Synthetic OLS-LAD,0.2,22,51,27.82,-39.51115067,-11.69115067
Synthetic OLS-LAD,0.2,22,55,27.57,-133.9553093,-106.3853093
Synthetic OLS-LAD,0.2,22,58,28.63,-237.5823386,-208.9523386
Synthetic OLS-LAD,0.2,22,59,22.71,72.46792601,95.17792601
Synthetic OLS-LAD,0.2,22,68,33.97,-39.54323766,-5.573237664
Synthetic OLS-LAD,0.2,22,75,40.05,110.4099423,150.4599423
Synthetic OLS-LAD,0.2,23,3,10.02,153.4071834,163.4271834
Synthetic OLS-LAD,0.2,23,7,6.01,-39.61805706,-33.60805706
Synthetic OLS-LAD,0.2,23,10,15.69,-88.02863379,-72.33863379
Synthetic OLS-LAD,0.2,23,13,16.57,-217.9868873,-201.4168873
Synthetic OLS-LAD,0.2,23,15,10.74,220.0366639,230.7766639
Synthetic OLS-LAD,0.2,23,23,11.11,-54.258447,-43.148447
Synthetic OLS-LAD,0.2,23,28,11.56,-39.3794964,-27.8194964
Synthetic OLS-LAD,0.2,23,29,17.89,168.940619,186.830619
Synthetic OLS-LAD,0.2,23,35,21.9,73.5745566,95.4745566
Synthetic OLS-LAD,0.2,23,38,20.08,-370.2128975,-350.1328975
Synthetic OLS-LAD,0.2,23,43,20.31,-170.4173318,-150.1073318
Synthetic OLS-LAD,0.2,23,45,27.18,-253.2978177,-226.1178177
Synthetic OLS-LAD,0.2,23,52,30.89,-146.5088101,-115.6188101
Synthetic OLS-LAD,0.2,23,65,32.34,-38.83100641,-6.491006406
Synthetic OLS-LAD,0.2,23,67,36.22,-440.3419745,-404.1219745
Synthetic OLS-LAD,0.2,23,77,34.19,-85.53232475,-51.34232475
Synthetic OLS-LAD,0.2,24,1,9.37,154.3588429,163.7288429
Synthetic OLS-LAD,0.2,24,8,11.59,-49.37082771,-37.78082771
Synthetic OLS-LAD,0.2,24,11,11.26,-175.5318923,-164.2718923
Synthetic OLS-LAD,0.2,24,12,7.2,-218.8716661,-211.6716661
Synthetic OLS-LAD,0.2,24,16,14.41,-122.3193677,-107.9093677
Synthetic OLS-LAD,0.2,24,21,11.39,86.53173862,97.92173862
Synthetic OLS-LAD,0.2,24,22,11.26,64.3702098,75.6302098
Synthetic OLS-LAD,0.2,24,39,14.44,195.1816592,209.6216592
Synthetic OLS-LAD,0.2,24,40,18.56,161.2282073,179.7882073
Synthetic OLS-LAD,0.2,24,44,26.15,-73.00166297,-46.85166297
Synthetic OLS-LAD,0.2,24,45,27.18,363.2947065,390.4747065
Synthetic OLS-LAD,0.2,24,53,29.07,79.05519738,108.1251974
Synthetic OLS-LAD,0.2,24,58,28.63,353.383977,382.013977
Synthetic OLS-LAD,0.2,24,59,22.71,171.5233133,194.2333133
Synthetic OLS-LAD,0.2,24,78,39.18,10.60264273,49.78264273
Synthetic OLS-LAD,0.2,24,79,43.25,-168.821558,-125.571558
Synthetic OLS-LAD,0.2,25,2,10.17,168.3634435,178.5334435
Synthetic OLS-LAD,0.2,25,6,8.36,-238.330931,-229.970931
Synthetic OLS-LAD,0.2,25,18,5.82,13.7848582,19.6048582
Synthetic OLS-LAD,0.2,25,19,14.98,-359.8458608,-344.8658608
Synthetic OLS-LAD,0.2,25,21,11.39,35.15621799,46.54621799
Synthetic OLS-LAD,0.2,25,23,11.11,82.40637339,93.51637339
Synthetic OLS-LAD,0.2,25,25,12.28,-15.97094876,-3.69094876
Synthetic OLS-LAD,0.2,25,27,24.79,1.687361786,26.47736179
Synthetic OLS-LAD,0.2,25,32,15.93,267.6816192,283.6116192
Synthetic OLS-LAD,0.2,25,38,20.08,237.3748365,257.4548365
Synthetic OLS-LAD,0.2,25,41,34.2,98.6931423,132.8931423
Synthetic OLS-LAD,0.2,25,60,29.68,126.6069461,156.2869461
Synthetic OLS-LAD,0.2,25,61,37.1,80.08485346,117.1848535
Synthetic OLS-LAD,0.2,25,64,30.57,-616.344343,-585.774343
Synthetic OLS-LAD,0.2,25,67,36.22,230.1926682,266.4126682
Synthetic OLS-LAD,0.2,25,75,40.05,-197.4344085,-157.3844085
Synthetic OLS-LAD,0.2,26,2,10.17,353.0009695,363.1709695
Synthetic OLS-LAD,0.2,26,3,10.02,307.0063956,317.0263956
Synthetic OLS-LAD,0.2,26,5,6.23,-192.4335089,-186.2035089
Synthetic OLS-LAD,0.2,26,12,7.2,140.3146021,147.5146021
Synthetic OLS-LAD,0.2,26,18,5.82,-137.9154609,-132.0954609
Synthetic OLS-LAD,0.2,26,20,24.36,-155.6959659,-131.3359659
Synthetic OLS-LAD,0.2,26,25,12.28,191.4829854,203.7629854
Synthetic OLS-LAD,0.2,26,26,14.23,50.67339514,64.90339514
Synthetic OLS-LAD,0.2,26,33,21.33,1.48745093,22.81745093
Synthetic OLS-LAD,0.2,26,36,18.57,-58.90407659,-40.33407659
Synthetic OLS-LAD,0.2,26,50,28.38,-270.5914609,-242.2114609
Synthetic OLS-LAD,0.2,26,57,35.96,196.7069607,232.6669607
Synthetic OLS-LAD,0.2,26,61,37.1,8.666193862,45.76619386
Synthetic OLS-LAD,0.2,26,63,33.34,-259.6631567,-226.3231567
Synthetic OLS-LAD,0.2,26,72,41.36,-11.07452428,30.28547572
Synthetic OLS-LAD,0.2,26,73,32.54,-149.637035,-117.097035
Synthetic OLS-LAD,0.2,27,3,10.02,54.29777908,64.31777908
Synthetic OLS-LAD,0.2,27,6,8.36,241.364638,249.724638
Synthetic OLS-LAD,0.2,27,7,6.01,-402.3422336,-396.3322336
Synthetic OLS-LAD,0.2,27,10,15.69,240.0746926,255.7646926
Synthetic OLS-LAD,0.2,27,11,11.26,-194.0111858,-182.7511858
Synthetic OLS-LAD,0.2,27,18,5.82,-331.3170618,-325.4970618
Synthetic OLS-LAD,0.2,27,28,11.56,35.01766528,46.57766528
Synthetic OLS-LAD,0.2,27,31,19.79,124.4077457,144.1977457
Synthetic OLS-LAD,0.2,27,43,20.31,-139.065723,-118.755723
Synthetic OLS-LAD,0.2,27,52,30.89,155.3013384,186.1913384
Synthetic OLS-LAD,0.2,27,61,37.1,-201.6369461,-164.5369461
Synthetic OLS-LAD,0.2,27,68,33.97,122.0739156,156.0439156
Synthetic OLS-LAD,0.2,27,70,39.29,280.4922325,319.7822325
Synthetic OLS-LAD,0.2,27,73,32.54,242.6278234,275.1678234
Synthetic OLS-LAD,0.2,27,75,40.05,31.52776492,71.57776492
Synthetic OLS-LAD,0.2,27,77,34.19,157.6077205,191.7977205
Synthetic OLS-LAD,0.2,28,1,9.37,13.12155492,22.49155492
Synthetic OLS-LAD,0.2,28,5,6.23,39.29410058,45.52410058
Synthetic OLS-LAD,0.2,28,7,6.01,-14.64684878,-8.636848776
Synthetic OLS-LAD,0.2,28,16,14.41,20.22427344,34.63427344
Synthetic OLS-LAD,0.2,28,17,10.35,97.07705801,107.427058
Synthetic OLS-LAD,0.2,28,18,5.82,-168.8025125,-162.9825125
Synthetic OLS-LAD,0.2,28,23,11.11,-81.21599042,-70.10599042
Synthetic OLS-LAD,0.2,28,27,24.79,408.0234267,432.8134267
Synthetic OLS-LAD,0.2,28,35,21.9,-43.73863804,-21.83863804
Synthetic OLS-LAD,0.2,28,36,18.57,-24.12432873,-5.554328728
Synthetic OLS-LAD,0.2,28,42,27.72,123.2593993,150.9793993
Synthetic OLS-LAD,0.2,28,64,30.57,-86.06515227,-55.49515227
Synthetic OLS-LAD,0.2,28,69,31.76,-164.5452063,-132.7852063
Synthetic OLS-LAD,0.2,28,70,39.29,-57.82593608,-18.53593608
Synthetic OLS-LAD,0.2,28,71,29.08,-225.510842,-196.430842
Synthetic OLS-LAD,0.2,28,73,32.54,25.76440529,58.30440529
Synthetic OLS-LAD,0.2,29,3,10.02,107.0738534,117.0938534
Synthetic OLS-LAD,0.2,29,5,6.23,-138.3541044,-132.1241044
Synthetic OLS-LAD,0.2,29,19,14.98,29.83194548,44.81194548
Synthetic OLS-LAD,0.2,29,27,24.79,287.9909962,312.7809962
Synthetic OLS-LAD,0.2,29,29,17.89,249.2352774,267.1252774
Synthetic OLS-LAD,0.2,29,32,15.93,0.3215033741,16.25150337
Synthetic OLS-LAD,0.2,29,41,34.2,206.5573041,240.7573041
Synthetic OLS-LAD,0.2,29,43,20.31,11.95285196,32.26285196
Synthetic OLS-LAD,0.2,29,47,23.87,-261.0283747,-237.1583747
Synthetic OLS-LAD,0.2,29,59,22.71,-273.3790609,-250.6690609
Synthetic OLS-LAD,0.2,29,65,32.34,-65.43245398,-33.09245398
Synthetic OLS-LAD,0.2,29,66,31.29,-72.40649763,-41.11649763
Synthetic OLS-LAD,0.2,29,69,31.76,-53.94310485,-22.18310485
Synthetic OLS-LAD,0.2,29,71,29.08,83.53510485,112.6151048
Synthetic OLS-LAD,0.2,29,75,40.05,-102.422313,-62.37231305
Synthetic OLS-LAD,0.2,29,80,37.79,-147.3093142,-109.5193142
Synthetic OLS-LAD,0.2,30,2,10.17,-182.8642587,-172.6942587
Synthetic OLS-LAD,0.2,30,11,11.26,49.71251267,60.97251267
Synthetic OLS-LAD,0.2,30,14,10.38,29.28194933,39.66194933
Synthetic OLS-LAD,0.2,30,15,10.74,-50.79476673,-40.05476673
Synthetic OLS-LAD,0.2,30,20,24.36,-289.6807706,-265.3207706
Synthetic OLS-LAD,0.2,30,34,26.09,153.8807014,179.9707014
Synthetic OLS-LAD,0.2,30,35,21.9,123.5147122,145.4147122
Synthetic OLS-LAD,0.2,30,36,18.57,-272.2122632,-253.6422632
Synthetic OLS-LAD,0.2,30,39,14.44,120.9046639,135.3446639
Synthetic OLS-LAD,0.2,30,40,18.56,430.3990128,448.9590128
Synthetic OLS-LAD,0.2,30,42,27.72,1.321905503,29.0419055
Synthetic OLS-LAD,0.2,30,43,20.31,103.5687185,123.8787185
Synthetic OLS-LAD,0.2,30,44,26.15,61.32809832,87.47809832
Synthetic OLS-LAD,0.2,30,52,30.89,104.2380328,135.1280328
Synthetic OLS-LAD,0.2,30,71,29.08,-13.90187263,15.17812737
Synthetic OLS-LAD,0.2,30,75,40.05,-42.62761931,-2.577619315
