Dataset,Model,ContaminationRate,Repetition,Term,Estimate,CleanReferenceEstimate,EstimateShift,RobustStandardizedEstimate,CleanRobustStandardizedEstimate
Boston Housing,OLS,0,1,Intercept,25.76502072,25.76502072,0,,
Boston Housing,OLS,0,1,CRIM,-0.3981416199,-0.3981416199,0,-0.2168815888,-0.2168815888
Boston Housing,OLS,0,1,ZN,-0.01028855598,-0.01028855598,0,-0.00149109507,-0.00149109507
Boston Housing,OLS,0,1,INDUS,-0.08386181448,-0.08386181448,0,-0.1487635666,-0.1487635666
Boston Housing,OLS,0,1,CHAS,2.009809016,2.009809016,0,0.291276669,0.291276669
Boston Housing,OLS,0,1,NOX,-14.50118331,-14.50118331,0,-0.3026333908,-0.3026333908
Boston Housing,OLS,0,1,RM,4.782367,4.782367,0,0.4234820633,0.4234820633
Boston Housing,OLS,0,1,AGE,-0.02203910644,-0.02203910644,0,-0.1453303396,-0.1453303396
Boston Housing,OLS,0,1,DIS,-0.979784906,-0.979784906,0,-0.3467302585,-0.3467302585
Boston Housing,OLS,0,1,RAD,0.2896341815,0.2896341815,0,0.8395193667,0.8395193667
Boston Housing,OLS,0,1,TAX,-0.0102149664,-0.0102149664,0,-0.565524227,-0.565524227
Boston Housing,OLS,0,1,PTRATIO,-0.7292660368,-0.7292660368,0,-0.2536577519,-0.2536577519
Boston Housing,OLS,0,1,LSTAT,-0.3438291921,-0.3438291921,0,-0.4479745561,-0.4479745561
Boston Housing,LAD,0,1,Intercept,19.99811558,19.99811558,0,,
Boston Housing,LAD,0,1,CRIM,-0.5296923671,-0.5296923671,0,-0.2885418564,-0.2885418564
Boston Housing,LAD,0,1,ZN,0.01126306491,0.01126306491,0,0.001632328248,0.001632328248
Boston Housing,LAD,0,1,INDUS,-0.06155568763,-0.06155568763,0,-0.1091944372,-0.1091944372
Boston Housing,LAD,0,1,CHAS,2.310981356,2.310981356,0,0.3349248342,0.3349248342
Boston Housing,LAD,0,1,NOX,-9.575947657,-9.575947657,0,-0.1998458642,-0.1998458642
Boston Housing,LAD,0,1,RM,4.976903745,4.976903745,0,0.4407084331,0.4407084331
Boston Housing,LAD,0,1,AGE,-0.02865206404,-0.02865206404,0,-0.1889375237,-0.1889375237
Boston Housing,LAD,0,1,DIS,-0.9501396515,-0.9501396515,0,-0.3362392755,-0.3362392755
Boston Housing,LAD,0,1,RAD,0.2509050572,0.2509050572,0,0.7272610354,0.7272610354
Boston Housing,LAD,0,1,TAX,-0.00724174151,-0.00724174151,0,-0.4009196025,-0.4009196025
Boston Housing,LAD,0,1,PTRATIO,-0.7035817153,-0.7035817153,0,-0.2447240749,-0.2447240749
Boston Housing,LAD,0,1,LSTAT,-0.3016570272,-0.3016570272,0,-0.3930285035,-0.3930285035
Boston Housing,OLS,0,2,Intercept,25.76502072,25.76502072,0,,
Boston Housing,OLS,0,2,CRIM,-0.3981416199,-0.3981416199,0,-0.2168815888,-0.2168815888
Boston Housing,OLS,0,2,ZN,-0.01028855598,-0.01028855598,0,-0.00149109507,-0.00149109507
Boston Housing,OLS,0,2,INDUS,-0.08386181448,-0.08386181448,0,-0.1487635666,-0.1487635666
Boston Housing,OLS,0,2,CHAS,2.009809016,2.009809016,0,0.291276669,0.291276669
Boston Housing,OLS,0,2,NOX,-14.50118331,-14.50118331,0,-0.3026333908,-0.3026333908
Boston Housing,OLS,0,2,RM,4.782367,4.782367,0,0.4234820633,0.4234820633
Boston Housing,OLS,0,2,AGE,-0.02203910644,-0.02203910644,0,-0.1453303396,-0.1453303396
Boston Housing,OLS,0,2,DIS,-0.979784906,-0.979784906,0,-0.3467302585,-0.3467302585
Boston Housing,OLS,0,2,RAD,0.2896341815,0.2896341815,0,0.8395193667,0.8395193667
Boston Housing,OLS,0,2,TAX,-0.0102149664,-0.0102149664,0,-0.565524227,-0.565524227
Boston Housing,OLS,0,2,PTRATIO,-0.7292660368,-0.7292660368,0,-0.2536577519,-0.2536577519
Boston Housing,OLS,0,2,LSTAT,-0.3438291921,-0.3438291921,0,-0.4479745561,-0.4479745561
Boston Housing,LAD,0,2,Intercept,19.99811558,19.99811558,0,,
Boston Housing,LAD,0,2,CRIM,-0.5296923671,-0.5296923671,0,-0.2885418564,-0.2885418564
Boston Housing,LAD,0,2,ZN,0.01126306491,0.01126306491,0,0.001632328248,0.001632328248
Boston Housing,LAD,0,2,INDUS,-0.06155568763,-0.06155568763,0,-0.1091944372,-0.1091944372
Boston Housing,LAD,0,2,CHAS,2.310981356,2.310981356,0,0.3349248342,0.3349248342
Boston Housing,LAD,0,2,NOX,-9.575947657,-9.575947657,0,-0.1998458642,-0.1998458642
Boston Housing,LAD,0,2,RM,4.976903745,4.976903745,0,0.4407084331,0.4407084331
Boston Housing,LAD,0,2,AGE,-0.02865206404,-0.02865206404,0,-0.1889375237,-0.1889375237
Boston Housing,LAD,0,2,DIS,-0.9501396515,-0.9501396515,0,-0.3362392755,-0.3362392755
Boston Housing,LAD,0,2,RAD,0.2509050572,0.2509050572,0,0.7272610354,0.7272610354
Boston Housing,LAD,0,2,TAX,-0.00724174151,-0.00724174151,0,-0.4009196025,-0.4009196025
Boston Housing,LAD,0,2,PTRATIO,-0.7035817153,-0.7035817153,0,-0.2447240749,-0.2447240749
Boston Housing,LAD,0,2,LSTAT,-0.3016570272,-0.3016570272,0,-0.3930285035,-0.3930285035
Boston Housing,OLS,0,3,Intercept,25.76502072,25.76502072,0,,
Boston Housing,OLS,0,3,CRIM,-0.3981416199,-0.3981416199,0,-0.2168815888,-0.2168815888
Boston Housing,OLS,0,3,ZN,-0.01028855598,-0.01028855598,0,-0.00149109507,-0.00149109507
Boston Housing,OLS,0,3,INDUS,-0.08386181448,-0.08386181448,0,-0.1487635666,-0.1487635666
Boston Housing,OLS,0,3,CHAS,2.009809016,2.009809016,0,0.291276669,0.291276669
Boston Housing,OLS,0,3,NOX,-14.50118331,-14.50118331,0,-0.3026333908,-0.3026333908
Boston Housing,OLS,0,3,RM,4.782367,4.782367,0,0.4234820633,0.4234820633
Boston Housing,OLS,0,3,AGE,-0.02203910644,-0.02203910644,0,-0.1453303396,-0.1453303396
Boston Housing,OLS,0,3,DIS,-0.979784906,-0.979784906,0,-0.3467302585,-0.3467302585
Boston Housing,OLS,0,3,RAD,0.2896341815,0.2896341815,0,0.8395193667,0.8395193667
Boston Housing,OLS,0,3,TAX,-0.0102149664,-0.0102149664,0,-0.565524227,-0.565524227
Boston Housing,OLS,0,3,PTRATIO,-0.7292660368,-0.7292660368,0,-0.2536577519,-0.2536577519
Boston Housing,OLS,0,3,LSTAT,-0.3438291921,-0.3438291921,0,-0.4479745561,-0.4479745561
Boston Housing,LAD,0,3,Intercept,19.99811558,19.99811558,0,,
Boston Housing,LAD,0,3,CRIM,-0.5296923671,-0.5296923671,0,-0.2885418564,-0.2885418564
Boston Housing,LAD,0,3,ZN,0.01126306491,0.01126306491,0,0.001632328248,0.001632328248
Boston Housing,LAD,0,3,INDUS,-0.06155568763,-0.06155568763,0,-0.1091944372,-0.1091944372
Boston Housing,LAD,0,3,CHAS,2.310981356,2.310981356,0,0.3349248342,0.3349248342
Boston Housing,LAD,0,3,NOX,-9.575947657,-9.575947657,0,-0.1998458642,-0.1998458642
Boston Housing,LAD,0,3,RM,4.976903745,4.976903745,0,0.4407084331,0.4407084331
Boston Housing,LAD,0,3,AGE,-0.02865206404,-0.02865206404,0,-0.1889375237,-0.1889375237
Boston Housing,LAD,0,3,DIS,-0.9501396515,-0.9501396515,0,-0.3362392755,-0.3362392755
Boston Housing,LAD,0,3,RAD,0.2509050572,0.2509050572,0,0.7272610354,0.7272610354
Boston Housing,LAD,0,3,TAX,-0.00724174151,-0.00724174151,0,-0.4009196025,-0.4009196025
Boston Housing,LAD,0,3,PTRATIO,-0.7035817153,-0.7035817153,0,-0.2447240749,-0.2447240749
Boston Housing,LAD,0,3,LSTAT,-0.3016570272,-0.3016570272,0,-0.3930285035,-0.3930285035
Boston Housing,OLS,0,4,Intercept,25.76502072,25.76502072,0,,
Boston Housing,OLS,0,4,CRIM,-0.3981416199,-0.3981416199,0,-0.2168815888,-0.2168815888
Boston Housing,OLS,0,4,ZN,-0.01028855598,-0.01028855598,0,-0.00149109507,-0.00149109507
Boston Housing,OLS,0,4,INDUS,-0.08386181448,-0.08386181448,0,-0.1487635666,-0.1487635666
Boston Housing,OLS,0,4,CHAS,2.009809016,2.009809016,0,0.291276669,0.291276669
Boston Housing,OLS,0,4,NOX,-14.50118331,-14.50118331,0,-0.3026333908,-0.3026333908
Boston Housing,OLS,0,4,RM,4.782367,4.782367,0,0.4234820633,0.4234820633
Boston Housing,OLS,0,4,AGE,-0.02203910644,-0.02203910644,0,-0.1453303396,-0.1453303396
Boston Housing,OLS,0,4,DIS,-0.979784906,-0.979784906,0,-0.3467302585,-0.3467302585
Boston Housing,OLS,0,4,RAD,0.2896341815,0.2896341815,0,0.8395193667,0.8395193667
Boston Housing,OLS,0,4,TAX,-0.0102149664,-0.0102149664,0,-0.565524227,-0.565524227
Boston Housing,OLS,0,4,PTRATIO,-0.7292660368,-0.7292660368,0,-0.2536577519,-0.2536577519
Boston Housing,OLS,0,4,LSTAT,-0.3438291921,-0.3438291921,0,-0.4479745561,-0.4479745561
Boston Housing,LAD,0,4,Intercept,19.99811558,19.99811558,0,,
Boston Housing,LAD,0,4,CRIM,-0.5296923671,-0.5296923671,0,-0.2885418564,-0.2885418564
Boston Housing,LAD,0,4,ZN,0.01126306491,0.01126306491,0,0.001632328248,0.001632328248
Boston Housing,LAD,0,4,INDUS,-0.06155568763,-0.06155568763,0,-0.1091944372,-0.1091944372
Boston Housing,LAD,0,4,CHAS,2.310981356,2.310981356,0,0.3349248342,0.3349248342
Boston Housing,LAD,0,4,NOX,-9.575947657,-9.575947657,0,-0.1998458642,-0.1998458642
Boston Housing,LAD,0,4,RM,4.976903745,4.976903745,0,0.4407084331,0.4407084331
Boston Housing,LAD,0,4,AGE,-0.02865206404,-0.02865206404,0,-0.1889375237,-0.1889375237
Boston Housing,LAD,0,4,DIS,-0.9501396515,-0.9501396515,0,-0.3362392755,-0.3362392755
Boston Housing,LAD,0,4,RAD,0.2509050572,0.2509050572,0,0.7272610354,0.7272610354
Boston Housing,LAD,0,4,TAX,-0.00724174151,-0.00724174151,0,-0.4009196025,-0.4009196025
Boston Housing,LAD,0,4,PTRATIO,-0.7035817153,-0.7035817153,0,-0.2447240749,-0.2447240749
Boston Housing,LAD,0,4,LSTAT,-0.3016570272,-0.3016570272,0,-0.3930285035,-0.3930285035
Boston Housing,OLS,0,5,Intercept,25.76502072,25.76502072,0,,
Boston Housing,OLS,0,5,CRIM,-0.3981416199,-0.3981416199,0,-0.2168815888,-0.2168815888
Boston Housing,OLS,0,5,ZN,-0.01028855598,-0.01028855598,0,-0.00149109507,-0.00149109507
Boston Housing,OLS,0,5,INDUS,-0.08386181448,-0.08386181448,0,-0.1487635666,-0.1487635666
Boston Housing,OLS,0,5,CHAS,2.009809016,2.009809016,0,0.291276669,0.291276669
Boston Housing,OLS,0,5,NOX,-14.50118331,-14.50118331,0,-0.3026333908,-0.3026333908
Boston Housing,OLS,0,5,RM,4.782367,4.782367,0,0.4234820633,0.4234820633
Boston Housing,OLS,0,5,AGE,-0.02203910644,-0.02203910644,0,-0.1453303396,-0.1453303396
Boston Housing,OLS,0,5,DIS,-0.979784906,-0.979784906,0,-0.3467302585,-0.3467302585
Boston Housing,OLS,0,5,RAD,0.2896341815,0.2896341815,0,0.8395193667,0.8395193667
Boston Housing,OLS,0,5,TAX,-0.0102149664,-0.0102149664,0,-0.565524227,-0.565524227
Boston Housing,OLS,0,5,PTRATIO,-0.7292660368,-0.7292660368,0,-0.2536577519,-0.2536577519
Boston Housing,OLS,0,5,LSTAT,-0.3438291921,-0.3438291921,0,-0.4479745561,-0.4479745561
Boston Housing,LAD,0,5,Intercept,19.99811558,19.99811558,0,,
Boston Housing,LAD,0,5,CRIM,-0.5296923671,-0.5296923671,0,-0.2885418564,-0.2885418564
Boston Housing,LAD,0,5,ZN,0.01126306491,0.01126306491,0,0.001632328248,0.001632328248
Boston Housing,LAD,0,5,INDUS,-0.06155568763,-0.06155568763,0,-0.1091944372,-0.1091944372
Boston Housing,LAD,0,5,CHAS,2.310981356,2.310981356,0,0.3349248342,0.3349248342
Boston Housing,LAD,0,5,NOX,-9.575947657,-9.575947657,0,-0.1998458642,-0.1998458642
Boston Housing,LAD,0,5,RM,4.976903745,4.976903745,0,0.4407084331,0.4407084331
Boston Housing,LAD,0,5,AGE,-0.02865206404,-0.02865206404,0,-0.1889375237,-0.1889375237
Boston Housing,LAD,0,5,DIS,-0.9501396515,-0.9501396515,0,-0.3362392755,-0.3362392755
Boston Housing,LAD,0,5,RAD,0.2509050572,0.2509050572,0,0.7272610354,0.7272610354
Boston Housing,LAD,0,5,TAX,-0.00724174151,-0.00724174151,0,-0.4009196025,-0.4009196025
Boston Housing,LAD,0,5,PTRATIO,-0.7035817153,-0.7035817153,0,-0.2447240749,-0.2447240749
Boston Housing,LAD,0,5,LSTAT,-0.3016570272,-0.3016570272,0,-0.3930285035,-0.3930285035
Boston Housing,OLS,0,6,Intercept,25.76502072,25.76502072,0,,
Boston Housing,OLS,0,6,CRIM,-0.3981416199,-0.3981416199,0,-0.2168815888,-0.2168815888
Boston Housing,OLS,0,6,ZN,-0.01028855598,-0.01028855598,0,-0.00149109507,-0.00149109507
Boston Housing,OLS,0,6,INDUS,-0.08386181448,-0.08386181448,0,-0.1487635666,-0.1487635666
Boston Housing,OLS,0,6,CHAS,2.009809016,2.009809016,0,0.291276669,0.291276669
Boston Housing,OLS,0,6,NOX,-14.50118331,-14.50118331,0,-0.3026333908,-0.3026333908
Boston Housing,OLS,0,6,RM,4.782367,4.782367,0,0.4234820633,0.4234820633
Boston Housing,OLS,0,6,AGE,-0.02203910644,-0.02203910644,0,-0.1453303396,-0.1453303396
Boston Housing,OLS,0,6,DIS,-0.979784906,-0.979784906,0,-0.3467302585,-0.3467302585
Boston Housing,OLS,0,6,RAD,0.2896341815,0.2896341815,0,0.8395193667,0.8395193667
Boston Housing,OLS,0,6,TAX,-0.0102149664,-0.0102149664,0,-0.565524227,-0.565524227
Boston Housing,OLS,0,6,PTRATIO,-0.7292660368,-0.7292660368,0,-0.2536577519,-0.2536577519
Boston Housing,OLS,0,6,LSTAT,-0.3438291921,-0.3438291921,0,-0.4479745561,-0.4479745561
Boston Housing,LAD,0,6,Intercept,19.99811558,19.99811558,0,,
Boston Housing,LAD,0,6,CRIM,-0.5296923671,-0.5296923671,0,-0.2885418564,-0.2885418564
Boston Housing,LAD,0,6,ZN,0.01126306491,0.01126306491,0,0.001632328248,0.001632328248
Boston Housing,LAD,0,6,INDUS,-0.06155568763,-0.06155568763,0,-0.1091944372,-0.1091944372
Boston Housing,LAD,0,6,CHAS,2.310981356,2.310981356,0,0.3349248342,0.3349248342
Boston Housing,LAD,0,6,NOX,-9.575947657,-9.575947657,0,-0.1998458642,-0.1998458642
Boston Housing,LAD,0,6,RM,4.976903745,4.976903745,0,0.4407084331,0.4407084331
Boston Housing,LAD,0,6,AGE,-0.02865206404,-0.02865206404,0,-0.1889375237,-0.1889375237
Boston Housing,LAD,0,6,DIS,-0.9501396515,-0.9501396515,0,-0.3362392755,-0.3362392755
Boston Housing,LAD,0,6,RAD,0.2509050572,0.2509050572,0,0.7272610354,0.7272610354
Boston Housing,LAD,0,6,TAX,-0.00724174151,-0.00724174151,0,-0.4009196025,-0.4009196025
Boston Housing,LAD,0,6,PTRATIO,-0.7035817153,-0.7035817153,0,-0.2447240749,-0.2447240749
Boston Housing,LAD,0,6,LSTAT,-0.3016570272,-0.3016570272,0,-0.3930285035,-0.3930285035
Boston Housing,OLS,0,7,Intercept,25.76502072,25.76502072,0,,
Boston Housing,OLS,0,7,CRIM,-0.3981416199,-0.3981416199,0,-0.2168815888,-0.2168815888
Boston Housing,OLS,0,7,ZN,-0.01028855598,-0.01028855598,0,-0.00149109507,-0.00149109507
Boston Housing,OLS,0,7,INDUS,-0.08386181448,-0.08386181448,0,-0.1487635666,-0.1487635666
Boston Housing,OLS,0,7,CHAS,2.009809016,2.009809016,0,0.291276669,0.291276669
Boston Housing,OLS,0,7,NOX,-14.50118331,-14.50118331,0,-0.3026333908,-0.3026333908
Boston Housing,OLS,0,7,RM,4.782367,4.782367,0,0.4234820633,0.4234820633
Boston Housing,OLS,0,7,AGE,-0.02203910644,-0.02203910644,0,-0.1453303396,-0.1453303396
Boston Housing,OLS,0,7,DIS,-0.979784906,-0.979784906,0,-0.3467302585,-0.3467302585
Boston Housing,OLS,0,7,RAD,0.2896341815,0.2896341815,0,0.8395193667,0.8395193667
Boston Housing,OLS,0,7,TAX,-0.0102149664,-0.0102149664,0,-0.565524227,-0.565524227
Boston Housing,OLS,0,7,PTRATIO,-0.7292660368,-0.7292660368,0,-0.2536577519,-0.2536577519
Boston Housing,OLS,0,7,LSTAT,-0.3438291921,-0.3438291921,0,-0.4479745561,-0.4479745561
Boston Housing,LAD,0,7,Intercept,19.99811558,19.99811558,0,,
Boston Housing,LAD,0,7,CRIM,-0.5296923671,-0.5296923671,0,-0.2885418564,-0.2885418564
Boston Housing,LAD,0,7,ZN,0.01126306491,0.01126306491,0,0.001632328248,0.001632328248
Boston Housing,LAD,0,7,INDUS,-0.06155568763,-0.06155568763,0,-0.1091944372,-0.1091944372
Boston Housing,LAD,0,7,CHAS,2.310981356,2.310981356,0,0.3349248342,0.3349248342
Boston Housing,LAD,0,7,NOX,-9.575947657,-9.575947657,0,-0.1998458642,-0.1998458642
Boston Housing,LAD,0,7,RM,4.976903745,4.976903745,0,0.4407084331,0.4407084331
Boston Housing,LAD,0,7,AGE,-0.02865206404,-0.02865206404,0,-0.1889375237,-0.1889375237
Boston Housing,LAD,0,7,DIS,-0.9501396515,-0.9501396515,0,-0.3362392755,-0.3362392755
Boston Housing,LAD,0,7,RAD,0.2509050572,0.2509050572,0,0.7272610354,0.7272610354
Boston Housing,LAD,0,7,TAX,-0.00724174151,-0.00724174151,0,-0.4009196025,-0.4009196025
Boston Housing,LAD,0,7,PTRATIO,-0.7035817153,-0.7035817153,0,-0.2447240749,-0.2447240749
Boston Housing,LAD,0,7,LSTAT,-0.3016570272,-0.3016570272,0,-0.3930285035,-0.3930285035
Boston Housing,OLS,0,8,Intercept,25.76502072,25.76502072,0,,
Boston Housing,OLS,0,8,CRIM,-0.3981416199,-0.3981416199,0,-0.2168815888,-0.2168815888
Boston Housing,OLS,0,8,ZN,-0.01028855598,-0.01028855598,0,-0.00149109507,-0.00149109507
Boston Housing,OLS,0,8,INDUS,-0.08386181448,-0.08386181448,0,-0.1487635666,-0.1487635666
Boston Housing,OLS,0,8,CHAS,2.009809016,2.009809016,0,0.291276669,0.291276669
Boston Housing,OLS,0,8,NOX,-14.50118331,-14.50118331,0,-0.3026333908,-0.3026333908
Boston Housing,OLS,0,8,RM,4.782367,4.782367,0,0.4234820633,0.4234820633
Boston Housing,OLS,0,8,AGE,-0.02203910644,-0.02203910644,0,-0.1453303396,-0.1453303396
Boston Housing,OLS,0,8,DIS,-0.979784906,-0.979784906,0,-0.3467302585,-0.3467302585
Boston Housing,OLS,0,8,RAD,0.2896341815,0.2896341815,0,0.8395193667,0.8395193667
Boston Housing,OLS,0,8,TAX,-0.0102149664,-0.0102149664,0,-0.565524227,-0.565524227
Boston Housing,OLS,0,8,PTRATIO,-0.7292660368,-0.7292660368,0,-0.2536577519,-0.2536577519
Boston Housing,OLS,0,8,LSTAT,-0.3438291921,-0.3438291921,0,-0.4479745561,-0.4479745561
Boston Housing,LAD,0,8,Intercept,19.99811558,19.99811558,0,,
Boston Housing,LAD,0,8,CRIM,-0.5296923671,-0.5296923671,0,-0.2885418564,-0.2885418564
Boston Housing,LAD,0,8,ZN,0.01126306491,0.01126306491,0,0.001632328248,0.001632328248
Boston Housing,LAD,0,8,INDUS,-0.06155568763,-0.06155568763,0,-0.1091944372,-0.1091944372
Boston Housing,LAD,0,8,CHAS,2.310981356,2.310981356,0,0.3349248342,0.3349248342
Boston Housing,LAD,0,8,NOX,-9.575947657,-9.575947657,0,-0.1998458642,-0.1998458642
Boston Housing,LAD,0,8,RM,4.976903745,4.976903745,0,0.4407084331,0.4407084331
Boston Housing,LAD,0,8,AGE,-0.02865206404,-0.02865206404,0,-0.1889375237,-0.1889375237
Boston Housing,LAD,0,8,DIS,-0.9501396515,-0.9501396515,0,-0.3362392755,-0.3362392755
Boston Housing,LAD,0,8,RAD,0.2509050572,0.2509050572,0,0.7272610354,0.7272610354
Boston Housing,LAD,0,8,TAX,-0.00724174151,-0.00724174151,0,-0.4009196025,-0.4009196025
Boston Housing,LAD,0,8,PTRATIO,-0.7035817153,-0.7035817153,0,-0.2447240749,-0.2447240749
Boston Housing,LAD,0,8,LSTAT,-0.3016570272,-0.3016570272,0,-0.3930285035,-0.3930285035
Boston Housing,OLS,0,9,Intercept,25.76502072,25.76502072,0,,
Boston Housing,OLS,0,9,CRIM,-0.3981416199,-0.3981416199,0,-0.2168815888,-0.2168815888
Boston Housing,OLS,0,9,ZN,-0.01028855598,-0.01028855598,0,-0.00149109507,-0.00149109507
Boston Housing,OLS,0,9,INDUS,-0.08386181448,-0.08386181448,0,-0.1487635666,-0.1487635666
Boston Housing,OLS,0,9,CHAS,2.009809016,2.009809016,0,0.291276669,0.291276669
Boston Housing,OLS,0,9,NOX,-14.50118331,-14.50118331,0,-0.3026333908,-0.3026333908
Boston Housing,OLS,0,9,RM,4.782367,4.782367,0,0.4234820633,0.4234820633
Boston Housing,OLS,0,9,AGE,-0.02203910644,-0.02203910644,0,-0.1453303396,-0.1453303396
Boston Housing,OLS,0,9,DIS,-0.979784906,-0.979784906,0,-0.3467302585,-0.3467302585
Boston Housing,OLS,0,9,RAD,0.2896341815,0.2896341815,0,0.8395193667,0.8395193667
Boston Housing,OLS,0,9,TAX,-0.0102149664,-0.0102149664,0,-0.565524227,-0.565524227
Boston Housing,OLS,0,9,PTRATIO,-0.7292660368,-0.7292660368,0,-0.2536577519,-0.2536577519
Boston Housing,OLS,0,9,LSTAT,-0.3438291921,-0.3438291921,0,-0.4479745561,-0.4479745561
Boston Housing,LAD,0,9,Intercept,19.99811558,19.99811558,0,,
Boston Housing,LAD,0,9,CRIM,-0.5296923671,-0.5296923671,0,-0.2885418564,-0.2885418564
Boston Housing,LAD,0,9,ZN,0.01126306491,0.01126306491,0,0.001632328248,0.001632328248
Boston Housing,LAD,0,9,INDUS,-0.06155568763,-0.06155568763,0,-0.1091944372,-0.1091944372
Boston Housing,LAD,0,9,CHAS,2.310981356,2.310981356,0,0.3349248342,0.3349248342
Boston Housing,LAD,0,9,NOX,-9.575947657,-9.575947657,0,-0.1998458642,-0.1998458642
Boston Housing,LAD,0,9,RM,4.976903745,4.976903745,0,0.4407084331,0.4407084331
Boston Housing,LAD,0,9,AGE,-0.02865206404,-0.02865206404,0,-0.1889375237,-0.1889375237
Boston Housing,LAD,0,9,DIS,-0.9501396515,-0.9501396515,0,-0.3362392755,-0.3362392755
Boston Housing,LAD,0,9,RAD,0.2509050572,0.2509050572,0,0.7272610354,0.7272610354
Boston Housing,LAD,0,9,TAX,-0.00724174151,-0.00724174151,0,-0.4009196025,-0.4009196025
Boston Housing,LAD,0,9,PTRATIO,-0.7035817153,-0.7035817153,0,-0.2447240749,-0.2447240749
Boston Housing,LAD,0,9,LSTAT,-0.3016570272,-0.3016570272,0,-0.3930285035,-0.3930285035
Boston Housing,OLS,0,10,Intercept,25.76502072,25.76502072,0,,
Boston Housing,OLS,0,10,CRIM,-0.3981416199,-0.3981416199,0,-0.2168815888,-0.2168815888
Boston Housing,OLS,0,10,ZN,-0.01028855598,-0.01028855598,0,-0.00149109507,-0.00149109507
Boston Housing,OLS,0,10,INDUS,-0.08386181448,-0.08386181448,0,-0.1487635666,-0.1487635666
Boston Housing,OLS,0,10,CHAS,2.009809016,2.009809016,0,0.291276669,0.291276669
Boston Housing,OLS,0,10,NOX,-14.50118331,-14.50118331,0,-0.3026333908,-0.3026333908
Boston Housing,OLS,0,10,RM,4.782367,4.782367,0,0.4234820633,0.4234820633
Boston Housing,OLS,0,10,AGE,-0.02203910644,-0.02203910644,0,-0.1453303396,-0.1453303396
Boston Housing,OLS,0,10,DIS,-0.979784906,-0.979784906,0,-0.3467302585,-0.3467302585
Boston Housing,OLS,0,10,RAD,0.2896341815,0.2896341815,0,0.8395193667,0.8395193667
Boston Housing,OLS,0,10,TAX,-0.0102149664,-0.0102149664,0,-0.565524227,-0.565524227
Boston Housing,OLS,0,10,PTRATIO,-0.7292660368,-0.7292660368,0,-0.2536577519,-0.2536577519
Boston Housing,OLS,0,10,LSTAT,-0.3438291921,-0.3438291921,0,-0.4479745561,-0.4479745561
Boston Housing,LAD,0,10,Intercept,19.99811558,19.99811558,0,,
Boston Housing,LAD,0,10,CRIM,-0.5296923671,-0.5296923671,0,-0.2885418564,-0.2885418564
Boston Housing,LAD,0,10,ZN,0.01126306491,0.01126306491,0,0.001632328248,0.001632328248
Boston Housing,LAD,0,10,INDUS,-0.06155568763,-0.06155568763,0,-0.1091944372,-0.1091944372
Boston Housing,LAD,0,10,CHAS,2.310981356,2.310981356,0,0.3349248342,0.3349248342
Boston Housing,LAD,0,10,NOX,-9.575947657,-9.575947657,0,-0.1998458642,-0.1998458642
Boston Housing,LAD,0,10,RM,4.976903745,4.976903745,0,0.4407084331,0.4407084331
Boston Housing,LAD,0,10,AGE,-0.02865206404,-0.02865206404,0,-0.1889375237,-0.1889375237
Boston Housing,LAD,0,10,DIS,-0.9501396515,-0.9501396515,0,-0.3362392755,-0.3362392755
Boston Housing,LAD,0,10,RAD,0.2509050572,0.2509050572,0,0.7272610354,0.7272610354
Boston Housing,LAD,0,10,TAX,-0.00724174151,-0.00724174151,0,-0.4009196025,-0.4009196025
Boston Housing,LAD,0,10,PTRATIO,-0.7035817153,-0.7035817153,0,-0.2447240749,-0.2447240749
Boston Housing,LAD,0,10,LSTAT,-0.3016570272,-0.3016570272,0,-0.3930285035,-0.3930285035
Boston Housing,OLS,0,11,Intercept,25.76502072,25.76502072,0,,
Boston Housing,OLS,0,11,CRIM,-0.3981416199,-0.3981416199,0,-0.2168815888,-0.2168815888
Boston Housing,OLS,0,11,ZN,-0.01028855598,-0.01028855598,0,-0.00149109507,-0.00149109507
Boston Housing,OLS,0,11,INDUS,-0.08386181448,-0.08386181448,0,-0.1487635666,-0.1487635666
Boston Housing,OLS,0,11,CHAS,2.009809016,2.009809016,0,0.291276669,0.291276669
Boston Housing,OLS,0,11,NOX,-14.50118331,-14.50118331,0,-0.3026333908,-0.3026333908
Boston Housing,OLS,0,11,RM,4.782367,4.782367,0,0.4234820633,0.4234820633
Boston Housing,OLS,0,11,AGE,-0.02203910644,-0.02203910644,0,-0.1453303396,-0.1453303396
Boston Housing,OLS,0,11,DIS,-0.979784906,-0.979784906,0,-0.3467302585,-0.3467302585
Boston Housing,OLS,0,11,RAD,0.2896341815,0.2896341815,0,0.8395193667,0.8395193667
Boston Housing,OLS,0,11,TAX,-0.0102149664,-0.0102149664,0,-0.565524227,-0.565524227
Boston Housing,OLS,0,11,PTRATIO,-0.7292660368,-0.7292660368,0,-0.2536577519,-0.2536577519
Boston Housing,OLS,0,11,LSTAT,-0.3438291921,-0.3438291921,0,-0.4479745561,-0.4479745561
Boston Housing,LAD,0,11,Intercept,19.99811558,19.99811558,0,,
Boston Housing,LAD,0,11,CRIM,-0.5296923671,-0.5296923671,0,-0.2885418564,-0.2885418564
Boston Housing,LAD,0,11,ZN,0.01126306491,0.01126306491,0,0.001632328248,0.001632328248
Boston Housing,LAD,0,11,INDUS,-0.06155568763,-0.06155568763,0,-0.1091944372,-0.1091944372
Boston Housing,LAD,0,11,CHAS,2.310981356,2.310981356,0,0.3349248342,0.3349248342
Boston Housing,LAD,0,11,NOX,-9.575947657,-9.575947657,0,-0.1998458642,-0.1998458642
Boston Housing,LAD,0,11,RM,4.976903745,4.976903745,0,0.4407084331,0.4407084331
Boston Housing,LAD,0,11,AGE,-0.02865206404,-0.02865206404,0,-0.1889375237,-0.1889375237
Boston Housing,LAD,0,11,DIS,-0.9501396515,-0.9501396515,0,-0.3362392755,-0.3362392755
Boston Housing,LAD,0,11,RAD,0.2509050572,0.2509050572,0,0.7272610354,0.7272610354
Boston Housing,LAD,0,11,TAX,-0.00724174151,-0.00724174151,0,-0.4009196025,-0.4009196025
Boston Housing,LAD,0,11,PTRATIO,-0.7035817153,-0.7035817153,0,-0.2447240749,-0.2447240749
Boston Housing,LAD,0,11,LSTAT,-0.3016570272,-0.3016570272,0,-0.3930285035,-0.3930285035
Boston Housing,OLS,0,12,Intercept,25.76502072,25.76502072,0,,
Boston Housing,OLS,0,12,CRIM,-0.3981416199,-0.3981416199,0,-0.2168815888,-0.2168815888
Boston Housing,OLS,0,12,ZN,-0.01028855598,-0.01028855598,0,-0.00149109507,-0.00149109507
Boston Housing,OLS,0,12,INDUS,-0.08386181448,-0.08386181448,0,-0.1487635666,-0.1487635666
Boston Housing,OLS,0,12,CHAS,2.009809016,2.009809016,0,0.291276669,0.291276669
Boston Housing,OLS,0,12,NOX,-14.50118331,-14.50118331,0,-0.3026333908,-0.3026333908
Boston Housing,OLS,0,12,RM,4.782367,4.782367,0,0.4234820633,0.4234820633
Boston Housing,OLS,0,12,AGE,-0.02203910644,-0.02203910644,0,-0.1453303396,-0.1453303396
Boston Housing,OLS,0,12,DIS,-0.979784906,-0.979784906,0,-0.3467302585,-0.3467302585
Boston Housing,OLS,0,12,RAD,0.2896341815,0.2896341815,0,0.8395193667,0.8395193667
Boston Housing,OLS,0,12,TAX,-0.0102149664,-0.0102149664,0,-0.565524227,-0.565524227
Boston Housing,OLS,0,12,PTRATIO,-0.7292660368,-0.7292660368,0,-0.2536577519,-0.2536577519
Boston Housing,OLS,0,12,LSTAT,-0.3438291921,-0.3438291921,0,-0.4479745561,-0.4479745561
Boston Housing,LAD,0,12,Intercept,19.99811558,19.99811558,0,,
Boston Housing,LAD,0,12,CRIM,-0.5296923671,-0.5296923671,0,-0.2885418564,-0.2885418564
Boston Housing,LAD,0,12,ZN,0.01126306491,0.01126306491,0,0.001632328248,0.001632328248
Boston Housing,LAD,0,12,INDUS,-0.06155568763,-0.06155568763,0,-0.1091944372,-0.1091944372
Boston Housing,LAD,0,12,CHAS,2.310981356,2.310981356,0,0.3349248342,0.3349248342
Boston Housing,LAD,0,12,NOX,-9.575947657,-9.575947657,0,-0.1998458642,-0.1998458642
Boston Housing,LAD,0,12,RM,4.976903745,4.976903745,0,0.4407084331,0.4407084331
Boston Housing,LAD,0,12,AGE,-0.02865206404,-0.02865206404,0,-0.1889375237,-0.1889375237
Boston Housing,LAD,0,12,DIS,-0.9501396515,-0.9501396515,0,-0.3362392755,-0.3362392755
Boston Housing,LAD,0,12,RAD,0.2509050572,0.2509050572,0,0.7272610354,0.7272610354
Boston Housing,LAD,0,12,TAX,-0.00724174151,-0.00724174151,0,-0.4009196025,-0.4009196025
Boston Housing,LAD,0,12,PTRATIO,-0.7035817153,-0.7035817153,0,-0.2447240749,-0.2447240749
Boston Housing,LAD,0,12,LSTAT,-0.3016570272,-0.3016570272,0,-0.3930285035,-0.3930285035
Boston Housing,OLS,0,13,Intercept,25.76502072,25.76502072,0,,
Boston Housing,OLS,0,13,CRIM,-0.3981416199,-0.3981416199,0,-0.2168815888,-0.2168815888
Boston Housing,OLS,0,13,ZN,-0.01028855598,-0.01028855598,0,-0.00149109507,-0.00149109507
Boston Housing,OLS,0,13,INDUS,-0.08386181448,-0.08386181448,0,-0.1487635666,-0.1487635666
Boston Housing,OLS,0,13,CHAS,2.009809016,2.009809016,0,0.291276669,0.291276669
Boston Housing,OLS,0,13,NOX,-14.50118331,-14.50118331,0,-0.3026333908,-0.3026333908
Boston Housing,OLS,0,13,RM,4.782367,4.782367,0,0.4234820633,0.4234820633
Boston Housing,OLS,0,13,AGE,-0.02203910644,-0.02203910644,0,-0.1453303396,-0.1453303396
Boston Housing,OLS,0,13,DIS,-0.979784906,-0.979784906,0,-0.3467302585,-0.3467302585
Boston Housing,OLS,0,13,RAD,0.2896341815,0.2896341815,0,0.8395193667,0.8395193667
Boston Housing,OLS,0,13,TAX,-0.0102149664,-0.0102149664,0,-0.565524227,-0.565524227
Boston Housing,OLS,0,13,PTRATIO,-0.7292660368,-0.7292660368,0,-0.2536577519,-0.2536577519
Boston Housing,OLS,0,13,LSTAT,-0.3438291921,-0.3438291921,0,-0.4479745561,-0.4479745561
Boston Housing,LAD,0,13,Intercept,19.99811558,19.99811558,0,,
Boston Housing,LAD,0,13,CRIM,-0.5296923671,-0.5296923671,0,-0.2885418564,-0.2885418564
Boston Housing,LAD,0,13,ZN,0.01126306491,0.01126306491,0,0.001632328248,0.001632328248
Boston Housing,LAD,0,13,INDUS,-0.06155568763,-0.06155568763,0,-0.1091944372,-0.1091944372
Boston Housing,LAD,0,13,CHAS,2.310981356,2.310981356,0,0.3349248342,0.3349248342
Boston Housing,LAD,0,13,NOX,-9.575947657,-9.575947657,0,-0.1998458642,-0.1998458642
Boston Housing,LAD,0,13,RM,4.976903745,4.976903745,0,0.4407084331,0.4407084331
Boston Housing,LAD,0,13,AGE,-0.02865206404,-0.02865206404,0,-0.1889375237,-0.1889375237
Boston Housing,LAD,0,13,DIS,-0.9501396515,-0.9501396515,0,-0.3362392755,-0.3362392755
Boston Housing,LAD,0,13,RAD,0.2509050572,0.2509050572,0,0.7272610354,0.7272610354
Boston Housing,LAD,0,13,TAX,-0.00724174151,-0.00724174151,0,-0.4009196025,-0.4009196025
Boston Housing,LAD,0,13,PTRATIO,-0.7035817153,-0.7035817153,0,-0.2447240749,-0.2447240749
Boston Housing,LAD,0,13,LSTAT,-0.3016570272,-0.3016570272,0,-0.3930285035,-0.3930285035
Boston Housing,OLS,0,14,Intercept,25.76502072,25.76502072,0,,
Boston Housing,OLS,0,14,CRIM,-0.3981416199,-0.3981416199,0,-0.2168815888,-0.2168815888
Boston Housing,OLS,0,14,ZN,-0.01028855598,-0.01028855598,0,-0.00149109507,-0.00149109507
Boston Housing,OLS,0,14,INDUS,-0.08386181448,-0.08386181448,0,-0.1487635666,-0.1487635666
Boston Housing,OLS,0,14,CHAS,2.009809016,2.009809016,0,0.291276669,0.291276669
Boston Housing,OLS,0,14,NOX,-14.50118331,-14.50118331,0,-0.3026333908,-0.3026333908
Boston Housing,OLS,0,14,RM,4.782367,4.782367,0,0.4234820633,0.4234820633
Boston Housing,OLS,0,14,AGE,-0.02203910644,-0.02203910644,0,-0.1453303396,-0.1453303396
Boston Housing,OLS,0,14,DIS,-0.979784906,-0.979784906,0,-0.3467302585,-0.3467302585
Boston Housing,OLS,0,14,RAD,0.2896341815,0.2896341815,0,0.8395193667,0.8395193667
Boston Housing,OLS,0,14,TAX,-0.0102149664,-0.0102149664,0,-0.565524227,-0.565524227
Boston Housing,OLS,0,14,PTRATIO,-0.7292660368,-0.7292660368,0,-0.2536577519,-0.2536577519
Boston Housing,OLS,0,14,LSTAT,-0.3438291921,-0.3438291921,0,-0.4479745561,-0.4479745561
Boston Housing,LAD,0,14,Intercept,19.99811558,19.99811558,0,,
Boston Housing,LAD,0,14,CRIM,-0.5296923671,-0.5296923671,0,-0.2885418564,-0.2885418564
Boston Housing,LAD,0,14,ZN,0.01126306491,0.01126306491,0,0.001632328248,0.001632328248
Boston Housing,LAD,0,14,INDUS,-0.06155568763,-0.06155568763,0,-0.1091944372,-0.1091944372
Boston Housing,LAD,0,14,CHAS,2.310981356,2.310981356,0,0.3349248342,0.3349248342
Boston Housing,LAD,0,14,NOX,-9.575947657,-9.575947657,0,-0.1998458642,-0.1998458642
Boston Housing,LAD,0,14,RM,4.976903745,4.976903745,0,0.4407084331,0.4407084331
Boston Housing,LAD,0,14,AGE,-0.02865206404,-0.02865206404,0,-0.1889375237,-0.1889375237
Boston Housing,LAD,0,14,DIS,-0.9501396515,-0.9501396515,0,-0.3362392755,-0.3362392755
Boston Housing,LAD,0,14,RAD,0.2509050572,0.2509050572,0,0.7272610354,0.7272610354
Boston Housing,LAD,0,14,TAX,-0.00724174151,-0.00724174151,0,-0.4009196025,-0.4009196025
Boston Housing,LAD,0,14,PTRATIO,-0.7035817153,-0.7035817153,0,-0.2447240749,-0.2447240749
Boston Housing,LAD,0,14,LSTAT,-0.3016570272,-0.3016570272,0,-0.3930285035,-0.3930285035
Boston Housing,OLS,0,15,Intercept,25.76502072,25.76502072,0,,
Boston Housing,OLS,0,15,CRIM,-0.3981416199,-0.3981416199,0,-0.2168815888,-0.2168815888
Boston Housing,OLS,0,15,ZN,-0.01028855598,-0.01028855598,0,-0.00149109507,-0.00149109507
Boston Housing,OLS,0,15,INDUS,-0.08386181448,-0.08386181448,0,-0.1487635666,-0.1487635666
Boston Housing,OLS,0,15,CHAS,2.009809016,2.009809016,0,0.291276669,0.291276669
Boston Housing,OLS,0,15,NOX,-14.50118331,-14.50118331,0,-0.3026333908,-0.3026333908
Boston Housing,OLS,0,15,RM,4.782367,4.782367,0,0.4234820633,0.4234820633
Boston Housing,OLS,0,15,AGE,-0.02203910644,-0.02203910644,0,-0.1453303396,-0.1453303396
Boston Housing,OLS,0,15,DIS,-0.979784906,-0.979784906,0,-0.3467302585,-0.3467302585
Boston Housing,OLS,0,15,RAD,0.2896341815,0.2896341815,0,0.8395193667,0.8395193667
Boston Housing,OLS,0,15,TAX,-0.0102149664,-0.0102149664,0,-0.565524227,-0.565524227
Boston Housing,OLS,0,15,PTRATIO,-0.7292660368,-0.7292660368,0,-0.2536577519,-0.2536577519
Boston Housing,OLS,0,15,LSTAT,-0.3438291921,-0.3438291921,0,-0.4479745561,-0.4479745561
Boston Housing,LAD,0,15,Intercept,19.99811558,19.99811558,0,,
Boston Housing,LAD,0,15,CRIM,-0.5296923671,-0.5296923671,0,-0.2885418564,-0.2885418564
Boston Housing,LAD,0,15,ZN,0.01126306491,0.01126306491,0,0.001632328248,0.001632328248
Boston Housing,LAD,0,15,INDUS,-0.06155568763,-0.06155568763,0,-0.1091944372,-0.1091944372
Boston Housing,LAD,0,15,CHAS,2.310981356,2.310981356,0,0.3349248342,0.3349248342
Boston Housing,LAD,0,15,NOX,-9.575947657,-9.575947657,0,-0.1998458642,-0.1998458642
Boston Housing,LAD,0,15,RM,4.976903745,4.976903745,0,0.4407084331,0.4407084331
Boston Housing,LAD,0,15,AGE,-0.02865206404,-0.02865206404,0,-0.1889375237,-0.1889375237
Boston Housing,LAD,0,15,DIS,-0.9501396515,-0.9501396515,0,-0.3362392755,-0.3362392755
Boston Housing,LAD,0,15,RAD,0.2509050572,0.2509050572,0,0.7272610354,0.7272610354
Boston Housing,LAD,0,15,TAX,-0.00724174151,-0.00724174151,0,-0.4009196025,-0.4009196025
Boston Housing,LAD,0,15,PTRATIO,-0.7035817153,-0.7035817153,0,-0.2447240749,-0.2447240749
Boston Housing,LAD,0,15,LSTAT,-0.3016570272,-0.3016570272,0,-0.3930285035,-0.3930285035
Boston Housing,OLS,0,16,Intercept,25.76502072,25.76502072,0,,
Boston Housing,OLS,0,16,CRIM,-0.3981416199,-0.3981416199,0,-0.2168815888,-0.2168815888
Boston Housing,OLS,0,16,ZN,-0.01028855598,-0.01028855598,0,-0.00149109507,-0.00149109507
Boston Housing,OLS,0,16,INDUS,-0.08386181448,-0.08386181448,0,-0.1487635666,-0.1487635666
Boston Housing,OLS,0,16,CHAS,2.009809016,2.009809016,0,0.291276669,0.291276669
Boston Housing,OLS,0,16,NOX,-14.50118331,-14.50118331,0,-0.3026333908,-0.3026333908
Boston Housing,OLS,0,16,RM,4.782367,4.782367,0,0.4234820633,0.4234820633
Boston Housing,OLS,0,16,AGE,-0.02203910644,-0.02203910644,0,-0.1453303396,-0.1453303396
Boston Housing,OLS,0,16,DIS,-0.979784906,-0.979784906,0,-0.3467302585,-0.3467302585
Boston Housing,OLS,0,16,RAD,0.2896341815,0.2896341815,0,0.8395193667,0.8395193667
Boston Housing,OLS,0,16,TAX,-0.0102149664,-0.0102149664,0,-0.565524227,-0.565524227
Boston Housing,OLS,0,16,PTRATIO,-0.7292660368,-0.7292660368,0,-0.2536577519,-0.2536577519
Boston Housing,OLS,0,16,LSTAT,-0.3438291921,-0.3438291921,0,-0.4479745561,-0.4479745561
Boston Housing,LAD,0,16,Intercept,19.99811558,19.99811558,0,,
Boston Housing,LAD,0,16,CRIM,-0.5296923671,-0.5296923671,0,-0.2885418564,-0.2885418564
Boston Housing,LAD,0,16,ZN,0.01126306491,0.01126306491,0,0.001632328248,0.001632328248
Boston Housing,LAD,0,16,INDUS,-0.06155568763,-0.06155568763,0,-0.1091944372,-0.1091944372
Boston Housing,LAD,0,16,CHAS,2.310981356,2.310981356,0,0.3349248342,0.3349248342
Boston Housing,LAD,0,16,NOX,-9.575947657,-9.575947657,0,-0.1998458642,-0.1998458642
Boston Housing,LAD,0,16,RM,4.976903745,4.976903745,0,0.4407084331,0.4407084331
Boston Housing,LAD,0,16,AGE,-0.02865206404,-0.02865206404,0,-0.1889375237,-0.1889375237
Boston Housing,LAD,0,16,DIS,-0.9501396515,-0.9501396515,0,-0.3362392755,-0.3362392755
Boston Housing,LAD,0,16,RAD,0.2509050572,0.2509050572,0,0.7272610354,0.7272610354
Boston Housing,LAD,0,16,TAX,-0.00724174151,-0.00724174151,0,-0.4009196025,-0.4009196025
Boston Housing,LAD,0,16,PTRATIO,-0.7035817153,-0.7035817153,0,-0.2447240749,-0.2447240749
Boston Housing,LAD,0,16,LSTAT,-0.3016570272,-0.3016570272,0,-0.3930285035,-0.3930285035
Boston Housing,OLS,0,17,Intercept,25.76502072,25.76502072,0,,
Boston Housing,OLS,0,17,CRIM,-0.3981416199,-0.3981416199,0,-0.2168815888,-0.2168815888
Boston Housing,OLS,0,17,ZN,-0.01028855598,-0.01028855598,0,-0.00149109507,-0.00149109507
Boston Housing,OLS,0,17,INDUS,-0.08386181448,-0.08386181448,0,-0.1487635666,-0.1487635666
Boston Housing,OLS,0,17,CHAS,2.009809016,2.009809016,0,0.291276669,0.291276669
Boston Housing,OLS,0,17,NOX,-14.50118331,-14.50118331,0,-0.3026333908,-0.3026333908
Boston Housing,OLS,0,17,RM,4.782367,4.782367,0,0.4234820633,0.4234820633
Boston Housing,OLS,0,17,AGE,-0.02203910644,-0.02203910644,0,-0.1453303396,-0.1453303396
Boston Housing,OLS,0,17,DIS,-0.979784906,-0.979784906,0,-0.3467302585,-0.3467302585
Boston Housing,OLS,0,17,RAD,0.2896341815,0.2896341815,0,0.8395193667,0.8395193667
Boston Housing,OLS,0,17,TAX,-0.0102149664,-0.0102149664,0,-0.565524227,-0.565524227
Boston Housing,OLS,0,17,PTRATIO,-0.7292660368,-0.7292660368,0,-0.2536577519,-0.2536577519
Boston Housing,OLS,0,17,LSTAT,-0.3438291921,-0.3438291921,0,-0.4479745561,-0.4479745561
Boston Housing,LAD,0,17,Intercept,19.99811558,19.99811558,0,,
Boston Housing,LAD,0,17,CRIM,-0.5296923671,-0.5296923671,0,-0.2885418564,-0.2885418564
Boston Housing,LAD,0,17,ZN,0.01126306491,0.01126306491,0,0.001632328248,0.001632328248
Boston Housing,LAD,0,17,INDUS,-0.06155568763,-0.06155568763,0,-0.1091944372,-0.1091944372
Boston Housing,LAD,0,17,CHAS,2.310981356,2.310981356,0,0.3349248342,0.3349248342
Boston Housing,LAD,0,17,NOX,-9.575947657,-9.575947657,0,-0.1998458642,-0.1998458642
Boston Housing,LAD,0,17,RM,4.976903745,4.976903745,0,0.4407084331,0.4407084331
Boston Housing,LAD,0,17,AGE,-0.02865206404,-0.02865206404,0,-0.1889375237,-0.1889375237
Boston Housing,LAD,0,17,DIS,-0.9501396515,-0.9501396515,0,-0.3362392755,-0.3362392755
Boston Housing,LAD,0,17,RAD,0.2509050572,0.2509050572,0,0.7272610354,0.7272610354
Boston Housing,LAD,0,17,TAX,-0.00724174151,-0.00724174151,0,-0.4009196025,-0.4009196025
Boston Housing,LAD,0,17,PTRATIO,-0.7035817153,-0.7035817153,0,-0.2447240749,-0.2447240749
Boston Housing,LAD,0,17,LSTAT,-0.3016570272,-0.3016570272,0,-0.3930285035,-0.3930285035
Boston Housing,OLS,0,18,Intercept,25.76502072,25.76502072,0,,
Boston Housing,OLS,0,18,CRIM,-0.3981416199,-0.3981416199,0,-0.2168815888,-0.2168815888
Boston Housing,OLS,0,18,ZN,-0.01028855598,-0.01028855598,0,-0.00149109507,-0.00149109507
Boston Housing,OLS,0,18,INDUS,-0.08386181448,-0.08386181448,0,-0.1487635666,-0.1487635666
Boston Housing,OLS,0,18,CHAS,2.009809016,2.009809016,0,0.291276669,0.291276669
Boston Housing,OLS,0,18,NOX,-14.50118331,-14.50118331,0,-0.3026333908,-0.3026333908
Boston Housing,OLS,0,18,RM,4.782367,4.782367,0,0.4234820633,0.4234820633
Boston Housing,OLS,0,18,AGE,-0.02203910644,-0.02203910644,0,-0.1453303396,-0.1453303396
Boston Housing,OLS,0,18,DIS,-0.979784906,-0.979784906,0,-0.3467302585,-0.3467302585
Boston Housing,OLS,0,18,RAD,0.2896341815,0.2896341815,0,0.8395193667,0.8395193667
Boston Housing,OLS,0,18,TAX,-0.0102149664,-0.0102149664,0,-0.565524227,-0.565524227
Boston Housing,OLS,0,18,PTRATIO,-0.7292660368,-0.7292660368,0,-0.2536577519,-0.2536577519
Boston Housing,OLS,0,18,LSTAT,-0.3438291921,-0.3438291921,0,-0.4479745561,-0.4479745561
Boston Housing,LAD,0,18,Intercept,19.99811558,19.99811558,0,,
Boston Housing,LAD,0,18,CRIM,-0.5296923671,-0.5296923671,0,-0.2885418564,-0.2885418564
Boston Housing,LAD,0,18,ZN,0.01126306491,0.01126306491,0,0.001632328248,0.001632328248
Boston Housing,LAD,0,18,INDUS,-0.06155568763,-0.06155568763,0,-0.1091944372,-0.1091944372
Boston Housing,LAD,0,18,CHAS,2.310981356,2.310981356,0,0.3349248342,0.3349248342
Boston Housing,LAD,0,18,NOX,-9.575947657,-9.575947657,0,-0.1998458642,-0.1998458642
Boston Housing,LAD,0,18,RM,4.976903745,4.976903745,0,0.4407084331,0.4407084331
Boston Housing,LAD,0,18,AGE,-0.02865206404,-0.02865206404,0,-0.1889375237,-0.1889375237
Boston Housing,LAD,0,18,DIS,-0.9501396515,-0.9501396515,0,-0.3362392755,-0.3362392755
Boston Housing,LAD,0,18,RAD,0.2509050572,0.2509050572,0,0.7272610354,0.7272610354
Boston Housing,LAD,0,18,TAX,-0.00724174151,-0.00724174151,0,-0.4009196025,-0.4009196025
Boston Housing,LAD,0,18,PTRATIO,-0.7035817153,-0.7035817153,0,-0.2447240749,-0.2447240749
Boston Housing,LAD,0,18,LSTAT,-0.3016570272,-0.3016570272,0,-0.3930285035,-0.3930285035
Boston Housing,OLS,0,19,Intercept,25.76502072,25.76502072,0,,
Boston Housing,OLS,0,19,CRIM,-0.3981416199,-0.3981416199,0,-0.2168815888,-0.2168815888
Boston Housing,OLS,0,19,ZN,-0.01028855598,-0.01028855598,0,-0.00149109507,-0.00149109507
Boston Housing,OLS,0,19,INDUS,-0.08386181448,-0.08386181448,0,-0.1487635666,-0.1487635666
Boston Housing,OLS,0,19,CHAS,2.009809016,2.009809016,0,0.291276669,0.291276669
Boston Housing,OLS,0,19,NOX,-14.50118331,-14.50118331,0,-0.3026333908,-0.3026333908
Boston Housing,OLS,0,19,RM,4.782367,4.782367,0,0.4234820633,0.4234820633
Boston Housing,OLS,0,19,AGE,-0.02203910644,-0.02203910644,0,-0.1453303396,-0.1453303396
Boston Housing,OLS,0,19,DIS,-0.979784906,-0.979784906,0,-0.3467302585,-0.3467302585
Boston Housing,OLS,0,19,RAD,0.2896341815,0.2896341815,0,0.8395193667,0.8395193667
Boston Housing,OLS,0,19,TAX,-0.0102149664,-0.0102149664,0,-0.565524227,-0.565524227
Boston Housing,OLS,0,19,PTRATIO,-0.7292660368,-0.7292660368,0,-0.2536577519,-0.2536577519
Boston Housing,OLS,0,19,LSTAT,-0.3438291921,-0.3438291921,0,-0.4479745561,-0.4479745561
Boston Housing,LAD,0,19,Intercept,19.99811558,19.99811558,0,,
Boston Housing,LAD,0,19,CRIM,-0.5296923671,-0.5296923671,0,-0.2885418564,-0.2885418564
Boston Housing,LAD,0,19,ZN,0.01126306491,0.01126306491,0,0.001632328248,0.001632328248
Boston Housing,LAD,0,19,INDUS,-0.06155568763,-0.06155568763,0,-0.1091944372,-0.1091944372
Boston Housing,LAD,0,19,CHAS,2.310981356,2.310981356,0,0.3349248342,0.3349248342
Boston Housing,LAD,0,19,NOX,-9.575947657,-9.575947657,0,-0.1998458642,-0.1998458642
Boston Housing,LAD,0,19,RM,4.976903745,4.976903745,0,0.4407084331,0.4407084331
Boston Housing,LAD,0,19,AGE,-0.02865206404,-0.02865206404,0,-0.1889375237,-0.1889375237
Boston Housing,LAD,0,19,DIS,-0.9501396515,-0.9501396515,0,-0.3362392755,-0.3362392755
Boston Housing,LAD,0,19,RAD,0.2509050572,0.2509050572,0,0.7272610354,0.7272610354
Boston Housing,LAD,0,19,TAX,-0.00724174151,-0.00724174151,0,-0.4009196025,-0.4009196025
Boston Housing,LAD,0,19,PTRATIO,-0.7035817153,-0.7035817153,0,-0.2447240749,-0.2447240749
Boston Housing,LAD,0,19,LSTAT,-0.3016570272,-0.3016570272,0,-0.3930285035,-0.3930285035
Boston Housing,OLS,0,20,Intercept,25.76502072,25.76502072,0,,
Boston Housing,OLS,0,20,CRIM,-0.3981416199,-0.3981416199,0,-0.2168815888,-0.2168815888
Boston Housing,OLS,0,20,ZN,-0.01028855598,-0.01028855598,0,-0.00149109507,-0.00149109507
Boston Housing,OLS,0,20,INDUS,-0.08386181448,-0.08386181448,0,-0.1487635666,-0.1487635666
Boston Housing,OLS,0,20,CHAS,2.009809016,2.009809016,0,0.291276669,0.291276669
Boston Housing,OLS,0,20,NOX,-14.50118331,-14.50118331,0,-0.3026333908,-0.3026333908
Boston Housing,OLS,0,20,RM,4.782367,4.782367,0,0.4234820633,0.4234820633
Boston Housing,OLS,0,20,AGE,-0.02203910644,-0.02203910644,0,-0.1453303396,-0.1453303396
Boston Housing,OLS,0,20,DIS,-0.979784906,-0.979784906,0,-0.3467302585,-0.3467302585
Boston Housing,OLS,0,20,RAD,0.2896341815,0.2896341815,0,0.8395193667,0.8395193667
Boston Housing,OLS,0,20,TAX,-0.0102149664,-0.0102149664,0,-0.565524227,-0.565524227
Boston Housing,OLS,0,20,PTRATIO,-0.7292660368,-0.7292660368,0,-0.2536577519,-0.2536577519
Boston Housing,OLS,0,20,LSTAT,-0.3438291921,-0.3438291921,0,-0.4479745561,-0.4479745561
Boston Housing,LAD,0,20,Intercept,19.99811558,19.99811558,0,,
Boston Housing,LAD,0,20,CRIM,-0.5296923671,-0.5296923671,0,-0.2885418564,-0.2885418564
Boston Housing,LAD,0,20,ZN,0.01126306491,0.01126306491,0,0.001632328248,0.001632328248
Boston Housing,LAD,0,20,INDUS,-0.06155568763,-0.06155568763,0,-0.1091944372,-0.1091944372
Boston Housing,LAD,0,20,CHAS,2.310981356,2.310981356,0,0.3349248342,0.3349248342
Boston Housing,LAD,0,20,NOX,-9.575947657,-9.575947657,0,-0.1998458642,-0.1998458642
Boston Housing,LAD,0,20,RM,4.976903745,4.976903745,0,0.4407084331,0.4407084331
Boston Housing,LAD,0,20,AGE,-0.02865206404,-0.02865206404,0,-0.1889375237,-0.1889375237
Boston Housing,LAD,0,20,DIS,-0.9501396515,-0.9501396515,0,-0.3362392755,-0.3362392755
Boston Housing,LAD,0,20,RAD,0.2509050572,0.2509050572,0,0.7272610354,0.7272610354
Boston Housing,LAD,0,20,TAX,-0.00724174151,-0.00724174151,0,-0.4009196025,-0.4009196025
Boston Housing,LAD,0,20,PTRATIO,-0.7035817153,-0.7035817153,0,-0.2447240749,-0.2447240749
Boston Housing,LAD,0,20,LSTAT,-0.3016570272,-0.3016570272,0,-0.3930285035,-0.3930285035
Boston Housing,OLS,0,21,Intercept,25.76502072,25.76502072,0,,
Boston Housing,OLS,0,21,CRIM,-0.3981416199,-0.3981416199,0,-0.2168815888,-0.2168815888
Boston Housing,OLS,0,21,ZN,-0.01028855598,-0.01028855598,0,-0.00149109507,-0.00149109507
Boston Housing,OLS,0,21,INDUS,-0.08386181448,-0.08386181448,0,-0.1487635666,-0.1487635666
Boston Housing,OLS,0,21,CHAS,2.009809016,2.009809016,0,0.291276669,0.291276669
Boston Housing,OLS,0,21,NOX,-14.50118331,-14.50118331,0,-0.3026333908,-0.3026333908
Boston Housing,OLS,0,21,RM,4.782367,4.782367,0,0.4234820633,0.4234820633
Boston Housing,OLS,0,21,AGE,-0.02203910644,-0.02203910644,0,-0.1453303396,-0.1453303396
Boston Housing,OLS,0,21,DIS,-0.979784906,-0.979784906,0,-0.3467302585,-0.3467302585
Boston Housing,OLS,0,21,RAD,0.2896341815,0.2896341815,0,0.8395193667,0.8395193667
Boston Housing,OLS,0,21,TAX,-0.0102149664,-0.0102149664,0,-0.565524227,-0.565524227
Boston Housing,OLS,0,21,PTRATIO,-0.7292660368,-0.7292660368,0,-0.2536577519,-0.2536577519
Boston Housing,OLS,0,21,LSTAT,-0.3438291921,-0.3438291921,0,-0.4479745561,-0.4479745561
Boston Housing,LAD,0,21,Intercept,19.99811558,19.99811558,0,,
Boston Housing,LAD,0,21,CRIM,-0.5296923671,-0.5296923671,0,-0.2885418564,-0.2885418564
Boston Housing,LAD,0,21,ZN,0.01126306491,0.01126306491,0,0.001632328248,0.001632328248
Boston Housing,LAD,0,21,INDUS,-0.06155568763,-0.06155568763,0,-0.1091944372,-0.1091944372
Boston Housing,LAD,0,21,CHAS,2.310981356,2.310981356,0,0.3349248342,0.3349248342
Boston Housing,LAD,0,21,NOX,-9.575947657,-9.575947657,0,-0.1998458642,-0.1998458642
Boston Housing,LAD,0,21,RM,4.976903745,4.976903745,0,0.4407084331,0.4407084331
Boston Housing,LAD,0,21,AGE,-0.02865206404,-0.02865206404,0,-0.1889375237,-0.1889375237
Boston Housing,LAD,0,21,DIS,-0.9501396515,-0.9501396515,0,-0.3362392755,-0.3362392755
Boston Housing,LAD,0,21,RAD,0.2509050572,0.2509050572,0,0.7272610354,0.7272610354
Boston Housing,LAD,0,21,TAX,-0.00724174151,-0.00724174151,0,-0.4009196025,-0.4009196025
Boston Housing,LAD,0,21,PTRATIO,-0.7035817153,-0.7035817153,0,-0.2447240749,-0.2447240749
Boston Housing,LAD,0,21,LSTAT,-0.3016570272,-0.3016570272,0,-0.3930285035,-0.3930285035
Boston Housing,OLS,0,22,Intercept,25.76502072,25.76502072,0,,
Boston Housing,OLS,0,22,CRIM,-0.3981416199,-0.3981416199,0,-0.2168815888,-0.2168815888
Boston Housing,OLS,0,22,ZN,-0.01028855598,-0.01028855598,0,-0.00149109507,-0.00149109507
Boston Housing,OLS,0,22,INDUS,-0.08386181448,-0.08386181448,0,-0.1487635666,-0.1487635666
Boston Housing,OLS,0,22,CHAS,2.009809016,2.009809016,0,0.291276669,0.291276669
Boston Housing,OLS,0,22,NOX,-14.50118331,-14.50118331,0,-0.3026333908,-0.3026333908
Boston Housing,OLS,0,22,RM,4.782367,4.782367,0,0.4234820633,0.4234820633
Boston Housing,OLS,0,22,AGE,-0.02203910644,-0.02203910644,0,-0.1453303396,-0.1453303396
Boston Housing,OLS,0,22,DIS,-0.979784906,-0.979784906,0,-0.3467302585,-0.3467302585
Boston Housing,OLS,0,22,RAD,0.2896341815,0.2896341815,0,0.8395193667,0.8395193667
Boston Housing,OLS,0,22,TAX,-0.0102149664,-0.0102149664,0,-0.565524227,-0.565524227
Boston Housing,OLS,0,22,PTRATIO,-0.7292660368,-0.7292660368,0,-0.2536577519,-0.2536577519
Boston Housing,OLS,0,22,LSTAT,-0.3438291921,-0.3438291921,0,-0.4479745561,-0.4479745561
Boston Housing,LAD,0,22,Intercept,19.99811558,19.99811558,0,,
Boston Housing,LAD,0,22,CRIM,-0.5296923671,-0.5296923671,0,-0.2885418564,-0.2885418564
Boston Housing,LAD,0,22,ZN,0.01126306491,0.01126306491,0,0.001632328248,0.001632328248
Boston Housing,LAD,0,22,INDUS,-0.06155568763,-0.06155568763,0,-0.1091944372,-0.1091944372
Boston Housing,LAD,0,22,CHAS,2.310981356,2.310981356,0,0.3349248342,0.3349248342
Boston Housing,LAD,0,22,NOX,-9.575947657,-9.575947657,0,-0.1998458642,-0.1998458642
Boston Housing,LAD,0,22,RM,4.976903745,4.976903745,0,0.4407084331,0.4407084331
Boston Housing,LAD,0,22,AGE,-0.02865206404,-0.02865206404,0,-0.1889375237,-0.1889375237
Boston Housing,LAD,0,22,DIS,-0.9501396515,-0.9501396515,0,-0.3362392755,-0.3362392755
Boston Housing,LAD,0,22,RAD,0.2509050572,0.2509050572,0,0.7272610354,0.7272610354
Boston Housing,LAD,0,22,TAX,-0.00724174151,-0.00724174151,0,-0.4009196025,-0.4009196025
Boston Housing,LAD,0,22,PTRATIO,-0.7035817153,-0.7035817153,0,-0.2447240749,-0.2447240749
Boston Housing,LAD,0,22,LSTAT,-0.3016570272,-0.3016570272,0,-0.3930285035,-0.3930285035
Boston Housing,OLS,0,23,Intercept,25.76502072,25.76502072,0,,
Boston Housing,OLS,0,23,CRIM,-0.3981416199,-0.3981416199,0,-0.2168815888,-0.2168815888
Boston Housing,OLS,0,23,ZN,-0.01028855598,-0.01028855598,0,-0.00149109507,-0.00149109507
Boston Housing,OLS,0,23,INDUS,-0.08386181448,-0.08386181448,0,-0.1487635666,-0.1487635666
Boston Housing,OLS,0,23,CHAS,2.009809016,2.009809016,0,0.291276669,0.291276669
Boston Housing,OLS,0,23,NOX,-14.50118331,-14.50118331,0,-0.3026333908,-0.3026333908
Boston Housing,OLS,0,23,RM,4.782367,4.782367,0,0.4234820633,0.4234820633
Boston Housing,OLS,0,23,AGE,-0.02203910644,-0.02203910644,0,-0.1453303396,-0.1453303396
Boston Housing,OLS,0,23,DIS,-0.979784906,-0.979784906,0,-0.3467302585,-0.3467302585
Boston Housing,OLS,0,23,RAD,0.2896341815,0.2896341815,0,0.8395193667,0.8395193667
Boston Housing,OLS,0,23,TAX,-0.0102149664,-0.0102149664,0,-0.565524227,-0.565524227
Boston Housing,OLS,0,23,PTRATIO,-0.7292660368,-0.7292660368,0,-0.2536577519,-0.2536577519
Boston Housing,OLS,0,23,LSTAT,-0.3438291921,-0.3438291921,0,-0.4479745561,-0.4479745561
Boston Housing,LAD,0,23,Intercept,19.99811558,19.99811558,0,,
Boston Housing,LAD,0,23,CRIM,-0.5296923671,-0.5296923671,0,-0.2885418564,-0.2885418564
Boston Housing,LAD,0,23,ZN,0.01126306491,0.01126306491,0,0.001632328248,0.001632328248
Boston Housing,LAD,0,23,INDUS,-0.06155568763,-0.06155568763,0,-0.1091944372,-0.1091944372
Boston Housing,LAD,0,23,CHAS,2.310981356,2.310981356,0,0.3349248342,0.3349248342
Boston Housing,LAD,0,23,NOX,-9.575947657,-9.575947657,0,-0.1998458642,-0.1998458642
Boston Housing,LAD,0,23,RM,4.976903745,4.976903745,0,0.4407084331,0.4407084331
Boston Housing,LAD,0,23,AGE,-0.02865206404,-0.02865206404,0,-0.1889375237,-0.1889375237
Boston Housing,LAD,0,23,DIS,-0.9501396515,-0.9501396515,0,-0.3362392755,-0.3362392755
Boston Housing,LAD,0,23,RAD,0.2509050572,0.2509050572,0,0.7272610354,0.7272610354
Boston Housing,LAD,0,23,TAX,-0.00724174151,-0.00724174151,0,-0.4009196025,-0.4009196025
Boston Housing,LAD,0,23,PTRATIO,-0.7035817153,-0.7035817153,0,-0.2447240749,-0.2447240749
Boston Housing,LAD,0,23,LSTAT,-0.3016570272,-0.3016570272,0,-0.3930285035,-0.3930285035
Boston Housing,OLS,0,24,Intercept,25.76502072,25.76502072,0,,
Boston Housing,OLS,0,24,CRIM,-0.3981416199,-0.3981416199,0,-0.2168815888,-0.2168815888
Boston Housing,OLS,0,24,ZN,-0.01028855598,-0.01028855598,0,-0.00149109507,-0.00149109507
Boston Housing,OLS,0,24,INDUS,-0.08386181448,-0.08386181448,0,-0.1487635666,-0.1487635666
Boston Housing,OLS,0,24,CHAS,2.009809016,2.009809016,0,0.291276669,0.291276669
Boston Housing,OLS,0,24,NOX,-14.50118331,-14.50118331,0,-0.3026333908,-0.3026333908
Boston Housing,OLS,0,24,RM,4.782367,4.782367,0,0.4234820633,0.4234820633
Boston Housing,OLS,0,24,AGE,-0.02203910644,-0.02203910644,0,-0.1453303396,-0.1453303396
Boston Housing,OLS,0,24,DIS,-0.979784906,-0.979784906,0,-0.3467302585,-0.3467302585
Boston Housing,OLS,0,24,RAD,0.2896341815,0.2896341815,0,0.8395193667,0.8395193667
Boston Housing,OLS,0,24,TAX,-0.0102149664,-0.0102149664,0,-0.565524227,-0.565524227
Boston Housing,OLS,0,24,PTRATIO,-0.7292660368,-0.7292660368,0,-0.2536577519,-0.2536577519
Boston Housing,OLS,0,24,LSTAT,-0.3438291921,-0.3438291921,0,-0.4479745561,-0.4479745561
Boston Housing,LAD,0,24,Intercept,19.99811558,19.99811558,0,,
Boston Housing,LAD,0,24,CRIM,-0.5296923671,-0.5296923671,0,-0.2885418564,-0.2885418564
Boston Housing,LAD,0,24,ZN,0.01126306491,0.01126306491,0,0.001632328248,0.001632328248
Boston Housing,LAD,0,24,INDUS,-0.06155568763,-0.06155568763,0,-0.1091944372,-0.1091944372
Boston Housing,LAD,0,24,CHAS,2.310981356,2.310981356,0,0.3349248342,0.3349248342
Boston Housing,LAD,0,24,NOX,-9.575947657,-9.575947657,0,-0.1998458642,-0.1998458642
Boston Housing,LAD,0,24,RM,4.976903745,4.976903745,0,0.4407084331,0.4407084331
Boston Housing,LAD,0,24,AGE,-0.02865206404,-0.02865206404,0,-0.1889375237,-0.1889375237
Boston Housing,LAD,0,24,DIS,-0.9501396515,-0.9501396515,0,-0.3362392755,-0.3362392755
Boston Housing,LAD,0,24,RAD,0.2509050572,0.2509050572,0,0.7272610354,0.7272610354
Boston Housing,LAD,0,24,TAX,-0.00724174151,-0.00724174151,0,-0.4009196025,-0.4009196025
Boston Housing,LAD,0,24,PTRATIO,-0.7035817153,-0.7035817153,0,-0.2447240749,-0.2447240749
Boston Housing,LAD,0,24,LSTAT,-0.3016570272,-0.3016570272,0,-0.3930285035,-0.3930285035
Boston Housing,OLS,0,25,Intercept,25.76502072,25.76502072,0,,
Boston Housing,OLS,0,25,CRIM,-0.3981416199,-0.3981416199,0,-0.2168815888,-0.2168815888
Boston Housing,OLS,0,25,ZN,-0.01028855598,-0.01028855598,0,-0.00149109507,-0.00149109507
Boston Housing,OLS,0,25,INDUS,-0.08386181448,-0.08386181448,0,-0.1487635666,-0.1487635666
Boston Housing,OLS,0,25,CHAS,2.009809016,2.009809016,0,0.291276669,0.291276669
Boston Housing,OLS,0,25,NOX,-14.50118331,-14.50118331,0,-0.3026333908,-0.3026333908
Boston Housing,OLS,0,25,RM,4.782367,4.782367,0,0.4234820633,0.4234820633
Boston Housing,OLS,0,25,AGE,-0.02203910644,-0.02203910644,0,-0.1453303396,-0.1453303396
Boston Housing,OLS,0,25,DIS,-0.979784906,-0.979784906,0,-0.3467302585,-0.3467302585
Boston Housing,OLS,0,25,RAD,0.2896341815,0.2896341815,0,0.8395193667,0.8395193667
Boston Housing,OLS,0,25,TAX,-0.0102149664,-0.0102149664,0,-0.565524227,-0.565524227
Boston Housing,OLS,0,25,PTRATIO,-0.7292660368,-0.7292660368,0,-0.2536577519,-0.2536577519
Boston Housing,OLS,0,25,LSTAT,-0.3438291921,-0.3438291921,0,-0.4479745561,-0.4479745561
Boston Housing,LAD,0,25,Intercept,19.99811558,19.99811558,0,,
Boston Housing,LAD,0,25,CRIM,-0.5296923671,-0.5296923671,0,-0.2885418564,-0.2885418564
Boston Housing,LAD,0,25,ZN,0.01126306491,0.01126306491,0,0.001632328248,0.001632328248
Boston Housing,LAD,0,25,INDUS,-0.06155568763,-0.06155568763,0,-0.1091944372,-0.1091944372
Boston Housing,LAD,0,25,CHAS,2.310981356,2.310981356,0,0.3349248342,0.3349248342
Boston Housing,LAD,0,25,NOX,-9.575947657,-9.575947657,0,-0.1998458642,-0.1998458642
Boston Housing,LAD,0,25,RM,4.976903745,4.976903745,0,0.4407084331,0.4407084331
Boston Housing,LAD,0,25,AGE,-0.02865206404,-0.02865206404,0,-0.1889375237,-0.1889375237
Boston Housing,LAD,0,25,DIS,-0.9501396515,-0.9501396515,0,-0.3362392755,-0.3362392755
Boston Housing,LAD,0,25,RAD,0.2509050572,0.2509050572,0,0.7272610354,0.7272610354
Boston Housing,LAD,0,25,TAX,-0.00724174151,-0.00724174151,0,-0.4009196025,-0.4009196025
Boston Housing,LAD,0,25,PTRATIO,-0.7035817153,-0.7035817153,0,-0.2447240749,-0.2447240749
Boston Housing,LAD,0,25,LSTAT,-0.3016570272,-0.3016570272,0,-0.3930285035,-0.3930285035
Boston Housing,OLS,0,26,Intercept,25.76502072,25.76502072,0,,
Boston Housing,OLS,0,26,CRIM,-0.3981416199,-0.3981416199,0,-0.2168815888,-0.2168815888
Boston Housing,OLS,0,26,ZN,-0.01028855598,-0.01028855598,0,-0.00149109507,-0.00149109507
Boston Housing,OLS,0,26,INDUS,-0.08386181448,-0.08386181448,0,-0.1487635666,-0.1487635666
Boston Housing,OLS,0,26,CHAS,2.009809016,2.009809016,0,0.291276669,0.291276669
Boston Housing,OLS,0,26,NOX,-14.50118331,-14.50118331,0,-0.3026333908,-0.3026333908
Boston Housing,OLS,0,26,RM,4.782367,4.782367,0,0.4234820633,0.4234820633
Boston Housing,OLS,0,26,AGE,-0.02203910644,-0.02203910644,0,-0.1453303396,-0.1453303396
Boston Housing,OLS,0,26,DIS,-0.979784906,-0.979784906,0,-0.3467302585,-0.3467302585
Boston Housing,OLS,0,26,RAD,0.2896341815,0.2896341815,0,0.8395193667,0.8395193667
Boston Housing,OLS,0,26,TAX,-0.0102149664,-0.0102149664,0,-0.565524227,-0.565524227
Boston Housing,OLS,0,26,PTRATIO,-0.7292660368,-0.7292660368,0,-0.2536577519,-0.2536577519
Boston Housing,OLS,0,26,LSTAT,-0.3438291921,-0.3438291921,0,-0.4479745561,-0.4479745561
Boston Housing,LAD,0,26,Intercept,19.99811558,19.99811558,0,,
Boston Housing,LAD,0,26,CRIM,-0.5296923671,-0.5296923671,0,-0.2885418564,-0.2885418564
Boston Housing,LAD,0,26,ZN,0.01126306491,0.01126306491,0,0.001632328248,0.001632328248
Boston Housing,LAD,0,26,INDUS,-0.06155568763,-0.06155568763,0,-0.1091944372,-0.1091944372
Boston Housing,LAD,0,26,CHAS,2.310981356,2.310981356,0,0.3349248342,0.3349248342
Boston Housing,LAD,0,26,NOX,-9.575947657,-9.575947657,0,-0.1998458642,-0.1998458642
Boston Housing,LAD,0,26,RM,4.976903745,4.976903745,0,0.4407084331,0.4407084331
Boston Housing,LAD,0,26,AGE,-0.02865206404,-0.02865206404,0,-0.1889375237,-0.1889375237
Boston Housing,LAD,0,26,DIS,-0.9501396515,-0.9501396515,0,-0.3362392755,-0.3362392755
Boston Housing,LAD,0,26,RAD,0.2509050572,0.2509050572,0,0.7272610354,0.7272610354
Boston Housing,LAD,0,26,TAX,-0.00724174151,-0.00724174151,0,-0.4009196025,-0.4009196025
Boston Housing,LAD,0,26,PTRATIO,-0.7035817153,-0.7035817153,0,-0.2447240749,-0.2447240749
Boston Housing,LAD,0,26,LSTAT,-0.3016570272,-0.3016570272,0,-0.3930285035,-0.3930285035
Boston Housing,OLS,0,27,Intercept,25.76502072,25.76502072,0,,
Boston Housing,OLS,0,27,CRIM,-0.3981416199,-0.3981416199,0,-0.2168815888,-0.2168815888
Boston Housing,OLS,0,27,ZN,-0.01028855598,-0.01028855598,0,-0.00149109507,-0.00149109507
Boston Housing,OLS,0,27,INDUS,-0.08386181448,-0.08386181448,0,-0.1487635666,-0.1487635666
Boston Housing,OLS,0,27,CHAS,2.009809016,2.009809016,0,0.291276669,0.291276669
Boston Housing,OLS,0,27,NOX,-14.50118331,-14.50118331,0,-0.3026333908,-0.3026333908
Boston Housing,OLS,0,27,RM,4.782367,4.782367,0,0.4234820633,0.4234820633
Boston Housing,OLS,0,27,AGE,-0.02203910644,-0.02203910644,0,-0.1453303396,-0.1453303396
Boston Housing,OLS,0,27,DIS,-0.979784906,-0.979784906,0,-0.3467302585,-0.3467302585
Boston Housing,OLS,0,27,RAD,0.2896341815,0.2896341815,0,0.8395193667,0.8395193667
Boston Housing,OLS,0,27,TAX,-0.0102149664,-0.0102149664,0,-0.565524227,-0.565524227
Boston Housing,OLS,0,27,PTRATIO,-0.7292660368,-0.7292660368,0,-0.2536577519,-0.2536577519
Boston Housing,OLS,0,27,LSTAT,-0.3438291921,-0.3438291921,0,-0.4479745561,-0.4479745561
Boston Housing,LAD,0,27,Intercept,19.99811558,19.99811558,0,,
Boston Housing,LAD,0,27,CRIM,-0.5296923671,-0.5296923671,0,-0.2885418564,-0.2885418564
Boston Housing,LAD,0,27,ZN,0.01126306491,0.01126306491,0,0.001632328248,0.001632328248
Boston Housing,LAD,0,27,INDUS,-0.06155568763,-0.06155568763,0,-0.1091944372,-0.1091944372
Boston Housing,LAD,0,27,CHAS,2.310981356,2.310981356,0,0.3349248342,0.3349248342
Boston Housing,LAD,0,27,NOX,-9.575947657,-9.575947657,0,-0.1998458642,-0.1998458642
Boston Housing,LAD,0,27,RM,4.976903745,4.976903745,0,0.4407084331,0.4407084331
Boston Housing,LAD,0,27,AGE,-0.02865206404,-0.02865206404,0,-0.1889375237,-0.1889375237
Boston Housing,LAD,0,27,DIS,-0.9501396515,-0.9501396515,0,-0.3362392755,-0.3362392755
Boston Housing,LAD,0,27,RAD,0.2509050572,0.2509050572,0,0.7272610354,0.7272610354
Boston Housing,LAD,0,27,TAX,-0.00724174151,-0.00724174151,0,-0.4009196025,-0.4009196025
Boston Housing,LAD,0,27,PTRATIO,-0.7035817153,-0.7035817153,0,-0.2447240749,-0.2447240749
Boston Housing,LAD,0,27,LSTAT,-0.3016570272,-0.3016570272,0,-0.3930285035,-0.3930285035
Boston Housing,OLS,0,28,Intercept,25.76502072,25.76502072,0,,
Boston Housing,OLS,0,28,CRIM,-0.3981416199,-0.3981416199,0,-0.2168815888,-0.2168815888
Boston Housing,OLS,0,28,ZN,-0.01028855598,-0.01028855598,0,-0.00149109507,-0.00149109507
Boston Housing,OLS,0,28,INDUS,-0.08386181448,-0.08386181448,0,-0.1487635666,-0.1487635666
Boston Housing,OLS,0,28,CHAS,2.009809016,2.009809016,0,0.291276669,0.291276669
Boston Housing,OLS,0,28,NOX,-14.50118331,-14.50118331,0,-0.3026333908,-0.3026333908
Boston Housing,OLS,0,28,RM,4.782367,4.782367,0,0.4234820633,0.4234820633
Boston Housing,OLS,0,28,AGE,-0.02203910644,-0.02203910644,0,-0.1453303396,-0.1453303396
Boston Housing,OLS,0,28,DIS,-0.979784906,-0.979784906,0,-0.3467302585,-0.3467302585
Boston Housing,OLS,0,28,RAD,0.2896341815,0.2896341815,0,0.8395193667,0.8395193667
Boston Housing,OLS,0,28,TAX,-0.0102149664,-0.0102149664,0,-0.565524227,-0.565524227
Boston Housing,OLS,0,28,PTRATIO,-0.7292660368,-0.7292660368,0,-0.2536577519,-0.2536577519
Boston Housing,OLS,0,28,LSTAT,-0.3438291921,-0.3438291921,0,-0.4479745561,-0.4479745561
Boston Housing,LAD,0,28,Intercept,19.99811558,19.99811558,0,,
Boston Housing,LAD,0,28,CRIM,-0.5296923671,-0.5296923671,0,-0.2885418564,-0.2885418564
Boston Housing,LAD,0,28,ZN,0.01126306491,0.01126306491,0,0.001632328248,0.001632328248
Boston Housing,LAD,0,28,INDUS,-0.06155568763,-0.06155568763,0,-0.1091944372,-0.1091944372
Boston Housing,LAD,0,28,CHAS,2.310981356,2.310981356,0,0.3349248342,0.3349248342
Boston Housing,LAD,0,28,NOX,-9.575947657,-9.575947657,0,-0.1998458642,-0.1998458642
Boston Housing,LAD,0,28,RM,4.976903745,4.976903745,0,0.4407084331,0.4407084331
Boston Housing,LAD,0,28,AGE,-0.02865206404,-0.02865206404,0,-0.1889375237,-0.1889375237
Boston Housing,LAD,0,28,DIS,-0.9501396515,-0.9501396515,0,-0.3362392755,-0.3362392755
Boston Housing,LAD,0,28,RAD,0.2509050572,0.2509050572,0,0.7272610354,0.7272610354
Boston Housing,LAD,0,28,TAX,-0.00724174151,-0.00724174151,0,-0.4009196025,-0.4009196025
Boston Housing,LAD,0,28,PTRATIO,-0.7035817153,-0.7035817153,0,-0.2447240749,-0.2447240749
Boston Housing,LAD,0,28,LSTAT,-0.3016570272,-0.3016570272,0,-0.3930285035,-0.3930285035
Boston Housing,OLS,0,29,Intercept,25.76502072,25.76502072,0,,
Boston Housing,OLS,0,29,CRIM,-0.3981416199,-0.3981416199,0,-0.2168815888,-0.2168815888
Boston Housing,OLS,0,29,ZN,-0.01028855598,-0.01028855598,0,-0.00149109507,-0.00149109507
Boston Housing,OLS,0,29,INDUS,-0.08386181448,-0.08386181448,0,-0.1487635666,-0.1487635666
Boston Housing,OLS,0,29,CHAS,2.009809016,2.009809016,0,0.291276669,0.291276669
Boston Housing,OLS,0,29,NOX,-14.50118331,-14.50118331,0,-0.3026333908,-0.3026333908
Boston Housing,OLS,0,29,RM,4.782367,4.782367,0,0.4234820633,0.4234820633
Boston Housing,OLS,0,29,AGE,-0.02203910644,-0.02203910644,0,-0.1453303396,-0.1453303396
Boston Housing,OLS,0,29,DIS,-0.979784906,-0.979784906,0,-0.3467302585,-0.3467302585
Boston Housing,OLS,0,29,RAD,0.2896341815,0.2896341815,0,0.8395193667,0.8395193667
Boston Housing,OLS,0,29,TAX,-0.0102149664,-0.0102149664,0,-0.565524227,-0.565524227
Boston Housing,OLS,0,29,PTRATIO,-0.7292660368,-0.7292660368,0,-0.2536577519,-0.2536577519
Boston Housing,OLS,0,29,LSTAT,-0.3438291921,-0.3438291921,0,-0.4479745561,-0.4479745561
Boston Housing,LAD,0,29,Intercept,19.99811558,19.99811558,0,,
Boston Housing,LAD,0,29,CRIM,-0.5296923671,-0.5296923671,0,-0.2885418564,-0.2885418564
Boston Housing,LAD,0,29,ZN,0.01126306491,0.01126306491,0,0.001632328248,0.001632328248
Boston Housing,LAD,0,29,INDUS,-0.06155568763,-0.06155568763,0,-0.1091944372,-0.1091944372
Boston Housing,LAD,0,29,CHAS,2.310981356,2.310981356,0,0.3349248342,0.3349248342
Boston Housing,LAD,0,29,NOX,-9.575947657,-9.575947657,0,-0.1998458642,-0.1998458642
Boston Housing,LAD,0,29,RM,4.976903745,4.976903745,0,0.4407084331,0.4407084331
Boston Housing,LAD,0,29,AGE,-0.02865206404,-0.02865206404,0,-0.1889375237,-0.1889375237
Boston Housing,LAD,0,29,DIS,-0.9501396515,-0.9501396515,0,-0.3362392755,-0.3362392755
Boston Housing,LAD,0,29,RAD,0.2509050572,0.2509050572,0,0.7272610354,0.7272610354
Boston Housing,LAD,0,29,TAX,-0.00724174151,-0.00724174151,0,-0.4009196025,-0.4009196025
Boston Housing,LAD,0,29,PTRATIO,-0.7035817153,-0.7035817153,0,-0.2447240749,-0.2447240749
Boston Housing,LAD,0,29,LSTAT,-0.3016570272,-0.3016570272,0,-0.3930285035,-0.3930285035
Boston Housing,OLS,0,30,Intercept,25.76502072,25.76502072,0,,
Boston Housing,OLS,0,30,CRIM,-0.3981416199,-0.3981416199,0,-0.2168815888,-0.2168815888
Boston Housing,OLS,0,30,ZN,-0.01028855598,-0.01028855598,0,-0.00149109507,-0.00149109507
Boston Housing,OLS,0,30,INDUS,-0.08386181448,-0.08386181448,0,-0.1487635666,-0.1487635666
Boston Housing,OLS,0,30,CHAS,2.009809016,2.009809016,0,0.291276669,0.291276669
Boston Housing,OLS,0,30,NOX,-14.50118331,-14.50118331,0,-0.3026333908,-0.3026333908
Boston Housing,OLS,0,30,RM,4.782367,4.782367,0,0.4234820633,0.4234820633
Boston Housing,OLS,0,30,AGE,-0.02203910644,-0.02203910644,0,-0.1453303396,-0.1453303396
Boston Housing,OLS,0,30,DIS,-0.979784906,-0.979784906,0,-0.3467302585,-0.3467302585
Boston Housing,OLS,0,30,RAD,0.2896341815,0.2896341815,0,0.8395193667,0.8395193667
Boston Housing,OLS,0,30,TAX,-0.0102149664,-0.0102149664,0,-0.565524227,-0.565524227
Boston Housing,OLS,0,30,PTRATIO,-0.7292660368,-0.7292660368,0,-0.2536577519,-0.2536577519
Boston Housing,OLS,0,30,LSTAT,-0.3438291921,-0.3438291921,0,-0.4479745561,-0.4479745561
Boston Housing,LAD,0,30,Intercept,19.99811558,19.99811558,0,,
Boston Housing,LAD,0,30,CRIM,-0.5296923671,-0.5296923671,0,-0.2885418564,-0.2885418564
Boston Housing,LAD,0,30,ZN,0.01126306491,0.01126306491,0,0.001632328248,0.001632328248
Boston Housing,LAD,0,30,INDUS,-0.06155568763,-0.06155568763,0,-0.1091944372,-0.1091944372
Boston Housing,LAD,0,30,CHAS,2.310981356,2.310981356,0,0.3349248342,0.3349248342
Boston Housing,LAD,0,30,NOX,-9.575947657,-9.575947657,0,-0.1998458642,-0.1998458642
Boston Housing,LAD,0,30,RM,4.976903745,4.976903745,0,0.4407084331,0.4407084331
Boston Housing,LAD,0,30,AGE,-0.02865206404,-0.02865206404,0,-0.1889375237,-0.1889375237
Boston Housing,LAD,0,30,DIS,-0.9501396515,-0.9501396515,0,-0.3362392755,-0.3362392755
Boston Housing,LAD,0,30,RAD,0.2509050572,0.2509050572,0,0.7272610354,0.7272610354
Boston Housing,LAD,0,30,TAX,-0.00724174151,-0.00724174151,0,-0.4009196025,-0.4009196025
Boston Housing,LAD,0,30,PTRATIO,-0.7035817153,-0.7035817153,0,-0.2447240749,-0.2447240749
Boston Housing,LAD,0,30,LSTAT,-0.3016570272,-0.3016570272,0,-0.3930285035,-0.3930285035
Boston Housing,OLS,0.05,1,Intercept,14.5935253,25.76502072,-11.17149542,,
Boston Housing,OLS,0.05,1,CRIM,-0.3292003146,-0.3981416199,0.06894130535,-0.1793268618,-0.2168815888
Boston Housing,OLS,0.05,1,ZN,0.05130944698,-0.01028855598,0.06159800297,0.007436151737,-0.00149109507
Boston Housing,OLS,0.05,1,INDUS,-0.4361621356,-0.08386181448,-0.3523003211,-0.7737137015,-0.1487635666
Boston Housing,OLS,0.05,1,CHAS,2.945879521,2.009809016,0.936070505,0.426939061,0.291276669
Boston Housing,OLS,0.05,1,NOX,-15.65673924,-14.50118331,-1.155555933,-0.3267493407,-0.3026333908
Boston Housing,OLS,0.05,1,RM,4.413284938,4.782367,-0.3690820618,0.3907995793,0.4234820633
Boston Housing,OLS,0.05,1,AGE,0.01089319104,-0.02203910644,0.03293229748,0.0718319119,-0.1453303396
Boston Housing,OLS,0.05,1,DIS,-0.8974789399,-0.979784906,0.0823059661,-0.3176034892,-0.3467302585
Boston Housing,OLS,0.05,1,RAD,0.233473375,0.2896341815,-0.05616080651,0.6767344203,0.8395193667
Boston Housing,OLS,0.05,1,TAX,-0.006836106578,-0.0102149664,0.003378859826,-0.378462712,-0.565524227
Boston Housing,OLS,0.05,1,PTRATIO,0.1084669367,-0.7292660368,0.8377329735,0.03772763014,-0.2536577519
Boston Housing,OLS,0.05,1,LSTAT,-0.5208819079,-0.3438291921,-0.1770527158,-0.6786562829,-0.4479745561
Boston Housing,LAD,0.05,1,Intercept,16.37183044,19.99811558,-3.626285142,,
Boston Housing,LAD,0.05,1,CRIM,-0.5082405419,-0.5296923671,0.02145182512,-0.2768563011,-0.2885418564
Boston Housing,LAD,0.05,1,ZN,0.01678500952,0.01126306491,0.005521944612,0.002432610076,0.001632328248
Boston Housing,LAD,0.05,1,INDUS,-0.09150960267,-0.06155568763,-0.02995391504,-0.1623300778,-0.1091944372
Boston Housing,LAD,0.05,1,CHAS,2.047690524,2.310981356,-0.263290832,0.2967667426,0.3349248342
Boston Housing,LAD,0.05,1,NOX,-7.746521335,-9.575947657,1.829426322,-0.1616665322,-0.1998458642
Boston Housing,LAD,0.05,1,RM,5.099760969,4.976903745,0.1228572242,0.4515875293,0.4407084331
Boston Housing,LAD,0.05,1,AGE,-0.03444917364,-0.02865206404,-0.005797109599,-0.2271648407,-0.1889375237
Boston Housing,LAD,0.05,1,DIS,-0.9582853967,-0.9501396515,-0.008145745179,-0.3391219249,-0.3362392755
Boston Housing,LAD,0.05,1,RAD,0.2530016229,0.2509050572,0.002096565676,0.7333380373,0.7272610354
Boston Housing,LAD,0.05,1,TAX,-0.00765213571,-0.00724174151,-0.0004103941995,-0.423639977,-0.4009196025
Boston Housing,LAD,0.05,1,PTRATIO,-0.5498882899,-0.7035817153,0.1536934254,-0.1912654921,-0.2447240749
Boston Housing,LAD,0.05,1,LSTAT,-0.3244994672,-0.3016570272,-0.02284243998,-0.4227898855,-0.3930285035
Boston Housing,OLS,0.05,2,Intercept,29.10513085,25.76502072,3.340110128,,
Boston Housing,OLS,0.05,2,CRIM,0.05709996011,-0.3981416199,0.45524158,0.03110433436,-0.2168815888
Boston Housing,OLS,0.05,2,ZN,0.02402656397,-0.01028855598,0.03431511995,0.00348211072,-0.00149109507
Boston Housing,OLS,0.05,2,INDUS,0.4653054275,-0.08386181448,0.549167242,0.8254113671,-0.1487635666
Boston Housing,OLS,0.05,2,CHAS,-4.5395969,2.009809016,-6.549405916,-0.6579125943,0.291276669
Boston Housing,OLS,0.05,2,NOX,31.45833464,-14.50118331,45.95951795,0.6565217664,-0.3026333908
Boston Housing,OLS,0.05,2,RM,4.101686648,4.782367,-0.6806803519,0.3632073249,0.4234820633
Boston Housing,OLS,0.05,2,AGE,-0.1900738467,-0.02203910644,-0.1680347402,-1.253385511,-0.1453303396
Boston Housing,OLS,0.05,2,DIS,-0.9719340524,-0.979784906,0.007850853572,-0.3439519665,-0.3467302585
Boston Housing,OLS,0.05,2,RAD,0.6337231836,0.2896341815,0.3440890021,1.836878793,0.8395193667
Boston Housing,OLS,0.05,2,TAX,-0.06530226194,-0.0102149664,-0.05508729554,-3.615284647,-0.565524227
Boston Housing,OLS,0.05,2,PTRATIO,-0.939908609,-0.7292660368,-0.2106425723,-0.3269247336,-0.2536577519
Boston Housing,OLS,0.05,2,LSTAT,-0.08805656368,-0.3438291921,0.2557726284,-0.1147287692,-0.4479745561
Boston Housing,LAD,0.05,2,Intercept,13.09206487,19.99811558,-6.906050715,,
Boston Housing,LAD,0.05,2,CRIM,-0.5410341837,-0.5296923671,-0.01134181664,-0.2947201384,-0.2885418564
Boston Housing,LAD,0.05,2,ZN,0.01638953666,0.01126306491,0.005126471752,0.002375295168,0.001632328248
Boston Housing,LAD,0.05,2,INDUS,-0.06922643876,-0.06155568763,-0.007670751128,-0.1228016827,-0.1091944372
Boston Housing,LAD,0.05,2,CHAS,1.99128393,2.310981356,-0.3196974263,0.2885918739,0.3349248342
Boston Housing,LAD,0.05,2,NOX,-5.755309168,-9.575947657,3.820638489,-0.1201108,-0.1998458642
Boston Housing,LAD,0.05,2,RM,5.445459241,4.976903745,0.4685554955,0.4821993617,0.4407084331
Boston Housing,LAD,0.05,2,AGE,-0.04764795405,-0.02865206404,-0.01899589001,-0.3142002767,-0.1889375237
Boston Housing,LAD,0.05,2,DIS,-0.9968883057,-0.9501396515,-0.04674865424,-0.352782879,-0.3362392755
Boston Housing,LAD,0.05,2,RAD,0.2391426594,0.2509050572,-0.01176239781,0.6931671286,0.7272610354
Boston Housing,LAD,0.05,2,TAX,-0.007340855898,-0.00724174151,-9.911438763e-05,-0.4064068048,-0.4009196025
Boston Housing,LAD,0.05,2,PTRATIO,-0.5423764609,-0.7035817153,0.1612052544,-0.1886526821,-0.2447240749
Boston Housing,LAD,0.05,2,LSTAT,-0.263805247,-0.3016570272,0.0378517802,-0.343711474,-0.3930285035
Boston Housing,OLS,0.05,3,Intercept,1.762306029,25.76502072,-24.00271469,,
Boston Housing,OLS,0.05,3,CRIM,-0.921788864,-0.3981416199,-0.5236472441,-0.5021304565,-0.2168815888
Boston Housing,OLS,0.05,3,ZN,-0.02654199962,-0.01028855598,-0.01625344363,-0.003846666611,-0.00149109507
Boston Housing,OLS,0.05,3,INDUS,-0.4507639086,-0.08386181448,-0.3669020941,-0.799615977,-0.1487635666
Boston Housing,OLS,0.05,3,CHAS,4.117211051,2.009809016,2.107402035,0.5966972538,0.291276669
Boston Housing,OLS,0.05,3,NOX,-4.957288414,-14.50118331,9.543894894,-0.1034564539,-0.3026333908
Boston Housing,OLS,0.05,3,RM,6.3776234,4.782367,1.5952564,0.5647431735,0.4234820633
Boston Housing,OLS,0.05,3,AGE,-0.01560326307,-0.02203910644,0.006435843374,-0.1028910826,-0.1453303396
Boston Housing,OLS,0.05,3,DIS,-0.3494379098,-0.979784906,0.6303469962,-0.1236605055,-0.3467302585
Boston Housing,OLS,0.05,3,RAD,0.16179501,0.2896341815,-0.1278391716,0.4689710433,0.8395193667
Boston Housing,OLS,0.05,3,TAX,0.01269033201,-0.0102149664,0.02290529841,0.702566207,-0.565524227
Boston Housing,OLS,0.05,3,PTRATIO,-0.6970268065,-0.7292660368,0.03223923025,-0.2424441066,-0.2536577519
Boston Housing,OLS,0.05,3,LSTAT,-0.2633545708,-0.3438291921,0.08047462131,-0.3431242886,-0.4479745561
Boston Housing,LAD,0.05,3,Intercept,15.63723541,19.99811558,-4.360880173,,
Boston Housing,LAD,0.05,3,CRIM,-0.4708783981,-0.5296923671,0.058813969,-0.2565038418,-0.2885418564
Boston Housing,LAD,0.05,3,ZN,0.01087796479,0.01126306491,-0.0003851001176,0.001576516637,0.001632328248
Boston Housing,LAD,0.05,3,INDUS,-0.05585729204,-0.06155568763,0.005698395593,-0.09908597892,-0.1091944372
Boston Housing,LAD,0.05,3,CHAS,2.362594699,2.310981356,0.05161334259,0.3424050288,0.3349248342
Boston Housing,LAD,0.05,3,NOX,-6.538646749,-9.575947657,3.037300909,-0.1364587148,-0.1998458642
Boston Housing,LAD,0.05,3,RM,5.095310249,4.976903745,0.1184065039,0.4511934148,0.4407084331
Boston Housing,LAD,0.05,3,AGE,-0.02970770732,-0.02865206404,-0.001055643285,-0.1958986497,-0.1889375237
Boston Housing,LAD,0.05,3,DIS,-0.7298438448,-0.9501396515,0.2202958067,-0.2582801015,-0.3362392755
Boston Housing,LAD,0.05,3,RAD,0.1780466935,0.2509050572,-0.07285836372,0.5160773724,0.7272610354
Boston Housing,LAD,0.05,3,TAX,-0.004745380757,-0.00724174151,0.002496360754,-0.2627152825,-0.4009196025
Boston Housing,LAD,0.05,3,PTRATIO,-0.6510394679,-0.7035817153,0.05254224736,-0.2264485106,-0.2447240749
Boston Housing,LAD,0.05,3,LSTAT,-0.3357737182,-0.3016570272,-0.03411669097,-0.4374790908,-0.3930285035
Boston Housing,OLS,0.05,4,Intercept,25.53702448,25.76502072,-0.2279962468,,
Boston Housing,OLS,0.05,4,CRIM,-0.7298952424,-0.3981416199,-0.3317536225,-0.3975993262,-0.2168815888
Boston Housing,OLS,0.05,4,ZN,0.05967663566,-0.01028855598,0.06996519164,0.008648787777,-0.00149109507
Boston Housing,OLS,0.05,4,INDUS,0.2834216577,-0.08386181448,0.3672834722,0.5027653754,-0.1487635666
Boston Housing,OLS,0.05,4,CHAS,3.026593196,2.009809016,1.01678418,0.438636695,0.291276669
Boston Housing,OLS,0.05,4,NOX,-3.44977022,-14.50118331,11.05141309,-0.07199520459,-0.3026333908
Boston Housing,OLS,0.05,4,RM,5.686165336,4.782367,0.9037983359,0.5035140609,0.4234820633
Boston Housing,OLS,0.05,4,AGE,-0.01327521068,-0.02203910644,0.008763895759,-0.08753943278,-0.1453303396
Boston Housing,OLS,0.05,4,DIS,-0.7680041443,-0.979784906,0.2117807617,-0.2717844231,-0.3467302585
Boston Housing,OLS,0.05,4,RAD,0.2996228252,0.2896341815,0.009988643728,0.8684719572,0.8395193667
Boston Housing,OLS,0.05,4,TAX,-0.02105734713,-0.0102149664,-0.01084238073,-1.165783566,-0.565524227
Boston Housing,OLS,0.05,4,PTRATIO,-1.584554453,-0.7292660368,-0.8552884162,-0.551149375,-0.2536577519
Boston Housing,OLS,0.05,4,LSTAT,-0.001960308487,-0.3438291921,0.3418688836,-0.002554083087,-0.4479745561
Boston Housing,LAD,0.05,4,Intercept,14.23536473,19.99811558,-5.762750854,,
Boston Housing,LAD,0.05,4,CRIM,-0.5309260196,-0.5296923671,-0.001233652559,-0.2892138699,-0.2885418564
Boston Housing,LAD,0.05,4,ZN,0.02162706171,0.01126306491,0.01036399679,0.003134356769,0.001632328248
Boston Housing,LAD,0.05,4,INDUS,-0.05555747552,-0.06155568763,0.005998212111,-0.09855413049,-0.1091944372
Boston Housing,LAD,0.05,4,CHAS,3.043955211,2.310981356,0.7329738543,0.4411529291,0.3349248342
Boston Housing,LAD,0.05,4,NOX,-8.028748293,-9.575947657,1.547199364,-0.1675564861,-0.1998458642
Boston Housing,LAD,0.05,4,RM,5.274506509,4.976903745,0.2976027641,0.4670613735,0.4407084331
Boston Housing,LAD,0.05,4,AGE,-0.04703268432,-0.02865206404,-0.01838062028,-0.3101430632,-0.1889375237
Boston Housing,LAD,0.05,4,DIS,-1.078380938,-0.9501396515,-0.1282412864,-0.3816218223,-0.3362392755
Boston Housing,LAD,0.05,4,RAD,0.2156593959,0.2509050572,-0.03524566129,0.6250996983,0.7272610354
Boston Housing,LAD,0.05,4,TAX,-0.006276107135,-0.00724174151,0.0009656343755,-0.3474598443,-0.4009196025
Boston Housing,LAD,0.05,4,PTRATIO,-0.4920510911,-0.7035817153,0.2115306242,-0.1711482056,-0.2447240749
Boston Housing,LAD,0.05,4,LSTAT,-0.2733255657,-0.3016570272,0.0283314615,-0.3561154834,-0.3930285035
Boston Housing,OLS,0.05,5,Intercept,27.51288981,25.76502072,1.747869085,,
Boston Housing,OLS,0.05,5,CRIM,-0.520887563,-0.3981416199,-0.1227459431,-0.2837455734,-0.2168815888
Boston Housing,OLS,0.05,5,ZN,0.137198093,-0.01028855598,0.147486649,0.01988378159,-0.00149109507
Boston Housing,OLS,0.05,5,INDUS,0.28310165,-0.08386181448,0.3669634644,0.5021977095,-0.1487635666
Boston Housing,OLS,0.05,5,CHAS,3.951789737,2.009809016,1.941980721,0.5727231503,0.291276669
Boston Housing,OLS,0.05,5,NOX,-44.06624532,-14.50118331,-29.56506202,-0.9196433807,-0.3026333908
Boston Housing,OLS,0.05,5,RM,4.539644444,4.782367,-0.2427225559,0.4019888051,0.4234820633
Boston Housing,OLS,0.05,5,AGE,-0.07771892695,-0.02203910644,-0.05567982051,-0.5124943734,-0.1453303396
Boston Housing,OLS,0.05,5,DIS,-2.079906919,-0.979784906,-1.100122013,-0.7360459005,-0.3467302585
Boston Housing,OLS,0.05,5,RAD,0.7598862359,0.2896341815,0.4702520544,2.2025688,0.8395193667
Boston Housing,OLS,0.05,5,TAX,-0.03686426608,-0.0102149664,-0.02664929967,-2.040891252,-0.565524227
Boston Housing,OLS,0.05,5,PTRATIO,0.2855465147,-0.7292660368,1.014812552,0.09932052686,-0.2536577519
Boston Housing,OLS,0.05,5,LSTAT,-0.03799106609,-0.3438291921,0.305838126,-0.04949850495,-0.4479745561
Boston Housing,LAD,0.05,5,Intercept,18.96348364,19.99811558,-1.034631947,,
Boston Housing,LAD,0.05,5,CRIM,-0.5382497527,-0.5296923671,-0.008557385656,-0.293203362,-0.2885418564
Boston Housing,LAD,0.05,5,ZN,0.005396539714,0.01126306491,-0.005866525197,0.0007821072049,0.001632328248
Boston Housing,LAD,0.05,5,INDUS,-0.1063547604,-0.06155568763,-0.04479907279,-0.1886640967,-0.1091944372
Boston Housing,LAD,0.05,5,CHAS,2.830535262,2.310981356,0.5195539061,0.4102225018,0.3349248342
Boston Housing,LAD,0.05,5,NOX,-11.70632579,-9.575947657,-2.130378129,-0.2443059295,-0.1998458642
Boston Housing,LAD,0.05,5,RM,4.950778952,4.976903745,-0.02612479295,0.4383950637,0.4407084331
Boston Housing,LAD,0.05,5,AGE,-0.04173455663,-0.02865206404,-0.01308249259,-0.2752061343,-0.1889375237
Boston Housing,LAD,0.05,5,DIS,-1.195288286,-0.9501396515,-0.2451486345,-0.4229934691,-0.3362392755
Boston Housing,LAD,0.05,5,RAD,0.2963408691,0.2509050572,0.04543581186,0.8589590407,0.7272610354
Boston Housing,LAD,0.05,5,TAX,-0.008717163171,-0.00724174151,-0.00147542166,-0.4826023668,-0.4009196025
Boston Housing,LAD,0.05,5,PTRATIO,-0.4863361468,-0.7035817153,0.2172455685,-0.1691603989,-0.2447240749
Boston Housing,LAD,0.05,5,LSTAT,-0.267575009,-0.3016570272,0.03408201824,-0.3486230914,-0.3930285035
Boston Housing,OLS,0.05,6,Intercept,33.89700221,25.76502072,8.131981491,,
Boston Housing,OLS,0.05,6,CRIM,-0.03679953196,-0.3981416199,0.361342088,-0.02004598504,-0.2168815888
Boston Housing,OLS,0.05,6,ZN,0.117986871,-0.01028855598,0.128275427,0.01709954653,-0.00149109507
Boston Housing,OLS,0.05,6,INDUS,-0.07457100913,-0.08386181448,0.009290805351,-0.1322824858,-0.1487635666
Boston Housing,OLS,0.05,6,CHAS,2.126692344,2.009809016,0.1168833278,0.3082162817,0.291276669
Boston Housing,OLS,0.05,6,NOX,-44.33721237,-14.50118331,-29.83602906,-0.9252983452,-0.3026333908
Boston Housing,OLS,0.05,6,RM,5.637374192,4.782367,0.855007192,0.4991935698,0.4234820633
Boston Housing,OLS,0.05,6,AGE,-0.06931104709,-0.02203910644,-0.04727194065,-0.4570511076,-0.1453303396
Boston Housing,OLS,0.05,6,DIS,-1.837923184,-0.979784906,-0.8581382781,-0.6504117146,-0.3467302585
Boston Housing,OLS,0.05,6,RAD,0.2250084177,0.2896341815,-0.06462576387,0.652198312,0.8395193667
Boston Housing,OLS,0.05,6,TAX,-0.008156710163,-0.0102149664,0.002058256241,-0.4515743887,-0.565524227
Boston Housing,OLS,0.05,6,PTRATIO,-0.476949776,-0.7292660368,0.2523162608,-0.1658955743,-0.2536577519
Boston Housing,OLS,0.05,6,LSTAT,-0.1260756916,-0.3438291921,0.2177535005,-0.1642638359,-0.4479745561
Boston Housing,LAD,0.05,6,Intercept,19.11894393,19.99811558,-0.8791716508,,
Boston Housing,LAD,0.05,6,CRIM,-0.5154851981,-0.5296923671,0.01420716894,-0.2808027173,-0.2885418564
Boston Housing,LAD,0.05,6,ZN,0.005351244064,0.01126306491,-0.005911820847,0.000775542618,0.001632328248
Boston Housing,LAD,0.05,6,INDUS,-0.06922277272,-0.06155568763,-0.007667085089,-0.1227951794,-0.1091944372
Boston Housing,LAD,0.05,6,CHAS,2.35096638,2.310981356,0.03998502344,0.3407197652,0.3349248342
Boston Housing,LAD,0.05,6,NOX,-11.17925386,-9.575947657,-1.603306203,-0.2333061675,-0.1998458642
Boston Housing,LAD,0.05,6,RM,5.201467343,4.976903745,0.224563598,0.4605937024,0.4407084331
Boston Housing,LAD,0.05,6,AGE,-0.03737917283,-0.02865206404,-0.008727108787,-0.2464858498,-0.1889375237
Boston Housing,LAD,0.05,6,DIS,-0.967861026,-0.9501396515,-0.0177213745,-0.3425105874,-0.3362392755
Boston Housing,LAD,0.05,6,RAD,0.2308229232,0.2509050572,-0.02008213404,0.6690519512,0.7272610354
Boston Housing,LAD,0.05,6,TAX,-0.006309015182,-0.00724174151,0.0009327263286,-0.3492817101,-0.4009196025
Boston Housing,LAD,0.05,6,PTRATIO,-0.6843560178,-0.7035817153,0.01922569747,-0.2380368758,-0.2447240749
Boston Housing,LAD,0.05,6,LSTAT,-0.2643677376,-0.3016570272,0.03728928955,-0.3444443422,-0.3930285035
Boston Housing,OLS,0.05,7,Intercept,29.19256918,25.76502072,3.427548458,,
Boston Housing,OLS,0.05,7,CRIM,0.3731473346,-0.3981416199,0.7712889545,0.2032663322,-0.2168815888
Boston Housing,OLS,0.05,7,ZN,-0.1550191201,-0.01028855598,-0.1447305641,-0.02246653915,-0.00149109507
Boston Housing,OLS,0.05,7,INDUS,0.06966934849,-0.08386181448,0.153531163,0.123587366,-0.1487635666
Boston Housing,OLS,0.05,7,CHAS,5.035688107,2.009809016,3.025879092,0.7298098707,0.291276669
Boston Housing,OLS,0.05,7,NOX,-26.23234538,-14.50118331,-11.73116208,-0.5474576428,-0.3026333908
Boston Housing,OLS,0.05,7,RM,4.644126352,4.782367,-0.1382406475,0.4112407538,0.4234820633
Boston Housing,OLS,0.05,7,AGE,0.04525412417,-0.02203910644,0.06729323062,0.2984148768,-0.1453303396
Boston Housing,OLS,0.05,7,DIS,0.9735125029,-0.979784906,1.953297409,0.344510555,-0.3467302585
Boston Housing,OLS,0.05,7,RAD,-0.771585506,0.2896341815,-1.061219688,-2.236479728,0.8395193667
Boston Housing,OLS,0.05,7,TAX,0.04370140888,-0.0102149664,0.05391637528,2.419411332,-0.565524227
Boston Housing,OLS,0.05,7,PTRATIO,-1.751977782,-0.7292660368,-1.022711745,-0.6093835763,-0.2536577519
Boston Housing,OLS,0.05,7,LSTAT,-0.6135781915,-0.3438291921,-0.2697489994,-0.7994301365,-0.4479745561
Boston Housing,LAD,0.05,7,Intercept,19.84512561,19.99811558,-0.1529899722,,
Boston Housing,LAD,0.05,7,CRIM,-0.4424131728,-0.5296923671,0.0872791943,-0.2409978435,-0.2885418564
Boston Housing,LAD,0.05,7,ZN,-0.00352930667,0.01126306491,-0.01479237158,-0.0005114937204,0.001632328248
Boston Housing,LAD,0.05,7,INDUS,-0.06453511166,-0.06155568763,-0.002979424023,-0.1144796763,-0.1091944372
Boston Housing,LAD,0.05,7,CHAS,3.133039772,2.310981356,0.8220584159,0.4540637351,0.3349248342
Boston Housing,LAD,0.05,7,NOX,-11.0681742,-9.575947657,-1.492226544,-0.2309879833,-0.1998458642
Boston Housing,LAD,0.05,7,RM,4.649382164,4.976903745,-0.3275215811,0.4117061597,0.4407084331
Boston Housing,LAD,0.05,7,AGE,-0.02467680256,-0.02865206404,0.003975261475,-0.162723843,-0.1889375237
Boston Housing,LAD,0.05,7,DIS,-0.7014259816,-0.9501396515,0.2487136699,-0.2482234727,-0.3362392755
Boston Housing,LAD,0.05,7,RAD,0.1206868146,0.2509050572,-0.1302182426,0.3498168538,0.7272610354
Boston Housing,LAD,0.05,7,TAX,-0.0007699029226,-0.00724174151,0.006471838588,-0.04262361108,-0.4009196025
Boston Housing,LAD,0.05,7,PTRATIO,-0.6592113832,-0.7035817153,0.04437033209,-0.2292909159,-0.2447240749
Boston Housing,LAD,0.05,7,LSTAT,-0.3528322181,-0.3016570272,-0.05117519088,-0.4597045856,-0.3930285035
Boston Housing,OLS,0.05,8,Intercept,17.79196744,25.76502072,-7.973053285,,
Boston Housing,OLS,0.05,8,CRIM,0.7509329121,-0.3981416199,1.149074532,0.4090592766,-0.2168815888
Boston Housing,OLS,0.05,8,ZN,-0.005187460432,-0.01028855598,0.005101095551,-0.0007518058597,-0.00149109507
Boston Housing,OLS,0.05,8,INDUS,0.174495602,-0.08386181448,0.2583574164,0.3095400244,-0.1487635666
Boston Housing,OLS,0.05,8,CHAS,2.190404303,2.009809016,0.1805952874,0.317449899,0.291276669
Boston Housing,OLS,0.05,8,NOX,4.610155699,-14.50118331,19.11133901,0.09621194502,-0.3026333908
Boston Housing,OLS,0.05,8,RM,5.568938412,4.782367,0.7865714116,0.4931335318,0.4234820633
Boston Housing,OLS,0.05,8,AGE,-0.05661762914,-0.02203910644,-0.0345785227,-0.3733481342,-0.1453303396
Boston Housing,OLS,0.05,8,DIS,-1.021237964,-0.979784906,-0.04145305806,-0.3613998349,-0.3467302585
Boston Housing,OLS,0.05,8,RAD,-0.3742235875,0.2896341815,-0.663857769,-1.084706051,0.8395193667
Boston Housing,OLS,0.05,8,TAX,0.003762727933,-0.0102149664,0.01397769434,0.2083133435,-0.565524227
Boston Housing,OLS,0.05,8,PTRATIO,-0.9731977612,-0.7292660368,-0.2439317244,-0.3385035691,-0.2536577519
Boston Housing,OLS,0.05,8,LSTAT,-0.7284626872,-0.3438291921,-0.384633495,-0.9491129793,-0.4479745561
Boston Housing,LAD,0.05,8,Intercept,17.39275779,19.99811558,-2.605357789,,
Boston Housing,LAD,0.05,8,CRIM,-0.4358882804,-0.5296923671,0.09380408668,-0.2374435077,-0.2885418564
Boston Housing,LAD,0.05,8,ZN,-0.0002845851118,0.01126306491,-0.01154765002,-4.124421911e-05,0.001632328248
Boston Housing,LAD,0.05,8,INDUS,-0.0806071309,-0.06155568763,-0.01905144327,-0.1429900409,-0.1091944372
Boston Housing,LAD,0.05,8,CHAS,2.505068123,2.310981356,0.1940867672,0.3630533512,0.3349248342
Boston Housing,LAD,0.05,8,NOX,-7.152647314,-9.575947657,2.423300344,-0.1492726396,-0.1998458642
Boston Housing,LAD,0.05,8,RM,5.018826606,4.976903745,0.04192286053,0.4444207328,0.4407084331
Boston Housing,LAD,0.05,8,AGE,-0.032395319,-0.02865206404,-0.003743254966,-0.2136213065,-0.1889375237
Boston Housing,LAD,0.05,8,DIS,-0.8265220126,-0.9501396515,0.1236176389,-0.2924929638,-0.3362392755
Boston Housing,LAD,0.05,8,RAD,0.1353749974,0.2509050572,-0.1155300598,0.3923912967,0.7272610354
Boston Housing,LAD,0.05,8,TAX,-0.002176026634,-0.00724174151,0.005065714877,-0.1204698803,-0.4009196025
Boston Housing,LAD,0.05,8,PTRATIO,-0.6756477808,-0.7035817153,0.02793393445,-0.2350079238,-0.2447240749
Boston Housing,LAD,0.05,8,LSTAT,-0.3603435943,-0.3016570272,-0.05868656713,-0.4694911468,-0.3930285035
Boston Housing,OLS,0.05,9,Intercept,31.49984845,25.76502072,5.734827728,,
Boston Housing,OLS,0.05,9,CRIM,-0.8935343982,-0.3981416199,-0.4953927783,-0.4867392662,-0.2168815888
Boston Housing,OLS,0.05,9,ZN,0.06106492481,-0.01028855598,0.07135348079,0.008849989103,-0.00149109507
Boston Housing,OLS,0.05,9,INDUS,0.1053649917,-0.08386181448,0.1892268062,0.1869083331,-0.1487635666
Boston Housing,OLS,0.05,9,CHAS,5.974451935,2.009809016,3.96464292,0.8658625993,0.291276669
Boston Housing,OLS,0.05,9,NOX,-28.42675882,-14.50118331,-13.92557551,-0.5932540972,-0.3026333908
Boston Housing,OLS,0.05,9,RM,3.049388954,4.782367,-1.732978046,0.2700256016,0.4234820633
Boston Housing,OLS,0.05,9,AGE,0.0636275553,-0.02203910644,0.08566666174,0.4195730096,-0.1453303396
Boston Housing,OLS,0.05,9,DIS,-1.019999744,-0.979784906,-0.04021483786,-0.3609616485,-0.3467302585
Boston Housing,OLS,0.05,9,RAD,0.1593332851,0.2896341815,-0.1303008964,0.4618356091,0.8395193667
Boston Housing,OLS,0.05,9,TAX,0.009432305269,-0.0102149664,0.01964727167,0.5221942917,-0.565524227
Boston Housing,OLS,0.05,9,PTRATIO,-0.6501650341,-0.7292660368,0.07910100271,-0.2261443597,-0.2536577519
Boston Housing,OLS,0.05,9,LSTAT,-0.4812596908,-0.3438291921,-0.1374304987,-0.6270325537,-0.4479745561
Boston Housing,LAD,0.05,9,Intercept,22.17056585,19.99811558,2.172450271,,
Boston Housing,LAD,0.05,9,CRIM,-0.548792026,-0.5296923671,-0.01909965898,-0.298946105,-0.2885418564
Boston Housing,LAD,0.05,9,ZN,0.00411970777,0.01126306491,-0.007143357141,0.0005970590972,0.001632328248
Boston Housing,LAD,0.05,9,INDUS,-0.07511526849,-0.06155568763,-0.01355958085,-0.1332479545,-0.1091944372
Boston Housing,LAD,0.05,9,CHAS,2.676101246,2.310981356,0.3651198895,0.3878407602,0.3349248342
Boston Housing,LAD,0.05,9,NOX,-10.67964751,-9.575947657,-1.103699854,-0.2228796002,-0.1998458642
Boston Housing,LAD,0.05,9,RM,4.809480903,4.976903745,-0.1674228416,0.4258830191,0.4407084331
Boston Housing,LAD,0.05,9,AGE,-0.02724269248,-0.02865206404,0.001409371561,-0.1796438417,-0.1889375237
Boston Housing,LAD,0.05,9,DIS,-1.013323984,-0.9501396515,-0.06318433238,-0.3585992035,-0.3362392755
Boston Housing,LAD,0.05,9,RAD,0.2748206329,0.2509050572,0.02391557567,0.7965815445,0.7272610354
Boston Housing,LAD,0.05,9,TAX,-0.00781836635,-0.00724174151,-0.0005766248396,-0.4328428907,-0.4009196025
Boston Housing,LAD,0.05,9,PTRATIO,-0.7165718346,-0.7035817153,-0.01299011926,-0.2492423772,-0.2447240749
Boston Housing,LAD,0.05,9,LSTAT,-0.291749665,-0.3016570272,0.009907362153,-0.3801202158,-0.3930285035
Boston Housing,OLS,0.05,10,Intercept,31.7815924,25.76502072,6.01657168,,
Boston Housing,OLS,0.05,10,CRIM,0.1230012292,-0.3981416199,0.5211428491,0.06700304783,-0.2168815888
Boston Housing,OLS,0.05,10,ZN,0.06987238409,-0.01028855598,0.08016094007,0.01012643248,-0.00149109507
Boston Housing,OLS,0.05,10,INDUS,0.7338582094,-0.08386181448,0.8177200239,1.30180065,-0.1487635666
Boston Housing,OLS,0.05,10,CHAS,-1.561281078,2.009809016,-3.571090094,-0.2262726201,0.291276669
Boston Housing,OLS,0.05,10,NOX,-15.73964669,-14.50118331,-1.238463384,-0.3284795831,-0.3026333908
Boston Housing,OLS,0.05,10,RM,6.457611197,4.782367,1.675244197,0.5718261509,0.4234820633
Boston Housing,OLS,0.05,10,AGE,-0.001996840215,-0.02203910644,0.02004226623,-0.01316756953,-0.1453303396
Boston Housing,OLS,0.05,10,DIS,-1.714510998,-0.979784906,-0.7347260918,-0.6067381093,-0.3467302585
Boston Housing,OLS,0.05,10,RAD,0.07379306934,0.2896341815,-0.2158411122,0.2138929546,0.8395193667
Boston Housing,OLS,0.05,10,TAX,-0.0338669379,-0.0102149664,-0.02365197149,-1.874952214,-0.565524227
Boston Housing,OLS,0.05,10,PTRATIO,-1.447430394,-0.7292660368,-0.718164357,-0.50345405,-0.2536577519
Boston Housing,OLS,0.05,10,LSTAT,-0.2558696982,-0.3438291921,0.08795949388,-0.333372259,-0.4479745561
Boston Housing,LAD,0.05,10,Intercept,18.683772,19.99811558,-1.314343585,,
Boston Housing,LAD,0.05,10,CRIM,-0.5138004412,-0.5296923671,0.01589192589,-0.2798849716,-0.2885418564
Boston Housing,LAD,0.05,10,ZN,0.01287304462,0.01126306491,0.001609979705,0.00186565864,0.001632328248
Boston Housing,LAD,0.05,10,INDUS,-0.06678317186,-0.06155568763,-0.005227484223,-0.1184675396,-0.1091944372
Boston Housing,LAD,0.05,10,CHAS,2.161678802,2.310981356,-0.1493025542,0.3132867829,0.3349248342
Boston Housing,LAD,0.05,10,NOX,-10.65427427,-9.575947657,-1.078326608,-0.2223500716,-0.1998458642
Boston Housing,LAD,0.05,10,RM,5.196939932,4.976903745,0.2200361871,0.4601927969,0.4407084331
Boston Housing,LAD,0.05,10,AGE,-0.03250078714,-0.02865206404,-0.003848723099,-0.2143167848,-0.1889375237
Boston Housing,LAD,0.05,10,DIS,-1.031764292,-0.9501396515,-0.08162464078,-0.3651249346,-0.3362392755
Boston Housing,LAD,0.05,10,RAD,0.244250533,0.2509050572,-0.006654524164,0.7079725595,0.7272610354
Boston Housing,LAD,0.05,10,TAX,-0.007101405079,-0.00724174151,0.0001403364319,-0.3931502522,-0.4009196025
Boston Housing,LAD,0.05,10,PTRATIO,-0.6611316046,-0.7035817153,0.04245011068,-0.229958819,-0.2447240749
Boston Housing,LAD,0.05,10,LSTAT,-0.2789641299,-0.3016570272,0.02269289725,-0.3634619606,-0.3930285035
Boston Housing,OLS,0.05,11,Intercept,60.7593501,25.76502072,34.99432937,,
Boston Housing,OLS,0.05,11,CRIM,-1.238930222,-0.3981416199,-0.8407886024,-0.6748883853,-0.2168815888
Boston Housing,OLS,0.05,11,ZN,0.07547288633,-0.01028855598,0.08576144231,0.01093809947,-0.00149109507
Boston Housing,OLS,0.05,11,INDUS,-0.4101469482,-0.08386181448,-0.3262851338,-0.7275650212,-0.1487635666
Boston Housing,OLS,0.05,11,CHAS,4.06579756,2.009809016,2.055988545,0.5892460232,0.291276669
Boston Housing,OLS,0.05,11,NOX,9.476410843,-14.50118331,23.97759415,0.1977685741,-0.3026333908
Boston Housing,OLS,0.05,11,RM,0.3433598656,4.782367,-4.439007134,0.03040476491,0.4234820633
Boston Housing,OLS,0.05,11,AGE,0.03024329782,-0.02203910644,0.05228240426,0.1994304421,-0.1453303396
Boston Housing,OLS,0.05,11,DIS,-1.281344052,-0.979784906,-0.3015591459,-0.4534472327,-0.3467302585
Boston Housing,OLS,0.05,11,RAD,1.637386823,0.2896341815,1.347752642,4.746048764,0.8395193667
Boston Housing,OLS,0.05,11,TAX,-0.05527263028,-0.0102149664,-0.04505766387,-3.060020981,-0.565524227
Boston Housing,OLS,0.05,11,PTRATIO,-1.326180522,-0.7292660368,-0.5969144853,-0.4612801816,-0.2536577519
Boston Housing,OLS,0.05,11,LSTAT,-0.4818857658,-0.3438291921,-0.1380565737,-0.6278482659,-0.4479745561
Boston Housing,LAD,0.05,11,Intercept,17.35002858,19.99811558,-2.648087001,,
Boston Housing,LAD,0.05,11,CRIM,-0.5954872083,-0.5296923671,-0.06579484127,-0.324382595,-0.2885418564
Boston Housing,LAD,0.05,11,ZN,0.01724896999,0.01126306491,0.005985905081,0.002499850723,0.001632328248
Boston Housing,LAD,0.05,11,INDUS,-0.08047663662,-0.06155568763,-0.01892094899,-0.1427585554,-0.1091944372
Boston Housing,LAD,0.05,11,CHAS,2.830469228,2.310981356,0.5194878715,0.4102129316,0.3349248342
Boston Housing,LAD,0.05,11,NOX,-8.384024187,-9.575947657,1.19192347,-0.1749709396,-0.1998458642
Boston Housing,LAD,0.05,11,RM,4.901221533,4.976903745,-0.07568221219,0.4340067183,0.4407084331
Boston Housing,LAD,0.05,11,AGE,-0.04668194418,-0.02865206404,-0.01802988015,-0.3078302117,-0.1889375237
Boston Housing,LAD,0.05,11,DIS,-1.137346606,-0.9501396515,-0.1872069549,-0.4024888324,-0.3362392755
Boston Housing,LAD,0.05,11,RAD,0.3197869649,0.2509050572,0.06888190766,0.9269187387,0.7272610354
Boston Housing,LAD,0.05,11,TAX,-0.008664551838,-0.00724174151,-0.001422810328,-0.4796896815,-0.4009196025
Boston Housing,LAD,0.05,11,PTRATIO,-0.4972093893,-0.7035817153,0.206372326,-0.1729423963,-0.2447240749
Boston Housing,LAD,0.05,11,LSTAT,-0.2573757656,-0.3016570272,0.04428126162,-0.335334512,-0.3930285035
Boston Housing,OLS,0.05,12,Intercept,48.04238366,25.76502072,22.27736294,,
Boston Housing,OLS,0.05,12,CRIM,0.2083005117,-0.3981416199,0.6064421316,0.113468534,-0.2168815888
Boston Housing,OLS,0.05,12,ZN,-0.1875235437,-0.01028855598,-0.1772349877,-0.02717732518,-0.00149109507
Boston Housing,OLS,0.05,12,INDUS,-0.6730053227,-0.08386181448,-0.5891435082,-1.19385292,-0.1487635666
Boston Housing,OLS,0.05,12,CHAS,8.690784434,2.009809016,6.680975418,1.259533976,0.291276669
Boston Housing,OLS,0.05,12,NOX,8.297503971,-14.50118331,22.79868728,0.1731653003,-0.3026333908
Boston Housing,OLS,0.05,12,RM,1.702064345,4.782367,-3.080302655,0.1507190311,0.4234820633
Boston Housing,OLS,0.05,12,AGE,0.01265277238,-0.02203910644,0.03469187882,0.08343494829,-0.1453303396
Boston Housing,OLS,0.05,12,DIS,0.8536944869,-0.979784906,1.833479393,0.3021088693,-0.3467302585
Boston Housing,OLS,0.05,12,RAD,-0.5229084772,0.2896341815,-0.8125426587,-1.515676745,0.8395193667
Boston Housing,OLS,0.05,12,TAX,0.0487769671,-0.0102149664,0.0589919335,2.700406004,-0.565524227
Boston Housing,OLS,0.05,12,PTRATIO,-2.269160521,-0.7292660368,-1.539894484,-0.7892732246,-0.2536577519
Boston Housing,OLS,0.05,12,LSTAT,-0.7774617756,-0.3438291921,-0.4336325834,-1.012953821,-0.4479745561
Boston Housing,LAD,0.05,12,Intercept,21.60644991,19.99811558,1.608334328,,
Boston Housing,LAD,0.05,12,CRIM,-0.3754612893,-0.5296923671,0.1542310778,-0.2045268238,-0.2885418564
Boston Housing,LAD,0.05,12,ZN,-0.006217150716,0.01126306491,-0.01748021563,-0.0009010363357,0.001632328248
Boston Housing,LAD,0.05,12,INDUS,-0.07514071023,-0.06155568763,-0.01358502259,-0.133293086,-0.1091944372
Boston Housing,LAD,0.05,12,CHAS,2.99495573,2.310981356,0.683974374,0.4340515551,0.3349248342
Boston Housing,LAD,0.05,12,NOX,-8.543841853,-9.575947657,1.032105805,-0.1783062648,-0.1998458642
Boston Housing,LAD,0.05,12,RM,4.642241901,4.976903745,-0.3346618443,0.4110738843,0.4407084331
Boston Housing,LAD,0.05,12,AGE,-0.01886880393,-0.02865206404,0.009783260114,-0.1244247215,-0.1889375237
Boston Housing,LAD,0.05,12,DIS,-0.7874495916,-0.9501396515,0.1626900599,-0.2786658569,-0.3362392755
Boston Housing,LAD,0.05,12,RAD,0.1298471544,0.2509050572,-0.1210579028,0.3763685634,0.7272610354
Boston Housing,LAD,0.05,12,TAX,-0.003098132386,-0.00724174151,0.004143609124,-0.171519793,-0.4009196025
Boston Housing,LAD,0.05,12,PTRATIO,-0.7471491182,-0.7035817153,-0.04356740293,-0.2598779542,-0.2447240749
Boston Housing,LAD,0.05,12,LSTAT,-0.4026815926,-0.3016570272,-0.1010245654,-0.5246532634,-0.3930285035
Boston Housing,OLS,0.05,13,Intercept,13.0553577,25.76502072,-12.70966302,,
Boston Housing,OLS,0.05,13,CRIM,-0.03272481253,-0.3981416199,0.3654168074,-0.01782634364,-0.2168815888
Boston Housing,OLS,0.05,13,ZN,-0.09232912743,-0.01028855598,-0.08204057145,-0.01338103296,-0.00149109507
Boston Housing,OLS,0.05,13,INDUS,0.2067217128,-0.08386181448,0.2905835273,0.3667063428,-0.1487635666
Boston Housing,OLS,0.05,13,CHAS,4.480276853,2.009809016,2.470467837,0.649315486,0.291276669
Boston Housing,OLS,0.05,13,NOX,-4.763404266,-14.50118331,9.737779042,-0.09941017599,-0.3026333908
Boston Housing,OLS,0.05,13,RM,6.018477759,4.782367,1.23611076,0.5329405668,0.4234820633
Boston Housing,OLS,0.05,13,AGE,-0.02234648469,-0.02203910644,-0.0003073782504,-0.1473572541,-0.1453303396
Boston Housing,OLS,0.05,13,DIS,-0.3404693658,-0.979784906,0.6393155402,-0.1204866808,-0.3467302585
Boston Housing,OLS,0.05,13,RAD,-0.06680615193,0.2896341815,-0.3564403335,-0.1936410201,0.8395193667
Boston Housing,OLS,0.05,13,TAX,-0.0001817450437,-0.0102149664,0.01003322136,-0.01006182706,-0.565524227
Boston Housing,OLS,0.05,13,PTRATIO,-0.6481848279,-0.7292660368,0.08108120894,-0.2254555923,-0.2536577519
Boston Housing,OLS,0.05,13,LSTAT,-1.087402486,-0.3438291921,-0.7435732938,-1.416775123,-0.4479745561
Boston Housing,LAD,0.05,13,Intercept,19.55366889,19.99811558,-0.4444466889,,
Boston Housing,LAD,0.05,13,CRIM,-0.3792702844,-0.5296923671,0.1504220827,-0.2066017159,-0.2885418564
Boston Housing,LAD,0.05,13,ZN,-0.004741506227,0.01126306491,-0.01600457114,-0.0006871748156,0.001632328248
Boston Housing,LAD,0.05,13,INDUS,-0.07918152444,-0.06155568763,-0.0176258368,-0.140461139,-0.1091944372
Boston Housing,LAD,0.05,13,CHAS,3.162385232,2.310981356,0.8514038761,0.4583167003,0.3349248342
Boston Housing,LAD,0.05,13,NOX,-10.10592779,-9.575947657,-0.5299801299,-0.210906319,-0.1998458642
Boston Housing,LAD,0.05,13,RM,4.812410212,4.976903745,-0.1644935327,0.4261424116,0.4407084331
Boston Housing,LAD,0.05,13,AGE,-0.03621193514,-0.02865206404,-0.007559871098,-0.2387888476,-0.1889375237
Boston Housing,LAD,0.05,13,DIS,-1.077838593,-0.9501396515,-0.1276989413,-0.3814298951,-0.3362392755
Boston Housing,LAD,0.05,13,RAD,0.1555204052,0.2509050572,-0.095384652,0.4507837832,0.7272610354
Boston Housing,LAD,0.05,13,TAX,-0.004564597909,-0.00724174151,0.002677143602,-0.2527067248,-0.4009196025
Boston Housing,LAD,0.05,13,PTRATIO,-0.5248619641,-0.7035817153,0.1787197512,-0.1825606832,-0.2447240749
Boston Housing,LAD,0.05,13,LSTAT,-0.3927173424,-0.3016570272,-0.09106031525,-0.5116708563,-0.3930285035
Boston Housing,OLS,0.05,14,Intercept,23.02834587,25.76502072,-2.736674852,,
Boston Housing,OLS,0.05,14,CRIM,0.0864306314,-0.3981416199,0.4845722513,0.04708177121,-0.2168815888
Boston Housing,OLS,0.05,14,ZN,-0.04187542554,-0.01028855598,-0.03158686955,-0.006068902252,-0.00149109507
Boston Housing,OLS,0.05,14,INDUS,-0.4574043914,-0.08386181448,-0.3735425769,-0.8113956161,-0.1487635666
Boston Housing,OLS,0.05,14,CHAS,0.8681494674,2.009809016,-1.141659548,0.1258187634,0.291276669
Boston Housing,OLS,0.05,14,NOX,-20.86597386,-14.50118331,-6.364790551,-0.4354638023,-0.3026333908
Boston Housing,OLS,0.05,14,RM,4.177304255,4.782367,-0.6050627454,0.3699033188,0.4234820633
Boston Housing,OLS,0.05,14,AGE,0.01938687932,-0.02203910644,0.04142598577,0.1278410158,-0.1453303396
Boston Housing,OLS,0.05,14,DIS,-0.6167722401,-0.979784906,0.3630126658,-0.2182658632,-0.3467302585
Boston Housing,OLS,0.05,14,RAD,0.1107433301,0.2896341815,-0.1788908514,0.3209951598,0.8395193667
Boston Housing,OLS,0.05,14,TAX,-0.008003479974,-0.0102149664,0.00221148643,-0.4430912101,-0.565524227
Boston Housing,OLS,0.05,14,PTRATIO,-0.09046038091,-0.7292660368,0.6388056559,-0.03146448032,-0.2536577519
Boston Housing,OLS,0.05,14,LSTAT,-0.534969789,-0.3438291921,-0.1911405969,-0.6970113627,-0.4479745561
Boston Housing,LAD,0.05,14,Intercept,22.71950246,19.99811558,2.721386875,,
Boston Housing,LAD,0.05,14,CRIM,-0.3667523799,-0.5296923671,0.1629399872,-0.1997827779,-0.2885418564
Boston Housing,LAD,0.05,14,ZN,0.006925755235,0.01126306491,-0.004337309676,0.001003732643,0.001632328248
Boston Housing,LAD,0.05,14,INDUS,-0.08190965056,-0.06155568763,-0.02035396292,-0.1453005975,-0.1091944372
Boston Housing,LAD,0.05,14,CHAS,1.876701655,2.310981356,-0.4342797013,0.2719857471,0.3349248342
Boston Housing,LAD,0.05,14,NOX,-14.82279536,-9.575947657,-5.246847707,-0.3093452946,-0.1998458642
Boston Housing,LAD,0.05,14,RM,4.848620689,4.976903745,-0.1282830557,0.4293488755,0.4407084331
Boston Housing,LAD,0.05,14,AGE,-0.02515952601,-0.02865206404,0.003492538028,-0.1659070193,-0.1889375237
Boston Housing,LAD,0.05,14,DIS,-1.124061527,-0.9501396515,-0.1739218754,-0.3977874545,-0.3362392755
Boston Housing,LAD,0.05,14,RAD,0.1873654994,0.2509050572,-0.06353955784,0.5430884039,0.7272610354
Boston Housing,LAD,0.05,14,TAX,-0.006556465422,-0.00724174151,0.0006852760887,-0.3629811292,-0.4009196025
Boston Housing,LAD,0.05,14,PTRATIO,-0.5958773102,-0.7035817153,0.107704405,-0.2072616731,-0.2447240749
Boston Housing,LAD,0.05,14,LSTAT,-0.3552805893,-0.3016570272,-0.05362356209,-0.4628945649,-0.3930285035
Boston Housing,OLS,0.05,15,Intercept,52.78893234,25.76502072,27.02391162,,
Boston Housing,OLS,0.05,15,CRIM,-0.7208847261,-0.3981416199,-0.3227431061,-0.3926909845,-0.2168815888
Boston Housing,OLS,0.05,15,ZN,0.04648052898,-0.01028855598,0.05676908496,0.006736308547,-0.00149109507
Boston Housing,OLS,0.05,15,INDUS,0.1095554706,-0.08386181448,0.1934172851,0.1943418783,-0.1487635666
Boston Housing,OLS,0.05,15,CHAS,0.7933430901,2.009809016,-1.216465926,0.1149772594,0.291276669
Boston Housing,OLS,0.05,15,NOX,-17.67209723,-14.50118331,-3.170913918,-0.3688089856,-0.3026333908
Boston Housing,OLS,0.05,15,RM,3.437546294,4.782367,-1.344820705,0.3043972154,0.4234820633
Boston Housing,OLS,0.05,15,AGE,-0.05272608187,-0.02203910644,-0.03068697543,-0.3476864819,-0.1453303396
Boston Housing,OLS,0.05,15,DIS,-1.644202722,-0.979784906,-0.6644178156,-0.5818571312,-0.3467302585
Boston Housing,OLS,0.05,15,RAD,0.8341003451,0.2896341815,0.5444661636,2.41768216,0.8395193667
Boston Housing,OLS,0.05,15,TAX,-0.03292247892,-0.0102149664,-0.02270751252,-1.822664775,-0.565524227
Boston Housing,OLS,0.05,15,PTRATIO,-1.301338533,-0.7292660368,-0.5720724962,-0.4526394897,-0.2536577519
Boston Housing,OLS,0.05,15,LSTAT,-0.3031959057,-0.3438291921,0.04063328645,-0.3950335061,-0.4479745561
Boston Housing,LAD,0.05,15,Intercept,20.76622494,19.99811558,0.7681093579,,
Boston Housing,LAD,0.05,15,CRIM,-0.5356247938,-0.5296923671,-0.005932426721,-0.2917734556,-0.2885418564
Boston Housing,LAD,0.05,15,ZN,0.01841448659,0.01126306491,0.00715142168,0.002668766173,0.001632328248
Boston Housing,LAD,0.05,15,INDUS,-0.03599005426,-0.06155568763,0.02556563338,-0.06384322668,-0.1091944372
Boston Housing,LAD,0.05,15,CHAS,2.174566074,2.310981356,-0.1364152823,0.3151545035,0.3349248342
Boston Housing,LAD,0.05,15,NOX,-8.586647562,-9.575947657,0.9893000952,-0.1791996013,-0.1998458642
Boston Housing,LAD,0.05,15,RM,4.753326817,4.976903745,-0.2235769277,0.4209105341,0.4407084331
Boston Housing,LAD,0.05,15,AGE,-0.03330144237,-0.02865206404,-0.004649378331,-0.2195964678,-0.1889375237
Boston Housing,LAD,0.05,15,DIS,-1.054188541,-0.9501396515,-0.1040488891,-0.3730605186,-0.3362392755
Boston Housing,LAD,0.05,15,RAD,0.2859488219,0.2509050572,0.03504376469,0.8288371649,0.7272610354
Boston Housing,LAD,0.05,15,TAX,-0.01026951333,-0.00724174151,-0.003027771817,-0.5685440712,-0.4009196025
Boston Housing,LAD,0.05,15,PTRATIO,-0.6142519261,-0.7035817153,0.08932978919,-0.2136528439,-0.2447240749
Boston Housing,LAD,0.05,15,LSTAT,-0.32081275,-0.3016570272,-0.01915572278,-0.417986467,-0.3930285035
Boston Housing,OLS,0.05,16,Intercept,-15.13221216,25.76502072,-40.89723289,,
Boston Housing,OLS,0.05,16,CRIM,-0.4731882458,-0.3981416199,-0.0750466259,-0.2577620962,-0.2168815888
Boston Housing,OLS,0.05,16,ZN,0.03059803431,-0.01028855598,0.04088659029,0.004434497726,-0.00149109507
Boston Housing,OLS,0.05,16,INDUS,-0.377490995,-0.08386181448,-0.2936291805,-0.6696361998,-0.1487635666
Boston Housing,OLS,0.05,16,CHAS,-3.621062226,2.009809016,-5.630871242,-0.524791627,0.291276669
Boston Housing,OLS,0.05,16,NOX,27.98532495,-14.50118331,42.48650826,0.5840415642,-0.3026333908
Boston Housing,OLS,0.05,16,RM,5.845968036,4.782367,1.063601036,0.5176647058,0.4234820633
Boston Housing,OLS,0.05,16,AGE,-0.1234020658,-0.02203910644,-0.1013629594,-0.8137382602,-0.1453303396
Boston Housing,OLS,0.05,16,DIS,-0.8548071743,-0.979784906,0.1249777317,-0.3025026316,-0.3467302585
Boston Housing,OLS,0.05,16,RAD,-0.03911934689,0.2896341815,-0.3287535284,-0.1133894113,0.8395193667
Boston Housing,OLS,0.05,16,TAX,0.01247897012,-0.0102149664,0.02269393652,0.6908647223,-0.565524227
Boston Housing,OLS,0.05,16,PTRATIO,0.1006472138,-0.7292660368,0.8299132506,0.03500772653,-0.2536577519
Boston Housing,OLS,0.05,16,LSTAT,-0.3375128234,-0.3438291921,0.006316368732,-0.4397449684,-0.4479745561
Boston Housing,LAD,0.05,16,Intercept,18.15177968,19.99811558,-1.846335906,,
Boston Housing,LAD,0.05,16,CRIM,-0.5572847254,-0.5296923671,-0.02759235839,-0.3035723738,-0.2885418564
Boston Housing,LAD,0.05,16,ZN,0.004861709606,0.01126306491,-0.006401355305,0.0007045955951,0.001632328248
Boston Housing,LAD,0.05,16,INDUS,-0.05080217169,-0.06155568763,0.01075351594,-0.090118635,-0.1091944372
Boston Housing,LAD,0.05,16,CHAS,2.444477905,2.310981356,0.133496549,0.3542721602,0.3349248342
Boston Housing,LAD,0.05,16,NOX,-10.25201529,-9.575947657,-0.6760676279,-0.2139551016,-0.1998458642
Boston Housing,LAD,0.05,16,RM,5.280288479,4.976903745,0.3033847344,0.4675733711,0.4407084331
Boston Housing,LAD,0.05,16,AGE,-0.0392955923,-0.02865206404,-0.01064352826,-0.2591231086,-0.1889375237
Boston Housing,LAD,0.05,16,DIS,-1.072508598,-0.9501396515,-0.1223689465,-0.3795436949,-0.3362392755
Boston Housing,LAD,0.05,16,RAD,0.2752985449,0.2509050572,0.02439348774,0.7979667969,0.7272610354
Boston Housing,LAD,0.05,16,TAX,-0.00843010983,-0.00724174151,-0.001188368319,-0.4667104282,-0.4009196025
Boston Housing,LAD,0.05,16,PTRATIO,-0.6439723065,-0.7035817153,0.0596094088,-0.2239903675,-0.2447240749
Boston Housing,LAD,0.05,16,LSTAT,-0.258212225,-0.3016570272,0.04344480224,-0.3364243337,-0.3930285035
Boston Housing,OLS,0.05,17,Intercept,38.47760438,25.76502072,12.71258366,,
Boston Housing,OLS,0.05,17,CRIM,-0.7266544523,-0.3981416199,-0.3285128323,-0.3958339551,-0.2168815888
Boston Housing,OLS,0.05,17,ZN,0.164555843,-0.01028855598,0.174844399,0.02384867289,-0.00149109507
Boston Housing,OLS,0.05,17,INDUS,0.2722629893,-0.08386181448,0.3561248038,0.482970868,-0.1487635666
Boston Housing,OLS,0.05,17,CHAS,-4.539393821,2.009809016,-6.549202837,-0.6578831625,0.291276669
Boston Housing,OLS,0.05,17,NOX,6.278281786,-14.50118331,20.77946509,0.1310250112,-0.3026333908
Boston Housing,OLS,0.05,17,RM,4.003376742,4.782367,-0.778990258,0.3545019115,0.4234820633
Boston Housing,OLS,0.05,17,AGE,-0.002403182246,-0.02203910644,0.0196359242,-0.01584707133,-0.1453303396
Boston Housing,OLS,0.05,17,DIS,-2.556757429,-0.979784906,-1.576972523,-0.9047956941,-0.3467302585
Boston Housing,OLS,0.05,17,RAD,1.373116153,0.2896341815,1.083481972,3.980046821,0.8395193667
Boston Housing,OLS,0.05,17,TAX,-0.08717262492,-0.0102149664,-0.07695765852,-4.826078655,-0.565524227
Boston Housing,OLS,0.05,17,PTRATIO,-0.6648478916,-0.7292660368,0.06441814521,-0.2312514405,-0.2536577519
Boston Housing,OLS,0.05,17,LSTAT,-0.3158377507,-0.3438291921,0.02799144145,-0.4115045476,-0.4479745561
Boston Housing,LAD,0.05,17,Intercept,19.75859378,19.99811558,-0.2395218063,,
Boston Housing,LAD,0.05,17,CRIM,-0.5885839987,-0.5296923671,-0.05889163161,-0.3206221766,-0.2885418564
Boston Housing,LAD,0.05,17,ZN,0.009832401135,0.01126306491,-0.001430663776,0.001424985672,0.001632328248
Boston Housing,LAD,0.05,17,INDUS,0.004421824484,-0.06155568763,0.06597751212,0.007843932129,-0.1091944372
Boston Housing,LAD,0.05,17,CHAS,2.173942285,2.310981356,-0.1370390708,0.3150640993,0.3349248342
Boston Housing,LAD,0.05,17,NOX,-11.22555417,-9.575947657,-1.649606516,-0.2342724349,-0.1998458642
Boston Housing,LAD,0.05,17,RM,4.976094308,4.976903745,-0.0008094373034,0.4406367568,0.4407084331
Boston Housing,LAD,0.05,17,AGE,-0.02933483216,-0.02865206404,-0.0006827681209,-0.1934398353,-0.1889375237
Boston Housing,LAD,0.05,17,DIS,-1.058778926,-0.9501396515,-0.1086392748,-0.3746849829,-0.3362392755
Boston Housing,LAD,0.05,17,RAD,0.3634976974,0.2509050572,0.1125926403,1.053616514,0.7272610354
Boston Housing,LAD,0.05,17,TAX,-0.01362371256,-0.00724174151,-0.006381971054,-0.7542403188,-0.4009196025
Boston Housing,LAD,0.05,17,PTRATIO,-0.5811330747,-0.7035817153,0.1224486406,-0.2021332434,-0.2447240749
Boston Housing,LAD,0.05,17,LSTAT,-0.2874820663,-0.3016570272,0.01417496088,-0.3745599676,-0.3930285035
Boston Housing,OLS,0.05,18,Intercept,37.00975581,25.76502072,11.24473509,,
Boston Housing,OLS,0.05,18,CRIM,-0.5283859612,-0.3981416199,-0.1302443412,-0.2878302117,-0.2168815888
Boston Housing,OLS,0.05,18,ZN,0.03442824171,-0.01028855598,0.04471679769,0.004989600247,-0.00149109507
Boston Housing,OLS,0.05,18,INDUS,-0.2411890271,-0.08386181448,-0.1573272126,-0.4278483611,-0.1487635666
Boston Housing,OLS,0.05,18,CHAS,1.753353579,2.009809016,-0.2564554368,0.2541092143,0.291276669
Boston Housing,OLS,0.05,18,NOX,-32.54951911,-14.50118331,-18.0483358,-0.6792943118,-0.3026333908
Boston Housing,OLS,0.05,18,RM,5.065043768,4.782367,0.2826767685,0.448513296,0.4234820633
Boston Housing,OLS,0.05,18,AGE,-0.03342179597,-0.02203910644,-0.01138268953,-0.2203901039,-0.1453303396
Boston Housing,OLS,0.05,18,DIS,-1.83183578,-0.979784906,-0.8520508742,-0.6482574794,-0.3467302585
Boston Housing,OLS,0.05,18,RAD,0.3975628326,0.2896341815,0.107928651,1.152356036,0.8395193667
Boston Housing,OLS,0.05,18,TAX,-0.008022777311,-0.0102149664,0.002192189092,-0.4441595555,-0.565524227
Boston Housing,OLS,0.05,18,PTRATIO,-0.7624890271,-0.7292660368,-0.03322299028,-0.2652135746,-0.2536577519
Boston Housing,OLS,0.05,18,LSTAT,-0.2397031174,-0.3438291921,0.1041260747,-0.3123088443,-0.4479745561
Boston Housing,LAD,0.05,18,Intercept,20.9377336,19.99811558,0.9396180177,,
Boston Housing,LAD,0.05,18,CRIM,-0.5588610912,-0.5296923671,-0.02916872412,-0.304431075,-0.2885418564
Boston Housing,LAD,0.05,18,ZN,0.001693455026,0.01126306491,-0.009569609886,0.0002454282646,0.001632328248
Boston Housing,LAD,0.05,18,INDUS,-0.04506256413,-0.06155568763,0.01649312351,-0.07993707028,-0.1091944372
Boston Housing,LAD,0.05,18,CHAS,2.472011317,2.310981356,0.1610299606,0.3582625097,0.3349248342
Boston Housing,LAD,0.05,18,NOX,-10.8632474,-9.575947657,-1.287299739,-0.22671125,-0.1998458642
Boston Housing,LAD,0.05,18,RM,5.125682307,4.976903745,0.1487785618,0.4538828825,0.4407084331
Boston Housing,LAD,0.05,18,AGE,-0.03075963672,-0.02865206404,-0.002107572679,-0.2028352856,-0.1889375237
Boston Housing,LAD,0.05,18,DIS,-1.022978118,-0.9501396515,-0.07283846647,-0.3620156476,-0.3362392755
Boston Housing,LAD,0.05,18,RAD,0.3053669357,0.2509050572,0.05446187849,0.8851215527,0.7272610354
Boston Housing,LAD,0.05,18,TAX,-0.01007996426,-0.00724174151,-0.002838222751,-0.5580501953,-0.4009196025
Boston Housing,LAD,0.05,18,PTRATIO,-0.7372320944,-0.7035817153,-0.03365037914,-0.2564285546,-0.2447240749
Boston Housing,LAD,0.05,18,LSTAT,-0.2651298455,-0.3016570272,0.03652718172,-0.3454372914,-0.3930285035
Boston Housing,OLS,0.05,19,Intercept,-35.36781157,25.76502072,-61.13283229,,
Boston Housing,OLS,0.05,19,CRIM,-0.8185877819,-0.3981416199,-0.4204461619,-0.4459132374,-0.2168815888
Boston Housing,OLS,0.05,19,ZN,0.2315548779,-0.01028855598,0.2418434339,0.03355867796,-0.00149109507
Boston Housing,OLS,0.05,19,INDUS,-0.8353473683,-0.08386181448,-0.7514855539,-1.481833593,-0.1487635666
Boston Housing,OLS,0.05,19,CHAS,4.353045072,2.009809016,2.343236056,0.6308760974,0.291276669
Boston Housing,OLS,0.05,19,NOX,19.43229087,-14.50118331,33.93347418,0.4055434617,-0.3026333908
Boston Housing,OLS,0.05,19,RM,5.370021737,4.782367,0.5876547368,0.4755193161,0.4234820633
Boston Housing,OLS,0.05,19,AGE,-0.01723740407,-0.02203910644,0.004801702371,-0.1136669399,-0.1453303396
Boston Housing,OLS,0.05,19,DIS,-0.9055004074,-0.979784906,0.07428449856,-0.3204421587,-0.3467302585
Boston Housing,OLS,0.05,19,RAD,-0.1715960224,0.2896341815,-0.4612302039,-0.4973797752,0.8395193667
Boston Housing,OLS,0.05,19,TAX,0.02797753711,-0.0102149664,0.03819250352,1.54890133,-0.565524227
Boston Housing,OLS,0.05,19,PTRATIO,0.8954353705,-0.7292660368,1.624701407,0.311455781,-0.2536577519
Boston Housing,OLS,0.05,19,LSTAT,-0.06284723475,-0.3438291921,0.2809819574,-0.08188357108,-0.4479745561
Boston Housing,LAD,0.05,19,Intercept,9.704949178,19.99811558,-10.29316641,,
Boston Housing,LAD,0.05,19,CRIM,-0.5312844099,-0.5296923671,-0.001592042884,-0.2894090976,-0.2885418564
Boston Housing,LAD,0.05,19,ZN,0.01559858308,0.01126306491,0.004335518165,0.002260664214,0.001632328248
Boston Housing,LAD,0.05,19,INDUS,-0.09370531454,-0.06155568763,-0.03214962691,-0.1662250797,-0.1091944372
Boston Housing,LAD,0.05,19,CHAS,2.861192918,2.310981356,0.5502115614,0.4146656402,0.3349248342
Boston Housing,LAD,0.05,19,NOX,-5.242997056,-9.575947657,4.332950601,-0.109419069,-0.1998458642
Boston Housing,LAD,0.05,19,RM,5.38043533,4.976903745,0.4035315855,0.4764414474,0.4407084331
Boston Housing,LAD,0.05,19,AGE,-0.04702135693,-0.02865206404,-0.01836929289,-0.3100683681,-0.1889375237
Boston Housing,LAD,0.05,19,DIS,-0.7890642945,-0.9501396515,0.161075357,-0.2792372745,-0.3362392755
Boston Housing,LAD,0.05,19,RAD,0.1430234185,0.2509050572,-0.1078816387,0.4145606332,0.7272610354
Boston Housing,LAD,0.05,19,TAX,-0.0004436186141,-0.00724174151,0.006798122896,-0.02455975516,-0.4009196025
Boston Housing,LAD,0.05,19,PTRATIO,-0.501029825,-0.7035817153,0.2025518903,-0.1742712435,-0.2447240749
Boston Housing,LAD,0.05,19,LSTAT,-0.2525910801,-0.3016570272,0.04906594711,-0.3291005522,-0.3930285035
Boston Housing,OLS,0.05,20,Intercept,40.2434303,25.76502072,14.47840958,,
Boston Housing,OLS,0.05,20,CRIM,-0.5446332729,-0.3981416199,-0.1464916529,-0.2966806875,-0.2168815888
Boston Housing,OLS,0.05,20,ZN,-0.0251441425,-0.01028855598,-0.01485558652,-0.003644078624,-0.00149109507
Boston Housing,OLS,0.05,20,INDUS,-0.3198572346,-0.08386181448,-0.2359954201,-0.5673989205,-0.1487635666
Boston Housing,OLS,0.05,20,CHAS,2.352519036,2.009809016,0.3427100204,0.3409447878,0.291276669
Boston Housing,OLS,0.05,20,NOX,-19.18159891,-14.50118331,-4.680415603,-0.4003116295,-0.3026333908
Boston Housing,OLS,0.05,20,RM,4.308392658,4.782367,-0.4739743417,0.3815112919,0.4234820633
Boston Housing,OLS,0.05,20,AGE,-0.06477130611,-0.02203910644,-0.04273219967,-0.4271151345,-0.1453303396
Boston Housing,OLS,0.05,20,DIS,-1.723622932,-0.979784906,-0.7438380256,-0.6099626774,-0.3467302585
Boston Housing,OLS,0.05,20,RAD,0.7710050668,0.2896341815,0.4813708852,2.234797295,0.8395193667
Boston Housing,OLS,0.05,20,TAX,-0.02219426369,-0.0102149664,-0.01197929729,-1.228725903,-0.565524227
Boston Housing,OLS,0.05,20,PTRATIO,-0.849744234,-0.7292660368,-0.1204781972,-0.2955632118,-0.2536577519
Boston Housing,OLS,0.05,20,LSTAT,-0.2344423924,-0.3438291921,0.1093867998,-0.3054546532,-0.4479745561
Boston Housing,LAD,0.05,20,Intercept,19.29756716,19.99811558,-0.700548424,,
Boston Housing,LAD,0.05,20,CRIM,-0.5884284884,-0.5296923671,-0.05873612134,-0.3205374647,-0.2885418564
Boston Housing,LAD,0.05,20,ZN,0.001762057104,0.01126306491,-0.009501007807,0.0002553705948,0.001632328248
Boston Housing,LAD,0.05,20,INDUS,-0.08812769037,-0.06155568763,-0.02657200274,-0.1563308594,-0.1091944372
Boston Housing,LAD,0.05,20,CHAS,2.386653127,2.310981356,0.07567177113,0.3458917576,0.3349248342
Boston Housing,LAD,0.05,20,NOX,-11.895934,-9.575947657,-2.319986338,-0.2482629703,-0.1998458642
Boston Housing,LAD,0.05,20,RM,5.158542613,4.976903745,0.1816388679,0.4567926864,0.4407084331
Boston Housing,LAD,0.05,20,AGE,-0.04040680433,-0.02865206404,-0.01175474029,-0.2664506663,-0.1889375237
Boston Housing,LAD,0.05,20,DIS,-1.218025147,-0.9501396515,-0.2678854957,-0.4310396818,-0.3362392755
Boston Housing,LAD,0.05,20,RAD,0.3862897312,0.2509050572,0.135384674,1.11968038,0.7272610354
Boston Housing,LAD,0.05,20,TAX,-0.01230885514,-0.00724174151,-0.005067113631,-0.6814467629,-0.4009196025
Boston Housing,LAD,0.05,20,PTRATIO,-0.5414350313,-0.7035817153,0.162146684,-0.1883252283,-0.2447240749
Boston Housing,LAD,0.05,20,LSTAT,-0.253255416,-0.3016570272,0.0484016112,-0.3299661145,-0.3930285035
Boston Housing,OLS,0.05,21,Intercept,12.54915383,25.76502072,-13.21586689,,
Boston Housing,OLS,0.05,21,CRIM,-0.2925363509,-0.3981416199,0.1056052691,-0.1593547255,-0.2168815888
Boston Housing,OLS,0.05,21,ZN,-0.07375222901,-0.01028855598,-0.06346367302,-0.01068872884,-0.00149109507
Boston Housing,OLS,0.05,21,INDUS,-0.6893786809,-0.08386181448,-0.6055168665,-1.222897834,-0.1487635666
Boston Housing,OLS,0.05,21,CHAS,3.161205239,2.009809016,1.151396223,0.4581456867,0.291276669
Boston Housing,OLS,0.05,21,NOX,-8.372150956,-14.50118331,6.129032353,-0.1747231504,-0.3026333908
Boston Housing,OLS,0.05,21,RM,4.38101162,4.782367,-0.4013553802,0.3879417536,0.4234820633
Boston Housing,OLS,0.05,21,AGE,-0.05107573106,-0.02203910644,-0.02903662462,-0.3368037338,-0.1453303396
Boston Housing,OLS,0.05,21,DIS,-0.4846881652,-0.979784906,0.4950967408,-0.1715234147,-0.3467302585
Boston Housing,OLS,0.05,21,RAD,-0.09488681642,0.2896341815,-0.3845209979,-0.2750342505,0.8395193667
Boston Housing,OLS,0.05,21,TAX,0.01778142828,-0.0102149664,0.02799639468,0.9844211018,-0.565524227
Boston Housing,OLS,0.05,21,PTRATIO,-0.2889260546,-0.7292660368,0.4403399822,-0.100496019,-0.2536577519
Boston Housing,OLS,0.05,21,LSTAT,-0.02899432974,-0.3438291921,0.3148348624,-0.0377766702,-0.4479745561
Boston Housing,LAD,0.05,21,Intercept,16.74569463,19.99811558,-3.25242095,,
Boston Housing,LAD,0.05,21,CRIM,-0.5796916974,-0.5296923671,-0.04999933037,-0.3157782308,-0.2885418564
Boston Housing,LAD,0.05,21,ZN,0.01310509845,0.01126306491,0.001842033542,0.001899289631,0.001632328248
Boston Housing,LAD,0.05,21,INDUS,-0.09415599297,-0.06155568763,-0.03260030533,-0.167024544,-0.1091944372
Boston Housing,LAD,0.05,21,CHAS,2.089417639,2.310981356,-0.2215637176,0.3028141505,0.3349248342
Boston Housing,LAD,0.05,21,NOX,-9.093022937,-9.575947657,0.4829247205,-0.1897674352,-0.1998458642
Boston Housing,LAD,0.05,21,RM,5.295099256,4.976903745,0.3181955105,0.4688848761,0.4407084331
Boston Housing,LAD,0.05,21,AGE,-0.03814326697,-0.02865206404,-0.009491202929,-0.2515244416,-0.1889375237
Boston Housing,LAD,0.05,21,DIS,-0.9706004599,-0.9501396515,-0.02046080836,-0.3434800294,-0.3362392755
Boston Housing,LAD,0.05,21,RAD,0.2867720565,0.2509050572,0.03586699934,0.8312233523,0.7272610354
Boston Housing,LAD,0.05,21,TAX,-0.007510008964,-0.00724174151,-0.0002682674537,-0.4157715108,-0.4009196025
Boston Housing,LAD,0.05,21,PTRATIO,-0.6382294243,-0.7035817153,0.06535229097,-0.2219928432,-0.2447240749
Boston Housing,LAD,0.05,21,LSTAT,-0.2370629388,-0.3016570272,0.06459408839,-0.3088689594,-0.3930285035
Boston Housing,OLS,0.05,22,Intercept,4.975645533,25.76502072,-20.78937519,,
Boston Housing,OLS,0.05,22,CRIM,-0.3719112584,-0.3981416199,0.02623036157,-0.2025929985,-0.2168815888
Boston Housing,OLS,0.05,22,ZN,-0.02688622166,-0.01028855598,-0.01659766568,-0.003896553864,-0.00149109507
Boston Housing,OLS,0.05,22,INDUS,0.04752502505,-0.08386181448,0.1313868395,0.08430526183,-0.1487635666
Boston Housing,OLS,0.05,22,CHAS,3.901755588,2.009809016,1.891946572,0.5654718244,0.291276669
Boston Housing,OLS,0.05,22,NOX,5.054125526,-14.50118331,19.55530883,0.1054774023,-0.3026333908
Boston Housing,OLS,0.05,22,RM,7.216556952,4.782367,2.434189952,0.6390313474,0.4234820633
Boston Housing,OLS,0.05,22,AGE,-0.04808251651,-0.02203910644,-0.02604341007,-0.3170658697,-0.1453303396
Boston Housing,OLS,0.05,22,DIS,-0.5210848264,-0.979784906,0.4587000796,-0.1844036129,-0.3467302585
Boston Housing,OLS,0.05,22,RAD,0.1918719502,0.2896341815,-0.0977622313,0.5561505804,0.8395193667
Boston Housing,OLS,0.05,22,TAX,-0.01728539178,-0.0102149664,-0.007070425381,-0.9569593713,-0.565524227
Boston Housing,OLS,0.05,22,PTRATIO,-0.9471057246,-0.7292660368,-0.2178396878,-0.3294280781,-0.2536577519
Boston Housing,OLS,0.05,22,LSTAT,-0.2019524864,-0.3438291921,0.1418767057,-0.2631236019,-0.4479745561
Boston Housing,LAD,0.05,22,Intercept,19.32419999,19.99811558,-0.6739155967,,
Boston Housing,LAD,0.05,22,CRIM,-0.5137382145,-0.5296923671,0.01595415252,-0.2798510746,-0.2885418564
Boston Housing,LAD,0.05,22,ZN,-0.004267150121,0.01126306491,-0.01553021503,-0.0006184275537,0.001632328248
Boston Housing,LAD,0.05,22,INDUS,-0.06204377557,-0.06155568763,-0.0004880879367,-0.1100602627,-0.1091944372
Boston Housing,LAD,0.05,22,CHAS,2.788083507,2.310981356,0.4771021513,0.4040700735,0.3349248342
Boston Housing,LAD,0.05,22,NOX,-9.855839701,-9.575947657,-0.2798920438,-0.2056870894,-0.1998458642
Boston Housing,LAD,0.05,22,RM,5.136016274,4.976903745,0.1591125286,0.4547979628,0.4407084331
Boston Housing,LAD,0.05,22,AGE,-0.03229664052,-0.02865206404,-0.003644576476,-0.2129706005,-0.1889375237
Boston Housing,LAD,0.05,22,DIS,-0.9776775267,-0.9501396515,-0.02753787516,-0.3459844905,-0.3362392755
Boston Housing,LAD,0.05,22,RAD,0.2402798896,0.2509050572,-0.01062516759,0.6964634481,0.7272610354
Boston Housing,LAD,0.05,22,TAX,-0.007746122556,-0.00724174151,-0.0005043810455,-0.4288433067,-0.4009196025
Boston Housing,LAD,0.05,22,PTRATIO,-0.6947598302,-0.7035817153,0.008821885105,-0.2416555931,-0.2447240749
Boston Housing,LAD,0.05,22,LSTAT,-0.2828002851,-0.3016570272,0.01885674211,-0.3684600816,-0.3930285035
Boston Housing,OLS,0.05,23,Intercept,26.65288151,25.76502072,0.887860784,,
Boston Housing,OLS,0.05,23,CRIM,-0.4491428244,-0.3981416199,-0.05100120446,-0.2446637188,-0.2168815888
Boston Housing,OLS,0.05,23,ZN,-0.09587303584,-0.01028855598,-0.08558447986,-0.01389464288,-0.00149109507
Boston Housing,OLS,0.05,23,INDUS,0.2933422591,-0.08386181448,0.3772040736,0.5203636596,-0.1487635666
Boston Housing,OLS,0.05,23,CHAS,1.4628407,2.009809016,-0.5469683163,0.2120058985,0.291276669
Boston Housing,OLS,0.05,23,NOX,-26.66038258,-14.50118331,-12.15919928,-0.5563905931,-0.3026333908
Boston Housing,OLS,0.05,23,RM,5.971940966,4.782367,1.189573966,0.5288197,0.4234820633
Boston Housing,OLS,0.05,23,AGE,-0.06022243601,-0.02203910644,-0.03818332957,-0.3971189621,-0.1453303396
Boston Housing,OLS,0.05,23,DIS,-1.230193008,-0.979784906,-0.2504081016,-0.4353456936,-0.3467302585
Boston Housing,OLS,0.05,23,RAD,0.935933132,0.2896341815,0.6462989504,2.712849658,0.8395193667
Boston Housing,OLS,0.05,23,TAX,-0.0483221387,-0.0102149664,-0.0381071723,-2.67522565,-0.565524227
Boston Housing,OLS,0.05,23,PTRATIO,-0.3702691392,-0.7292660368,0.3589968976,-0.1287892658,-0.2536577519
Boston Housing,OLS,0.05,23,LSTAT,-0.3248334349,-0.3438291921,0.01899575722,-0.4232250116,-0.4479745561
Boston Housing,LAD,0.05,23,Intercept,18.38426016,19.99811558,-1.613855426,,
Boston Housing,LAD,0.05,23,CRIM,-0.5076239131,-0.5296923671,0.02206845396,-0.276520402,-0.2885418564
Boston Housing,LAD,0.05,23,ZN,0.006097957198,0.01126306491,-0.005165107713,0.0008837619127,0.001632328248
Boston Housing,LAD,0.05,23,INDUS,-0.02720022579,-0.06155568763,0.03435546185,-0.04825083531,-0.1091944372
Boston Housing,LAD,0.05,23,CHAS,2.179154368,2.310981356,-0.1318269883,0.3158194736,0.3349248342
Boston Housing,LAD,0.05,23,NOX,-10.8508438,-9.575947657,-1.274896145,-0.2264523924,-0.1998458642
Boston Housing,LAD,0.05,23,RM,5.270780639,4.976903745,0.2938768937,0.466731445,0.4407084331
Boston Housing,LAD,0.05,23,AGE,-0.03348884485,-0.02865206404,-0.004836780807,-0.2208322378,-0.1889375237
Boston Housing,LAD,0.05,23,DIS,-0.9134159205,-0.9501396515,0.03672373095,-0.3232433326,-0.3362392755
Boston Housing,LAD,0.05,23,RAD,0.221348408,0.2509050572,-0.02955664918,0.6415895884,0.7272610354
Boston Housing,LAD,0.05,23,TAX,-0.007119924923,-0.00724174151,0.0001218165877,-0.3941755537,-0.4009196025
Boston Housing,LAD,0.05,23,PTRATIO,-0.694204685,-0.7035817153,0.009377030307,-0.2414624991,-0.2447240749
Boston Housing,LAD,0.05,23,LSTAT,-0.2772800155,-0.3016570272,0.02437701172,-0.3612677303,-0.3930285035
Boston Housing,OLS,0.05,24,Intercept,31.33190958,25.76502072,5.566888855,,
Boston Housing,OLS,0.05,24,CRIM,-1.306579304,-0.3981416199,-0.9084376839,-0.711739193,-0.2168815888
Boston Housing,OLS,0.05,24,ZN,0.07319771232,-0.01028855598,0.08348626831,0.0106083641,-0.00149109507
Boston Housing,OLS,0.05,24,INDUS,-0.07952189512,-0.08386181448,0.004339919363,-0.141064927,-0.1487635666
Boston Housing,OLS,0.05,24,CHAS,-4.761819415,2.009809016,-6.771628431,-0.6901187559,0.291276669
Boston Housing,OLS,0.05,24,NOX,0.417402626,-14.50118331,14.91858593,0.008711011326,-0.3026333908
Boston Housing,OLS,0.05,24,RM,4.154260215,4.782367,-0.6281067847,0.3678627524,0.4234820633
Boston Housing,OLS,0.05,24,AGE,0.05599913066,-0.02203910644,0.0780382371,0.3692696297,-0.1453303396
Boston Housing,OLS,0.05,24,DIS,-1.548008444,-0.979784906,-0.5682235378,-0.5478155098,-0.3467302585
Boston Housing,OLS,0.05,24,RAD,1.012485689,0.2896341815,0.7228515072,2.934741127,0.8395193667
Boston Housing,OLS,0.05,24,TAX,-0.03725324881,-0.0102149664,-0.02703828241,-2.062426238,-0.565524227
Boston Housing,OLS,0.05,24,PTRATIO,-0.9880615438,-0.7292660368,-0.258795507,-0.3436735804,-0.2536577519
Boston Housing,OLS,0.05,24,LSTAT,-0.3912550166,-0.3438291921,-0.04742582445,-0.5097655941,-0.4479745561
Boston Housing,LAD,0.05,24,Intercept,24.35855617,19.99811558,4.360440584,,
Boston Housing,LAD,0.05,24,CRIM,-0.5646905537,-0.5296923671,-0.03499818661,-0.307606586,-0.2885418564
Boston Housing,LAD,0.05,24,ZN,0.01663354121,0.01126306491,0.005370476295,0.002410658146,0.001632328248
Boston Housing,LAD,0.05,24,INDUS,-0.03713707451,-0.06155568763,0.02441861312,-0.06587794087,-0.1091944372
Boston Housing,LAD,0.05,24,CHAS,2.407816798,2.310981356,0.096835442,0.3489589563,0.3349248342
Boston Housing,LAD,0.05,24,NOX,-10.1105471,-9.575947657,-0.5345994395,-0.211002722,-0.1998458642
Boston Housing,LAD,0.05,24,RM,4.599791518,4.976903745,-0.3771122274,0.4073148721,0.4407084331
Boston Housing,LAD,0.05,24,AGE,-0.02911511202,-0.02865206404,-0.0004630479806,-0.1919909561,-0.1889375237
Boston Housing,LAD,0.05,24,DIS,-1.081609536,-0.9501396515,-0.1314698845,-0.3827643717,-0.3362392755
Boston Housing,LAD,0.05,24,RAD,0.2976042557,0.2509050572,0.04669919846,0.8626210309,0.7272610354
Boston Housing,LAD,0.05,24,TAX,-0.009484566594,-0.00724174151,-0.002242825083,-0.5250875998,-0.4009196025
Boston Housing,LAD,0.05,24,PTRATIO,-0.751030797,-0.7035817153,-0.04744908166,-0.2612281033,-0.2447240749
Boston Housing,LAD,0.05,24,LSTAT,-0.2976020395,-0.3016570272,0.00405498769,-0.387745266,-0.3930285035
Boston Housing,OLS,0.05,25,Intercept,70.64069283,25.76502072,44.8756721,,
Boston Housing,OLS,0.05,25,CRIM,-0.3032172383,-0.3981416199,0.09492438167,-0.1651729764,-0.2168815888
Boston Housing,OLS,0.05,25,ZN,-0.1987658176,-0.01028855598,-0.1884772616,-0.02880664023,-0.00149109507
Boston Housing,OLS,0.05,25,INDUS,-0.378935175,-0.08386181448,-0.2950733605,-0.6721980496,-0.1487635666
Boston Housing,OLS,0.05,25,CHAS,-4.42628512,2.009809016,-6.436094136,-0.6414905971,0.291276669
Boston Housing,OLS,0.05,25,NOX,8.54406497,-14.50118331,23.04524828,0.1783109211,-0.3026333908
Boston Housing,OLS,0.05,25,RM,1.134964308,4.782367,-3.647402692,0.1005019119,0.4234820633
Boston Housing,OLS,0.05,25,AGE,-0.06906998537,-0.02203910644,-0.04703087893,-0.4554614977,-0.1453303396
Boston Housing,OLS,0.05,25,DIS,-1.122335697,-0.979784906,-0.1425507909,-0.3971767108,-0.3467302585
Boston Housing,OLS,0.05,25,RAD,-0.2963993252,0.2896341815,-0.5860335067,-0.8591284789,0.8395193667
Boston Housing,OLS,0.05,25,TAX,0.02362424631,-0.0102149664,0.03383921271,1.307893056,-0.565524227
Boston Housing,OLS,0.05,25,PTRATIO,-2.363244069,-0.7292660368,-1.633978033,-0.8219979372,-0.2536577519
Boston Housing,OLS,0.05,25,LSTAT,-0.5663055994,-0.3438291921,-0.2224764073,-0.7378387447,-0.4479745561
Boston Housing,LAD,0.05,25,Intercept,22.19064099,19.99811558,2.192525405,,
Boston Housing,LAD,0.05,25,CRIM,-0.5080429801,-0.5296923671,0.02164938693,-0.2767486823,-0.2885418564
Boston Housing,LAD,0.05,25,ZN,0.00650861423,0.01126306491,-0.004754450681,0.0009432774246,0.001632328248
Boston Housing,LAD,0.05,25,INDUS,-0.07912843778,-0.06155568763,-0.01757275015,-0.1403669679,-0.1091944372
Boston Housing,LAD,0.05,25,CHAS,1.2219173,2.310981356,-1.089064056,0.1770894638,0.3349248342
Boston Housing,LAD,0.05,25,NOX,-8.18760089,-9.575947657,1.388346767,-0.1708716708,-0.1998458642
Boston Housing,LAD,0.05,25,RM,4.66941498,4.976903745,-0.3074887651,0.4134800801,0.4407084331
Boston Housing,LAD,0.05,25,AGE,-0.02585223829,-0.02865206404,0.002799825749,-0.1704749047,-0.1889375237
Boston Housing,LAD,0.05,25,DIS,-0.963739105,-0.9501396515,-0.0135994535,-0.3410519053,-0.3362392755
Boston Housing,LAD,0.05,25,RAD,0.2047147743,0.2509050572,-0.04619028285,0.5933761575,0.7272610354
Boston Housing,LAD,0.05,25,TAX,-0.005158129872,-0.00724174151,0.002083611638,-0.2855660306,-0.4009196025
Boston Housing,LAD,0.05,25,PTRATIO,-0.7460727143,-0.7035817153,-0.04249099901,-0.2595035528,-0.2447240749
Boston Housing,LAD,0.05,25,LSTAT,-0.345792591,-0.3016570272,-0.04413556378,-0.4505326656,-0.3930285035
Boston Housing,OLS,0.05,26,Intercept,20.53144441,25.76502072,-5.233576314,,
Boston Housing,OLS,0.05,26,CRIM,0.3062497802,-0.3981416199,0.7043914001,0.1668249074,-0.2168815888
Boston Housing,OLS,0.05,26,ZN,-0.06111055852,-0.01028855598,-0.05082200254,-0.008856602684,-0.00149109507
Boston Housing,OLS,0.05,26,INDUS,0.4287857497,-0.08386181448,0.5126475642,0.7606286343,-0.1487635666
Boston Housing,OLS,0.05,26,CHAS,3.934978859,2.009809016,1.925169843,0.5702867911,0.291276669
Boston Housing,OLS,0.05,26,NOX,-8.253537417,-14.50118331,6.247645892,-0.1722477374,-0.3026333908
Boston Housing,OLS,0.05,26,RM,5.084547202,4.782367,0.3021802022,0.4502403392,0.4234820633
Boston Housing,OLS,0.05,26,AGE,-0.006867333352,-0.02203910644,0.01517177309,-0.0452845895,-0.1453303396
Boston Housing,OLS,0.05,26,DIS,-0.9242305575,-0.979784906,0.0555543485,-0.3270704602,-0.3467302585
Boston Housing,OLS,0.05,26,RAD,0.9237534306,0.2896341815,0.634119249,2.677546176,0.8395193667
Boston Housing,OLS,0.05,26,TAX,-0.0717045634,-0.0102149664,-0.061489597,-3.969730901,-0.565524227
Boston Housing,OLS,0.05,26,PTRATIO,-0.08164563927,-0.7292660368,0.6476203975,-0.02839848322,-0.2536577519
Boston Housing,OLS,0.05,26,LSTAT,-0.5515715569,-0.3438291921,-0.2077423647,-0.7186417821,-0.4479745561
Boston Housing,LAD,0.05,26,Intercept,22.15756389,19.99811558,2.15944831,,
Boston Housing,LAD,0.05,26,CRIM,-0.5493613122,-0.5296923671,-0.01966894514,-0.299256215,-0.2885418564
Boston Housing,LAD,0.05,26,ZN,0.0234405487,0.01126306491,0.01217748378,0.00339718097,0.001632328248
Boston Housing,LAD,0.05,26,INDUS,-0.02260727787,-0.06155568763,0.03894840976,-0.04010334509,-0.1091944372
Boston Housing,LAD,0.05,26,CHAS,2.570556205,2.310981356,0.2595748485,0.3725443775,0.3349248342
Boston Housing,LAD,0.05,26,NOX,-11.84848236,-9.575947657,-2.272534699,-0.2472726753,-0.1998458642
Boston Housing,LAD,0.05,26,RM,4.918971779,4.976903745,-0.0579319663,0.4355785155,0.4407084331
Boston Housing,LAD,0.05,26,AGE,-0.02631877186,-0.02865206404,0.002333292175,-0.1735513217,-0.1889375237
Boston Housing,LAD,0.05,26,DIS,-1.0525495,-0.9501396515,-0.1024098481,-0.3724804881,-0.3362392755
Boston Housing,LAD,0.05,26,RAD,0.3534286989,0.2509050572,0.1025236417,1.024431011,0.7272610354
Boston Housing,LAD,0.05,26,TAX,-0.01315975159,-0.00724174151,-0.005918010079,-0.7285543634,-0.4009196025
Boston Housing,LAD,0.05,26,PTRATIO,-0.6926917787,-0.7035817153,0.01088993658,-0.2409362709,-0.2447240749
Boston Housing,LAD,0.05,26,LSTAT,-0.2661047682,-0.3016570272,0.03555225896,-0.3467075169,-0.3930285035
Boston Housing,OLS,0.05,27,Intercept,31.82674477,25.76502072,6.061724051,,
Boston Housing,OLS,0.05,27,CRIM,-0.2112008549,-0.3981416199,0.186940765,-0.1150484518,-0.2168815888
Boston Housing,OLS,0.05,27,ZN,0.1170432981,-0.01028855598,0.1273318541,0.01696279682,-0.00149109507
Boston Housing,OLS,0.05,27,INDUS,0.3598108591,-0.08386181448,0.4436726736,0.6382731762,-0.1487635666
Boston Housing,OLS,0.05,27,CHAS,0.7061883392,2.009809016,-1.303620677,0.1023461361,0.291276669
Boston Housing,OLS,0.05,27,NOX,-41.32218923,-14.50118331,-26.82100592,-0.862376123,-0.3026333908
Boston Housing,OLS,0.05,27,RM,3.701231474,4.782367,-1.081135526,0.3277467291,0.4234820633
Boston Housing,OLS,0.05,27,AGE,0.07324853992,-0.02203910644,0.09528764636,0.4830157342,-0.1453303396
Boston Housing,OLS,0.05,27,DIS,-0.7459497553,-0.979784906,0.2338351506,-0.2639797265,-0.3467302585
Boston Housing,OLS,0.05,27,RAD,0.6573205927,0.2896341815,0.3676864112,1.90527708,0.8395193667
Boston Housing,OLS,0.05,27,TAX,-0.03946321292,-0.0102149664,-0.02924824651,-2.184774976,-0.565524227
Boston Housing,OLS,0.05,27,PTRATIO,-0.194673245,-0.7292660368,0.5345927918,-0.06771243303,-0.2536577519
Boston Housing,OLS,0.05,27,LSTAT,-0.3154824087,-0.3438291921,0.02834678339,-0.4110415731,-0.4479745561
Boston Housing,LAD,0.05,27,Intercept,21.18259063,19.99811558,1.184475048,,
Boston Housing,LAD,0.05,27,CRIM,-0.4696172196,-0.5296923671,0.06007514746,-0.255816834,-0.2885418564
Boston Housing,LAD,0.05,27,ZN,0.009085198536,0.01126306491,-0.002177866375,0.00131669544,0.001632328248
Boston Housing,LAD,0.05,27,INDUS,-0.07037343447,-0.06155568763,-0.008817746839,-0.1248363533,-0.1091944372
Boston Housing,LAD,0.05,27,CHAS,2.452371954,2.310981356,0.1413905981,0.3554162253,0.3349248342
Boston Housing,LAD,0.05,27,NOX,-10.99537758,-9.575947657,-1.419429927,-0.2294687496,-0.1998458642
Boston Housing,LAD,0.05,27,RM,4.808035243,4.976903745,-0.1688685017,0.4257550049,0.4407084331
Boston Housing,LAD,0.05,27,AGE,-0.02225808895,-0.02865206404,0.006393975092,-0.1467743547,-0.1889375237
Boston Housing,LAD,0.05,27,DIS,-0.8955221348,-0.9501396515,0.0546175167,-0.3169110071,-0.3362392755
Boston Housing,LAD,0.05,27,RAD,0.2214663921,0.2509050572,-0.0294386651,0.6419315713,0.7272610354
Boston Housing,LAD,0.05,27,TAX,-0.007014128944,-0.00724174151,0.0002276125666,-0.388318443,-0.4009196025
Boston Housing,LAD,0.05,27,PTRATIO,-0.6869778024,-0.7035817153,0.01660391293,-0.2389488008,-0.2447240749
Boston Housing,LAD,0.05,27,LSTAT,-0.3237931389,-0.3016570272,-0.02213611169,-0.4218696114,-0.3930285035
Boston Housing,OLS,0.05,28,Intercept,13.51222765,25.76502072,-12.25279308,,
Boston Housing,OLS,0.05,28,CRIM,0.1673140321,-0.3981416199,0.565455652,0.09114177289,-0.2168815888
Boston Housing,OLS,0.05,28,ZN,0.02369387522,-0.01028855598,0.03398243121,0.00343389496,-0.00149109507
Boston Housing,OLS,0.05,28,INDUS,-0.2011509968,-0.08386181448,-0.1172891823,-0.3568243769,-0.1487635666
Boston Housing,OLS,0.05,28,CHAS,0.3445134167,2.009809016,-1.665295599,0.04992948068,0.291276669
Boston Housing,OLS,0.05,28,NOX,-24.28813797,-14.50118331,-9.786954657,-0.5068828793,-0.3026333908
Boston Housing,OLS,0.05,28,RM,6.097163243,4.782367,1.314796243,0.5399082234,0.4234820633
Boston Housing,OLS,0.05,28,AGE,-0.02007460822,-0.02203910644,0.001964498222,-0.1323760397,-0.1453303396
Boston Housing,OLS,0.05,28,DIS,-1.679857185,-0.979784906,-0.7000722787,-0.5944746773,-0.3467302585
Boston Housing,OLS,0.05,28,RAD,0.6118405894,0.2896341815,0.3222064078,1.773450984,0.8395193667
Boston Housing,OLS,0.05,28,TAX,-0.03909122822,-0.0102149664,-0.02887626181,-2.16418104,-0.565524227
Boston Housing,OLS,0.05,28,PTRATIO,0.3065076009,-0.7292660368,1.035773638,0.1066113395,-0.2536577519
Boston Housing,OLS,0.05,28,LSTAT,-0.2468518696,-0.3438291921,0.0969773225,-0.3216229432,-0.4479745561
Boston Housing,LAD,0.05,28,Intercept,18.67302296,19.99811558,-1.325092619,,
Boston Housing,LAD,0.05,28,CRIM,-0.4931925603,-0.5296923671,0.03649980673,-0.2686591421,-0.2885418564
Boston Housing,LAD,0.05,28,ZN,0.01098049138,0.01126306491,-0.0002825735344,0.001591375562,0.001632328248
Boston Housing,LAD,0.05,28,INDUS,-0.09032115037,-0.06155568763,-0.02876546274,-0.1602218668,-0.1091944372
Boston Housing,LAD,0.05,28,CHAS,2.240378496,2.310981356,-0.07060286006,0.3246925357,0.3349248342
Boston Housing,LAD,0.05,28,NOX,-10.28794499,-9.575947657,-0.711997334,-0.2147049389,-0.1998458642
Boston Housing,LAD,0.05,28,RM,5.114800694,4.976903745,0.1378969493,0.4529193079,0.4407084331
Boston Housing,LAD,0.05,28,AGE,-0.03283697031,-0.02865206404,-0.004184906269,-0.2165336448,-0.1889375237
Boston Housing,LAD,0.05,28,DIS,-1.008616959,-0.9501396515,-0.05847730738,-0.3569334623,-0.3362392755
Boston Housing,LAD,0.05,28,RAD,0.2461561405,0.2509050572,-0.004748916684,0.7134960595,0.7272610354
Boston Housing,LAD,0.05,28,TAX,-0.00701051016,-0.00724174151,0.0002312313505,-0.3881180987,-0.4009196025
Boston Housing,LAD,0.05,28,PTRATIO,-0.6301538126,-0.7035817153,0.0734279027,-0.2191839348,-0.2447240749
Boston Housing,LAD,0.05,28,LSTAT,-0.2922910207,-0.3016570272,0.009366006534,-0.3808255472,-0.3930285035
Boston Housing,OLS,0.05,29,Intercept,48.3140852,25.76502072,22.54906448,,
Boston Housing,OLS,0.05,29,CRIM,-0.510827037,-0.3981416199,-0.112685417,-0.2782652549,-0.2168815888
Boston Housing,OLS,0.05,29,ZN,-0.09837053707,-0.01028855598,-0.08808198108,-0.01425659957,-0.00149109507
Boston Housing,OLS,0.05,29,INDUS,-0.6421696905,-0.08386181448,-0.558307876,-1.13915319,-0.1487635666
Boston Housing,OLS,0.05,29,CHAS,-0.2359374363,2.009809016,-2.245746452,-0.03419383134,0.291276669
Boston Housing,OLS,0.05,29,NOX,-11.86533958,-14.50118331,2.635843728,-0.2476244782,-0.3026333908
Boston Housing,OLS,0.05,29,RM,3.522497005,4.782367,-1.259869995,0.3119196623,0.4234820633
Boston Housing,OLS,0.05,29,AGE,-0.05820922326,-0.02203910644,-0.03617011682,-0.3838434287,-0.1453303396
Boston Housing,OLS,0.05,29,DIS,-1.040011488,-0.979784906,-0.06022658177,-0.3680434856,-0.3467302585
Boston Housing,OLS,0.05,29,RAD,0.1547399297,0.2896341815,-0.1348942518,0.4485215353,0.8395193667
Boston Housing,OLS,0.05,29,TAX,0.01933082427,-0.0102149664,0.02954579067,1.070199257,-0.565524227
Boston Housing,OLS,0.05,29,PTRATIO,-1.707892108,-0.7292660368,-0.9786260713,-0.5940494289,-0.2536577519
Boston Housing,OLS,0.05,29,LSTAT,-0.2825357425,-0.3438291921,0.06129344958,-0.3681154095,-0.4479745561
Boston Housing,LAD,0.05,29,Intercept,20.64100624,19.99811558,0.6428906603,,
Boston Housing,LAD,0.05,29,CRIM,-0.5443878122,-0.5296923671,-0.01469544517,-0.2965469765,-0.2885418564
Boston Housing,LAD,0.05,29,ZN,0.01132400413,0.01126306491,6.093921567e-05,0.001641160018,0.001632328248
Boston Housing,LAD,0.05,29,INDUS,-0.0807879356,-0.06155568763,-0.01923224796,-0.1433107727,-0.1091944372
Boston Housing,LAD,0.05,29,CHAS,2.154201716,2.310981356,-0.1567796401,0.3122031473,0.3349248342
Boston Housing,LAD,0.05,29,NOX,-9.972202613,-9.575947657,-0.3962549556,-0.2081155328,-0.1998458642
Boston Housing,LAD,0.05,29,RM,4.962498151,4.976903745,-0.01440559355,0.4394328073,0.4407084331
Boston Housing,LAD,0.05,29,AGE,-0.02975330416,-0.02865206404,-0.001101240123,-0.1961993245,-0.1889375237
Boston Housing,LAD,0.05,29,DIS,-0.9748929579,-0.9501396515,-0.02475330637,-0.344999076,-0.3362392755
Boston Housing,LAD,0.05,29,RAD,0.2713249771,0.2509050572,0.02041991986,0.7864492089,0.7272610354
Boston Housing,LAD,0.05,29,TAX,-0.007312928406,-0.00724174151,-7.118689568e-05,-0.4048606741,-0.4009196025
Boston Housing,LAD,0.05,29,PTRATIO,-0.7181331566,-0.7035817153,-0.01455144129,-0.2497854458,-0.2447240749
Boston Housing,LAD,0.05,29,LSTAT,-0.2870100436,-0.3016570272,0.01464698356,-0.3739449699,-0.3930285035
Boston Housing,OLS,0.05,30,Intercept,46.44606628,25.76502072,20.68104556,,
Boston Housing,OLS,0.05,30,CRIM,-0.5826566497,-0.3981416199,-0.1845150298,-0.3173933434,-0.2168815888
Boston Housing,OLS,0.05,30,ZN,-0.09281998388,-0.01028855598,-0.0825314279,-0.01345217158,-0.00149109507
Boston Housing,OLS,0.05,30,INDUS,0.3386659677,-0.08386181448,0.4225277821,0.6007639774,-0.1487635666
Boston Housing,OLS,0.05,30,CHAS,-0.02281917283,2.009809016,-2.032628189,-0.003307126497,0.291276669
Boston Housing,OLS,0.05,30,NOX,-51.99640989,-14.50118331,-37.49522658,-1.085142467,-0.3026333908
Boston Housing,OLS,0.05,30,RM,5.571631182,4.782367,0.789264182,0.4933719786,0.4234820633
Boston Housing,OLS,0.05,30,AGE,-0.009871482507,-0.02203910644,0.01216762394,-0.06509455856,-0.1453303396
Boston Housing,OLS,0.05,30,DIS,-1.416652705,-0.979784906,-0.4368677992,-0.501330808,-0.3467302585
Boston Housing,OLS,0.05,30,RAD,1.090311124,0.2896341815,0.8006769426,3.160322099,0.8395193667
Boston Housing,OLS,0.05,30,TAX,-0.05317042419,-0.0102149664,-0.04295545778,-2.943637977,-0.565524227
Boston Housing,OLS,0.05,30,PTRATIO,-0.8220407134,-0.7292660368,-0.09277467657,-0.2859272046,-0.2536577519
Boston Housing,OLS,0.05,30,LSTAT,-0.07781371162,-0.3438291921,0.2660154805,-0.1013833721,-0.4479745561
Boston Housing,LAD,0.05,30,Intercept,20.9312832,19.99811558,0.9331676163,,
Boston Housing,LAD,0.05,30,CRIM,-0.5115722114,-0.5296923671,0.01812015566,-0.2786711774,-0.2885418564
Boston Housing,LAD,0.05,30,ZN,-0.00850844741,0.01126306491,-0.01977151232,-0.00123310832,0.001632328248
Boston Housing,LAD,0.05,30,INDUS,-0.04860374039,-0.06155568763,0.01295194725,-0.08621880904,-0.1091944372
Boston Housing,LAD,0.05,30,CHAS,2.582586436,2.310981356,0.2716050799,0.3742878893,0.3349248342
Boston Housing,LAD,0.05,30,NOX,-11.74710828,-9.575947657,-2.17116062,-0.2451570423,-0.1998458642
Boston Housing,LAD,0.05,30,RM,4.934959421,4.976903745,-0.04194432435,0.4369942328,0.4407084331
Boston Housing,LAD,0.05,30,AGE,-0.03453511104,-0.02865206404,-0.005883046999,-0.2277315293,-0.1889375237
Boston Housing,LAD,0.05,30,DIS,-1.057774521,-0.9501396515,-0.1076348696,-0.37432954,-0.3362392755
Boston Housing,LAD,0.05,30,RAD,0.2991908284,0.2509050572,0.04828577118,0.8672197924,0.7272610354
Boston Housing,LAD,0.05,30,TAX,-0.01092233444,-0.00724174151,-0.003680592926,-0.6046857615,-0.4009196025
Boston Housing,LAD,0.05,30,PTRATIO,-0.5935401605,-0.7035817153,0.1100415548,-0.2064487515,-0.2447240749
Boston Housing,LAD,0.05,30,LSTAT,-0.3001144456,-0.3016570272,0.001542581587,-0.3910186762,-0.3930285035
Boston Housing,OLS,0.1,1,Intercept,-25.56844429,25.76502072,-51.33346501,,
Boston Housing,OLS,0.1,1,CRIM,1.201817573,-0.3981416199,1.599959193,0.6546718341,-0.2168815888
Boston Housing,OLS,0.1,1,ZN,-0.1354547614,-0.01028855598,-0.1251662054,-0.01963112483,-0.00149109507
Boston Housing,OLS,0.1,1,INDUS,-0.7430126954,-0.08386181448,-0.6591508809,-1.318039912,-0.1487635666
Boston Housing,OLS,0.1,1,CHAS,11.02726488,2.009809016,9.01745586,1.59815433,0.291276669
Boston Housing,OLS,0.1,1,NOX,10.7063376,-14.50118331,25.20752091,0.2234366108,-0.3026333908
Boston Housing,OLS,0.1,1,RM,12.20529106,4.782367,7.422924062,1.080787368,0.4234820633
Boston Housing,OLS,0.1,1,AGE,-0.3142122954,-0.02203910644,-0.292173189,-2.071979629,-0.1453303396
Boston Housing,OLS,0.1,1,DIS,-1.637797268,-0.979784906,-0.6580123616,-0.5795903432,-0.3467302585
Boston Housing,OLS,0.1,1,RAD,-1.055620235,0.2896341815,-1.345254416,-3.059768796,0.8395193667
Boston Housing,OLS,0.1,1,TAX,0.03159719961,-0.0102149664,0.04181216601,1.749294239,-0.565524227
Boston Housing,OLS,0.1,1,PTRATIO,-0.5428593375,-0.7292660368,0.1864066993,-0.1888206391,-0.2536577519
Boston Housing,OLS,0.1,1,LSTAT,0.5087060845,-0.3438291921,0.8525352766,0.6627924203,-0.4479745561
Boston Housing,LAD,0.1,1,Intercept,10.81456289,19.99811558,-9.183552697,,
Boston Housing,LAD,0.1,1,CRIM,-0.4809403667,-0.5296923671,0.04875200033,-0.2619849461,-0.2885418564
Boston Housing,LAD,0.1,1,ZN,0.03219624358,0.01126306491,0.02093317867,0.004666122259,0.001632328248
Boston Housing,LAD,0.1,1,INDUS,-0.05100815318,-0.06155568763,0.01054753445,-0.09048402825,-0.1091944372
Boston Housing,LAD,0.1,1,CHAS,1.959278582,2.310981356,-0.3517027744,0.2839534177,0.3349248342
Boston Housing,LAD,0.1,1,NOX,-6.060266246,-9.575947657,3.515681411,-0.1264751217,-0.1998458642
Boston Housing,LAD,0.1,1,RM,5.697076659,4.976903745,0.7201729139,0.5044802665,0.4407084331
Boston Housing,LAD,0.1,1,AGE,-0.05553889722,-0.02865206404,-0.02688683318,-0.3662347571,-0.1889375237
Boston Housing,LAD,0.1,1,DIS,-1.070225353,-0.9501396515,-0.1200857012,-0.3787356907,-0.3362392755
Boston Housing,LAD,0.1,1,RAD,0.2276787648,0.2509050572,-0.02322629239,0.6599384487,0.7272610354
Boston Housing,LAD,0.1,1,TAX,-0.007323291863,-0.00724174151,-8.155035234e-05,-0.4054344191,-0.4009196025
Boston Housing,LAD,0.1,1,PTRATIO,-0.5098255401,-0.7035817153,0.1937561752,-0.1773306227,-0.2447240749
Boston Housing,LAD,0.1,1,LSTAT,-0.1973513076,-0.3016570272,0.1043057195,-0.2571287327,-0.3930285035
Boston Housing,OLS,0.1,2,Intercept,66.41540299,25.76502072,40.65038227,,
Boston Housing,OLS,0.1,2,CRIM,-0.01359995898,-0.3981416199,0.384541661,-0.0074083707,-0.2168815888
Boston Housing,OLS,0.1,2,ZN,0.1242677451,-0.01028855598,0.1345563011,0.01800981813,-0.00149109507
Boston Housing,OLS,0.1,2,INDUS,0.1698139743,-0.08386181448,0.2536757888,0.3012352239,-0.1487635666
Boston Housing,OLS,0.1,2,CHAS,8.936944543,2.009809016,6.927135528,1.295209354,0.291276669
Boston Housing,OLS,0.1,2,NOX,-23.77373742,-14.50118331,-9.272554111,-0.4961475635,-0.3026333908
Boston Housing,OLS,0.1,2,RM,-2.457837895,4.782367,-7.240204895,-0.2176433267,0.4234820633
Boston Housing,OLS,0.1,2,AGE,0.1206097037,-0.02203910644,0.1426488102,0.7953248578,-0.1453303396
Boston Housing,OLS,0.1,2,DIS,-1.075439564,-0.979784906,-0.09565465787,-0.380580917,-0.3467302585
Boston Housing,OLS,0.1,2,RAD,0.3788770162,0.2896341815,0.08924283465,1.09819425,0.8395193667
Boston Housing,OLS,0.1,2,TAX,-0.02042754206,-0.0102149664,-0.01021257566,-1.130916097,-0.565524227
Boston Housing,OLS,0.1,2,PTRATIO,-0.04238355969,-0.7292660368,0.6868824771,-0.01474210772,-0.2536577519
Boston Housing,OLS,0.1,2,LSTAT,-1.460326869,-0.3438291921,-1.116497677,-1.902657761,-0.4479745561
Boston Housing,LAD,0.1,2,Intercept,27.73731875,19.99811558,7.739203162,,
Boston Housing,LAD,0.1,2,CRIM,-0.5092719,-0.5296923671,0.0204204671,-0.2774181177,-0.2885418564
Boston Housing,LAD,0.1,2,ZN,0.0102253408,0.01126306491,-0.00103772411,0.001481933449,0.001632328248
Boston Housing,LAD,0.1,2,INDUS,0.002128426816,-0.06155568763,0.06368411445,0.003775644091,-0.1091944372
Boston Housing,LAD,0.1,2,CHAS,2.868381783,2.310981356,0.5574004269,0.4157075048,0.3349248342
Boston Housing,LAD,0.1,2,NOX,-15.53716984,-9.575947657,-5.961222186,-0.3242539793,-0.1998458642
Boston Housing,LAD,0.1,2,RM,4.07601263,4.976903745,-0.9008911151,0.360933872,0.4407084331
Boston Housing,LAD,0.1,2,AGE,-0.01673866934,-0.02865206404,0.0119133947,-0.1103781819,-0.1889375237
Boston Housing,LAD,0.1,2,DIS,-1.140664064,-0.9501396515,-0.1905244125,-0.4036628277,-0.3362392755
Boston Housing,LAD,0.1,2,RAD,0.3281548319,0.2509050572,0.07724977466,0.9511734257,0.7272610354
Boston Housing,LAD,0.1,2,TAX,-0.01096050274,-0.00724174151,-0.003718761227,-0.6067988472,-0.4009196025
Boston Housing,LAD,0.1,2,PTRATIO,-0.5795347524,-0.7035817153,0.1240469629,-0.2015773052,-0.2447240749
Boston Housing,LAD,0.1,2,LSTAT,-0.4129535119,-0.3016570272,-0.1112964847,-0.5380365322,-0.3930285035
Boston Housing,OLS,0.1,3,Intercept,44.84142644,25.76502072,19.07640572,,
Boston Housing,OLS,0.1,3,CRIM,-0.6190657632,-0.3981416199,-0.2209241433,-0.3372266539,-0.2168815888
Boston Housing,OLS,0.1,3,ZN,-0.09108902641,-0.01028855598,-0.08080047042,-0.01320130817,-0.00149109507
Boston Housing,OLS,0.1,3,INDUS,0.2608787782,-0.08386181448,0.3447405927,0.4627762674,-0.1487635666
Boston Housing,OLS,0.1,3,CHAS,11.22009826,2.009809016,9.210289245,1.626101197,0.291276669
Boston Housing,OLS,0.1,3,NOX,-34.81776298,-14.50118331,-20.31657967,-0.7266315752,-0.3026333908
Boston Housing,OLS,0.1,3,RM,4.032181924,4.782367,-0.7501850758,0.3570526313,0.4234820633
Boston Housing,OLS,0.1,3,AGE,-0.1526425858,-0.02203910644,-0.1306034793,-1.006556181,-0.1453303396
Boston Housing,OLS,0.1,3,DIS,-1.541039191,-0.979784906,-0.5612542854,-0.5453492025,-0.3467302585
Boston Housing,OLS,0.1,3,RAD,0.006298789217,0.2896341815,-0.2833353923,0.01825736005,0.8395193667
Boston Housing,OLS,0.1,3,TAX,0.01122009009,-0.0102149664,0.02143505649,0.621170205,-0.565524227
Boston Housing,OLS,0.1,3,PTRATIO,-0.9101785603,-0.7292660368,-0.1809125235,-0.3165838471,-0.2536577519
Boston Housing,OLS,0.1,3,LSTAT,-0.1342692524,-0.3438291921,0.2095599397,-0.1749392143,-0.4479745561
Boston Housing,LAD,0.1,3,Intercept,16.34298676,19.99811558,-3.655128821,,
Boston Housing,LAD,0.1,3,CRIM,-0.5477343363,-0.5296923671,-0.01804196919,-0.2983699446,-0.2885418564
Boston Housing,LAD,0.1,3,ZN,0.000910816466,0.01126306491,-0.01035224845,0.0001320023864,0.001632328248
Boston Housing,LAD,0.1,3,INDUS,-0.04599314529,-0.06155568763,0.01556254234,-0.08158784034,-0.1091944372
Boston Housing,LAD,0.1,3,CHAS,2.536192592,2.310981356,0.2252112361,0.3675641438,0.3349248342
Boston Housing,LAD,0.1,3,NOX,-11.02761862,-9.575947657,-1.451670963,-0.230141606,-0.1998458642
Boston Housing,LAD,0.1,3,RM,5.3541229,4.976903745,0.3772191554,0.4741114626,0.4407084331
Boston Housing,LAD,0.1,3,AGE,-0.04213002168,-0.02865206404,-0.01347795764,-0.2778139111,-0.1889375237
Boston Housing,LAD,0.1,3,DIS,-1.014091652,-0.9501396515,-0.0639520001,-0.3588708688,-0.3362392755
Boston Housing,LAD,0.1,3,RAD,0.1809208479,0.2509050572,-0.06998420934,0.5244082547,0.7272610354
Boston Housing,LAD,0.1,3,TAX,-0.003152188974,-0.00724174151,0.004089552537,-0.174512491,-0.4009196025
Boston Housing,LAD,0.1,3,PTRATIO,-0.6099803797,-0.7035817153,0.09360133562,-0.2121670886,-0.2447240749
Boston Housing,LAD,0.1,3,LSTAT,-0.2662580712,-0.3016570272,0.03539895598,-0.3469072551,-0.3930285035
Boston Housing,OLS,0.1,4,Intercept,55.37787079,25.76502072,29.61285007,,
Boston Housing,OLS,0.1,4,CRIM,-0.0004122370376,-0.3981416199,0.3977293829,-0.0002245598531,-0.2168815888
Boston Housing,OLS,0.1,4,ZN,-0.01939679396,-0.01028855598,-0.009108237976,-0.002811129559,-0.00149109507
Boston Housing,OLS,0.1,4,INDUS,-0.08294737652,-0.08386181448,0.0009144379664,-0.1471414331,-0.1487635666
Boston Housing,OLS,0.1,4,CHAS,-7.674360834,2.009809016,-9.68416985,-1.112226208,0.291276669
Boston Housing,OLS,0.1,4,NOX,-0.6010851523,-14.50118331,13.90009816,-0.01254438579,-0.3026333908
Boston Housing,OLS,0.1,4,RM,1.966594717,4.782367,-2.815772283,0.1741433873,0.4234820633
Boston Housing,OLS,0.1,4,AGE,-0.06016479264,-0.02203910644,-0.0381256862,-0.39673885,-0.1453303396
Boston Housing,OLS,0.1,4,DIS,-0.2201560598,-0.979784906,0.7596288462,-0.07790971983,-0.3467302585
Boston Housing,OLS,0.1,4,RAD,0.6588646304,0.2896341815,0.3692304489,1.909752552,0.8395193667
Boston Housing,OLS,0.1,4,TAX,-0.01370857093,-0.0102149664,-0.003493604531,-0.7589382749,-0.565524227
Boston Housing,OLS,0.1,4,PTRATIO,-1.266527427,-0.7292660368,-0.5372613899,-0.4405312788,-0.2536577519
Boston Housing,OLS,0.1,4,LSTAT,-1.144875071,-0.3438291921,-0.8010458791,-1.491656071,-0.4479745561
Boston Housing,LAD,0.1,4,Intercept,16.03272162,19.99811558,-3.965393967,,
Boston Housing,LAD,0.1,4,CRIM,-0.5202706663,-0.5296923671,0.009421700794,-0.2834095283,-0.2885418564
Boston Housing,LAD,0.1,4,ZN,0.01180408992,0.01126306491,0.0005410250042,0.001710737669,0.001632328248
Boston Housing,LAD,0.1,4,INDUS,-0.1002967729,-0.06155568763,-0.0387410853,-0.1779177537,-0.1091944372
Boston Housing,LAD,0.1,4,CHAS,2.192672391,2.310981356,-0.1183089656,0.3177786073,0.3349248342
Boston Housing,LAD,0.1,4,NOX,-7.62475489,-9.575947657,1.951192767,-0.1591253194,-0.1998458642
Boston Housing,LAD,0.1,4,RM,5.221794121,4.976903745,0.2448903762,0.4623936533,0.4407084331
Boston Housing,LAD,0.1,4,AGE,-0.04092559033,-0.02865206404,-0.01227352629,-0.2698716464,-0.1889375237
Boston Housing,LAD,0.1,4,DIS,-1.031770817,-0.9501396515,-0.08163116501,-0.3651272434,-0.3362392755
Boston Housing,LAD,0.1,4,RAD,0.251869162,0.2509050572,0.0009641048384,0.7300555421,0.7272610354
Boston Housing,LAD,0.1,4,TAX,-0.006972988613,-0.00724174151,0.0002687528971,-0.3860408189,-0.4009196025
Boston Housing,LAD,0.1,4,PTRATIO,-0.5535312821,-0.7035817153,0.1500504332,-0.1925326199,-0.2447240749
Boston Housing,LAD,0.1,4,LSTAT,-0.3121058498,-0.3016570272,-0.01044882264,-0.4066422594,-0.3930285035
Boston Housing,OLS,0.1,5,Intercept,-1.686957671,25.76502072,-27.45197839,,
Boston Housing,OLS,0.1,5,CRIM,0.5038067678,-0.3981416199,0.9019483877,0.2744410701,-0.2168815888
Boston Housing,OLS,0.1,5,ZN,-0.01128663187,-0.01028855598,-0.0009980758842,-0.001635743749,-0.00149109507
Boston Housing,OLS,0.1,5,INDUS,0.6289095481,-0.08386181448,0.7127713626,1.115630851,-0.1487635666
Boston Housing,OLS,0.1,5,CHAS,3.253606628,2.009809016,1.243797612,0.4715371924,0.291276669
Boston Housing,OLS,0.1,5,NOX,-4.611505253,-14.50118331,9.889678055,-0.09624010963,-0.3026333908
Boston Housing,OLS,0.1,5,RM,6.240610394,4.782367,1.458243394,0.5526105726,0.4234820633
Boston Housing,OLS,0.1,5,AGE,-0.06711697805,-0.02203910644,-0.04507787161,-0.4425829712,-0.1453303396
Boston Housing,OLS,0.1,5,DIS,0.189775957,-0.979784906,1.169560863,0.06715868577,-0.3467302585
Boston Housing,OLS,0.1,5,RAD,0.1347194815,0.2896341815,-0.1549147001,0.3904912506,0.8395193667
Boston Housing,OLS,0.1,5,TAX,-0.03072035463,-0.0102149664,-0.02050538823,-1.700750068,-0.565524227
Boston Housing,OLS,0.1,5,PTRATIO,-0.1123972549,-0.7292660368,0.6168687819,-0.03909469737,-0.2536577519
Boston Housing,OLS,0.1,5,LSTAT,-0.3827403361,-0.3438291921,-0.03891114396,-0.4986718292,-0.4479745561
Boston Housing,LAD,0.1,5,Intercept,15.33341583,19.99811558,-4.664699752,,
Boston Housing,LAD,0.1,5,CRIM,-0.5158148809,-0.5296923671,0.01387748615,-0.280982307,-0.2885418564
Boston Housing,LAD,0.1,5,ZN,0.01924800788,0.01126306491,0.007984942971,0.00278956636,0.001632328248
Boston Housing,LAD,0.1,5,INDUS,-0.05734434834,-0.06155568763,0.004211339292,-0.1017238875,-0.1091944372
Boston Housing,LAD,0.1,5,CHAS,2.505560992,2.310981356,0.1945796358,0.3631247814,0.3349248342
Boston Housing,LAD,0.1,5,NOX,-9.045362512,-9.575947657,0.5305851456,-0.1887727829,-0.1998458642
Boston Housing,LAD,0.1,5,RM,4.767019065,4.976903745,-0.2098846797,0.4221229926,0.4407084331
Boston Housing,LAD,0.1,5,AGE,-0.03885643756,-0.02865206404,-0.01020437352,-0.2562272332,-0.1889375237
Boston Housing,LAD,0.1,5,DIS,-0.7592585957,-0.9501396515,0.1908810558,-0.2686895129,-0.3362392755
Boston Housing,LAD,0.1,5,RAD,0.2666566543,0.2509050572,0.01575159714,0.7729178387,0.7272610354
Boston Housing,LAD,0.1,5,TAX,-0.007976479443,-0.00724174151,-0.0007347379325,-0.4415963981,-0.4009196025
Boston Housing,LAD,0.1,5,PTRATIO,-0.4155913844,-0.7035817153,0.2879903309,-0.144553525,-0.2447240749
Boston Housing,LAD,0.1,5,LSTAT,-0.2931361972,-0.3016570272,0.008520830001,-0.3819267265,-0.3930285035
Boston Housing,OLS,0.1,6,Intercept,38.31198441,25.76502072,12.54696369,,
Boston Housing,OLS,0.1,6,CRIM,0.17968501,-0.3981416199,0.57782663,0.09788067487,-0.2168815888
Boston Housing,OLS,0.1,6,ZN,-0.3495582341,-0.01028855598,-0.3392696781,-0.05066061364,-0.00149109507
Boston Housing,OLS,0.1,6,INDUS,-1.133680268,-0.08386181448,-1.049818453,-2.011050214,-0.1487635666
Boston Housing,OLS,0.1,6,CHAS,0.5883921675,2.009809016,-1.421416848,0.08527422717,0.291276669
Boston Housing,OLS,0.1,6,NOX,-19.41456822,-14.50118331,-4.913384908,-0.4051735976,-0.3026333908
Boston Housing,OLS,0.1,6,RM,2.751538792,4.782367,-2.030828208,0.2436507539,0.4234820633
Boston Housing,OLS,0.1,6,AGE,0.02772225677,-0.02203910644,0.04976136321,0.1828061859,-0.1453303396
Boston Housing,OLS,0.1,6,DIS,1.087281006,-0.979784906,2.067065912,0.3847714147,-0.3467302585
Boston Housing,OLS,0.1,6,RAD,-0.6882924509,0.2896341815,-0.9779266324,-1.995050582,0.8395193667
Boston Housing,OLS,0.1,6,TAX,0.06430759633,-0.0102149664,0.07452256274,3.560217652,-0.565524227
Boston Housing,OLS,0.1,6,PTRATIO,-1.82386265,-0.7292660368,-1.094596613,-0.6343870085,-0.2536577519
Boston Housing,OLS,0.1,6,LSTAT,-0.09321932834,-0.3438291921,0.2506098638,-0.1214553278,-0.4479745561
Boston Housing,LAD,0.1,6,Intercept,21.44796046,19.99811558,1.449844878,,
Boston Housing,LAD,0.1,6,CRIM,-0.4831134495,-0.5296923671,0.04657891756,-0.2631686999,-0.2885418564
Boston Housing,LAD,0.1,6,ZN,-0.01993089168,0.01126306491,-0.03119395659,-0.002888535026,0.001632328248
Boston Housing,LAD,0.1,6,INDUS,-0.112363242,-0.06155568763,-0.05080755437,-0.1993226206,-0.1091944372
Boston Housing,LAD,0.1,6,CHAS,1.49723699,2.310981356,-0.8137443664,0.2169908681,0.3349248342
Boston Housing,LAD,0.1,6,NOX,-7.129031449,-9.575947657,2.446916208,-0.1487797868,-0.1998458642
Boston Housing,LAD,0.1,6,RM,4.489600017,4.976903745,-0.4873037283,0.3975573348,0.4407084331
Boston Housing,LAD,0.1,6,AGE,-0.02638811344,-0.02865206404,0.0022639506,-0.1740085741,-0.1889375237
Boston Housing,LAD,0.1,6,DIS,-0.8085188984,-0.9501396515,0.1416207531,-0.2861219487,-0.3362392755
Boston Housing,LAD,0.1,6,RAD,0.1716785418,0.2509050572,-0.0792265154,0.4976189617,0.7272610354
Boston Housing,LAD,0.1,6,TAX,-0.00299988696,-0.00724174151,0.00424185455,-0.1660806984,-0.4009196025
Boston Housing,LAD,0.1,6,PTRATIO,-0.7134749962,-0.7035817153,-0.009893280868,-0.2481652161,-0.2447240749
Boston Housing,LAD,0.1,6,LSTAT,-0.3530031905,-0.3016570272,-0.05134616335,-0.4599273454,-0.3930285035
Boston Housing,OLS,0.1,7,Intercept,4.512749319,25.76502072,-21.2522714,,
Boston Housing,OLS,0.1,7,CRIM,-0.4227551192,-0.3981416199,-0.02461349926,-0.230289418,-0.2168815888
Boston Housing,OLS,0.1,7,ZN,-0.05649868673,-0.01028855598,-0.04621013075,-0.008188215468,-0.00149109507
Boston Housing,OLS,0.1,7,INDUS,0.04604467697,-0.08386181448,0.1299064914,0.08167925305,-0.1487635666
Boston Housing,OLS,0.1,7,CHAS,1.010382607,2.009809016,-0.9994264084,0.1464322619,0.291276669
Boston Housing,OLS,0.1,7,NOX,21.15538571,-14.50118331,35.65656902,0.4415037017,-0.3026333908
Boston Housing,OLS,0.1,7,RM,5.252054374,4.782367,0.469687374,0.4650732207,0.4234820633
Boston Housing,OLS,0.1,7,AGE,-0.03484646449,-0.02203910644,-0.01280735805,-0.2297846572,-0.1453303396
Boston Housing,OLS,0.1,7,DIS,-0.3738363008,-0.979784906,0.6059486052,-0.1322947071,-0.3467302585
Boston Housing,OLS,0.1,7,RAD,0.3370127131,0.2896341815,0.04737853162,0.9768484439,0.8395193667
Boston Housing,OLS,0.1,7,TAX,-0.03193456348,-0.0102149664,-0.02171959707,-1.767971485,-0.565524227
Boston Housing,OLS,0.1,7,PTRATIO,-0.7432301416,-0.7292660368,-0.01396410478,-0.2585148319,-0.2536577519
Boston Housing,OLS,0.1,7,LSTAT,0.05962892374,-0.3438291921,0.4034581159,0.07769043833,-0.4479745561
Boston Housing,LAD,0.1,7,Intercept,19.41111041,19.99811558,-0.5870051692,,
Boston Housing,LAD,0.1,7,CRIM,-0.5321215065,-0.5296923671,-0.002429139432,-0.2898650932,-0.2885418564
Boston Housing,LAD,0.1,7,ZN,-0.002587877359,0.01126306491,-0.01385094227,-0.0003750546897,0.001632328248
Boston Housing,LAD,0.1,7,INDUS,-0.05848908867,-0.06155568763,0.003066598964,-0.1037545573,-0.1091944372
Boston Housing,LAD,0.1,7,CHAS,2.66775417,2.310981356,0.3567728141,0.3866310392,0.3349248342
Boston Housing,LAD,0.1,7,NOX,-9.305677847,-9.575947657,0.2702698108,-0.1942054507,-0.1998458642
Boston Housing,LAD,0.1,7,RM,5.024850794,4.976903745,0.04794704878,0.444954179,0.4407084331
Boston Housing,LAD,0.1,7,AGE,-0.03014568689,-0.02865206404,-0.001493622848,-0.1987867759,-0.1889375237
Boston Housing,LAD,0.1,7,DIS,-0.9116517786,-0.9501396515,0.03848787291,-0.3226190309,-0.3362392755
Boston Housing,LAD,0.1,7,RAD,0.2720695246,0.2509050572,0.02116446745,0.7886073178,0.7272610354
Boston Housing,LAD,0.1,7,TAX,-0.009050476524,-0.00724174151,-0.001808735014,-0.501055367,-0.4009196025
Boston Housing,LAD,0.1,7,PTRATIO,-0.6857841323,-0.7035817153,0.01779758295,-0.2385336113,-0.2447240749
Boston Housing,LAD,0.1,7,LSTAT,-0.2773986124,-0.3016570272,0.02425841482,-0.36142225,-0.3930285035
Boston Housing,OLS,0.1,8,Intercept,-14.32156468,25.76502072,-40.08658541,,
Boston Housing,OLS,0.1,8,CRIM,0.03100583008,-0.3981416199,0.42914745,0.01688995411,-0.2168815888
Boston Housing,OLS,0.1,8,ZN,0.2472824299,-0.01028855598,0.2575709859,0.03583803332,-0.00149109507
Boston Housing,OLS,0.1,8,INDUS,0.7323911262,-0.08386181448,0.8162529407,1.299198172,-0.1487635666
Boston Housing,OLS,0.1,8,CHAS,3.593660574,2.009809016,1.583851558,0.520820373,0.291276669
Boston Housing,OLS,0.1,8,NOX,7.345905927,-14.50118331,21.84708924,0.1533058628,-0.3026333908
Boston Housing,OLS,0.1,8,RM,7.504892312,4.782367,2.722525312,0.6645636526,0.4234820633
Boston Housing,OLS,0.1,8,AGE,0.05100021025,-0.02203910644,0.07303931669,0.3363057343,-0.1453303396
Boston Housing,OLS,0.1,8,DIS,-0.3821904926,-0.979784906,0.5975944134,-0.1352511224,-0.3467302585
Boston Housing,OLS,0.1,8,RAD,0.434871633,0.2896341815,0.1452374515,1.260497487,0.8395193667
Boston Housing,OLS,0.1,8,TAX,-0.05924901807,-0.0102149664,-0.04903405167,-3.28016303,-0.565524227
Boston Housing,OLS,0.1,8,PTRATIO,-0.3467632873,-0.7292660368,0.3825027495,-0.1206133173,-0.2536577519
Boston Housing,OLS,0.1,8,LSTAT,-0.1455931743,-0.3438291921,0.1982360179,-0.1896931357,-0.4479745561
Boston Housing,LAD,0.1,8,Intercept,14.50119844,19.99811558,-5.496917142,,
Boston Housing,LAD,0.1,8,CRIM,-0.5024155541,-0.5296923671,0.02727681295,-0.2736832276,-0.2885418564
Boston Housing,LAD,0.1,8,ZN,0.01380769231,0.01126306491,0.0025446274,0.002001114828,0.001632328248
Boston Housing,LAD,0.1,8,INDUS,-0.07476963241,-0.06155568763,-0.01321394478,-0.1326348262,-0.1091944372
Boston Housing,LAD,0.1,8,CHAS,3.214309512,2.310981356,0.9033281562,0.4658419583,0.3349248342
Boston Housing,LAD,0.1,8,NOX,-7.014298012,-9.575947657,2.561649645,-0.1463853498,-0.1998458642
Boston Housing,LAD,0.1,8,RM,5.227717529,4.976903745,0.2508137841,0.4629181754,0.4407084331
Boston Housing,LAD,0.1,8,AGE,-0.03466341787,-0.02865206404,-0.006011353831,-0.2285776106,-0.1889375237
Boston Housing,LAD,0.1,8,DIS,-0.842541518,-0.9501396515,0.1075981335,-0.2981620114,-0.3362392755
Boston Housing,LAD,0.1,8,RAD,0.173949422,0.2509050572,-0.07695563517,0.5042012233,0.7272610354
Boston Housing,LAD,0.1,8,TAX,-0.004115572803,-0.00724174151,0.003126168708,-0.2278476537,-0.4009196025
Boston Housing,LAD,0.1,8,PTRATIO,-0.6099590298,-0.7035817153,0.09362268554,-0.2121596625,-0.2447240749
Boston Housing,LAD,0.1,8,LSTAT,-0.2881224052,-0.3016570272,0.01353462195,-0.3753942642,-0.3930285035
Boston Housing,OLS,0.1,9,Intercept,20.1821774,25.76502072,-5.582843326,,
Boston Housing,OLS,0.1,9,CRIM,-0.6666119469,-0.3981416199,-0.268470327,-0.363126714,-0.2168815888
Boston Housing,OLS,0.1,9,ZN,-0.04234489429,-0.01028855598,-0.03205633831,-0.006136941202,-0.00149109507
Boston Housing,OLS,0.1,9,INDUS,-0.1446330252,-0.08386181448,-0.06077121071,-0.2565664099,-0.1487635666
Boston Housing,OLS,0.1,9,CHAS,-1.579540223,2.009809016,-3.589349239,-0.2289188729,0.291276669
Boston Housing,OLS,0.1,9,NOX,-53.74014653,-14.50118331,-39.23896322,-1.121533493,-0.3026333908
Boston Housing,OLS,0.1,9,RM,5.364597815,4.782367,0.5822308149,0.4750390239,0.4234820633
Boston Housing,OLS,0.1,9,AGE,-0.001342477484,-0.02203910644,0.02069662896,-0.008852568914,-0.1453303396
Boston Housing,OLS,0.1,9,DIS,-1.353899676,-0.979784906,-0.3741147701,-0.4791235114,-0.3467302585
Boston Housing,OLS,0.1,9,RAD,-0.1341228125,0.2896341815,-0.4237569941,-0.3887617755,0.8395193667
Boston Housing,OLS,0.1,9,TAX,0.02945474791,-0.0102149664,0.03966971432,1.630683145,-0.565524227
Boston Housing,OLS,0.1,9,PTRATIO,-0.1193531408,-0.7292660368,0.609912896,-0.04151413592,-0.2536577519
Boston Housing,OLS,0.1,9,LSTAT,-0.1540457362,-0.3438291921,0.1897834559,-0.2007059665,-0.4479745561
Boston Housing,LAD,0.1,9,Intercept,24.12554144,19.99811558,4.127425858,,
Boston Housing,LAD,0.1,9,CRIM,-0.4940723487,-0.5296923671,0.03562001832,-0.2691383935,-0.2885418564
Boston Housing,LAD,0.1,9,ZN,-0.02347195931,0.01126306491,-0.03473502422,-0.003401733233,0.001632328248
Boston Housing,LAD,0.1,9,INDUS,-0.04470257239,-0.06155568763,0.01685311525,-0.07929847624,-0.1091944372
Boston Housing,LAD,0.1,9,CHAS,2.890508313,2.310981356,0.5795269569,0.4189142483,0.3349248342
Boston Housing,LAD,0.1,9,NOX,-18.91215365,-9.575947657,-9.336205991,-0.394688424,-0.1998458642
Boston Housing,LAD,0.1,9,RM,4.841156765,4.976903745,-0.1357469798,0.4286879396,0.4407084331
Boston Housing,LAD,0.1,9,AGE,-0.02685288856,-0.02865206404,0.00179917548,-0.1770733956,-0.1889375237
Boston Housing,LAD,0.1,9,DIS,-1.062318899,-0.9501396515,-0.1121792476,-0.3759377229,-0.3362392755
Boston Housing,LAD,0.1,9,RAD,0.277315615,0.2509050572,0.02641055782,0.8038133769,0.7272610354
Boston Housing,LAD,0.1,9,TAX,-0.00472850734,-0.00724174151,0.00251323417,-0.261781131,-0.4009196025
Boston Housing,LAD,0.1,9,PTRATIO,-0.6288876169,-0.7035817153,0.07469409842,-0.2187435189,-0.2447240749
Boston Housing,LAD,0.1,9,LSTAT,-0.3541572663,-0.3016570272,-0.05250023907,-0.4614309889,-0.3930285035
Boston Housing,OLS,0.1,10,Intercept,-31.61032721,25.76502072,-57.37534793,,
Boston Housing,OLS,0.1,10,CRIM,-0.9673773384,-0.3981416199,-0.5692357185,-0.5269640841,-0.2168815888
Boston Housing,OLS,0.1,10,ZN,0.07923455583,-0.01028855598,0.08952311181,0.01148326896,-0.00149109507
Boston Housing,OLS,0.1,10,INDUS,0.04764255978,-0.08386181448,0.1315043743,0.08451375822,-0.1487635666
Boston Housing,OLS,0.1,10,CHAS,-5.322902018,2.009809016,-7.332711034,-0.7714350751,0.291276669
Boston Housing,OLS,0.1,10,NOX,-3.749985691,-14.50118331,10.75119762,-0.07826057093,-0.3026333908
Boston Housing,OLS,0.1,10,RM,7.772588052,4.782367,2.990221052,0.6882683043,0.4234820633
Boston Housing,OLS,0.1,10,AGE,-0.1016713301,-0.02203910644,-0.07963222365,-0.6704413796,-0.1453303396
Boston Housing,OLS,0.1,10,DIS,-0.8976426666,-0.979784906,0.08214223942,-0.3176614294,-0.3467302585
Boston Housing,OLS,0.1,10,RAD,0.1957880358,0.2896341815,-0.09384614577,0.5675015529,0.8395193667
Boston Housing,OLS,0.1,10,TAX,-0.008232238184,-0.0102149664,0.00198272822,-0.4557557951,-0.565524227
Boston Housing,OLS,0.1,10,PTRATIO,0.809072945,-0.7292660368,1.538338982,0.2814166765,-0.2536577519
Boston Housing,OLS,0.1,10,LSTAT,0.3272778662,-0.3438291921,0.6711070583,0.4264098576,-0.4479745561
Boston Housing,LAD,0.1,10,Intercept,15.58297748,19.99811558,-4.415138106,,
Boston Housing,LAD,0.1,10,CRIM,-0.6200415365,-0.5296923671,-0.09034916949,-0.3377581916,-0.2885418564
Boston Housing,LAD,0.1,10,ZN,0.03728634449,0.01126306491,0.02602327958,0.005403818043,0.001632328248
Boston Housing,LAD,0.1,10,INDUS,-0.01464545523,-0.06155568763,0.0469102324,-0.02597976407,-0.1091944372
Boston Housing,LAD,0.1,10,CHAS,2.581795392,2.310981356,0.2708140363,0.3741732453,0.3349248342
Boston Housing,LAD,0.1,10,NOX,-12.08799208,-9.575947657,-2.512044421,-0.252271139,-0.1998458642
Boston Housing,LAD,0.1,10,RM,4.750918564,4.976903745,-0.2259851809,0.4206972815,0.4407084331
Boston Housing,LAD,0.1,10,AGE,-0.04183576135,-0.02865206404,-0.01318369731,-0.2758734988,-0.1889375237
Boston Housing,LAD,0.1,10,DIS,-1.017768758,-0.9501396515,-0.0676291061,-0.360172138,-0.3362392755
Boston Housing,LAD,0.1,10,RAD,0.2922710653,0.2509050572,0.04136600808,0.847162508,0.7272610354
Boston Housing,LAD,0.1,10,TAX,-0.008261332017,-0.00724174151,-0.001019590507,-0.4573664972,-0.4009196025
Boston Housing,LAD,0.1,10,PTRATIO,-0.3562196217,-0.7035817153,0.3473620936,-0.1239024771,-0.2447240749
Boston Housing,LAD,0.1,10,LSTAT,-0.2145546386,-0.3016570272,0.08710238857,-0.2795429277,-0.3930285035
Boston Housing,OLS,0.1,11,Intercept,-58.42588284,25.76502072,-84.19090357,,
Boston Housing,OLS,0.1,11,CRIM,0.06399150369,-0.3981416199,0.4621331236,0.03485839785,-0.2168815888
Boston Housing,OLS,0.1,11,ZN,0.06418209857,-0.01028855598,0.07447065456,0.009301753416,-0.00149109507
Boston Housing,OLS,0.1,11,INDUS,-0.7851476473,-0.08386181448,-0.7012858328,-1.392783653,-0.1487635666
Boston Housing,OLS,0.1,11,CHAS,6.590485228,2.009809016,4.580676212,0.9551427866,0.291276669
Boston Housing,OLS,0.1,11,NOX,-21.57200464,-14.50118331,-7.07082133,-0.4501983577,-0.3026333908
Boston Housing,OLS,0.1,11,RM,13.43918922,4.782367,8.656822219,1.190049944,0.4234820633
Boston Housing,OLS,0.1,11,AGE,-0.09437970483,-0.02203910644,-0.07234059838,-0.6223589231,-0.1453303396
Boston Housing,OLS,0.1,11,DIS,-1.851274218,-0.979784906,-0.8714893118,-0.6551364326,-0.3467302585
Boston Housing,OLS,0.1,11,RAD,-1.187481463,0.2896341815,-1.477115644,-3.441975254,0.8395193667
Boston Housing,OLS,0.1,11,TAX,0.06836924402,-0.0102149664,0.07858421042,3.785079886,-0.565524227
Boston Housing,OLS,0.1,11,PTRATIO,0.6882193857,-0.7292660368,1.417485422,0.2393806559,-0.2536577519
Boston Housing,OLS,0.1,11,LSTAT,0.1288733228,-0.3438291921,0.472702515,0.1679088656,-0.4479745561
Boston Housing,LAD,0.1,11,Intercept,8.339885953,19.99811558,-11.65822963,,
Boston Housing,LAD,0.1,11,CRIM,-0.5788883249,-0.5296923671,-0.04919595787,-0.3153406058,-0.2885418564
Boston Housing,LAD,0.1,11,ZN,0.012027446,0.01126306491,0.0007643810912,0.001743108116,0.001632328248
Boston Housing,LAD,0.1,11,INDUS,-0.1074510428,-0.06155568763,-0.04589535517,-0.1906088064,-0.1091944372
Boston Housing,LAD,0.1,11,CHAS,2.021978894,2.310981356,-0.2890024626,0.2930404194,0.3349248342
Boston Housing,LAD,0.1,11,NOX,-6.655389817,-9.575947657,2.92055784,-0.1388950918,-0.1998458642
Boston Housing,LAD,0.1,11,RM,6.122676335,4.976903745,1.14577259,0.5421674262,0.4407084331
Boston Housing,LAD,0.1,11,AGE,-0.04635021958,-0.02865206404,-0.01769815554,-0.3056427523,-0.1889375237
Boston Housing,LAD,0.1,11,DIS,-0.9958878572,-0.9501396515,-0.04574820566,-0.3524288362,-0.3362392755
Boston Housing,LAD,0.1,11,RAD,0.2106256427,0.2509050572,-0.04027941451,0.6105091092,0.7272610354
Boston Housing,LAD,0.1,11,TAX,-0.004909601562,-0.00724174151,0.002332139949,-0.271806927,-0.4009196025
Boston Housing,LAD,0.1,11,PTRATIO,-0.5331028579,-0.7035817153,0.1704788574,-0.185427081,-0.2447240749
Boston Housing,LAD,0.1,11,LSTAT,-0.2126672495,-0.3016570272,0.08898977765,-0.2770838512,-0.3930285035
Boston Housing,OLS,0.1,12,Intercept,-37.66121726,25.76502072,-63.42623798,,
Boston Housing,OLS,0.1,12,CRIM,-0.6500394156,-0.3981416199,-0.2518977957,-0.3540990798,-0.2168815888
Boston Housing,OLS,0.1,12,ZN,-0.003646578013,-0.01028855598,0.00664197797,-0.0005284895671,-0.00149109507
Boston Housing,OLS,0.1,12,INDUS,-0.3738920173,-0.08386181448,-0.2900302028,-0.6632519263,-0.1487635666
Boston Housing,OLS,0.1,12,CHAS,6.154173395,2.009809016,4.14436438,0.8919091877,0.291276669
Boston Housing,OLS,0.1,12,NOX,92.55114611,-14.50118331,107.0523294,1.93150218,-0.3026333908
Boston Housing,OLS,0.1,12,RM,4.508844527,4.782367,-0.2735224732,0.3992614501,0.4234820633
Boston Housing,OLS,0.1,12,AGE,-0.1760982788,-0.02203910644,-0.1540591723,-1.16122778,-0.1453303396
Boston Housing,OLS,0.1,12,DIS,0.2642817637,-0.979784906,1.24406667,0.09352510297,-0.3467302585
Boston Housing,OLS,0.1,12,RAD,0.4197376999,0.2896341815,0.1301035184,1.216631014,0.8395193667
Boston Housing,OLS,0.1,12,TAX,-0.03594463638,-0.0102149664,-0.02572966998,-1.98997842,-0.565524227
Boston Housing,OLS,0.1,12,PTRATIO,0.559386261,-0.7292660368,1.288652298,0.1945691343,-0.2536577519
Boston Housing,OLS,0.1,12,LSTAT,-0.2139155075,-0.3438291921,0.1299136847,-0.2787102046,-0.4479745561
Boston Housing,LAD,0.1,12,Intercept,12.58464445,19.99811558,-7.413471134,,
Boston Housing,LAD,0.1,12,CRIM,-0.4930626785,-0.5296923671,0.0366296886,-0.268588391,-0.2885418564
Boston Housing,LAD,0.1,12,ZN,-0.0002814328373,0.01126306491,-0.01154449775,-4.078736772e-05,0.001632328248
Boston Housing,LAD,0.1,12,INDUS,-0.00809197802,-0.06155568763,0.05346370961,-0.01435446536,-0.1091944372
Boston Housing,LAD,0.1,12,CHAS,3.133265529,2.310981356,0.8222841731,0.4540964535,0.3349248342
Boston Housing,LAD,0.1,12,NOX,-6.353739598,-9.575947657,3.22220806,-0.1325997829,-0.1998458642
Boston Housing,LAD,0.1,12,RM,4.94842401,4.976903745,-0.02847973469,0.4381865319,0.4407084331
Boston Housing,LAD,0.1,12,AGE,-0.04079904695,-0.02865206404,-0.01214698291,-0.2690371936,-0.1889375237
Boston Housing,LAD,0.1,12,DIS,-0.8713102577,-0.9501396515,0.07882939381,-0.3083428097,-0.3362392755
Boston Housing,LAD,0.1,12,RAD,0.1636129954,0.2509050572,-0.0872920618,0.4742405664,0.7272610354
Boston Housing,LAD,0.1,12,TAX,-0.005497587965,-0.00724174151,0.001744153546,-0.3043592178,-0.4009196025
Boston Housing,LAD,0.1,12,PTRATIO,-0.402780179,-0.7035817153,0.3008015363,-0.1400974536,-0.2447240749
Boston Housing,LAD,0.1,12,LSTAT,-0.3122585345,-0.3016570272,-0.01060150734,-0.4068411921,-0.3930285035
Boston Housing,OLS,0.1,13,Intercept,120.1092677,25.76502072,94.34424694,,
Boston Housing,OLS,0.1,13,CRIM,0.09702334696,-0.3981416199,0.4951649669,0.05285199181,-0.2168815888
Boston Housing,OLS,0.1,13,ZN,-0.2054144626,-0.01028855598,-0.1951259067,-0.02977021198,-0.00149109507
Boston Housing,OLS,0.1,13,INDUS,0.7850041248,-0.08386181448,0.8688659393,1.392529056,-0.1487635666
Boston Housing,OLS,0.1,13,CHAS,-0.02526120477,2.009809016,-2.035070221,-0.00366104417,0.291276669
Boston Housing,OLS,0.1,13,NOX,-39.61157228,-14.50118331,-25.11038897,-0.8266762911,-0.3026333908
Boston Housing,OLS,0.1,13,RM,0.6287495901,4.782367,-4.15361741,0.05567623182,0.4234820633
Boston Housing,OLS,0.1,13,AGE,-0.003905811849,-0.02203910644,0.01813329459,-0.02575571582,-0.1453303396
Boston Housing,OLS,0.1,13,DIS,-1.814298804,-0.979784906,-0.8345138984,-0.6420514233,-0.3467302585
Boston Housing,OLS,0.1,13,RAD,0.5908474746,0.2896341815,0.3012132931,1.712601376,0.8395193667
Boston Housing,OLS,0.1,13,TAX,-0.03473719111,-0.0102149664,-0.0245222247,-1.92313145,-0.565524227
Boston Housing,OLS,0.1,13,PTRATIO,-3.064605299,-0.7292660368,-2.335339262,-1.065949669,-0.2536577519
Boston Housing,OLS,0.1,13,LSTAT,-1.181088582,-0.3438291921,-0.8372593903,-1.538838602,-0.4479745561
Boston Housing,LAD,0.1,13,Intercept,23.24459293,19.99811558,3.246477348,,
Boston Housing,LAD,0.1,13,CRIM,-0.4726088526,-0.5296923671,0.0570835145,-0.2574464806,-0.2885418564
Boston Housing,LAD,0.1,13,ZN,-0.002628276829,0.01126306491,-0.01389134174,-0.0003809096853,0.001632328248
Boston Housing,LAD,0.1,13,INDUS,-0.05398032619,-0.06155568763,0.007575361441,-0.09575640472,-0.1091944372
Boston Housing,LAD,0.1,13,CHAS,2.397293954,2.310981356,0.08631259779,0.3474339064,0.3349248342
Boston Housing,LAD,0.1,13,NOX,-13.71254878,-9.575947657,-4.136601122,-0.286174931,-0.1998458642
Boston Housing,LAD,0.1,13,RM,4.889871651,4.976903745,-0.08703209441,0.433001678,0.4407084331
Boston Housing,LAD,0.1,13,AGE,-0.02153294439,-0.02865206404,0.007119119653,-0.1419926043,-0.1889375237
Boston Housing,LAD,0.1,13,DIS,-0.9193179475,-0.9501396515,0.03082170396,-0.3253319658,-0.3362392755
Boston Housing,LAD,0.1,13,RAD,0.2358919301,0.2509050572,-0.0150131271,0.6837447249,0.7272610354
Boston Housing,LAD,0.1,13,TAX,-0.00667585182,-0.00724174151,0.0005658896907,-0.369590637,-0.4009196025
Boston Housing,LAD,0.1,13,PTRATIO,-0.7414641893,-0.7035817153,-0.03788247405,-0.2579005876,-0.2447240749
Boston Housing,LAD,0.1,13,LSTAT,-0.345208422,-0.3016570272,-0.04355139478,-0.4497715527,-0.3930285035
Boston Housing,OLS,0.1,14,Intercept,55.20817569,25.76502072,29.44315497,,
Boston Housing,OLS,0.1,14,CRIM,-1.076226894,-0.3981416199,-0.6780852745,-0.5862582234,-0.2168815888
Boston Housing,OLS,0.1,14,ZN,0.1071431166,-0.01028855598,0.1174316726,0.01552798791,-0.00149109507
Boston Housing,OLS,0.1,14,INDUS,0.4832390407,-0.08386181448,0.5671008552,0.8572240374,-0.1487635666
Boston Housing,OLS,0.1,14,CHAS,2.139736694,2.009809016,0.1299276782,0.3101067672,0.291276669
Boston Housing,OLS,0.1,14,NOX,-79.79553822,-14.50118331,-65.29435491,-1.665298189,-0.3026333908
Boston Housing,OLS,0.1,14,RM,2.980680109,4.782367,-1.801686891,0.2639413836,0.4234820633
Boston Housing,OLS,0.1,14,AGE,0.1218165138,-0.02203910644,0.1438556202,0.8032828082,-0.1453303396
Boston Housing,OLS,0.1,14,DIS,-1.045049486,-0.979784906,-0.06526457956,-0.3698263527,-0.3467302585
Boston Housing,OLS,0.1,14,RAD,1.113420913,0.2896341815,0.8237867312,3.227306993,0.8395193667
Boston Housing,OLS,0.1,14,TAX,-0.01855007265,-0.0102149664,-0.008335106245,-1.026975036,-0.565524227
Boston Housing,OLS,0.1,14,PTRATIO,-0.7391870741,-0.7292660368,-0.00992103735,-0.2571085475,-0.2536577519
Boston Housing,OLS,0.1,14,LSTAT,-0.4115059627,-0.3438291921,-0.0676767706,-0.5361505224,-0.4479745561
Boston Housing,LAD,0.1,14,Intercept,22.66115505,19.99811558,2.663039463,,
Boston Housing,LAD,0.1,14,CRIM,-0.5090853991,-0.5296923671,0.02060696793,-0.2773165242,-0.2885418564
Boston Housing,LAD,0.1,14,ZN,0.02051505995,0.01126306491,0.009251995038,0.002973197094,0.001632328248
Boston Housing,LAD,0.1,14,INDUS,0.09385917649,-0.06155568763,0.1554148641,0.1664980174,-0.1091944372
Boston Housing,LAD,0.1,14,CHAS,2.557568769,2.310981356,0.2465874123,0.3706621404,0.3349248342
Boston Housing,LAD,0.1,14,NOX,-16.68166658,-9.575947657,-7.105718921,-0.3481391286,-0.1998458642
Boston Housing,LAD,0.1,14,RM,4.788833059,4.976903745,-0.188070686,0.4240546375,0.4407084331
Boston Housing,LAD,0.1,14,AGE,-0.01639687479,-0.02865206404,0.01225518925,-0.1081243193,-0.1889375237
Boston Housing,LAD,0.1,14,DIS,-0.8565912298,-0.9501396515,0.09354842173,-0.3031339804,-0.3362392755
Boston Housing,LAD,0.1,14,RAD,0.308278134,0.2509050572,0.05737307678,0.8935598086,0.7272610354
Boston Housing,LAD,0.1,14,TAX,-0.009952748543,-0.00724174151,-0.002711007033,-0.5510072382,-0.4009196025
Boston Housing,LAD,0.1,14,PTRATIO,-0.6754500661,-0.7035817153,0.02813164922,-0.2349391534,-0.2447240749
Boston Housing,LAD,0.1,14,LSTAT,-0.3410292684,-0.3016570272,-0.03937224121,-0.4443265396,-0.3930285035
Boston Housing,OLS,0.1,15,Intercept,34.04884587,25.76502072,8.283825144,,
Boston Housing,OLS,0.1,15,CRIM,-0.4815475407,-0.3981416199,-0.08340592074,-0.2623156949,-0.2168815888
Boston Housing,OLS,0.1,15,ZN,-0.1089138859,-0.01028855598,-0.09862532988,-0.01578462114,-0.00149109507
Boston Housing,OLS,0.1,15,INDUS,0.05623528985,-0.08386181448,0.1400971043,0.09975651416,-0.1487635666
Boston Housing,OLS,0.1,15,CHAS,4.197315751,2.009809016,2.187506735,0.6083066306,0.291276669
Boston Housing,OLS,0.1,15,NOX,-36.28378079,-14.50118331,-21.78259748,-0.7572267295,-0.3026333908
Boston Housing,OLS,0.1,15,RM,5.182800868,4.782367,0.4004338684,0.4589407726,0.4234820633
Boston Housing,OLS,0.1,15,AGE,-0.07346860718,-0.02203910644,-0.05142950073,-0.4844669024,-0.1453303396
Boston Housing,OLS,0.1,15,DIS,-0.06835441953,-0.979784906,0.9114304864,-0.02418953936,-0.3467302585
Boston Housing,OLS,0.1,15,RAD,0.1888803818,0.2896341815,-0.1007537997,0.5474793676,0.8395193667
Boston Housing,OLS,0.1,15,TAX,0.02223598966,-0.0102149664,0.03245095606,1.231035949,-0.565524227
Boston Housing,OLS,0.1,15,PTRATIO,-1.336958909,-0.7292660368,-0.6076928723,-0.4650291858,-0.2536577519
Boston Housing,OLS,0.1,15,LSTAT,-0.3552701366,-0.3438291921,-0.01144094452,-0.4628809461,-0.4479745561
Boston Housing,LAD,0.1,15,Intercept,12.47127355,19.99811558,-7.526842032,,
Boston Housing,LAD,0.1,15,CRIM,-0.5329953806,-0.5296923671,-0.003303013494,-0.2903411228,-0.2885418564
Boston Housing,LAD,0.1,15,ZN,0.02118191475,0.01126306491,0.009918849838,0.003069842717,0.001632328248
Boston Housing,LAD,0.1,15,INDUS,-0.0593343786,-0.06155568763,0.002221309035,-0.1052540281,-0.1091944372
Boston Housing,LAD,0.1,15,CHAS,2.468054832,2.310981356,0.1570734758,0.3576891061,0.3349248342
Boston Housing,LAD,0.1,15,NOX,-7.722380968,-9.575947657,1.853566689,-0.1611627332,-0.1998458642
Boston Housing,LAD,0.1,15,RM,5.306554615,4.976903745,0.3296508701,0.4698992565,0.4407084331
Boston Housing,LAD,0.1,15,AGE,-0.04990159497,-0.02865206404,-0.02124953093,-0.3290612422,-0.1889375237
Boston Housing,LAD,0.1,15,DIS,-0.9662066308,-0.9501396515,-0.01606697933,-0.3419251234,-0.3362392755
Boston Housing,LAD,0.1,15,RAD,0.1824086186,0.2509050572,-0.06849643863,0.5287206335,0.7272610354
Boston Housing,LAD,0.1,15,TAX,-0.003735925003,-0.00724174151,0.003505816507,-0.2068294712,-0.4009196025
Boston Housing,LAD,0.1,15,PTRATIO,-0.4872315003,-0.7035817153,0.216350215,-0.1694718262,-0.2447240749
Boston Housing,LAD,0.1,15,LSTAT,-0.2402943274,-0.3016570272,0.06136269975,-0.313079131,-0.3930285035
Boston Housing,OLS,0.1,16,Intercept,62.1338281,25.76502072,36.36880738,,
Boston Housing,OLS,0.1,16,CRIM,-0.8665256681,-0.3981416199,-0.4683840482,-0.4720266714,-0.2168815888
Boston Housing,OLS,0.1,16,ZN,0.05987413784,-0.01028855598,0.07016269383,0.008677411281,-0.00149109507
Boston Housing,OLS,0.1,16,INDUS,0.8576022054,-0.08386181448,0.9414640198,1.521311738,-0.1487635666
Boston Housing,OLS,0.1,16,CHAS,-3.432215326,2.009809016,-5.442024342,-0.4974225111,0.291276669
Boston Housing,OLS,0.1,16,NOX,-6.756060215,-14.50118331,7.745123094,-0.1409960393,-0.3026333908
Boston Housing,OLS,0.1,16,RM,3.486049692,4.782367,-1.296317308,0.3086922263,0.4234820633
Boston Housing,OLS,0.1,16,AGE,-0.06434011881,-0.02203910644,-0.04230101237,-0.424271798,-0.1453303396
Boston Housing,OLS,0.1,16,DIS,-1.263848334,-0.979784906,-0.2840634284,-0.4472557772,-0.3467302585
Boston Housing,OLS,0.1,16,RAD,0.949456732,0.2896341815,0.6598225505,2.752048499,0.8395193667
Boston Housing,OLS,0.1,16,TAX,-0.07208292687,-0.0102149664,-0.06186796047,-3.99067798,-0.565524227
Boston Housing,OLS,0.1,16,PTRATIO,-1.605653765,-0.7292660368,-0.8763877282,-0.5584882661,-0.2536577519
Boston Housing,OLS,0.1,16,LSTAT,-0.5432939769,-0.3438291921,-0.1994647848,-0.7078569352,-0.4479745561
Boston Housing,LAD,0.1,16,Intercept,22.59358582,19.99811558,2.595470238,,
Boston Housing,LAD,0.1,16,CRIM,-0.4703202905,-0.5296923671,0.05937207654,-0.2561998212,-0.2885418564
Boston Housing,LAD,0.1,16,ZN,0.02384185678,0.01126306491,0.01257879187,0.003455341562,0.001632328248
Boston Housing,LAD,0.1,16,INDUS,0.01777294506,-0.06155568763,0.07932863269,0.03152765906,-0.1091944372
Boston Housing,LAD,0.1,16,CHAS,2.503130881,2.310981356,0.1921495251,0.3627725915,0.3349248342
Boston Housing,LAD,0.1,16,NOX,-8.625791237,-9.575947657,0.9501564207,-0.1800165128,-0.1998458642
Boston Housing,LAD,0.1,16,RM,4.283247687,4.976903745,-0.6936560581,0.3792846865,0.4407084331
Boston Housing,LAD,0.1,16,AGE,-0.02079511921,-0.02865206404,0.007856944828,-0.1371272354,-0.1889375237
Boston Housing,LAD,0.1,16,DIS,-0.7974477612,-0.9501396515,0.1526918903,-0.2822040498,-0.3362392755
Boston Housing,LAD,0.1,16,RAD,0.2093926982,0.2509050572,-0.04151235896,0.6069353572,0.7272610354
Boston Housing,LAD,0.1,16,TAX,-0.007305582389,-0.00724174151,-6.384087832e-05,-0.4044539815,-0.4009196025
Boston Housing,LAD,0.1,16,PTRATIO,-0.6841908945,-0.7035817153,0.01939082078,-0.2379794416,-0.2447240749
Boston Housing,LAD,0.1,16,LSTAT,-0.3848118711,-0.3016570272,-0.08315484387,-0.5013708291,-0.3930285035
Boston Housing,OLS,0.1,17,Intercept,-14.55110321,25.76502072,-40.31612393,,
Boston Housing,OLS,0.1,17,CRIM,0.01927013257,-0.3981416199,0.4174117525,0.01049711147,-0.2168815888
Boston Housing,OLS,0.1,17,ZN,-0.30968443,-0.01028855598,-0.299395874,-0.04488180145,-0.00149109507
Boston Housing,OLS,0.1,17,INDUS,0.1713890867,-0.08386181448,0.2552509011,0.3040293363,-0.1487635666
Boston Housing,OLS,0.1,17,CHAS,6.423231121,2.009809016,4.413422105,0.930903061,0.291276669
Boston Housing,OLS,0.1,17,NOX,-46.4045208,-14.50118331,-31.90333749,-0.9684421731,-0.3026333908
Boston Housing,OLS,0.1,17,RM,10.19051773,4.782367,5.408150731,0.9023777295,0.4234820633
Boston Housing,OLS,0.1,17,AGE,-0.1081402596,-0.02203910644,-0.08610115312,-0.713098813,-0.1453303396
Boston Housing,OLS,0.1,17,DIS,0.1326941455,-0.979784906,1.112479051,0.04695834268,-0.3467302585
Boston Housing,OLS,0.1,17,RAD,-0.8256155776,0.2896341815,-1.115249759,-2.393088631,0.8395193667
Boston Housing,OLS,0.1,17,TAX,0.05101466083,-0.0102149664,0.06122962724,2.824289919,-0.565524227
Boston Housing,OLS,0.1,17,PTRATIO,-0.4173586324,-0.7292660368,0.3119074044,-0.14516822,-0.2536577519
Boston Housing,OLS,0.1,17,LSTAT,-0.01712393756,-0.3438291921,0.3267052546,-0.02231075343,-0.4479745561
Boston Housing,LAD,0.1,17,Intercept,11.00090626,19.99811558,-8.997209327,,
Boston Housing,LAD,0.1,17,CRIM,-0.4875335677,-0.5296923671,0.04215879941,-0.265576492,-0.2885418564
Boston Housing,LAD,0.1,17,ZN,-0.009178525037,0.01126306491,-0.02044158995,-0.00133022102,0.001632328248
Boston Housing,LAD,0.1,17,INDUS,-0.111240343,-0.06155568763,-0.0496846554,-0.1973306955,-0.1091944372
Boston Housing,LAD,0.1,17,CHAS,2.712292147,2.310981356,0.4013107912,0.3930858185,0.3349248342
Boston Housing,LAD,0.1,17,NOX,-8.970264034,-9.575947657,0.6056836235,-0.1872055103,-0.1998458642
Boston Housing,LAD,0.1,17,RM,5.73808463,4.976903745,0.7611808849,0.508111552,0.4407084331
Boston Housing,LAD,0.1,17,AGE,-0.04143313337,-0.02865206404,-0.01278106933,-0.2732184881,-0.1889375237
Boston Housing,LAD,0.1,17,DIS,-0.9848916171,-0.9501396515,-0.03475196565,-0.3485374421,-0.3362392755
Boston Housing,LAD,0.1,17,RAD,0.1571972721,0.2509050572,-0.09370778507,0.455644267,0.7272610354
Boston Housing,LAD,0.1,17,TAX,-0.002799897203,-0.00724174151,0.004441844308,-0.1550088017,-0.4009196025
Boston Housing,LAD,0.1,17,PTRATIO,-0.482270249,-0.7035817153,0.2213114663,-0.1677461736,-0.2447240749
Boston Housing,LAD,0.1,17,LSTAT,-0.2901623187,-0.3016570272,0.01149470845,-0.3780520646,-0.3930285035
Boston Housing,OLS,0.1,18,Intercept,66.99606274,25.76502072,41.23104202,,
Boston Housing,OLS,0.1,18,CRIM,1.144232843,-0.3981416199,1.542374463,0.6233034291,-0.2168815888
Boston Housing,OLS,0.1,18,ZN,0.1435121393,-0.01028855598,0.1538006952,0.02079886076,-0.00149109507
Boston Housing,OLS,0.1,18,INDUS,0.01196140448,-0.08386181448,0.09582321896,0.02121849143,-0.1487635666
Boston Housing,OLS,0.1,18,CHAS,2.835002526,2.009809016,0.8251935097,0.4108699312,0.291276669
Boston Housing,OLS,0.1,18,NOX,-21.54839403,-14.50118331,-7.047210726,-0.4497056146,-0.3026333908
Boston Housing,OLS,0.1,18,RM,3.281610545,4.782367,-1.500756455,0.2905889918,0.4234820633
Boston Housing,OLS,0.1,18,AGE,-0.03296508452,-0.02203910644,-0.01092597808,-0.2173784559,-0.1453303396
Boston Housing,OLS,0.1,18,DIS,-2.696922728,-0.979784906,-1.717137822,-0.9543979589,-0.3467302585
Boston Housing,OLS,0.1,18,RAD,0.1567097242,0.2896341815,-0.1329244573,0.4542310846,0.8395193667
Boston Housing,OLS,0.1,18,TAX,-0.03781428088,-0.0102149664,-0.02759931447,-2.093486275,-0.565524227
Boston Housing,OLS,0.1,18,PTRATIO,-1.180649916,-0.7292660368,-0.4513838791,-0.4106608403,-0.2536577519
Boston Housing,OLS,0.1,18,LSTAT,-0.7017942775,-0.3438291921,-0.3579650854,-0.9143667471,-0.4479745561
Boston Housing,LAD,0.1,18,Intercept,21.35463524,19.99811558,1.356519653,,
Boston Housing,LAD,0.1,18,CRIM,-0.4296086795,-0.5296923671,0.1000836876,-0.2340227906,-0.2885418564
Boston Housing,LAD,0.1,18,ZN,0.002290077928,0.01126306491,-0.008972986983,0.0003318953519,0.001632328248
Boston Housing,LAD,0.1,18,INDUS,-0.08288236869,-0.06155568763,-0.02132668106,-0.1470261149,-0.1091944372
Boston Housing,LAD,0.1,18,CHAS,2.801670575,2.310981356,0.4906892192,0.4060392138,0.3349248342
Boston Housing,LAD,0.1,18,NOX,-11.23245978,-9.575947657,-1.656512126,-0.234416552,-0.1998458642
Boston Housing,LAD,0.1,18,RM,4.802421451,4.976903745,-0.1744822944,0.4252578995,0.4407084331
Boston Housing,LAD,0.1,18,AGE,-0.02293059137,-0.02865206404,0.005721472669,-0.1512089721,-0.1889375237
Boston Housing,LAD,0.1,18,DIS,-0.8627473401,-0.9501396515,0.08739231141,-0.3053125297,-0.3362392755
Boston Housing,LAD,0.1,18,RAD,0.2089253338,0.2509050572,-0.04197972341,0.6055806776,0.7272610354
Boston Housing,LAD,0.1,18,TAX,-0.005083072483,-0.00724174151,0.002158669027,-0.2814106795,-0.4009196025
Boston Housing,LAD,0.1,18,PTRATIO,-0.7057512181,-0.7035817153,-0.002169502833,-0.2454786846,-0.2447240749
Boston Housing,LAD,0.1,18,LSTAT,-0.3383142599,-0.3016570272,-0.03665723268,-0.4407891589,-0.3930285035
Boston Housing,OLS,0.1,19,Intercept,-0.9704709485,25.76502072,-26.73549167,,
Boston Housing,OLS,0.1,19,CRIM,-0.4759536017,-0.3981416199,-0.07781198178,-0.2592684818,-0.2168815888
Boston Housing,OLS,0.1,19,ZN,-0.1755070665,-0.01028855598,-0.1652185105,-0.02543580674,-0.00149109507
Boston Housing,OLS,0.1,19,INDUS,-0.3388023337,-0.08386181448,-0.2549405192,-0.6010058789,-0.1487635666
Boston Housing,OLS,0.1,19,CHAS,3.51871275,2.009809016,1.508903734,0.5099583695,0.291276669
Boston Housing,OLS,0.1,19,NOX,18.72165037,-14.50118331,33.22283368,0.3907127034,-0.3026333908
Boston Housing,OLS,0.1,19,RM,5.140457355,4.782367,0.3580903553,0.4551912238,0.4234820633
Boston Housing,OLS,0.1,19,AGE,-0.02861354341,-0.02203910644,-0.006574436963,-0.1886835109,-0.1453303396
Boston Housing,OLS,0.1,19,DIS,1.962025789,-0.979784906,2.941810695,0.6943296481,-0.3467302585
Boston Housing,OLS,0.1,19,RAD,-0.298409089,0.2896341815,-0.5880432705,-0.864953881,0.8395193667
Boston Housing,OLS,0.1,19,TAX,0.04165566447,-0.0102149664,0.05187063087,2.306154178,-0.565524227
Boston Housing,OLS,0.1,19,PTRATIO,-1.312328542,-0.7292660368,-0.5830625052,-0.4564621016,-0.2536577519
Boston Housing,OLS,0.1,19,LSTAT,-0.7241008331,-0.3438291921,-0.380271641,-0.9434299261,-0.4479745561
Boston Housing,LAD,0.1,19,Intercept,22.41034186,19.99811558,2.412226282,,
Boston Housing,LAD,0.1,19,CRIM,-0.5262963382,-0.5296923671,0.003396028853,-0.2866919214,-0.2885418564
Boston Housing,LAD,0.1,19,ZN,0.02231919514,0.01126306491,0.01105613023,0.003234665962,0.001632328248
Boston Housing,LAD,0.1,19,INDUS,-0.02027689399,-0.06155568763,0.04127879364,-0.03596944673,-0.1091944372
Boston Housing,LAD,0.1,19,CHAS,2.028304132,2.310981356,-0.2826772241,0.2939571206,0.3349248342
Boston Housing,LAD,0.1,19,NOX,-7.996884807,-9.575947657,1.579062851,-0.166891509,-0.1998458642
Boston Housing,LAD,0.1,19,RM,4.473015614,4.976903745,-0.5038881311,0.3960887739,0.4407084331
Boston Housing,LAD,0.1,19,AGE,-0.02262565744,-0.02865206404,0.006026406599,-0.1491981759,-0.1889375237
Boston Housing,LAD,0.1,19,DIS,-0.9301357294,-0.9501396515,0.02000392208,-0.3291602064,-0.3362392755
Boston Housing,LAD,0.1,19,RAD,0.2763984862,0.2509050572,0.02549342904,0.8011550326,0.7272610354
Boston Housing,LAD,0.1,19,TAX,-0.009293265088,-0.00724174151,-0.002051523577,-0.5144967049,-0.4009196025
Boston Housing,LAD,0.1,19,PTRATIO,-0.7050192348,-0.7035817153,-0.001437519548,-0.2452240817,-0.2447240749
Boston Housing,LAD,0.1,19,LSTAT,-0.3471465315,-0.3016570272,-0.04548950434,-0.4522967128,-0.3930285035
Boston Housing,OLS,0.1,20,Intercept,44.94999012,25.76502072,19.18496939,,
Boston Housing,OLS,0.1,20,CRIM,-0.863558013,-0.3981416199,-0.4654163931,-0.4704100865,-0.2168815888
Boston Housing,OLS,0.1,20,ZN,0.0373663983,-0.01028855598,0.04765495428,0.005415420043,-0.00149109507
Boston Housing,OLS,0.1,20,INDUS,0.121836075,-0.08386181448,0.2056978895,0.2161266026,-0.1487635666
Boston Housing,OLS,0.1,20,CHAS,-6.532531147,2.009809016,-8.542340163,-0.9467436445,0.291276669
Boston Housing,OLS,0.1,20,NOX,5.999512646,-14.50118331,20.50069595,0.1252072204,-0.3026333908
Boston Housing,OLS,0.1,20,RM,2.484244472,4.782367,-2.298122528,0.2199816481,0.4234820633
Boston Housing,OLS,0.1,20,AGE,0.1054558307,-0.02203910644,0.1274949371,0.6953971442,-0.1453303396
Boston Housing,OLS,0.1,20,DIS,0.8286167595,-0.979784906,1.808401665,0.2932342614,-0.3467302585
Boston Housing,OLS,0.1,20,RAD,0.5389865889,0.2896341815,0.2493524074,1.562279968,0.8395193667
Boston Housing,OLS,0.1,20,TAX,-0.01514316767,-0.0102149664,-0.004928201264,-0.8383608767,-0.565524227
Boston Housing,OLS,0.1,20,PTRATIO,-2.019428716,-0.7292660368,-1.290162679,-0.7024099881,-0.2536577519
Boston Housing,OLS,0.1,20,LSTAT,-0.849366741,-0.3438291921,-0.5055375489,-1.106638696,-0.4479745561
Boston Housing,LAD,0.1,20,Intercept,22.03172722,19.99811558,2.033611636,,
Boston Housing,LAD,0.1,20,CRIM,-0.4687085896,-0.5296923671,0.06098377751,-0.2553218716,-0.2885418564
Boston Housing,LAD,0.1,20,ZN,0.007947777042,0.01126306491,-0.003315287869,0.001151851745,0.001632328248
Boston Housing,LAD,0.1,20,INDUS,0.01443312639,-0.06155568763,0.07598881403,0.02560311117,-0.1091944372
Boston Housing,LAD,0.1,20,CHAS,2.160991243,2.310981356,-0.1499901128,0.3131871367,0.3349248342
Boston Housing,LAD,0.1,20,NOX,-8.21036342,-9.575947657,1.365584237,-0.1713467149,-0.1998458642
Boston Housing,LAD,0.1,20,RM,4.655695342,4.976903745,-0.3212084035,0.4122651962,0.4407084331
Boston Housing,LAD,0.1,20,AGE,-0.01811111032,-0.02865206404,0.01054095371,-0.1194283362,-0.1889375237
Boston Housing,LAD,0.1,20,DIS,-0.9199985437,-0.9501396515,0.03014110778,-0.325572818,-0.3362392755
Boston Housing,LAD,0.1,20,RAD,0.1738066122,0.2509050572,-0.07709844504,0.5037872816,0.7272610354
Boston Housing,LAD,0.1,20,TAX,-0.006529200989,-0.00724174151,0.0007125405213,-0.3614717069,-0.4009196025
Boston Housing,LAD,0.1,20,PTRATIO,-0.7375563736,-0.7035817153,-0.03397465832,-0.2565413473,-0.2447240749
Boston Housing,LAD,0.1,20,LSTAT,-0.4048336973,-0.3016570272,-0.1031766701,-0.5274572375,-0.3930285035
Boston Housing,OLS,0.1,21,Intercept,-15.92438942,25.76502072,-41.68941014,,
Boston Housing,OLS,0.1,21,CRIM,-0.007705764161,-0.3981416199,0.3904358558,-0.004197597765,-0.2168815888
Boston Housing,OLS,0.1,21,ZN,0.09492721925,-0.01028855598,0.1052157752,0.01375756801,-0.00149109507
Boston Housing,OLS,0.1,21,INDUS,0.382407395,-0.08386181448,0.4662692095,0.6783574659,-0.1487635666
Boston Housing,OLS,0.1,21,CHAS,0.4941462103,2.009809016,-1.515662806,0.07161539279,0.291276669
Boston Housing,OLS,0.1,21,NOX,13.36470121,-14.50118331,27.86588452,0.2789155035,-0.3026333908
Boston Housing,OLS,0.1,21,RM,7.0034958,4.782367,2.2211288,0.6201646281,0.4234820633
Boston Housing,OLS,0.1,21,AGE,0.03557530542,-0.02203910644,0.05761441186,0.2345907821,-0.1453303396
Boston Housing,OLS,0.1,21,DIS,0.1689589012,-0.979784906,1.148743807,0.0597918616,-0.3467302585
Boston Housing,OLS,0.1,21,RAD,0.5489218453,0.2896341815,0.2592876638,1.591077812,0.8395193667
Boston Housing,OLS,0.1,21,TAX,-0.06782805699,-0.0102149664,-0.05761309059,-3.755118518,-0.565524227
Boston Housing,OLS,0.1,21,PTRATIO,0.3610904293,-0.7292660368,1.090356466,0.1255966711,-0.2536577519
Boston Housing,OLS,0.1,21,LSTAT,-0.6103559545,-0.3438291921,-0.2665267624,-0.7952318886,-0.4479745561
Boston Housing,LAD,0.1,21,Intercept,17.72924774,19.99811558,-2.268867844,,
Boston Housing,LAD,0.1,21,CRIM,-0.3651669598,-0.5296923671,0.1645254072,-0.1989191445,-0.2885418564
Boston Housing,LAD,0.1,21,ZN,0.006910445972,0.01126306491,-0.004352618939,0.001001513909,0.001632328248
Boston Housing,LAD,0.1,21,INDUS,-0.002867934094,-0.06155568763,0.05868775354,-0.005087465697,-0.1091944372
Boston Housing,LAD,0.1,21,CHAS,3.004143882,2.310981356,0.6931625254,0.4353831713,0.3349248342
Boston Housing,LAD,0.1,21,NOX,-7.733901858,-9.575947657,1.842045799,-0.1614031692,-0.1998458642
Boston Housing,LAD,0.1,21,RM,4.313831947,4.976903745,-0.6630717981,0.3819929449,0.4407084331
Boston Housing,LAD,0.1,21,AGE,-0.01654539029,-0.02865206404,0.01210667375,-0.1091036606,-0.1889375237
Boston Housing,LAD,0.1,21,DIS,-0.5066023187,-0.9501396515,0.4435373328,-0.1792784843,-0.3362392755
Boston Housing,LAD,0.1,21,RAD,0.1198936637,0.2509050572,-0.1310113935,0.3475178658,0.7272610354
Boston Housing,LAD,0.1,21,TAX,-0.00452101241,-0.00724174151,0.002720729101,-0.2502937305,-0.4009196025
Boston Housing,LAD,0.1,21,PTRATIO,-0.5440624522,-0.7035817153,0.1595192631,-0.1892391138,-0.2447240749
Boston Housing,LAD,0.1,21,LSTAT,-0.4000882534,-0.3016570272,-0.09843122618,-0.5212744055,-0.3930285035
Boston Housing,OLS,0.1,22,Intercept,5.347694032,25.76502072,-20.41732669,,
Boston Housing,OLS,0.1,22,CRIM,-0.3216610233,-0.3981416199,0.07648059659,-0.1752199476,-0.2168815888
Boston Housing,OLS,0.1,22,ZN,-0.1562030034,-0.01028855598,-0.1459144474,-0.02263811643,-0.00149109507
Boston Housing,OLS,0.1,22,INDUS,0.3196434596,-0.08386181448,0.403505274,0.5670197022,-0.1487635666
Boston Housing,OLS,0.1,22,CHAS,3.059449187,2.009809016,1.049640171,0.4433984329,0.291276669
Boston Housing,OLS,0.1,22,NOX,-24.10240557,-14.50118331,-9.601222259,-0.5030067249,-0.3026333908
Boston Housing,OLS,0.1,22,RM,8.493684383,4.782367,3.711317383,0.7521219069,0.4234820633
Boston Housing,OLS,0.1,22,AGE,0.008475680222,-0.02203910644,0.03051478667,0.05589035508,-0.1453303396
Boston Housing,OLS,0.1,22,DIS,0.7527787189,-0.979784906,1.732563625,0.2663963878,-0.3467302585
Boston Housing,OLS,0.1,22,RAD,-0.5874374786,0.2896341815,-0.8770716601,-1.702717329,0.8395193667
Boston Housing,OLS,0.1,22,TAX,0.0286613065,-0.0102149664,0.03887627291,1.586756389,-0.565524227
Boston Housing,OLS,0.1,22,PTRATIO,-1.74813666,-0.7292660368,-1.018870623,-0.6080475339,-0.2536577519
Boston Housing,OLS,0.1,22,LSTAT,-0.07809298271,-0.3438291921,0.2657362094,-0.101747234,-0.4479745561
Boston Housing,LAD,0.1,22,Intercept,21.79307105,19.99811558,1.794955469,,
Boston Housing,LAD,0.1,22,CRIM,-0.5672402408,-0.5296923671,-0.03754787372,-0.3089954892,-0.2885418564
Boston Housing,LAD,0.1,22,ZN,0.005303446791,0.01126306491,-0.00595961812,0.000768615477,0.001632328248
Boston Housing,LAD,0.1,22,INDUS,-0.001330695967,-0.06155568763,0.06022499167,-0.002360538932,-0.1091944372
Boston Housing,LAD,0.1,22,CHAS,2.36199088,2.310981356,0.05100952368,0.3423175188,0.3349248342
Boston Housing,LAD,0.1,22,NOX,-11.37221522,-9.575947657,-1.796267558,-0.2373331871,-0.1998458642
Boston Housing,LAD,0.1,22,RM,5.068525287,4.976903745,0.09162154232,0.448821587,0.4407084331
Boston Housing,LAD,0.1,22,AGE,-0.03514723669,-0.02865206404,-0.006495172653,-0.2317680101,-0.1889375237
Boston Housing,LAD,0.1,22,DIS,-1.023264382,-0.9501396515,-0.0731247305,-0.3621169519,-0.3362392755
Boston Housing,LAD,0.1,22,RAD,0.2836512491,0.2509050572,0.03274619187,0.8221775335,0.7272610354
Boston Housing,LAD,0.1,22,TAX,-0.008904651339,-0.00724174151,-0.001662909828,-0.4929821466,-0.4009196025
Boston Housing,LAD,0.1,22,PTRATIO,-0.7663180422,-0.7035817153,-0.06273632688,-0.266545406,-0.2447240749
Boston Housing,LAD,0.1,22,LSTAT,-0.266730395,-0.3016570272,0.03492663217,-0.3475226451,-0.3930285035
Boston Housing,OLS,0.1,23,Intercept,11.31725927,25.76502072,-14.44776145,,
Boston Housing,OLS,0.1,23,CRIM,-0.649182821,-0.3981416199,-0.251041201,-0.3536324628,-0.2168815888
Boston Housing,OLS,0.1,23,ZN,-0.2848226111,-0.01028855598,-0.2745340551,-0.04127863929,-0.00149109507
Boston Housing,OLS,0.1,23,INDUS,-0.8452537262,-0.08386181448,-0.7613919118,-1.49940661,-0.1487635666
Boston Housing,OLS,0.1,23,CHAS,7.835643027,2.009809016,5.825834012,1.135600439,0.291276669
Boston Housing,OLS,0.1,23,NOX,-12.38586397,-14.50118331,2.115319341,-0.2584875958,-0.3026333908
Boston Housing,OLS,0.1,23,RM,7.922942931,4.782367,3.140575931,0.7015823378,0.4234820633
Boston Housing,OLS,0.1,23,AGE,-0.1429566279,-0.02203910644,-0.1209175215,-0.9426850104,-0.1453303396
Boston Housing,OLS,0.1,23,DIS,-0.6836244096,-0.979784906,0.2961604964,-0.2419237802,-0.3467302585
Boston Housing,OLS,0.1,23,RAD,-0.006243041228,0.2896341815,-0.2958772227,-0.01809577167,0.8395193667
Boston Housing,OLS,0.1,23,TAX,0.02931398662,-0.0102149664,0.03952895303,1.622890274,-0.565524227
Boston Housing,OLS,0.1,23,PTRATIO,-1.393588564,-0.7292660368,-0.6643225267,-0.4847264569,-0.2536577519
Boston Housing,OLS,0.1,23,LSTAT,0.4614204595,-0.3438291921,0.8052496516,0.601184048,-0.4479745561
Boston Housing,LAD,0.1,23,Intercept,13.96738589,19.99811558,-6.030729691,,
Boston Housing,LAD,0.1,23,CRIM,-0.6140210309,-0.5296923671,-0.08432866381,-0.3344786128,-0.2885418564
Boston Housing,LAD,0.1,23,ZN,-0.003310033539,0.01126306491,-0.01457309845,-0.0004797150056,0.001632328248
Boston Housing,LAD,0.1,23,INDUS,-0.08764546472,-0.06155568763,-0.02608977708,-0.1554754331,-0.1091944372
Boston Housing,LAD,0.1,23,CHAS,2.48348418,2.310981356,0.1725028242,0.3599252435,0.3349248342
Boston Housing,LAD,0.1,23,NOX,-11.26467517,-9.575947657,-1.68872751,-0.2350888731,-0.1998458642
Boston Housing,LAD,0.1,23,RM,5.747062593,4.976903745,0.7701588483,0.5089065572,0.4407084331
Boston Housing,LAD,0.1,23,AGE,-0.04688377665,-0.02865206404,-0.01823171261,-0.3091611359,-0.1889375237
Boston Housing,LAD,0.1,23,DIS,-1.119644604,-0.9501396515,-0.1695049529,-0.3962243761,-0.3362392755
Boston Housing,LAD,0.1,23,RAD,0.3151171166,0.2509050572,0.06421205942,0.9133829467,0.7272610354
Boston Housing,LAD,0.1,23,TAX,-0.009142147763,-0.00724174151,-0.001900406253,-0.5061304994,-0.4009196025
Boston Housing,LAD,0.1,23,PTRATIO,-0.5299483757,-0.7035817153,0.1736333396,-0.1843298698,-0.2447240749
Boston Housing,LAD,0.1,23,LSTAT,-0.1942111278,-0.3016570272,0.1074458994,-0.253037397,-0.3930285035
Boston Housing,OLS,0.1,24,Intercept,15.20998232,25.76502072,-10.5550384,,
Boston Housing,OLS,0.1,24,CRIM,-0.15224559,-0.3981416199,0.24589603,-0.08293346836,-0.2168815888
Boston Housing,OLS,0.1,24,ZN,-0.03290027902,-0.01028855598,-0.02261172304,-0.00476815638,-0.00149109507
Boston Housing,OLS,0.1,24,INDUS,-0.9887882272,-0.08386181448,-0.9049264127,-1.754024333,-0.1487635666
Boston Housing,OLS,0.1,24,CHAS,4.663279959,2.009809016,2.653470943,0.6758376752,0.291276669
Boston Housing,OLS,0.1,24,NOX,-23.53741935,-14.50118331,-9.036236039,-0.4912157081,-0.3026333908
Boston Housing,OLS,0.1,24,RM,2.127572252,4.782367,-2.654794748,0.1883980646,0.4234820633
Boston Housing,OLS,0.1,24,AGE,-0.07703843165,-0.02203910644,-0.05499932521,-0.5080070493,-0.1453303396
Boston Housing,OLS,0.1,24,DIS,-2.163350749,-0.979784906,-1.183565843,-0.7655753417,-0.3467302585
Boston Housing,OLS,0.1,24,RAD,-0.2913248998,0.2896341815,-0.5809590813,-0.8444199994,0.8395193667
Boston Housing,OLS,0.1,24,TAX,0.04235300279,-0.0102149664,0.0525679692,2.344760444,-0.565524227
Boston Housing,OLS,0.1,24,PTRATIO,1.325799811,-0.7292660368,2.055065848,0.4611477603,-0.2536577519
Boston Housing,OLS,0.1,24,LSTAT,-0.7501743028,-0.3438291921,-0.4063451106,-0.9774010119,-0.4479745561
Boston Housing,LAD,0.1,24,Intercept,16.91622927,19.99811558,-3.081886312,,
Boston Housing,LAD,0.1,24,CRIM,-0.5777497694,-0.5296923671,-0.04805740233,-0.314720395,-0.2885418564
Boston Housing,LAD,0.1,24,ZN,0.003824016287,0.01126306491,-0.007439048624,0.000554205259,0.001632328248
Boston Housing,LAD,0.1,24,INDUS,-0.05260709527,-0.06155568763,0.00894859236,-0.09332041248,-0.1091944372
Boston Housing,LAD,0.1,24,CHAS,2.286880641,2.310981356,-0.02410071485,0.331431977,0.3349248342
Boston Housing,LAD,0.1,24,NOX,-13.00241634,-9.575947657,-3.426468684,-0.2713547758,-0.1998458642
Boston Housing,LAD,0.1,24,RM,5.360519418,4.976903745,0.383615673,0.4746778789,0.4407084331
Boston Housing,LAD,0.1,24,AGE,-0.04000090777,-0.02865206404,-0.01134884373,-0.2637741019,-0.1889375237
Boston Housing,LAD,0.1,24,DIS,-1.010122485,-0.9501396515,-0.05998283324,-0.3574662439,-0.3362392755
Boston Housing,LAD,0.1,24,RAD,0.251406497,0.2509050572,0.0005014398391,0.7287144842,0.7272610354
Boston Housing,LAD,0.1,24,TAX,-0.004640041379,-0.00724174151,0.002601700131,-0.2568834503,-0.4009196025
Boston Housing,LAD,0.1,24,PTRATIO,-0.5870813935,-0.7035817153,0.1165003218,-0.2042022238,-0.2447240749
Boston Housing,LAD,0.1,24,LSTAT,-0.2644477816,-0.3016570272,0.03720924556,-0.3445486314,-0.3930285035
Boston Housing,OLS,0.1,25,Intercept,50.48163182,25.76502072,24.7166111,,
Boston Housing,OLS,0.1,25,CRIM,-1.549685241,-0.3981416199,-1.151543621,-0.8441674529,-0.2168815888
Boston Housing,OLS,0.1,25,ZN,-0.0357790613,-0.01028855598,-0.02549050531,-0.005185371202,-0.00149109507
Boston Housing,OLS,0.1,25,INDUS,-0.08473191696,-0.08386181448,-0.0008701024811,-0.1503070527,-0.1487635666
Boston Housing,OLS,0.1,25,CHAS,3.130507898,2.009809016,1.120698882,0.4536967968,0.291276669
Boston Housing,OLS,0.1,25,NOX,0.7204930984,-14.50118331,15.22167641,0.0150363777,-0.3026333908
Boston Housing,OLS,0.1,25,RM,5.621174728,4.782367,0.8388077278,0.4977590955,0.4234820633
Boston Housing,OLS,0.1,25,AGE,-0.1539967396,-0.02203910644,-0.1319576332,-1.015485747,-0.1453303396
Boston Housing,OLS,0.1,25,DIS,-1.635374647,-0.979784906,-0.6555897413,-0.5787330165,-0.3467302585
Boston Housing,OLS,0.1,25,RAD,1.218321793,0.2896341815,0.9286876116,3.531367516,0.8395193667
Boston Housing,OLS,0.1,25,TAX,-0.04732483397,-0.0102149664,-0.03710986756,-2.620012547,-0.565524227
Boston Housing,OLS,0.1,25,PTRATIO,-1.973244176,-0.7292660368,-1.243978139,-0.6863458004,-0.2536577519
Boston Housing,OLS,0.1,25,LSTAT,0.1575556079,-0.3438291921,0.5013848,0.2052789732,-0.4479745561
Boston Housing,LAD,0.1,25,Intercept,17.3895881,19.99811558,-2.608527481,,
Boston Housing,LAD,0.1,25,CRIM,-0.5000853236,-0.5296923671,0.02960704351,-0.27241387,-0.2885418564
Boston Housing,LAD,0.1,25,ZN,0.003744229825,0.01126306491,-0.007518835086,0.0005426420037,0.001632328248
Boston Housing,LAD,0.1,25,INDUS,-0.09771100368,-0.06155568763,-0.03615531605,-0.1733308239,-0.1091944372
Boston Housing,LAD,0.1,25,CHAS,2.339102709,2.310981356,0.0281213529,0.3390003926,0.3349248342
Boston Housing,LAD,0.1,25,NOX,-6.648701566,-9.575947657,2.927246092,-0.1387555109,-0.1998458642
Boston Housing,LAD,0.1,25,RM,5.18176295,4.976903745,0.2048592051,0.4588488641,0.4407084331
Boston Housing,LAD,0.1,25,AGE,-0.03360328744,-0.02865206404,-0.004951223397,-0.2215868954,-0.1889375237
Boston Housing,LAD,0.1,25,DIS,-0.8802176223,-0.9501396515,0.06992202915,-0.3114949841,-0.3362392755
Boston Housing,LAD,0.1,25,RAD,0.2245253036,0.2509050572,-0.02637975356,0.6507979816,0.7272610354
Boston Housing,LAD,0.1,25,TAX,-0.006600053324,-0.00724174151,0.0006416881865,-0.3653942565,-0.4009196025
Boston Housing,LAD,0.1,25,PTRATIO,-0.6913544457,-0.7035817153,0.01222726959,-0.2404711115,-0.2447240749
Boston Housing,LAD,0.1,25,LSTAT,-0.3102794771,-0.3016570272,-0.0086224499,-0.404262681,-0.3930285035
Boston Housing,OLS,0.1,26,Intercept,38.53892521,25.76502072,12.77390449,,
Boston Housing,OLS,0.1,26,CRIM,-0.5597659939,-0.3981416199,-0.1616243739,-0.304924007,-0.2168815888
Boston Housing,OLS,0.1,26,ZN,-0.1715560129,-0.01028855598,-0.1612674569,-0.02486319027,-0.00149109507
Boston Housing,OLS,0.1,26,INDUS,-0.519040497,-0.08386181448,-0.4351786825,-0.9207327078,-0.1487635666
Boston Housing,OLS,0.1,26,CHAS,0.8510233474,2.009809016,-1.158785668,0.123336717,0.291276669
Boston Housing,OLS,0.1,26,NOX,12.66524525,-14.50118331,27.16642856,0.2643181618,-0.3026333908
Boston Housing,OLS,0.1,26,RM,6.376184651,4.782367,1.593817651,0.5646157712,0.4234820633
Boston Housing,OLS,0.1,26,AGE,-0.1244312722,-0.02203910644,-0.1023921658,-0.820525056,-0.1453303396
Boston Housing,OLS,0.1,26,DIS,-0.8868793254,-0.979784906,0.09290558055,-0.3138524546,-0.3467302585
Boston Housing,OLS,0.1,26,RAD,0.1650254406,0.2896341815,-0.1246087409,0.4783346106,0.8395193667
Boston Housing,OLS,0.1,26,TAX,0.002092376302,-0.0102149664,0.01230734271,0.115838804,-0.565524227
Boston Housing,OLS,0.1,26,PTRATIO,-2.212068216,-0.7292660368,-1.482802179,-0.7694150315,-0.2536577519
Boston Housing,OLS,0.1,26,LSTAT,-0.3330304103,-0.3438291921,0.01079878178,-0.433904839,-0.4479745561
Boston Housing,LAD,0.1,26,Intercept,18.27538369,19.99811558,-1.722731891,,
Boston Housing,LAD,0.1,26,CRIM,-0.4292761516,-0.5296923671,0.1004162155,-0.2338416511,-0.2885418564
Boston Housing,LAD,0.1,26,ZN,0.0001687991186,0.01126306491,-0.01109426579,2.446364038e-05,0.001632328248
Boston Housing,LAD,0.1,26,INDUS,-0.1132210124,-0.06155568763,-0.05166532478,-0.2008442307,-0.1091944372
Boston Housing,LAD,0.1,26,CHAS,2.60866113,2.310981356,0.2976797739,0.3780668305,0.3349248342
Boston Housing,LAD,0.1,26,NOX,-9.515769708,-9.575947657,0.06017794955,-0.1985899765,-0.1998458642
Boston Housing,LAD,0.1,26,RM,5.047893666,4.976903745,0.07098992113,0.446994642,0.4407084331
Boston Housing,LAD,0.1,26,AGE,-0.02645350195,-0.02865206404,0.002198562091,-0.1744397592,-0.1889375237
Boston Housing,LAD,0.1,26,DIS,-0.8580752275,-0.9501396515,0.09206442403,-0.3036591435,-0.3362392755
Boston Housing,LAD,0.1,26,RAD,0.1491647992,0.2509050572,-0.101740258,0.4323617369,0.7272610354
Boston Housing,LAD,0.1,26,TAX,-0.0030201899,-0.00724174151,0.004221551611,-0.1672047162,-0.4009196025
Boston Housing,LAD,0.1,26,PTRATIO,-0.6682305745,-0.7035817153,0.03535114084,-0.2324280259,-0.2447240749
Boston Housing,LAD,0.1,26,LSTAT,-0.3329383335,-0.3016570272,-0.03128130626,-0.4337848721,-0.3930285035
Boston Housing,OLS,0.1,27,Intercept,21.79969428,25.76502072,-3.96532644,,
Boston Housing,OLS,0.1,27,CRIM,-0.4808001514,-0.3981416199,-0.08265853151,-0.261908566,-0.2168815888
Boston Housing,OLS,0.1,27,ZN,-0.07465767344,-0.01028855598,-0.06436911746,-0.01081995267,-0.00149109507
Boston Housing,OLS,0.1,27,INDUS,-0.5066815357,-0.08386181448,-0.4228197212,-0.898808985,-0.1487635666
Boston Housing,OLS,0.1,27,CHAS,1.018659111,2.009809016,-0.9911499044,0.1476317553,0.291276669
Boston Housing,OLS,0.1,27,NOX,-25.50919742,-14.50118331,-11.00801412,-0.5323658593,-0.3026333908
Boston Housing,OLS,0.1,27,RM,6.186575103,4.782367,1.404208103,0.5478257084,0.4234820633
Boston Housing,OLS,0.1,27,AGE,-0.07777371879,-0.02203910644,-0.05573461235,-0.5128556819,-0.1453303396
Boston Housing,OLS,0.1,27,DIS,-2.360618534,-0.979784906,-1.380833628,-0.835385266,-0.3467302585
Boston Housing,OLS,0.1,27,RAD,-0.1967474213,0.2896341815,-0.4863816028,-0.5702823805,0.8395193667
Boston Housing,OLS,0.1,27,TAX,0.008911342847,-0.0102149664,0.01912630925,0.493352604,-0.565524227
Boston Housing,OLS,0.1,27,PTRATIO,-0.4086936944,-0.7292660368,0.3205723424,-0.1421543285,-0.2536577519
Boston Housing,OLS,0.1,27,LSTAT,0.08376037413,-0.3438291921,0.4275895663,0.1091312701,-0.4479745561
Boston Housing,LAD,0.1,27,Intercept,18.41074362,19.99811558,-1.587371966,,
Boston Housing,LAD,0.1,27,CRIM,-0.5291953388,-0.5296923671,0.0004970282882,-0.2882711078,-0.2885418564
Boston Housing,LAD,0.1,27,ZN,0.01555757297,0.01126306491,0.004294508064,0.002254720721,0.001632328248
Boston Housing,LAD,0.1,27,INDUS,-0.08457757858,-0.06155568763,-0.02302189095,-0.1500332698,-0.1091944372
Boston Housing,LAD,0.1,27,CHAS,1.9409411,2.310981356,-0.3700402562,0.2812958116,0.3349248342
Boston Housing,LAD,0.1,27,NOX,-9.372587369,-9.575947657,0.2033602883,-0.1956018234,-0.1998458642
Boston Housing,LAD,0.1,27,RM,5.119218701,4.976903745,0.1423149558,0.4533105255,0.4407084331
Boston Housing,LAD,0.1,27,AGE,-0.0362382609,-0.02865206404,-0.00758619686,-0.2389624451,-0.1889375237
Boston Housing,LAD,0.1,27,DIS,-1.064658373,-0.9501396515,-0.1145187218,-0.3767656255,-0.3362392755
Boston Housing,LAD,0.1,27,RAD,0.2594702739,0.2509050572,0.008565216717,0.7520877505,0.7272610354
Boston Housing,LAD,0.1,27,TAX,-0.007542794363,-0.00724174151,-0.0003010528523,-0.4175865865,-0.4009196025
Boston Housing,LAD,0.1,27,PTRATIO,-0.6236101747,-0.7035817153,0.07997154059,-0.2169078869,-0.2447240749
Boston Housing,LAD,0.1,27,LSTAT,-0.2892616104,-0.3016570272,0.01239541682,-0.3768785329,-0.3930285035
Boston Housing,OLS,0.1,28,Intercept,37.2078025,25.76502072,11.44278177,,
Boston Housing,OLS,0.1,28,CRIM,0.5993426542,-0.3981416199,0.9974842741,0.3264827904,-0.2168815888
Boston Housing,OLS,0.1,28,ZN,-0.04412529523,-0.01028855598,-0.03383673925,-0.006394970323,-0.00149109507
Boston Housing,OLS,0.1,28,INDUS,-0.05896590931,-0.08386181448,0.02489590517,-0.1046003956,-0.1487635666
Boston Housing,OLS,0.1,28,CHAS,4.924682899,2.009809016,2.914873883,0.7137221593,0.291276669
Boston Housing,OLS,0.1,28,NOX,-19.33052693,-14.50118331,-4.829343625,-0.4034196925,-0.3026333908
Boston Housing,OLS,0.1,28,RM,1.489193342,4.782367,-3.293173658,0.1318691496,0.4234820633
Boston Housing,OLS,0.1,28,AGE,-0.1090646106,-0.02203910644,-0.08702550415,-0.7191941713,-0.1453303396
Boston Housing,OLS,0.1,28,DIS,-1.647427662,-0.979784906,-0.6676427557,-0.5829983861,-0.3467302585
Boston Housing,OLS,0.1,28,RAD,-0.01775958958,0.2896341815,-0.3073937711,-0.05147707124,0.8395193667
Boston Housing,OLS,0.1,28,TAX,-0.002190648539,-0.0102149664,0.008024317865,-0.1212793829,-0.565524227
Boston Housing,OLS,0.1,28,PTRATIO,0.3214399303,-0.7292660368,1.050705967,0.1118051932,-0.2536577519
Boston Housing,OLS,0.1,28,LSTAT,-0.5475669197,-0.3438291921,-0.2037377275,-0.713424146,-0.4479745561
Boston Housing,LAD,0.1,28,Intercept,14.43272043,19.99811558,-5.565395155,,
Boston Housing,LAD,0.1,28,CRIM,-0.4064024583,-0.5296923671,0.1232899088,-0.2213815547,-0.2885418564
Boston Housing,LAD,0.1,28,ZN,-0.01099977327,0.01126306491,-0.02226283818,-0.001594170039,0.001632328248
Boston Housing,LAD,0.1,28,INDUS,0.007457363373,-0.06155568763,0.06901305101,0.01322871416,-0.1091944372
Boston Housing,LAD,0.1,28,CHAS,3.51495744,2.310981356,1.203976084,0.5094141217,0.3349248342
Boston Housing,LAD,0.1,28,NOX,-11.08986143,-9.575947657,-1.51391377,-0.2314405863,-0.1998458642
Boston Housing,LAD,0.1,28,RM,4.895309528,4.976903745,-0.08159421732,0.433483206,0.4407084331
Boston Housing,LAD,0.1,28,AGE,-0.04087748439,-0.02865206404,-0.01222542035,-0.269554426,-0.1889375237
Boston Housing,LAD,0.1,28,DIS,-0.7824400899,-0.9501396515,0.1676995616,-0.2768930741,-0.3362392755
Boston Housing,LAD,0.1,28,RAD,0.08256996126,0.2509050572,-0.1683350959,0.239333221,0.7272610354
Boston Housing,LAD,0.1,28,TAX,-0.001641873572,-0.00724174151,0.005599867938,-0.09089792821,-0.4009196025
Boston Housing,LAD,0.1,28,PTRATIO,-0.4279853468,-0.7035817153,0.2755963685,-0.1488644684,-0.2447240749
Boston Housing,LAD,0.1,28,LSTAT,-0.312532555,-0.3016570272,-0.01087552785,-0.407198213,-0.3930285035
Boston Housing,OLS,0.1,29,Intercept,19.90073897,25.76502072,-5.864281756,,
Boston Housing,OLS,0.1,29,CRIM,0.3114034942,-0.3981416199,0.7095451141,0.1696323147,-0.2168815888
Boston Housing,OLS,0.1,29,ZN,-0.09926040786,-0.01028855598,-0.08897185188,-0.01438556636,-0.00149109507
Boston Housing,OLS,0.1,29,INDUS,-0.8347723559,-0.08386181448,-0.7509105415,-1.480813571,-0.1487635666
Boston Housing,OLS,0.1,29,CHAS,0.8654791037,2.009809016,-1.144329912,0.1254317542,0.291276669
Boston Housing,OLS,0.1,29,NOX,-22.12888912,-14.50118331,-7.627705814,-0.4618202947,-0.3026333908
Boston Housing,OLS,0.1,29,RM,6.291617358,4.782367,1.509250358,0.5571272762,0.4234820633
Boston Housing,OLS,0.1,29,AGE,0.0307124713,-0.02203910644,0.05275157774,0.2025242673,-0.1453303396
Boston Housing,OLS,0.1,29,DIS,-1.448751842,-0.979784906,-0.4689669364,-0.512690181,-0.3467302585
Boston Housing,OLS,0.1,29,RAD,-0.3367265056,0.2896341815,-0.6263606871,-0.9760188567,0.8395193667
Boston Housing,OLS,0.1,29,TAX,0.03967084455,-0.0102149664,0.04988581095,2.196269945,-0.565524227
Boston Housing,OLS,0.1,29,PTRATIO,-0.8510028942,-0.7292660368,-0.1217368574,-0.2960010067,-0.2536577519
Boston Housing,OLS,0.1,29,LSTAT,-0.7182863456,-0.3438291921,-0.3744571535,-0.9358542387,-0.4479745561
Boston Housing,LAD,0.1,29,Intercept,20.64716158,19.99811558,0.6490459974,,
Boston Housing,LAD,0.1,29,CRIM,-0.4214195038,-0.5296923671,0.1082728633,-0.2295618618,-0.2885418564
Boston Housing,LAD,0.1,29,ZN,0.01166363439,0.01126306491,0.0004005694762,0.001690381795,0.001632328248
Boston Housing,LAD,0.1,29,INDUS,-0.09410000321,-0.06155568763,-0.03254431558,-0.1669252231,-0.1091944372
Boston Housing,LAD,0.1,29,CHAS,2.780787668,2.310981356,0.4698063122,0.4030127056,0.3349248342
Boston Housing,LAD,0.1,29,NOX,-12.50195312,-9.575947657,-2.926005467,-0.2609103261,-0.1998458642
Boston Housing,LAD,0.1,29,RM,4.707871746,4.976903745,-0.2690319993,0.4168854546,0.4407084331
Boston Housing,LAD,0.1,29,AGE,-0.04229587496,-0.02865206404,-0.01364381092,-0.2789075813,-0.1889375237
Boston Housing,LAD,0.1,29,DIS,-1.096404129,-0.9501396515,-0.1462644778,-0.3879999424,-0.3362392755
Boston Housing,LAD,0.1,29,RAD,0.2059140256,0.2509050572,-0.04499103159,0.5968522481,0.7272610354
Boston Housing,LAD,0.1,29,TAX,-0.004968538647,-0.00724174151,0.002273202863,-0.2750698208,-0.4009196025
Boston Housing,LAD,0.1,29,PTRATIO,-0.5101925677,-0.7035817153,0.1933891476,-0.1774582844,-0.2447240749
Boston Housing,LAD,0.1,29,LSTAT,-0.3193356196,-0.3016570272,-0.01767859237,-0.4160619159,-0.3930285035
Boston Housing,OLS,0.1,30,Intercept,-33.50893865,25.76502072,-59.27395937,,
Boston Housing,OLS,0.1,30,CRIM,-0.6249296451,-0.3981416199,-0.2267880252,-0.3404209144,-0.2168815888
Boston Housing,OLS,0.1,30,ZN,-1.207193846e-05,-0.01028855598,0.01027648404,-1.749556299e-06,-0.00149109507
Boston Housing,OLS,0.1,30,INDUS,-0.1243208725,-0.08386181448,-0.04045905806,-0.2205344174,-0.1487635666
Boston Housing,OLS,0.1,30,CHAS,-0.2203950798,2.009809016,-2.230204096,-0.03194131591,0.291276669
Boston Housing,OLS,0.1,30,NOX,-42.62208168,-14.50118331,-28.12089837,-0.8895043132,-0.3026333908
Boston Housing,OLS,0.1,30,RM,12.57551822,4.782367,7.793151225,1.113571251,0.4234820633
Boston Housing,OLS,0.1,30,AGE,0.01111165325,-0.02203910644,0.03315075969,0.07327249604,-0.1453303396
Boston Housing,OLS,0.1,30,DIS,-0.1899411015,-0.979784906,0.7898438045,-0.06721712778,-0.3467302585
Boston Housing,OLS,0.1,30,RAD,0.5757352992,0.2896341815,0.2861011177,1.668797969,0.8395193667
Boston Housing,OLS,0.1,30,TAX,-0.004678653251,-0.0102149664,0.005536313153,-0.259021093,-0.565524227
Boston Housing,OLS,0.1,30,PTRATIO,-0.224915796,-0.7292660368,0.5043502408,-0.0782315812,-0.2536577519
Boston Housing,OLS,0.1,30,LSTAT,0.1348652858,-0.3438291921,0.4786944779,0.1757157854,-0.4479745561
Boston Housing,LAD,0.1,30,Intercept,10.6361211,19.99811558,-9.36199448,,
Boston Housing,LAD,0.1,30,CRIM,-0.5013073604,-0.5296923671,0.02838500663,-0.273079556,-0.2885418564
Boston Housing,LAD,0.1,30,ZN,0.004389846687,0.01126306491,-0.006873218224,0.0006362096648,0.001632328248
Boston Housing,LAD,0.1,30,INDUS,-0.1042912294,-0.06155568763,-0.04273554174,-0.1850035721,-0.1091944372
Boston Housing,LAD,0.1,30,CHAS,2.522732594,2.310981356,0.2117512382,0.3656134195,0.3349248342
Boston Housing,LAD,0.1,30,NOX,-9.776655004,-9.575947657,-0.2007073468,-0.2040345392,-0.1998458642
Boston Housing,LAD,0.1,30,RM,5.911830554,4.976903745,0.934926809,0.5234968795,0.4407084331
Boston Housing,LAD,0.1,30,AGE,-0.03368388686,-0.02865206404,-0.005031822816,-0.2221183843,-0.1889375237
Boston Housing,LAD,0.1,30,DIS,-0.7450240128,-0.9501396515,0.2051156387,-0.263652121,-0.3362392755
Boston Housing,LAD,0.1,30,RAD,0.1837407083,0.2509050572,-0.06716434888,0.5325817632,0.7272610354
Boston Housing,LAD,0.1,30,TAX,-0.003004533215,-0.00724174151,0.004237208295,-0.1663379258,-0.4009196025
Boston Housing,LAD,0.1,30,PTRATIO,-0.6111760209,-0.7035817153,0.09240569435,-0.2125829638,-0.2447240749
Boston Housing,LAD,0.1,30,LSTAT,-0.2517384504,-0.3016570272,0.04991857678,-0.3279896622,-0.3930285035
Boston Housing,OLS,0.2,1,Intercept,72.29358123,25.76502072,46.52856051,,
Boston Housing,OLS,0.2,1,CRIM,0.008611396178,-0.3981416199,0.4067530161,0.004690927025,-0.2168815888
Boston Housing,OLS,0.2,1,ZN,0.07087694585,-0.01028855598,0.08116550183,0.01027202114,-0.00149109507
Boston Housing,OLS,0.2,1,INDUS,-0.08266013354,-0.08386181448,0.00120168094,-0.1466318891,-0.1487635666
Boston Housing,OLS,0.2,1,CHAS,-4.046561118,2.009809016,-6.056370133,-0.586458133,0.291276669
Boston Housing,OLS,0.2,1,NOX,-43.11577196,-14.50118331,-28.61458865,-0.8998074148,-0.3026333908
Boston Housing,OLS,0.2,1,RM,1.642072313,4.782367,-3.140294687,0.1454066932,0.4234820633
Boston Housing,OLS,0.2,1,AGE,-0.03425810757,-0.02203910644,-0.01221900112,-0.2259049122,-0.1453303396
Boston Housing,OLS,0.2,1,DIS,-4.273652263,-0.979784906,-3.293867357,-1.512377405,-0.3467302585
Boston Housing,OLS,0.2,1,RAD,1.381889282,0.2896341815,1.092255101,4.005476181,0.8395193667
Boston Housing,OLS,0.2,1,TAX,-0.09271806203,-0.0102149664,-0.08250309562,-5.133086912,-0.565524227
Boston Housing,OLS,0.2,1,PTRATIO,0.2410383544,-0.7292660368,0.9703043912,0.08383942763,-0.2536577519
Boston Housing,OLS,0.2,1,LSTAT,-0.04721465591,-0.3438291921,0.2966145362,-0.06151590675,-0.4479745561
Boston Housing,LAD,0.2,1,Intercept,24.86142504,19.99811558,4.863309457,,
Boston Housing,LAD,0.2,1,CRIM,-0.5393157116,-0.5296923671,-0.009623344582,-0.2937840269,-0.2885418564
Boston Housing,LAD,0.2,1,ZN,0.01980754929,0.01126306491,0.008544484383,0.002870659318,0.001632328248
Boston Housing,LAD,0.2,1,INDUS,0.06656178435,-0.06155568763,0.128117472,0.1180748175,-0.1091944372
Boston Housing,LAD,0.2,1,CHAS,2.488417367,2.310981356,0.1774360105,0.3606401981,0.3349248342
Boston Housing,LAD,0.2,1,NOX,-18.36745525,-9.575947657,-8.791507592,-0.3833208052,-0.1998458642
Boston Housing,LAD,0.2,1,RM,4.204551677,4.976903745,-0.7723520681,0.3723160978,0.4407084331
Boston Housing,LAD,0.2,1,AGE,-0.04176281961,-0.02865206404,-0.01311075558,-0.2753925062,-0.1889375237
Boston Housing,LAD,0.2,1,DIS,-1.109181299,-0.9501396515,-0.159041647,-0.3925215789,-0.3362392755
Boston Housing,LAD,0.2,1,RAD,0.3467921715,0.2509050572,0.09588711427,1.0051947,0.7272610354
Boston Housing,LAD,0.2,1,TAX,-0.01334504532,-0.00724174151,-0.006103303808,-0.7388126539,-0.4009196025
Boston Housing,LAD,0.2,1,PTRATIO,-0.4352282686,-0.7035817153,0.2683534467,-0.1513837456,-0.2447240749
Boston Housing,LAD,0.2,1,LSTAT,-0.219262762,-0.3016570272,0.08239426522,-0.2856771348,-0.3930285035
Boston Housing,OLS,0.2,2,Intercept,92.14637205,25.76502072,66.38135132,,
Boston Housing,OLS,0.2,2,CRIM,0.1041268344,-0.3981416199,0.5022684543,0.05672150848,-0.2168815888
Boston Housing,OLS,0.2,2,ZN,-0.03009574891,-0.01028855598,-0.01980719293,-0.004361702741,-0.00149109507
Boston Housing,OLS,0.2,2,INDUS,-0.4768894085,-0.08386181448,-0.393027594,-0.845960342,-0.1487635666
Boston Housing,OLS,0.2,2,CHAS,18.69569593,2.009809016,16.68588692,2.70952115,0.291276669
Boston Housing,OLS,0.2,2,NOX,-46.86889062,-14.50118331,-32.36770731,-0.9781333695,-0.3026333908
Boston Housing,OLS,0.2,2,RM,0.9445730305,4.782367,-3.837793969,0.08364262632,0.4234820633
Boston Housing,OLS,0.2,2,AGE,0.06352335948,-0.02203910644,0.08556246592,0.4188859212,-0.1453303396
Boston Housing,OLS,0.2,2,DIS,-3.087820979,-0.979784906,-2.108036073,-1.092730618,-0.3467302585
Boston Housing,OLS,0.2,2,RAD,-0.2004515388,0.2896341815,-0.4900857203,-0.581018953,0.8395193667
Boston Housing,OLS,0.2,2,TAX,0.02109322491,-0.0102149664,0.03130819131,1.167769843,-0.565524227
Boston Housing,OLS,0.2,2,PTRATIO,-1.798493306,-0.7292660368,-1.069227269,-0.6255628891,-0.2536577519
Boston Housing,OLS,0.2,2,LSTAT,-0.9276947925,-0.3438291921,-0.5838656004,-1.208692201,-0.4479745561
Boston Housing,LAD,0.2,2,Intercept,20.91988217,19.99811558,0.9217665823,,
Boston Housing,LAD,0.2,2,CRIM,-0.3043883016,-0.5296923671,0.2253040655,-0.1658108953,-0.2885418564
Boston Housing,LAD,0.2,2,ZN,-0.02745561815,0.01126306491,-0.03871868306,-0.003979075094,0.001632328248
Boston Housing,LAD,0.2,2,INDUS,-0.01238249593,-0.06155568763,0.0491731917,-0.02196547104,-0.1091944372
Boston Housing,LAD,0.2,2,CHAS,3.462261564,2.310981356,1.151280208,0.5017770382,0.3349248342
Boston Housing,LAD,0.2,2,NOX,-14.45209871,-9.575947657,-4.876151054,-0.3016090166,-0.1998458642
Boston Housing,LAD,0.2,2,RM,4.999375378,4.976903745,0.02247163289,0.4426983124,0.4407084331
Boston Housing,LAD,0.2,2,AGE,-0.02080309432,-0.02865206404,0.007848969721,-0.1371798249,-0.1889375237
Boston Housing,LAD,0.2,2,DIS,-0.7955047284,-0.9501396515,0.1546349231,-0.2815164414,-0.3362392755
Boston Housing,LAD,0.2,2,RAD,0.1357961178,0.2509050572,-0.1151089394,0.3936119356,0.7272610354
Boston Housing,LAD,0.2,2,TAX,-0.004405120043,-0.00724174151,0.002836621467,-0.2438776604,-0.4009196025
Boston Housing,LAD,0.2,2,PTRATIO,-0.6848625158,-0.7035817153,0.01871919947,-0.238213049,-0.2447240749
Boston Housing,LAD,0.2,2,LSTAT,-0.3944075016,-0.3016570272,-0.09275047438,-0.5138729622,-0.3930285035
Boston Housing,OLS,0.2,3,Intercept,-35.13159012,25.76502072,-60.89661084,,
Boston Housing,OLS,0.2,3,CRIM,0.7772998072,-0.3981416199,1.175441427,0.4234222415,-0.2168815888
Boston Housing,OLS,0.2,3,ZN,-0.2104899822,-0.01028855598,-0.2002014262,-0.03050579452,-0.00149109507
Boston Housing,OLS,0.2,3,INDUS,-0.3134024154,-0.08386181448,-0.2295406009,-0.5559486326,-0.1487635666
Boston Housing,OLS,0.2,3,CHAS,7.967421255,2.009809016,5.957612239,1.154698733,0.291276669
Boston Housing,OLS,0.2,3,NOX,55.31029575,-14.50118331,69.81147906,1.154301824,-0.3026333908
Boston Housing,OLS,0.2,3,RM,9.004854489,4.782367,4.222487489,0.7973863903,0.4234820633
Boston Housing,OLS,0.2,3,AGE,-0.04591021863,-0.02203910644,-0.02387111219,-0.3027412968,-0.1453303396
Boston Housing,OLS,0.2,3,DIS,2.730160237,-0.979784906,3.709945143,0.9661601835,-0.3467302585
Boston Housing,OLS,0.2,3,RAD,-1.224393026,0.2896341815,-1.514027208,-3.548965293,0.8395193667
Boston Housing,OLS,0.2,3,TAX,0.03729194528,-0.0102149664,0.04750691168,2.064568565,-0.565524227
Boston Housing,OLS,0.2,3,PTRATIO,-1.851216539,-0.7292660368,-1.121950502,-0.6439014048,-0.2536577519
Boston Housing,OLS,0.2,3,LSTAT,-0.354720935,-0.3438291921,-0.01089174289,-0.4621653921,-0.4479745561
Boston Housing,LAD,0.2,3,Intercept,13.86391628,19.99811558,-6.134199304,,
Boston Housing,LAD,0.2,3,CRIM,-0.2612228922,-0.5296923671,0.2684694749,-0.1422971954,-0.2885418564
Boston Housing,LAD,0.2,3,ZN,-0.008779303839,0.01126306491,-0.02004236875,-0.001272362875,0.001632328248
Boston Housing,LAD,0.2,3,INDUS,-0.1445546932,-0.06155568763,-0.08299900556,-0.2564274557,-0.1091944372
Boston Housing,LAD,0.2,3,CHAS,3.353370858,2.310981356,1.042389502,0.4859957765,0.3349248342
Boston Housing,LAD,0.2,3,NOX,-8.441573577,-9.575947657,1.13437408,-0.1761719703,-0.1998458642
Boston Housing,LAD,0.2,3,RM,5.045586331,4.976903745,0.06868258564,0.4467903258,0.4407084331
Boston Housing,LAD,0.2,3,AGE,-0.01976941129,-0.02865206404,0.008882652752,-0.1303635092,-0.1889375237
Boston Housing,LAD,0.2,3,DIS,-0.6206790041,-0.9501396515,0.3294606474,-0.2196484047,-0.3362392755
Boston Housing,LAD,0.2,3,RAD,0.0179550278,0.2509050572,-0.2329500294,0.05204355884,0.7272610354
Boston Housing,LAD,0.2,3,TAX,0.0006674575372,-0.00724174151,0.007909199048,0.03695199699,-0.4009196025
Boston Housing,LAD,0.2,3,PTRATIO,-0.5067177505,-0.7035817153,0.1968639648,-0.1762496524,-0.2447240749
Boston Housing,LAD,0.2,3,LSTAT,-0.4118331561,-0.3016570272,-0.1101761289,-0.5365768223,-0.3930285035
Boston Housing,OLS,0.2,4,Intercept,23.95312468,25.76502072,-1.811896042,,
Boston Housing,OLS,0.2,4,CRIM,-0.01474262518,-0.3981416199,0.3833989948,-0.008030820723,-0.2168815888
Boston Housing,OLS,0.2,4,ZN,-0.02630443445,-0.01028855598,-0.01601587847,-0.003812236877,-0.00149109507
Boston Housing,OLS,0.2,4,INDUS,-0.7068051699,-0.08386181448,-0.6229433554,-1.25381091,-0.1487635666
Boston Housing,OLS,0.2,4,CHAS,-10.93441013,2.009809016,-12.94421915,-1.58469712,0.291276669
Boston Housing,OLS,0.2,4,NOX,-10.86843947,-14.50118331,3.632743839,-0.2268196063,-0.3026333908
Boston Housing,OLS,0.2,4,RM,5.540004743,4.782367,0.7576377434,0.4905714345,0.4234820633
Boston Housing,OLS,0.2,4,AGE,0.05334281036,-0.02203910644,0.07538191681,0.3517533147,-0.1453303396
Boston Housing,OLS,0.2,4,DIS,-1.717086854,-0.979784906,-0.7373019481,-0.6076496638,-0.3467302585
Boston Housing,OLS,0.2,4,RAD,-0.8199593757,0.2896341815,-1.109593557,-2.376693843,0.8395193667
Boston Housing,OLS,0.2,4,TAX,0.06224500291,-0.0102149664,0.07245996931,3.446027697,-0.565524227
Boston Housing,OLS,0.2,4,PTRATIO,-1.105263079,-0.7292660368,-0.3759970424,-0.3844393319,-0.2536577519
Boston Housing,OLS,0.2,4,LSTAT,-1.39202034,-0.3438291921,-1.048191148,-1.813661284,-0.4479745561
Boston Housing,LAD,0.2,4,Intercept,18.06528196,19.99811558,-1.932833624,,
Boston Housing,LAD,0.2,4,CRIM,-0.4646823711,-0.5296923671,0.06500999595,-0.2531286504,-0.2885418564
Boston Housing,LAD,0.2,4,ZN,0.004295104065,0.01126306491,-0.006967960847,0.0006224788499,0.001632328248
Boston Housing,LAD,0.2,4,INDUS,-0.06265699046,-0.06155568763,-0.001101302827,-0.1111480526,-0.1091944372
Boston Housing,LAD,0.2,4,CHAS,1.535943371,2.310981356,-0.7750379853,0.2226004885,0.3349248342
Boston Housing,LAD,0.2,4,NOX,-14.53778343,-9.575947657,-4.961835777,-0.3033972195,-0.1998458642
Boston Housing,LAD,0.2,4,RM,5.473914708,4.976903745,0.4970109634,0.484719114,0.4407084331
Boston Housing,LAD,0.2,4,AGE,-0.03743851635,-0.02865206404,-0.008786452314,-0.2468771731,-0.1889375237
Boston Housing,LAD,0.2,4,DIS,-1.208150269,-0.9501396515,-0.258010617,-0.4275451197,-0.3362392755
Boston Housing,LAD,0.2,4,RAD,0.2209185468,0.2509050572,-0.02998651037,0.640343614,0.7272610354
Boston Housing,LAD,0.2,4,TAX,-0.006890050853,-0.00724174151,0.0003516906576,-0.3814491921,-0.4009196025
Boston Housing,LAD,0.2,4,PTRATIO,-0.5266052332,-0.7035817153,0.1769764821,-0.1831670376,-0.2447240749
Boston Housing,LAD,0.2,4,LSTAT,-0.3223190702,-0.3016570272,-0.02066204305,-0.4199490495,-0.3930285035
Boston Housing,OLS,0.2,5,Intercept,-25.22080447,25.76502072,-50.98582519,,
Boston Housing,OLS,0.2,5,CRIM,0.1621235458,-0.3981416199,0.5602651657,0.08831433445,-0.2168815888
Boston Housing,OLS,0.2,5,ZN,0.1323572406,-0.01028855598,0.1426457965,0.01918220878,-0.00149109507
Boston Housing,OLS,0.2,5,INDUS,-0.5347946916,-0.08386181448,-0.4509328771,-0.948679279,-0.1487635666
Boston Housing,OLS,0.2,5,CHAS,-10.73235253,2.009809016,-12.74216155,-1.55541341,0.291276669
Boston Housing,OLS,0.2,5,NOX,29.22163616,-14.50118331,43.72281946,0.6098428415,-0.3026333908
Boston Housing,OLS,0.2,5,RM,12.58669371,4.782367,7.804326706,1.114560848,0.4234820633
Boston Housing,OLS,0.2,5,AGE,-0.3144734833,-0.02203910644,-0.2924343768,-2.073701955,-0.1453303396
Boston Housing,OLS,0.2,5,DIS,-2.766626236,-0.979784906,-1.78684133,-0.9790649191,-0.3467302585
Boston Housing,OLS,0.2,5,RAD,-0.6939294037,0.2896341815,-0.9835635852,-2.011389576,0.8395193667
Boston Housing,OLS,0.2,5,TAX,-0.01068932578,-0.0102149664,-0.0004743593761,-0.591785862,-0.565524227
Boston Housing,OLS,0.2,5,PTRATIO,-0.8763604862,-0.7292660368,-0.1470944494,-0.3048210387,-0.2536577519
Boston Housing,OLS,0.2,5,LSTAT,1.288978694,-0.3438291921,1.632807886,1.679408473,-0.4479745561
Boston Housing,LAD,0.2,5,Intercept,11.53701232,19.99811558,-8.461103267,,
Boston Housing,LAD,0.2,5,CRIM,-0.5384816737,-0.5296923671,-0.008789306617,-0.2933296975,-0.2885418564
Boston Housing,LAD,0.2,5,ZN,0.009974315019,0.01126306491,-0.001288749892,0.001445552901,0.001632328248
Boston Housing,LAD,0.2,5,INDUS,-0.1283140456,-0.06155568763,-0.06675835794,-0.2276179591,-0.1091944372
Boston Housing,LAD,0.2,5,CHAS,2.151816719,2.310981356,-0.1591646373,0.3118574955,0.3349248342
Boston Housing,LAD,0.2,5,NOX,-7.115547674,-9.575947657,2.460399983,-0.1484983862,-0.1998458642
Boston Housing,LAD,0.2,5,RM,5.762432176,4.976903745,0.7855284308,0.5102675448,0.4407084331
Boston Housing,LAD,0.2,5,AGE,-0.03660678149,-0.02865206404,-0.00795471745,-0.2413925446,-0.1889375237
Boston Housing,LAD,0.2,5,DIS,-0.8330700948,-0.9501396515,0.1170695567,-0.2948102257,-0.3362392755
Boston Housing,LAD,0.2,5,RAD,0.121170559,0.2509050572,-0.1297344982,0.3512190117,0.7272610354
Boston Housing,LAD,0.2,5,TAX,0.0003292553612,-0.00724174151,0.007570996872,0.01822834029,-0.4009196025
Boston Housing,LAD,0.2,5,PTRATIO,-0.6603128817,-0.7035817153,0.04326883364,-0.2296740458,-0.2447240749
Boston Housing,LAD,0.2,5,LSTAT,-0.2669405615,-0.3016570272,0.03471646565,-0.3477964708,-0.3930285035
Boston Housing,OLS,0.2,6,Intercept,86.5543473,25.76502072,60.78932658,,
Boston Housing,OLS,0.2,6,CRIM,-0.1321223705,-0.3981416199,0.2660192494,-0.07197165079,-0.2168815888
Boston Housing,OLS,0.2,6,ZN,-0.2210283762,-0.01028855598,-0.2107398202,-0.032033098,-0.00149109507
Boston Housing,OLS,0.2,6,INDUS,0.08994828286,-0.08386181448,0.1738100973,0.1595604322,-0.1487635666
Boston Housing,OLS,0.2,6,CHAS,0.4052631246,2.009809016,-1.604545891,0.05873378617,0.291276669
Boston Housing,OLS,0.2,6,NOX,7.486539974,-14.50118331,21.98772328,0.1562408342,-0.3026333908
Boston Housing,OLS,0.2,6,RM,-1.656592382,4.782367,-6.438959382,-0.1466924558,0.4234820633
Boston Housing,OLS,0.2,6,AGE,0.1405024086,-0.02203910644,0.162541515,0.9265013899,-0.1453303396
Boston Housing,OLS,0.2,6,DIS,1.94861829,-0.979784906,2.928403196,0.6895849478,-0.3467302585
Boston Housing,OLS,0.2,6,RAD,0.482965716,0.2896341815,0.1933315345,1.399900626,0.8395193667
Boston Housing,OLS,0.2,6,TAX,-0.02096669031,-0.0102149664,-0.01075172391,-1.160764594,-0.565524227
Boston Housing,OLS,0.2,6,PTRATIO,-2.900220507,-0.7292660368,-2.170954471,-1.00877235,-0.2536577519
Boston Housing,OLS,0.2,6,LSTAT,-1.198460746,-0.3438291921,-0.8546315541,-1.561472769,-0.4479745561
Boston Housing,LAD,0.2,6,Intercept,25.61319562,19.99811558,5.615080037,,
Boston Housing,LAD,0.2,6,CRIM,-0.326215926,-0.5296923671,0.2034764411,-0.1777011615,-0.2885418564
Boston Housing,LAD,0.2,6,ZN,-0.01254865531,0.01126306491,-0.02381172023,-0.001818645698,0.001632328248
Boston Housing,LAD,0.2,6,INDUS,-0.05969669204,-0.06155568763,0.001858995595,-0.1058967407,-0.1091944372
Boston Housing,LAD,0.2,6,CHAS,2.603556617,2.310981356,0.2925752604,0.3773270459,0.3349248342
Boston Housing,LAD,0.2,6,NOX,-14.01289898,-9.575947657,-4.436951318,-0.292443109,-0.1998458642
Boston Housing,LAD,0.2,6,RM,4.46573992,4.976903745,-0.5111638252,0.3954445059,0.4407084331
Boston Housing,LAD,0.2,6,AGE,-0.01045669509,-0.02865206404,0.01819536895,-0.06895356906,-0.1889375237
Boston Housing,LAD,0.2,6,DIS,-0.6724645392,-0.9501396515,0.2776751123,-0.23797448,-0.3362392755
Boston Housing,LAD,0.2,6,RAD,0.1208670146,0.2509050572,-0.1300380425,0.3503391729,0.7272610354
Boston Housing,LAD,0.2,6,TAX,-0.00336136004,-0.00724174151,0.003880381471,-0.1860926863,-0.4009196025
Boston Housing,LAD,0.2,6,PTRATIO,-0.81164869,-0.7035817153,-0.1080669747,-0.2823125878,-0.2447240749
Boston Housing,LAD,0.2,6,LSTAT,-0.3750195003,-0.3016570272,-0.07336247315,-0.4886123635,-0.3930285035
Boston Housing,OLS,0.2,7,Intercept,96.17996025,25.76502072,70.41493953,,
Boston Housing,OLS,0.2,7,CRIM,0.2227449201,-0.3981416199,0.62088654,0.1213369056,-0.2168815888
Boston Housing,OLS,0.2,7,ZN,-0.2471547442,-0.01028855598,-0.2368661882,-0.03581952814,-0.00149109507
Boston Housing,OLS,0.2,7,INDUS,0.2881327774,-0.08386181448,0.3719945919,0.5111224921,-0.1487635666
Boston Housing,OLS,0.2,7,CHAS,7.906361672,2.009809016,5.896552656,1.145849518,0.291276669
Boston Housing,OLS,0.2,7,NOX,-23.69863453,-14.50118331,-9.197451221,-0.4945801989,-0.3026333908
Boston Housing,OLS,0.2,7,RM,0.5766566331,4.782367,-4.205710367,0.05106336273,0.4234820633
Boston Housing,OLS,0.2,7,AGE,-0.1443387862,-0.02203910644,-0.1222996797,-0.9517992421,-0.1453303396
Boston Housing,OLS,0.2,7,DIS,0.8439194004,-0.979784906,1.823704306,0.298649622,-0.3467302585
Boston Housing,OLS,0.2,7,RAD,0.2732871127,0.2896341815,-0.0163470688,0.7921365586,0.8395193667
Boston Housing,OLS,0.2,7,TAX,0.005937667762,-0.0102149664,0.01615263417,0.3287230558,-0.565524227
Boston Housing,OLS,0.2,7,PTRATIO,-3.347940714,-0.7292660368,-2.618674677,-1.164501118,-0.2536577519
Boston Housing,OLS,0.2,7,LSTAT,-0.3861150317,-0.3438291921,-0.04228583955,-0.5030687152,-0.4479745561
Boston Housing,LAD,0.2,7,Intercept,25.12801406,19.99811558,5.129898482,,
Boston Housing,LAD,0.2,7,CRIM,-0.4545482979,-0.5296923671,0.0751440692,-0.2476082682,-0.2885418564
Boston Housing,LAD,0.2,7,ZN,-0.0164423517,0.01126306491,-0.02770541661,-0.002382949522,0.001632328248
Boston Housing,LAD,0.2,7,INDUS,0.0761053365,-0.06155568763,0.1376610241,0.1350042491,-0.1091944372
Boston Housing,LAD,0.2,7,CHAS,2.963096812,2.310981356,0.6521154563,0.4294343206,0.3349248342
Boston Housing,LAD,0.2,7,NOX,-16.97764031,-9.575947657,-7.401692653,-0.3543159717,-0.1998458642
Boston Housing,LAD,0.2,7,RM,4.592142486,4.976903745,-0.3847612585,0.4066375448,0.4407084331
Boston Housing,LAD,0.2,7,AGE,-0.02675618348,-0.02865206404,0.001895880557,-0.1764357027,-0.1889375237
Boston Housing,LAD,0.2,7,DIS,-0.8878435119,-0.9501396515,0.06229613957,-0.3141936648,-0.3362392755
Boston Housing,LAD,0.2,7,RAD,0.2517201895,0.2509050572,0.0008151322717,0.7296237376,0.7272610354
Boston Housing,LAD,0.2,7,TAX,-0.006788165718,-0.00724174151,0.0004535757929,-0.3758085948,-0.4009196025
Boston Housing,LAD,0.2,7,PTRATIO,-0.7216588372,-0.7035817153,-0.01807712189,-0.2510117695,-0.2447240749
Boston Housing,LAD,0.2,7,LSTAT,-0.3463851133,-0.3016570272,-0.04472808607,-0.4513046621,-0.3930285035
Boston Housing,OLS,0.2,8,Intercept,-7.107188824,25.76502072,-32.87220955,,
Boston Housing,OLS,0.2,8,CRIM,-0.8261055132,-0.3981416199,-0.4279638932,-0.4500084071,-0.2168815888
Boston Housing,OLS,0.2,8,ZN,0.1170554732,-0.01028855598,0.1273440292,0.01696456133,-0.00149109507
Boston Housing,OLS,0.2,8,INDUS,0.3065826522,-0.08386181448,0.3904444667,0.5438509657,-0.1487635666
Boston Housing,OLS,0.2,8,CHAS,0.6378601711,2.009809016,-1.371948845,0.09244350306,0.291276669
Boston Housing,OLS,0.2,8,NOX,-19.63458326,-14.50118331,-5.133399953,-0.4097652159,-0.3026333908
Boston Housing,OLS,0.2,8,RM,9.735743848,4.782367,4.953376848,0.8621071726,0.4234820633
Boston Housing,OLS,0.2,8,AGE,-0.179848766,-0.02203910644,-0.1578096595,-1.185959254,-0.1453303396
Boston Housing,OLS,0.2,8,DIS,-3.960344035,-0.979784906,-2.980559129,-1.401502618,-0.3467302585
Boston Housing,OLS,0.2,8,RAD,0.4238457942,0.2896341815,0.1342116127,1.228538534,0.8395193667
Boston Housing,OLS,0.2,8,TAX,-0.02806549583,-0.0102149664,-0.01785052942,-1.553770928,-0.565524227
Boston Housing,OLS,0.2,8,PTRATIO,0.5982443011,-0.7292660368,1.327510338,0.2080849743,-0.2536577519
Boston Housing,OLS,0.2,8,LSTAT,0.06722720876,-0.3438291921,0.4110564009,0.08759023286,-0.4479745561
Boston Housing,LAD,0.2,8,Intercept,13.63411054,19.99811558,-6.364005041,,
Boston Housing,LAD,0.2,8,CRIM,-0.5793542591,-0.5296923671,-0.04966189208,-0.3155944164,-0.2885418564
Boston Housing,LAD,0.2,8,ZN,0.03233380293,0.01126306491,0.02107073802,0.004686058396,0.001632328248
Boston Housing,LAD,0.2,8,INDUS,-0.05542977074,-0.06155568763,0.006125916889,-0.09832759332,-0.1091944372
Boston Housing,LAD,0.2,8,CHAS,2.366184216,2.310981356,0.05520285942,0.3429252486,0.3349248342
Boston Housing,LAD,0.2,8,NOX,-5.546209115,-9.575947657,4.029738542,-0.1157469728,-0.1998458642
Boston Housing,LAD,0.2,8,RM,5.071063671,4.976903745,0.09415992601,0.4490463628,0.4407084331
Boston Housing,LAD,0.2,8,AGE,-0.05550157241,-0.02865206404,-0.02684950838,-0.3659886297,-0.1889375237
Boston Housing,LAD,0.2,8,DIS,-1.136344696,-0.9501396515,-0.1862050442,-0.4021342722,-0.3362392755
Boston Housing,LAD,0.2,8,RAD,0.2585479084,0.2509050572,0.007642851221,0.7494142273,0.7272610354
Boston Housing,LAD,0.2,8,TAX,-0.007122240383,-0.00724174151,0.0001195011272,-0.394303743,-0.4009196025
Boston Housing,LAD,0.2,8,PTRATIO,-0.4301273539,-0.7035817153,0.2734543614,-0.1496095144,-0.2447240749
Boston Housing,LAD,0.2,8,LSTAT,-0.2554328004,-0.3016570272,0.04622422681,-0.3328030254,-0.3930285035
Boston Housing,OLS,0.2,9,Intercept,16.85073729,25.76502072,-8.914283437,,
Boston Housing,OLS,0.2,9,CRIM,1.457466937,-0.3981416199,1.855608557,0.7939329349,-0.2168815888
Boston Housing,OLS,0.2,9,ZN,0.2387979175,-0.01028855598,0.2490864735,0.03460839384,-0.00149109507
Boston Housing,OLS,0.2,9,INDUS,0.3362586205,-0.08386181448,0.4201204349,0.5964935528,-0.1487635666
Boston Housing,OLS,0.2,9,CHAS,4.184562471,2.009809016,2.174753456,0.6064583292,0.291276669
Boston Housing,OLS,0.2,9,NOX,-10.44373411,-14.50118331,4.057449197,-0.2179561901,-0.3026333908
Boston Housing,OLS,0.2,9,RM,2.003439679,4.782367,-2.778927321,0.1774060354,0.4234820633
Boston Housing,OLS,0.2,9,AGE,0.1198201284,-0.02203910644,0.1418592348,0.7901182379,-0.1453303396
Boston Housing,OLS,0.2,9,DIS,0.03178143744,-0.979784906,1.011566343,0.01124694405,-0.3467302585
Boston Housing,OLS,0.2,9,RAD,-0.8743055379,0.2896341815,-1.163939719,-2.53421895,0.8395193667
Boston Housing,OLS,0.2,9,TAX,0.002394042254,-0.0102149664,0.01260900866,0.1325397306,-0.565524227
Boston Housing,OLS,0.2,9,PTRATIO,-0.2469902748,-0.7292660368,0.4822757619,-0.08590966082,-0.2536577519
Boston Housing,OLS,0.2,9,LSTAT,-0.6850917053,-0.3438291921,-0.3412625132,-0.89260499,-0.4479745561
Boston Housing,LAD,0.2,9,Intercept,20.14800571,19.99811558,0.1498901268,,
Boston Housing,LAD,0.2,9,CRIM,-0.2849384829,-0.5296923671,0.2447538842,-0.1552159025,-0.2885418564
Boston Housing,LAD,0.2,9,ZN,0.01249588633,0.01126306491,0.001232821421,0.001810998019,0.001632328248
Boston Housing,LAD,0.2,9,INDUS,-0.0731199646,-0.06155568763,-0.01156427697,-0.1297084589,-0.1091944372
Boston Housing,LAD,0.2,9,CHAS,2.449356958,2.310981356,0.1383756017,0.3549792693,0.3349248342
Boston Housing,LAD,0.2,9,NOX,-13.91549567,-9.575947657,-4.339548012,-0.2904103444,-0.1998458642
Boston Housing,LAD,0.2,9,RM,4.90646957,4.976903745,-0.07043417518,0.4344714358,0.4407084331
Boston Housing,LAD,0.2,9,AGE,-0.02172138887,-0.02865206404,0.006930675173,-0.1432352454,-0.1889375237
Boston Housing,LAD,0.2,9,DIS,-1.049184028,-0.9501396515,-0.09904437607,-0.3712895012,-0.3362392755
Boston Housing,LAD,0.2,9,RAD,0.1106746826,0.2509050572,-0.1402303746,0.3207961814,0.7272610354
Boston Housing,LAD,0.2,9,TAX,-0.004185651449,-0.00724174151,0.003056090062,-0.2317273701,-0.4009196025
Boston Housing,LAD,0.2,9,PTRATIO,-0.5673994383,-0.7035817153,0.136182277,-0.1973563264,-0.2447240749
Boston Housing,LAD,0.2,9,LSTAT,-0.3693623576,-0.3016570272,-0.06770533041,-0.4812416804,-0.3930285035
Boston Housing,OLS,0.2,10,Intercept,32.42157536,25.76502072,6.656554634,,
Boston Housing,OLS,0.2,10,CRIM,-0.861020111,-0.3981416199,-0.462878491,-0.469027603,-0.2168815888
Boston Housing,OLS,0.2,10,ZN,-0.3364025033,-0.01028855598,-0.3261139473,-0.04875398598,-0.00149109507
Boston Housing,OLS,0.2,10,INDUS,-0.6617856531,-0.08386181448,-0.5779238386,-1.173950202,-0.1487635666
Boston Housing,OLS,0.2,10,CHAS,0.9806443312,2.009809016,-1.029164685,0.1421223668,0.291276669
Boston Housing,OLS,0.2,10,NOX,-6.376701978,-14.50118331,8.124481331,-0.1330789978,-0.3026333908
Boston Housing,OLS,0.2,10,RM,3.381703069,4.782367,-1.400663931,0.2994522573,0.4234820633
Boston Housing,OLS,0.2,10,AGE,-0.08858681424,-0.02203910644,-0.06654770779,-0.5841594272,-0.1453303396
Boston Housing,OLS,0.2,10,DIS,2.116095039,-0.979784906,3.095879945,0.7488522996,-0.3467302585
Boston Housing,OLS,0.2,10,RAD,-0.6658705169,0.2896341815,-0.9555046984,-1.930059469,0.8395193667
Boston Housing,OLS,0.2,10,TAX,0.07984803468,-0.0102149664,0.09006300108,4.420572355,-0.565524227
Boston Housing,OLS,0.2,10,PTRATIO,-1.861372382,-0.7292660368,-1.132106345,-0.6474338719,-0.2536577519
Boston Housing,OLS,0.2,10,LSTAT,-0.8054762485,-0.3438291921,-0.4616470564,-1.049453837,-0.4479745561
Boston Housing,LAD,0.2,10,Intercept,20.50750015,19.99811558,0.5093845656,,
Boston Housing,LAD,0.2,10,CRIM,-0.3416769982,-0.5296923671,0.1880153688,-0.1861233453,-0.2885418564
Boston Housing,LAD,0.2,10,ZN,-0.02527132283,0.01126306491,-0.03653438774,-0.003662510555,0.001632328248
Boston Housing,LAD,0.2,10,INDUS,-0.05671237689,-0.06155568763,0.004843310747,-0.1006028251,-0.1091944372
Boston Housing,LAD,0.2,10,CHAS,3.480572444,2.310981356,1.169591087,0.5044307889,0.3349248342
Boston Housing,LAD,0.2,10,NOX,-9.479099351,-9.575947657,0.09684830674,-0.1978246821,-0.1998458642
Boston Housing,LAD,0.2,10,RM,4.293327149,4.976903745,-0.6835765964,0.3801772301,0.4407084331
Boston Housing,LAD,0.2,10,AGE,-0.03415407252,-0.02865206404,-0.005502008477,-0.225218884,-0.1889375237
Boston Housing,LAD,0.2,10,DIS,-0.4621113361,-0.9501396515,0.4880283154,-0.1635338349,-0.3362392755
Boston Housing,LAD,0.2,10,RAD,-0.04679995683,0.2509050572,-0.297705014,-0.1356520488,0.7272610354
Boston Housing,LAD,0.2,10,TAX,0.0071432041,-0.00724174151,0.01438494561,0.3954643429,-0.4009196025
Boston Housing,LAD,0.2,10,PTRATIO,-0.6912970417,-0.7035817153,0.01228467362,-0.2404511449,-0.2447240749
Boston Housing,LAD,0.2,10,LSTAT,-0.4150277357,-0.3016570272,-0.1133707085,-0.5407390353,-0.3930285035
Boston Housing,OLS,0.2,11,Intercept,105.3906804,25.76502072,79.62565965,,
Boston Housing,OLS,0.2,11,CRIM,-1.837877577,-0.3981416199,-1.439735957,-1.001155842,-0.2168815888
Boston Housing,OLS,0.2,11,ZN,-0.06321688833,-0.01028855598,-0.05292833234,-0.009161867873,-0.00149109507
Boston Housing,OLS,0.2,11,INDUS,0.5451029829,-0.08386181448,0.6289647974,0.9669652914,-0.1487635666
Boston Housing,OLS,0.2,11,CHAS,-3.571544308,2.009809016,-5.581353324,-0.5176151172,0.291276669
Boston Housing,OLS,0.2,11,NOX,-28.94183093,-14.50118331,-14.44064762,-0.6040034281,-0.3026333908
Boston Housing,OLS,0.2,11,RM,1.844540774,4.782367,-2.937826226,0.1633354222,0.4234820633
Boston Housing,OLS,0.2,11,AGE,-0.09055291524,-0.02203910644,-0.0685138088,-0.5971242962,-0.1453303396
Boston Housing,OLS,0.2,11,DIS,-3.666254441,-0.979784906,-2.686469535,-1.297428999,-0.3467302585
Boston Housing,OLS,0.2,11,RAD,0.9614417826,0.2896341815,0.6718076011,2.786787776,0.8395193667
Boston Housing,OLS,0.2,11,TAX,-0.007875092933,-0.0102149664,0.00233987347,-0.4359834059,-0.565524227
Boston Housing,OLS,0.2,11,PTRATIO,-2.897532617,-0.7292660368,-2.16826658,-1.007837432,-0.2536577519
Boston Housing,OLS,0.2,11,LSTAT,-0.7926520529,-0.3438291921,-0.4488228608,-1.032745211,-0.4479745561
Boston Housing,LAD,0.2,11,Intercept,24.95747518,19.99811558,4.959359592,,
Boston Housing,LAD,0.2,11,CRIM,-0.6420860515,-0.5296923671,-0.1123936845,-0.3497666057,-0.2885418564
Boston Housing,LAD,0.2,11,ZN,-0.01212764476,0.01126306491,-0.02339070967,-0.001757629676,0.001632328248
Boston Housing,LAD,0.2,11,INDUS,-0.03570967222,-0.06155568763,0.02584601541,-0.06334585333,-0.1091944372
Boston Housing,LAD,0.2,11,CHAS,3.125431167,2.310981356,0.8144498105,0.4529610386,0.3349248342
Boston Housing,LAD,0.2,11,NOX,-11.55790112,-9.575947657,-1.981953467,-0.2412083713,-0.1998458642
Boston Housing,LAD,0.2,11,RM,4.782024205,4.976903745,-0.1948795403,0.4234517086,0.4407084331
Boston Housing,LAD,0.2,11,AGE,-0.03009731581,-0.02865206404,-0.001445251767,-0.1984678071,-0.1889375237
Boston Housing,LAD,0.2,11,DIS,-1.12955361,-0.9501396515,-0.1794139581,-0.3997310151,-0.3362392755
Boston Housing,LAD,0.2,11,RAD,0.3004872973,0.2509050572,0.0495822401,0.8709776733,0.7272610354
Boston Housing,LAD,0.2,11,TAX,-0.006988280591,-0.00724174151,0.0002534609198,-0.3868874182,-0.4009196025
Boston Housing,LAD,0.2,11,PTRATIO,-0.8198789703,-0.7035817153,-0.1162972551,-0.285175294,-0.2447240749
Boston Housing,LAD,0.2,11,LSTAT,-0.3035458115,-0.3016570272,-0.001888784299,-0.3954893979,-0.3930285035
Boston Housing,OLS,0.2,12,Intercept,71.63106615,25.76502072,45.86604542,,
Boston Housing,OLS,0.2,12,CRIM,-0.283738727,-0.3981416199,0.114402893,-0.1545623538,-0.2168815888
Boston Housing,OLS,0.2,12,ZN,0.01504959078,-0.01028855598,0.02533814677,0.002181100114,-0.00149109507
Boston Housing,OLS,0.2,12,INDUS,0.474053014,-0.08386181448,0.5579148284,0.8409288247,-0.1487635666
Boston Housing,OLS,0.2,12,CHAS,-3.542932468,2.009809016,-5.552741483,-0.5134684736,0.291276669
Boston Housing,OLS,0.2,12,NOX,-44.25224248,-14.50118331,-29.75105917,-0.9235250604,-0.3026333908
Boston Housing,OLS,0.2,12,RM,4.05872315,4.782367,-0.7236438501,0.359402876,0.4234820633
Boston Housing,OLS,0.2,12,AGE,-0.05421008237,-0.02203910644,-0.03217097593,-0.3574722823,-0.1453303396
Boston Housing,OLS,0.2,12,DIS,-2.720927589,-0.979784906,-1.741142683,-0.9628928967,-0.3467302585
Boston Housing,OLS,0.2,12,RAD,0.9181973439,0.2896341815,0.6285631624,2.661441577,0.8395193667
Boston Housing,OLS,0.2,12,TAX,-0.03440327342,-0.0102149664,-0.02418830702,-1.904644992,-0.565524227
Boston Housing,OLS,0.2,12,PTRATIO,-1.391653185,-0.7292660368,-0.6623871485,-0.4840532818,-0.2536577519
Boston Housing,OLS,0.2,12,LSTAT,-0.9366391887,-0.3438291921,-0.5928099966,-1.220345842,-0.4479745561
Boston Housing,LAD,0.2,12,Intercept,16.71662492,19.99811558,-3.281490665,,
Boston Housing,LAD,0.2,12,CRIM,-0.4282000195,-0.5296923671,0.1014923475,-0.2332554445,-0.2885418564
Boston Housing,LAD,0.2,12,ZN,0.01183479238,0.01126306491,0.0005717274689,0.001715187301,0.001632328248
Boston Housing,LAD,0.2,12,INDUS,-0.09960051943,-0.06155568763,-0.03804483179,-0.1766826605,-0.1091944372
Boston Housing,LAD,0.2,12,CHAS,1.874205762,2.310981356,-0.4367755938,0.2716240235,0.3349248342
Boston Housing,LAD,0.2,12,NOX,-8.871586511,-9.575947657,0.7043611462,-0.1851461533,-0.1998458642
Boston Housing,LAD,0.2,12,RM,5.401093609,4.976903745,0.4241898642,0.4782707529,0.4407084331
Boston Housing,LAD,0.2,12,AGE,-0.04072459465,-0.02865206404,-0.01207253061,-0.2685462401,-0.1889375237
Boston Housing,LAD,0.2,12,DIS,-1.093621954,-0.9501396515,-0.1434823025,-0.387015375,-0.3362392755
Boston Housing,LAD,0.2,12,RAD,0.1279226187,0.2509050572,-0.1229824385,0.370790199,0.7272610354
Boston Housing,LAD,0.2,12,TAX,-0.001428826835,-0.00724174151,0.005812914675,-0.07910316682,-0.4009196025
Boston Housing,LAD,0.2,12,PTRATIO,-0.6337325609,-0.7035817153,0.06984915444,-0.2204287168,-0.2447240749
Boston Housing,LAD,0.2,12,LSTAT,-0.3684770422,-0.3016570272,-0.06682001501,-0.4800882043,-0.3930285035
Boston Housing,OLS,0.2,13,Intercept,34.80881497,25.76502072,9.043794246,,
Boston Housing,OLS,0.2,13,CRIM,-1.178868009,-0.3981416199,-0.7807263891,-0.6421704086,-0.2168815888
Boston Housing,OLS,0.2,13,ZN,-0.006837769306,-0.01028855598,0.003450786677,-0.0009909810589,-0.00149109507
Boston Housing,OLS,0.2,13,INDUS,-0.1084652277,-0.08386181448,-0.02460341319,-0.1924078821,-0.1487635666
Boston Housing,OLS,0.2,13,CHAS,5.534180379,2.009809016,3.524371363,0.8020551273,0.291276669
Boston Housing,OLS,0.2,13,NOX,15.96313078,-14.50118331,30.46431409,0.3331435989,-0.3026333908
Boston Housing,OLS,0.2,13,RM,4.244409719,4.782367,-0.5379572809,0.3758455563,0.4234820633
Boston Housing,OLS,0.2,13,AGE,-0.2603789916,-0.02203910644,-0.2383398851,-1.716991901,-0.1453303396
Boston Housing,OLS,0.2,13,DIS,-2.696791292,-0.979784906,-1.717006386,-0.9543514458,-0.3467302585
Boston Housing,OLS,0.2,13,RAD,1.028128811,0.2896341815,0.7384946291,2.980083509,0.8395193667
Boston Housing,OLS,0.2,13,TAX,-0.02142922887,-0.0102149664,-0.01121426247,-1.186371801,-0.565524227
Boston Housing,OLS,0.2,13,PTRATIO,-0.8294533867,-0.7292660368,-0.10018735,-0.2885055258,-0.2536577519
Boston Housing,OLS,0.2,13,LSTAT,-0.3212035735,-0.3438291921,0.02262561863,-0.4184956704,-0.4479745561
Boston Housing,LAD,0.2,13,Intercept,12.3564314,19.99811558,-7.641684188,,
Boston Housing,LAD,0.2,13,CRIM,-0.5295823111,-0.5296923671,0.0001100559512,-0.2884819051,-0.2885418564
Boston Housing,LAD,0.2,13,ZN,0.005061255313,0.01126306491,-0.006201809598,0.0007335152627,0.001632328248
Boston Housing,LAD,0.2,13,INDUS,-0.05544062589,-0.06155568763,0.006115061746,-0.0983468494,-0.1091944372
Boston Housing,LAD,0.2,13,CHAS,2.671598487,2.310981356,0.3606171305,0.3871881865,0.3349248342
Boston Housing,LAD,0.2,13,NOX,-7.824621223,-9.575947657,1.751326434,-0.1632964429,-0.1998458642
Boston Housing,LAD,0.2,13,RM,5.467908642,4.976903745,0.4910048969,0.4841872725,0.4407084331
Boston Housing,LAD,0.2,13,AGE,-0.05195829462,-0.02865206404,-0.02330623058,-0.342623537,-0.1889375237
Boston Housing,LAD,0.2,13,DIS,-1.108664554,-0.9501396515,-0.1585249028,-0.3923387114,-0.3362392755
Boston Housing,LAD,0.2,13,RAD,0.2409503189,0.2509050572,-0.009954738269,0.6984067215,0.7272610354
Boston Housing,LAD,0.2,13,TAX,-0.007955754795,-0.00724174151,-0.0007140132844,-0.4404490336,-0.4009196025
Boston Housing,LAD,0.2,13,PTRATIO,-0.4168224157,-0.7035817153,0.2867592996,-0.1449817098,-0.2447240749
Boston Housing,LAD,0.2,13,LSTAT,-0.2662743429,-0.3016570272,0.03538268425,-0.3469284555,-0.3930285035
Boston Housing,OLS,0.2,14,Intercept,13.61575205,25.76502072,-12.14926867,,
Boston Housing,OLS,0.2,14,CRIM,-1.317838625,-0.3981416199,-0.9196970052,-0.717872537,-0.2168815888
Boston Housing,OLS,0.2,14,ZN,0.2013238316,-0.01028855598,0.2116123876,0.02917736689,-0.00149109507
Boston Housing,OLS,0.2,14,INDUS,-1.685900154,-0.08386181448,-1.602038339,-2.990640273,-0.1487635666
Boston Housing,OLS,0.2,14,CHAS,-4.314112311,2.009809016,-6.323921327,-0.6252336682,0.291276669
Boston Housing,OLS,0.2,14,NOX,35.39609987,-14.50118331,49.89728318,0.7387012146,-0.3026333908
Boston Housing,OLS,0.2,14,RM,6.335756433,4.782367,1.553389433,0.5610358232,0.4234820633
Boston Housing,OLS,0.2,14,AGE,-0.2259633802,-0.02203910644,-0.2039242737,-1.490048377,-0.1453303396
Boston Housing,OLS,0.2,14,DIS,-4.323265832,-0.979784906,-3.343480926,-1.529934856,-0.3467302585
Boston Housing,OLS,0.2,14,RAD,0.4451428708,0.2896341815,0.1555086892,1.290269191,0.8395193667
Boston Housing,OLS,0.2,14,TAX,0.003426727188,-0.0102149664,0.01364169359,0.1897115632,-0.565524227
Boston Housing,OLS,0.2,14,PTRATIO,-0.3488067918,-0.7292660368,0.380459245,-0.1213241015,-0.2536577519
Boston Housing,OLS,0.2,14,LSTAT,0.3287368138,-0.3438291921,0.672566006,0.4283107183,-0.4479745561
Boston Housing,LAD,0.2,14,Intercept,10.66578782,19.99811558,-9.332327765,,
Boston Housing,LAD,0.2,14,CRIM,-0.6761400541,-0.5296923671,-0.1464476871,-0.3683170054,-0.2885418564
Boston Housing,LAD,0.2,14,ZN,0.01923995642,0.01126306491,0.00797689151,0.002788399481,0.001632328248
Boston Housing,LAD,0.2,14,INDUS,-0.1437166355,-0.06155568763,-0.08216094782,-0.2549408142,-0.1091944372
Boston Housing,LAD,0.2,14,CHAS,1.844824999,2.310981356,-0.4661563576,0.2673659418,0.3349248342
Boston Housing,LAD,0.2,14,NOX,-7.253903932,-9.575947657,2.322043725,-0.1513858212,-0.1998458642
Boston Housing,LAD,0.2,14,RM,5.88944977,4.976903745,0.9125460254,0.5215150449,0.4407084331
Boston Housing,LAD,0.2,14,AGE,-0.04802918423,-0.02865206404,-0.01937712019,-0.3167141858,-0.1889375237
Boston Housing,LAD,0.2,14,DIS,-0.9674600872,-0.9501396515,-0.01732043569,-0.3423687016,-0.3362392755
Boston Housing,LAD,0.2,14,RAD,0.2780642438,0.2509050572,0.02715918661,0.8059833154,0.7272610354
Boston Housing,LAD,0.2,14,TAX,-0.004138774112,-0.00724174151,0.003102967398,-0.229132132,-0.4009196025
Boston Housing,LAD,0.2,14,PTRATIO,-0.6092845021,-0.7035817153,0.09429721317,-0.2119250442,-0.2447240749
Boston Housing,LAD,0.2,14,LSTAT,-0.1648074245,-0.3016570272,0.1368496027,-0.2147273545,-0.3930285035
Boston Housing,OLS,0.2,15,Intercept,59.83783561,25.76502072,34.07281488,,
Boston Housing,OLS,0.2,15,CRIM,-1.489193828,-0.3981416199,-1.091052208,-0.811215676,-0.2168815888
Boston Housing,OLS,0.2,15,ZN,0.2413440189,-0.01028855598,0.2516325749,0.03497739404,-0.00149109507
Boston Housing,OLS,0.2,15,INDUS,0.2536239704,-0.08386181448,0.3374857849,0.4499068692,-0.1487635666
Boston Housing,OLS,0.2,15,CHAS,-8.718434548,2.009809016,-10.72824356,-1.263541239,0.291276669
Boston Housing,OLS,0.2,15,NOX,-21.4531669,-14.50118331,-6.951983596,-0.4477182658,-0.3026333908
Boston Housing,OLS,0.2,15,RM,-0.08623415543,4.782367,-4.868601155,-0.007636096952,0.4234820633
Boston Housing,OLS,0.2,15,AGE,-0.05123868103,-0.02203910644,-0.02919957459,-0.337878259,-0.1453303396
Boston Housing,OLS,0.2,15,DIS,-1.7567287,-0.979784906,-0.776943794,-0.6216782811,-0.3467302585
Boston Housing,OLS,0.2,15,RAD,0.654809009,0.2896341815,0.3651748274,1.897997127,0.8395193667
Boston Housing,OLS,0.2,15,TAX,-0.01598195049,-0.0102149664,-0.005766984085,-0.8847978386,-0.565524227
Boston Housing,OLS,0.2,15,PTRATIO,-0.7613244354,-0.7292660368,-0.03205839857,-0.2648084993,-0.2536577519
Boston Housing,OLS,0.2,15,LSTAT,-0.2617418879,-0.3438291921,0.0820873042,-0.3410231264,-0.4479745561
Boston Housing,LAD,0.2,15,Intercept,24.15767452,19.99811558,4.159558936,,
Boston Housing,LAD,0.2,15,CRIM,-0.5846130917,-0.5296923671,-0.05492072463,-0.3184590854,-0.2885418564
Boston Housing,LAD,0.2,15,ZN,0.01868328762,0.01126306491,0.007420222707,0.002707722843,0.001632328248
Boston Housing,LAD,0.2,15,INDUS,0.02347101134,-0.06155568763,0.08502669898,0.04163553317,-0.1091944372
Boston Housing,LAD,0.2,15,CHAS,1.415887765,2.310981356,-0.8950935907,0.2052011254,0.3349248342
Boston Housing,LAD,0.2,15,NOX,-12.1121996,-9.575947657,-2.536251943,-0.2527763395,-0.1998458642
Boston Housing,LAD,0.2,15,RM,4.430191714,4.976903745,-0.5467120314,0.3922966865,0.4407084331
Boston Housing,LAD,0.2,15,AGE,-0.02278242594,-0.02865206404,0.005869638095,-0.1502319392,-0.1889375237
Boston Housing,LAD,0.2,15,DIS,-0.9699423932,-0.9501396515,-0.01980274166,-0.3432471501,-0.3362392755
Boston Housing,LAD,0.2,15,RAD,0.3654599482,0.2509050572,0.1145548911,1.059304198,0.7272610354
Boston Housing,LAD,0.2,15,TAX,-0.009983225998,-0.00724174151,-0.002741484487,-0.5526945407,-0.4009196025
Boston Housing,LAD,0.2,15,PTRATIO,-0.6420362701,-0.7035817153,0.06154544523,-0.2233169635,-0.2447240749
Boston Housing,LAD,0.2,15,LSTAT,-0.4297258501,-0.3016570272,-0.1280688229,-0.5598891873,-0.3930285035
Boston Housing,OLS,0.2,16,Intercept,38.07198981,25.76502072,12.30696909,,
Boston Housing,OLS,0.2,16,CRIM,-1.32103901,-0.3981416199,-0.9228973898,-0.7196158978,-0.2168815888
Boston Housing,OLS,0.2,16,ZN,-0.005369862909,-0.01028855598,0.004918693074,-0.0007782410013,-0.00149109507
Boston Housing,OLS,0.2,16,INDUS,-0.4946424691,-0.08386181448,-0.4107806546,-0.8774527278,-0.1487635666
Boston Housing,OLS,0.2,16,CHAS,0.8104039895,2.009809016,-1.199405026,0.1174498536,0.291276669
Boston Housing,OLS,0.2,16,NOX,-0.1487077916,-14.50118331,14.35247552,-0.003103466955,-0.3026333908
Boston Housing,OLS,0.2,16,RM,5.723262336,4.782367,0.9408953358,0.5067990271,0.4234820633
Boston Housing,OLS,0.2,16,AGE,-0.1817831905,-0.02203910644,-0.1597440841,-1.198715242,-0.1453303396
Boston Housing,OLS,0.2,16,DIS,-2.923179561,-0.979784906,-1.943394655,-1.034466645,-0.3467302585
Boston Housing,OLS,0.2,16,RAD,0.963807402,0.2896341815,0.6741732205,2.793644643,0.8395193667
Boston Housing,OLS,0.2,16,TAX,-0.04639396248,-0.0102149664,-0.03617899608,-2.568477343,-0.565524227
Boston Housing,OLS,0.2,16,PTRATIO,-0.6481546321,-0.7292660368,0.08111140473,-0.2254450894,-0.2536577519
Boston Housing,OLS,0.2,16,LSTAT,-0.03742232659,-0.3438291921,0.3064068655,-0.04875749508,-0.4479745561
Boston Housing,LAD,0.2,16,Intercept,29.09130985,19.99811558,9.093194264,,
Boston Housing,LAD,0.2,16,CRIM,-0.6041194259,-0.5296923671,-0.07442705888,-0.3290848642,-0.2885418564
Boston Housing,LAD,0.2,16,ZN,0.01064535777,0.01126306491,-0.0006177071368,0.001542805475,0.001632328248
Boston Housing,LAD,0.2,16,INDUS,-0.1240198565,-0.06155568763,-0.06246416887,-0.2200004411,-0.1091944372
Boston Housing,LAD,0.2,16,CHAS,1.959454638,2.310981356,-0.3515267178,0.2839789331,0.3349248342
Boston Housing,LAD,0.2,16,NOX,-9.439831317,-9.575947657,0.1361163402,-0.1970051753,-0.1998458642
Boston Housing,LAD,0.2,16,RM,4.099036888,4.976903745,-0.877866857,0.3629726867,0.4407084331
Boston Housing,LAD,0.2,16,AGE,-0.03882141998,-0.02865206404,-0.01016935594,-0.2559963201,-0.1889375237
Boston Housing,LAD,0.2,16,DIS,-1.255548089,-0.9501396515,-0.3054084371,-0.4443184526,-0.3362392755
Boston Housing,LAD,0.2,16,RAD,0.3166240717,0.2509050572,0.06571901448,0.9177509324,0.7272610354
Boston Housing,LAD,0.2,16,TAX,-0.007025613774,-0.00724174151,0.000216127737,-0.3889542698,-0.4009196025
Boston Housing,LAD,0.2,16,PTRATIO,-0.7772374077,-0.7035817153,-0.07365569244,-0.2703434462,-0.2447240749
Boston Housing,LAD,0.2,16,LSTAT,-0.3215201458,-0.3016570272,-0.01986311856,-0.4189081319,-0.3930285035
Boston Housing,OLS,0.2,17,Intercept,-42.99772242,25.76502072,-68.76274314,,
Boston Housing,OLS,0.2,17,CRIM,-0.2792851454,-0.3981416199,0.1188564746,-0.1521363329,-0.2168815888
Boston Housing,OLS,0.2,17,ZN,-0.09871178476,-0.01028855598,-0.08842322878,-0.01430605576,-0.00149109507
Boston Housing,OLS,0.2,17,INDUS,0.9447840772,-0.08386181448,1.028645892,1.675964798,-0.1487635666
Boston Housing,OLS,0.2,17,CHAS,4.547221484,2.009809016,2.537412468,0.6590176064,0.291276669
Boston Housing,OLS,0.2,17,NOX,6.337940805,-14.50118331,20.83912411,0.132270069,-0.3026333908
Boston Housing,OLS,0.2,17,RM,13.42851406,4.782367,8.646147061,1.189104651,0.4234820633
Boston Housing,OLS,0.2,17,AGE,-0.1200448214,-0.02203910644,-0.09800571498,-0.7915999094,-0.1453303396
Boston Housing,OLS,0.2,17,DIS,1.465465421,-0.979784906,2.445250327,0.51860485,-0.3467302585
Boston Housing,OLS,0.2,17,RAD,-0.05789474494,0.2896341815,-0.3475289265,-0.1678108549,0.8395193667
Boston Housing,OLS,0.2,17,TAX,-0.01813059109,-0.0102149664,-0.007915624685,-1.003751565,-0.565524227
Boston Housing,OLS,0.2,17,PTRATIO,-1.267053207,-0.7292660368,-0.5377871702,-0.440714159,-0.2536577519
Boston Housing,OLS,0.2,17,LSTAT,0.1431997533,-0.3438291921,0.4870289454,0.186574751,-0.4479745561
Boston Housing,LAD,0.2,17,Intercept,16.27067302,19.99811558,-3.727442567,,
Boston Housing,LAD,0.2,17,CRIM,-0.6383383994,-0.5296923671,-0.1086460323,-0.3477251292,-0.2885418564
Boston Housing,LAD,0.2,17,ZN,0.02485907972,0.01126306491,0.01359601481,0.003602765177,0.001632328248
Boston Housing,LAD,0.2,17,INDUS,0.01381678764,-0.06155568763,0.07537247527,0.02450977981,-0.1091944372
Boston Housing,LAD,0.2,17,CHAS,2.1149365,2.310981356,-0.1960448559,0.3065125363,0.3349248342
Boston Housing,LAD,0.2,17,NOX,-10.57093845,-9.575947657,-0.9949907971,-0.2206108895,-0.1998458642
Boston Housing,LAD,0.2,17,RM,5.64648781,4.976903745,0.669584065,0.5000005872,0.4407084331
Boston Housing,LAD,0.2,17,AGE,-0.03667999914,-0.02865206404,-0.008027935097,-0.2418753566,-0.1889375237
Boston Housing,LAD,0.2,17,DIS,-1.04692805,-0.9501396515,-0.09678839869,-0.3704911468,-0.3362392755
Boston Housing,LAD,0.2,17,RAD,0.3637713902,0.2509050572,0.112866333,1.054409827,0.7272610354
Boston Housing,LAD,0.2,17,TAX,-0.01361387456,-0.00724174151,-0.00637213305,-0.7536956641,-0.4009196025
Boston Housing,LAD,0.2,17,PTRATIO,-0.6681227541,-0.7035817153,0.03545896123,-0.2323905232,-0.2447240749
Boston Housing,LAD,0.2,17,LSTAT,-0.2000676846,-0.3016570272,0.1015893426,-0.2606678963,-0.3930285035
Boston Housing,OLS,0.2,18,Intercept,63.23689956,25.76502072,37.47187884,,
Boston Housing,OLS,0.2,18,CRIM,-1.801199285,-0.3981416199,-1.403057665,-0.981175901,-0.2168815888
Boston Housing,OLS,0.2,18,ZN,-0.3284562844,-0.01028855598,-0.3181677285,-0.04760236006,-0.00149109507
Boston Housing,OLS,0.2,18,INDUS,-0.3895438448,-0.08386181448,-0.3056820303,-0.6910169073,-0.1487635666
Boston Housing,OLS,0.2,18,CHAS,-4.06483047,2.009809016,-6.074639486,-0.5891058652,0.291276669
Boston Housing,OLS,0.2,18,NOX,-48.81573017,-14.50118331,-34.31454686,-1.018763064,-0.3026333908
Boston Housing,OLS,0.2,18,RM,6.249898539,4.782367,1.467531539,0.5534330445,0.4234820633
Boston Housing,OLS,0.2,18,AGE,0.0324386933,-0.02203910644,0.05447779975,0.2139073254,-0.1453303396
Boston Housing,OLS,0.2,18,DIS,0.3161484331,-0.979784906,1.295933339,0.1118798904,-0.3467302585
Boston Housing,OLS,0.2,18,RAD,0.8708129327,0.2896341815,0.5811787512,2.524095457,0.8395193667
Boston Housing,OLS,0.2,18,TAX,0.01750635361,-0.0102149664,0.02772132001,0.9691923301,-0.565524227
Boston Housing,OLS,0.2,18,PTRATIO,-3.256436518,-0.7292660368,-2.527170481,-1.132673571,-0.2536577519
Boston Housing,OLS,0.2,18,LSTAT,0.007257674658,-0.3438291921,0.3510868668,0.009456013793,-0.4479745561
Boston Housing,LAD,0.2,18,Intercept,20.36808413,19.99811558,0.3699685449,,
Boston Housing,LAD,0.2,18,CRIM,-0.4955295156,-0.5296923671,0.03416285142,-0.269932163,-0.2885418564
Boston Housing,LAD,0.2,18,ZN,0.01222144298,0.01126306491,0.0009583780647,0.00177122362,0.001632328248
Boston Housing,LAD,0.2,18,INDUS,-0.05316463746,-0.06155568763,0.008391050171,-0.09430944384,-0.1091944372
Boston Housing,LAD,0.2,18,CHAS,2.16638094,2.310981356,-0.1446004165,0.3139682521,0.3349248342
Boston Housing,LAD,0.2,18,NOX,-6.617213417,-9.575947657,2.95873424,-0.138098367,-0.1998458642
Boston Housing,LAD,0.2,18,RM,4.753347522,4.976903745,-0.2235562231,0.4209123675,0.4407084331
Boston Housing,LAD,0.2,18,AGE,-0.02089545394,-0.02865206404,0.007756610102,-0.1377888629,-0.1889375237
Boston Housing,LAD,0.2,18,DIS,-0.6681635895,-0.9501396515,0.281976062,-0.2364524425,-0.3362392755
Boston Housing,LAD,0.2,18,RAD,0.2457277215,0.2509050572,-0.005177335716,0.7122542652,0.7272610354
Boston Housing,LAD,0.2,18,TAX,-0.008121751613,-0.00724174151,-0.0008800101026,-0.4496390023,-0.4009196025
Boston Housing,LAD,0.2,18,PTRATIO,-0.7761703622,-0.7035817153,-0.07258864688,-0.2699722999,-0.2447240749
Boston Housing,LAD,0.2,18,LSTAT,-0.339209941,-0.3016570272,-0.03755291381,-0.4419561405,-0.3930285035
Boston Housing,OLS,0.2,19,Intercept,40.33314184,25.76502072,14.56812111,,
Boston Housing,OLS,0.2,19,CRIM,-0.2646154971,-0.3981416199,0.1335261229,-0.1441452653,-0.2168815888
Boston Housing,OLS,0.2,19,ZN,0.144687633,-0.01028855598,0.154976189,0.02096922218,-0.00149109507
Boston Housing,OLS,0.2,19,INDUS,1.000960655,-0.08386181448,1.084822469,1.775617161,-0.1487635666
Boston Housing,OLS,0.2,19,CHAS,0.5622805714,2.009809016,-1.447528444,0.08148993789,0.291276669
Boston Housing,OLS,0.2,19,NOX,-79.62246873,-14.50118331,-65.12128542,-1.661686304,-0.3026333908
Boston Housing,OLS,0.2,19,RM,9.416858447,4.782367,4.634491447,0.8338696393,0.4234820633
Boston Housing,OLS,0.2,19,AGE,-0.06572042603,-0.02203910644,-0.04368131958,-0.4333738238,-0.1453303396
Boston Housing,OLS,0.2,19,DIS,-2.868792668,-0.979784906,-1.889007762,-1.015219991,-0.3467302585
Boston Housing,OLS,0.2,19,RAD,1.723109348,0.2896341815,1.433475167,4.994519849,0.8395193667
Boston Housing,OLS,0.2,19,TAX,-0.08764489375,-0.0102149664,-0.07742992734,-4.852224552,-0.565524227
Boston Housing,OLS,0.2,19,PTRATIO,-0.6727175288,-0.7292660368,0.05654850803,-0.2339887057,-0.2536577519
Boston Housing,OLS,0.2,19,LSTAT,-0.08736803083,-0.3438291921,0.2564611613,-0.1138316807,-0.4479745561
Boston Housing,LAD,0.2,19,Intercept,25.30180506,19.99811558,5.303689476,,
Boston Housing,LAD,0.2,19,CRIM,-0.3938192478,-0.5296923671,0.1358731193,-0.2145270423,-0.2885418564
Boston Housing,LAD,0.2,19,ZN,0.007726503094,0.01126306491,-0.003536561817,0.001119783057,0.001632328248
Boston Housing,LAD,0.2,19,INDUS,0.0552143392,-0.06155568763,0.1167700268,0.0979454365,-0.1091944372
Boston Housing,LAD,0.2,19,CHAS,3.089445592,2.310981356,0.7784642363,0.447745738,0.3349248342
Boston Housing,LAD,0.2,19,NOX,-18.69035625,-9.575947657,-9.114408591,-0.3900596087,-0.1998458642
Boston Housing,LAD,0.2,19,RM,4.134021628,4.976903745,-0.8428821175,0.3660706108,0.4407084331
Boston Housing,LAD,0.2,19,AGE,-0.01471620715,-0.02865206404,0.01393585689,-0.09704165586,-0.1889375237
Boston Housing,LAD,0.2,19,DIS,-0.8833248845,-0.9501396515,0.06681476698,-0.3125945946,-0.3362392755
Boston Housing,LAD,0.2,19,RAD,0.3141702432,0.2509050572,0.06326518601,0.9106383861,0.7272610354
Boston Housing,LAD,0.2,19,TAX,-0.009988045632,-0.00724174151,-0.002746304122,-0.5529613669,-0.4009196025
Boston Housing,LAD,0.2,19,PTRATIO,-0.497955318,-0.7035817153,0.2056263973,-0.1732018497,-0.2447240749
Boston Housing,LAD,0.2,19,LSTAT,-0.4142658554,-0.3016570272,-0.1126088282,-0.5397463826,-0.3930285035
Boston Housing,OLS,0.2,20,Intercept,-42.10762276,25.76502072,-67.87264348,,
Boston Housing,OLS,0.2,20,CRIM,-0.4278928947,-0.3981416199,-0.02975127481,-0.233088143,-0.2168815888
Boston Housing,OLS,0.2,20,ZN,-0.07559411891,-0.01028855598,-0.06530556292,-0.01095566941,-0.00149109507
Boston Housing,OLS,0.2,20,INDUS,-0.3842417906,-0.08386181448,-0.3003799762,-0.6816115243,-0.1487635666
Boston Housing,OLS,0.2,20,CHAS,2.762705357,2.009809016,0.7528963411,0.4003920807,0.291276669
Boston Housing,OLS,0.2,20,NOX,-23.60010008,-14.50118331,-9.098916775,-0.4925238278,-0.3026333908
Boston Housing,OLS,0.2,20,RM,11.55826363,4.782367,6.775896632,1.02349262,0.4234820633
Boston Housing,OLS,0.2,20,AGE,-0.109603539,-0.02203910644,-0.08756443253,-0.7227479744,-0.1453303396
Boston Housing,OLS,0.2,20,DIS,0.165345962,-0.979784906,1.145130868,0.0585133,-0.3467302585
Boston Housing,OLS,0.2,20,RAD,-0.2450661922,0.2896341815,-0.5347003737,-0.710336789,0.8395193667
Boston Housing,OLS,0.2,20,TAX,0.02959859661,-0.0102149664,0.03981356301,1.638646942,-0.565524227
Boston Housing,OLS,0.2,20,PTRATIO,0.28400008,-0.7292660368,1.013266117,0.09878263653,-0.2536577519
Boston Housing,OLS,0.2,20,LSTAT,-0.1100414469,-0.3438291921,0.2337877453,-0.1433728416,-0.4479745561
Boston Housing,LAD,0.2,20,Intercept,7.932711424,19.99811558,-12.06540416,,
Boston Housing,LAD,0.2,20,CRIM,-0.4900099021,-0.5296923671,0.039682465,-0.2669254375,-0.2885418564
Boston Housing,LAD,0.2,20,ZN,0.0008794123393,0.01126306491,-0.01038365257,0.0001274510637,0.001632328248
Boston Housing,LAD,0.2,20,INDUS,-0.1541888542,-0.06155568763,-0.09263316655,-0.2735176196,-0.1091944372
Boston Housing,LAD,0.2,20,CHAS,2.549413969,2.310981356,0.2384326129,0.3694802854,0.3349248342
Boston Housing,LAD,0.2,20,NOX,-6.161874854,-9.575947657,3.414072804,-0.1285956491,-0.1998458642
Boston Housing,LAD,0.2,20,RM,5.870675094,4.976903745,0.8937713486,0.5198525337,0.4407084331
Boston Housing,LAD,0.2,20,AGE,-0.04777183143,-0.02865206404,-0.01911976739,-0.3150171493,-0.1889375237
Boston Housing,LAD,0.2,20,DIS,-0.8102861275,-0.9501396515,0.139853524,-0.2867473429,-0.3362392755
Boston Housing,LAD,0.2,20,RAD,0.1395738743,0.2509050572,-0.1113311829,0.4045619545,0.7272610354
Boston Housing,LAD,0.2,20,TAX,-0.001140666608,-0.00724174151,0.006101074903,-0.06314994843,-0.4009196025
Boston Housing,LAD,0.2,20,PTRATIO,-0.4850081417,-0.7035817153,0.2185735736,-0.1686984841,-0.2447240749
Boston Housing,LAD,0.2,20,LSTAT,-0.2537083187,-0.3016570272,0.04794870848,-0.3305562008,-0.3930285035
Boston Housing,OLS,0.2,21,Intercept,-36.66078548,25.76502072,-62.4258062,,
Boston Housing,OLS,0.2,21,CRIM,-1.341749254,-0.3981416199,-0.9436076337,-0.730897488,-0.2168815888
Boston Housing,OLS,0.2,21,ZN,-0.1306000326,-0.01028855598,-0.1203114766,-0.01892754095,-0.00149109507
Boston Housing,OLS,0.2,21,INDUS,-0.1250853072,-0.08386181448,-0.04122349274,-0.221890458,-0.1487635666
Boston Housing,OLS,0.2,21,CHAS,9.559533275,2.009809016,7.549724259,1.385439605,0.291276669
Boston Housing,OLS,0.2,21,NOX,32.00729492,-14.50118331,46.50847823,0.6679783288,-0.3026333908
Boston Housing,OLS,0.2,21,RM,10.82855441,4.782367,6.046187407,0.9588763395,0.4234820633
Boston Housing,OLS,0.2,21,AGE,-0.04926464033,-0.02203910644,-0.02722553389,-0.3248610341,-0.1453303396
Boston Housing,OLS,0.2,21,DIS,1.850721827,-0.979784906,2.830506733,0.6549409502,-0.3467302585
Boston Housing,OLS,0.2,21,RAD,-0.03767993686,0.2896341815,-0.3273141184,-0.1092172083,0.8395193667
Boston Housing,OLS,0.2,21,TAX,0.02667840241,-0.0102149664,0.03689336882,1.476978221,-0.565524227
Boston Housing,OLS,0.2,21,PTRATIO,-1.823550039,-0.7292660368,-1.094284002,-0.6342782745,-0.2536577519
Boston Housing,OLS,0.2,21,LSTAT,-0.2214237461,-0.3438291921,0.122405446,-0.288492678,-0.4479745561
Boston Housing,LAD,0.2,21,Intercept,11.86527017,19.99811558,-8.132845418,,
Boston Housing,LAD,0.2,21,CRIM,-0.5953321018,-0.5296923671,-0.06563973475,-0.3242981031,-0.2885418564
Boston Housing,LAD,0.2,21,ZN,0.00472436238,0.01126306491,-0.006538702531,0.0006846902,0.001632328248
Boston Housing,LAD,0.2,21,INDUS,-0.07026527651,-0.06155568763,-0.008709588875,-0.1246444905,-0.1091944372
Boston Housing,LAD,0.2,21,CHAS,3.137191732,2.310981356,0.8262103757,0.4546654684,0.3349248342
Boston Housing,LAD,0.2,21,NOX,-5.417815501,-9.575947657,4.158132156,-0.1130674539,-0.1998458642
Boston Housing,LAD,0.2,21,RM,5.247649547,4.976903745,0.2707458016,0.46468317,0.4407084331
Boston Housing,LAD,0.2,21,AGE,-0.04880925445,-0.02865206404,-0.02015719041,-0.3218581272,-0.1889375237
Boston Housing,LAD,0.2,21,DIS,-0.6435194808,-0.9501396515,0.3066201707,-0.2277312852,-0.3362392755
Boston Housing,LAD,0.2,21,RAD,0.1273140097,0.2509050572,-0.1235910475,0.3690261151,0.7272610354
Boston Housing,LAD,0.2,21,TAX,0.001956674664,-0.00724174151,0.009198416175,0.1083260466,-0.4009196025
Boston Housing,LAD,0.2,21,PTRATIO,-0.6403102975,-0.7035817153,0.06327141778,-0.2227166252,-0.2447240749
Boston Housing,LAD,0.2,21,LSTAT,-0.2406771271,-0.3016570272,0.06097990006,-0.3135778801,-0.3930285035
Boston Housing,OLS,0.2,22,Intercept,-7.929886658,25.76502072,-33.69490738,,
Boston Housing,OLS,0.2,22,CRIM,-1.073573945,-0.3981416199,-0.6754323249,-0.5848130694,-0.2168815888
Boston Housing,OLS,0.2,22,ZN,0.2238808686,-0.01028855598,0.2341694245,0.03244650269,-0.00149109507
Boston Housing,OLS,0.2,22,INDUS,-1.071227171,-0.08386181448,-0.9873653569,-1.900263852,-0.1487635666
Boston Housing,OLS,0.2,22,CHAS,16.48977367,2.009809016,14.47996466,2.389822271,0.291276669
Boston Housing,OLS,0.2,22,NOX,15.80426078,-14.50118331,30.30544408,0.329828051,-0.3026333908
Boston Housing,OLS,0.2,22,RM,6.694874807,4.782367,1.912507807,0.5928360155,0.4234820633
Boston Housing,OLS,0.2,22,AGE,-0.1882595234,-0.02203910644,-0.1662204169,-1.241421495,-0.1453303396
Boston Housing,OLS,0.2,22,DIS,-1.760554532,-0.979784906,-0.7807696263,-0.6230321821,-0.3467302585
Boston Housing,OLS,0.2,22,RAD,0.6916231334,0.2896341815,0.4019889519,2.004704735,0.8395193667
Boston Housing,OLS,0.2,22,TAX,-0.009123671227,-0.0102149664,0.001091295177,-0.5051075955,-0.565524227
Boston Housing,OLS,0.2,22,PTRATIO,-0.0567935002,-0.7292660368,0.6724725366,-0.01975426094,-0.2536577519
Boston Housing,OLS,0.2,22,LSTAT,0.519736163,-0.3438291921,0.8635653551,0.6771634935,-0.4479745561
Boston Housing,LAD,0.2,22,Intercept,14.02782839,19.99811558,-5.970287189,,
Boston Housing,LAD,0.2,22,CRIM,-0.6391833165,-0.5296923671,-0.1094909494,-0.3481853849,-0.2885418564
Boston Housing,LAD,0.2,22,ZN,0.01569038124,0.01126306491,0.004427316333,0.002273968296,0.001632328248
Boston Housing,LAD,0.2,22,INDUS,-0.1011981694,-0.06155568763,-0.03964248182,-0.1795167528,-0.1091944372
Boston Housing,LAD,0.2,22,CHAS,2.945687716,2.310981356,0.63470636,0.4269112632,0.3349248342
Boston Housing,LAD,0.2,22,NOX,-5.141303988,-9.575947657,4.43464367,-0.1072967789,-0.1998458642
Boston Housing,LAD,0.2,22,RM,5.051724054,4.976903745,0.07482030884,0.4473338256,0.4407084331
Boston Housing,LAD,0.2,22,AGE,-0.05185851944,-0.02865206404,-0.0232064554,-0.3419655992,-0.1889375237
Boston Housing,LAD,0.2,22,DIS,-1.033783785,-0.9501396515,-0.08364413319,-0.3658396008,-0.3362392755
Boston Housing,LAD,0.2,22,RAD,0.2985656172,0.2509050572,0.04766055997,0.865407586,0.7272610354
Boston Housing,LAD,0.2,22,TAX,-0.007310120777,-0.00724174151,-6.83792669e-05,-0.4047052372,-0.4009196025
Boston Housing,LAD,0.2,22,PTRATIO,-0.4793026485,-0.7035817153,0.2242790668,-0.1667139647,-0.2447240749
Boston Housing,LAD,0.2,22,LSTAT,-0.2495898843,-0.3016570272,0.05206714286,-0.3251902986,-0.3930285035
Boston Housing,OLS,0.2,23,Intercept,19.55463259,25.76502072,-6.210388136,,
Boston Housing,OLS,0.2,23,CRIM,-2.077317071,-0.3981416199,-1.679175452,-1.131586863,-0.2168815888
Boston Housing,OLS,0.2,23,ZN,0.4344051503,-0.01028855598,0.4446937063,0.06295726816,-0.00149109507
Boston Housing,OLS,0.2,23,INDUS,0.2559233355,-0.08386181448,0.3397851499,0.4539857429,-0.1487635666
Boston Housing,OLS,0.2,23,CHAS,2.461915843,2.009809016,0.4521068273,0.3567993975,0.291276669
Boston Housing,OLS,0.2,23,NOX,-1.082225829,-14.50118331,13.41895748,-0.02258558252,-0.3026333908
Boston Housing,OLS,0.2,23,RM,2.722888363,4.782367,-2.059478637,0.2411137376,0.4234820633
Boston Housing,OLS,0.2,23,AGE,-0.02958051844,-0.02203910644,-0.007541412001,-0.1950599405,-0.1453303396
Boston Housing,OLS,0.2,23,DIS,-4.698162956,-0.979784906,-3.71837805,-1.662604972,-0.3467302585
Boston Housing,OLS,0.2,23,RAD,1.732510093,0.2896341815,1.442875912,5.021768387,0.8395193667
Boston Housing,OLS,0.2,23,TAX,-0.08738026404,-0.0102149664,-0.07716529764,-4.837574038,-0.565524227
Boston Housing,OLS,0.2,23,PTRATIO,1.384660854,-0.7292660368,2.113926891,0.4816211666,-0.2536577519
Boston Housing,OLS,0.2,23,LSTAT,-0.1996386392,-0.3438291921,0.1441905529,-0.2601088937,-0.4479745561
Boston Housing,LAD,0.2,23,Intercept,17.95810595,19.99811558,-2.040009636,,
Boston Housing,LAD,0.2,23,CRIM,-0.723097686,-0.5296923671,-0.1934053189,-0.3938964608,-0.2885418564
Boston Housing,LAD,0.2,23,ZN,0.03743976995,0.01126306491,0.02617670504,0.005426053616,0.001632328248
Boston Housing,LAD,0.2,23,INDUS,-0.03446042268,-0.06155568763,0.02709526495,-0.06112979328,-0.1091944372
Boston Housing,LAD,0.2,23,CHAS,2.543558053,2.310981356,0.2325766972,0.3686316019,0.3349248342
Boston Housing,LAD,0.2,23,NOX,-10.58459868,-9.575947657,-1.00865102,-0.2208959724,-0.1998458642
Boston Housing,LAD,0.2,23,RM,5.227986703,4.976903745,0.2510829578,0.4629420109,0.4407084331
Boston Housing,LAD,0.2,23,AGE,-0.0465816498,-0.02865206404,-0.01792958576,-0.3071688501,-0.1889375237
Boston Housing,LAD,0.2,23,DIS,-1.418283276,-0.9501396515,-0.4681436249,-0.5019078412,-0.3362392755
Boston Housing,LAD,0.2,23,RAD,0.4822923209,0.2509050572,0.2313872637,1.397948756,0.7272610354
Boston Housing,LAD,0.2,23,TAX,-0.0151773048,-0.00724174151,-0.007935563285,-0.8402507872,-0.4009196025
Boston Housing,LAD,0.2,23,PTRATIO,-0.488825043,-0.7035817153,0.2147566723,-0.1700261019,-0.2447240749
Boston Housing,LAD,0.2,23,LSTAT,-0.2313864234,-0.3016570272,0.07027060375,-0.3014730358,-0.3930285035
Boston Housing,OLS,0.2,24,Intercept,38.41881625,25.76502072,12.65379553,,
Boston Housing,OLS,0.2,24,CRIM,0.5023768236,-0.3981416199,0.9005184435,0.2736621298,-0.2168815888
Boston Housing,OLS,0.2,24,ZN,-0.02946787125,-0.01028855598,-0.01917931526,-0.004270705978,-0.00149109507
Boston Housing,OLS,0.2,24,INDUS,0.0483452996,-0.08386181448,0.1322071141,0.08576035754,-0.1487635666
Boston Housing,OLS,0.2,24,CHAS,-5.258994369,2.009809016,-7.268803384,-0.7621730969,0.291276669
Boston Housing,OLS,0.2,24,NOX,-4.010079941,-14.50118331,10.49110337,-0.08368862487,-0.3026333908
Boston Housing,OLS,0.2,24,RM,3.430509157,4.782367,-1.351857843,0.3037740717,0.4234820633
Boston Housing,OLS,0.2,24,AGE,0.1724635961,-0.02203910644,0.1945027026,1.137259945,-0.1453303396
Boston Housing,OLS,0.2,24,DIS,0.4836842892,-0.979784906,1.463469195,0.171168159,-0.3467302585
Boston Housing,OLS,0.2,24,RAD,0.1462740502,0.2896341815,-0.1433601314,0.4239827541,0.8395193667
Boston Housing,OLS,0.2,24,TAX,-0.01327674888,-0.0102149664,-0.003061782473,-0.7350316045,-0.565524227
Boston Housing,OLS,0.2,24,PTRATIO,-1.611254526,-0.7292660368,-0.8819884893,-0.5604363569,-0.2536577519
Boston Housing,OLS,0.2,24,LSTAT,-1.161675425,-0.3438291921,-0.8178462326,-1.513545227,-0.4479745561
Boston Housing,LAD,0.2,24,Intercept,13.30302521,19.99811558,-6.695090371,,
Boston Housing,LAD,0.2,24,CRIM,-0.5745964958,-0.5296923671,-0.04490412875,-0.3130026972,-0.2885418564
Boston Housing,LAD,0.2,24,ZN,0.03636699522,0.01126306491,0.02510393031,0.005270579017,0.001632328248
Boston Housing,LAD,0.2,24,INDUS,-0.01588707659,-0.06155568763,0.04566861104,-0.02818229239,-0.1091944372
Boston Housing,LAD,0.2,24,CHAS,2.045789052,2.310981356,-0.2651923047,0.2964911669,0.3349248342
Boston Housing,LAD,0.2,24,NOX,-6.890288778,-9.575947657,2.685658879,-0.143797331,-0.1998458642
Boston Housing,LAD,0.2,24,RM,4.861343458,4.976903745,-0.1155602866,0.430475486,0.4407084331
Boston Housing,LAD,0.2,24,AGE,-0.01974037727,-0.02865206404,0.008911686768,-0.130172053,-0.1889375237
Boston Housing,LAD,0.2,24,DIS,-0.5828497658,-0.9501396515,0.3672898857,-0.2062612403,-0.3362392755
Boston Housing,LAD,0.2,24,RAD,0.2689456828,0.2509050572,0.01804062556,0.7795527037,0.7272610354
Boston Housing,LAD,0.2,24,TAX,-0.00503188099,-0.00724174151,0.002209860521,-0.2785765997,-0.4009196025
Boston Housing,LAD,0.2,24,PTRATIO,-0.5568451031,-0.7035817153,0.1467366122,-0.1936852532,-0.2447240749
Boston Housing,LAD,0.2,24,LSTAT,-0.3320988347,-0.3016570272,-0.03044180746,-0.4326910904,-0.3930285035
Boston Housing,OLS,0.2,25,Intercept,-4.715976585,25.76502072,-30.48099731,,
Boston Housing,OLS,0.2,25,CRIM,-1.795802438,-0.3981416199,-1.397660819,-0.9782360509,-0.2168815888
Boston Housing,OLS,0.2,25,ZN,-0.2661104275,-0.01028855598,-0.2558218715,-0.03856672862,-0.00149109507
Boston Housing,OLS,0.2,25,INDUS,-0.9668330865,-0.08386181448,-0.882971272,-1.715077823,-0.1487635666
Boston Housing,OLS,0.2,25,CHAS,11.54830012,2.009809016,9.538491101,1.673666684,0.291276669
Boston Housing,OLS,0.2,25,NOX,-10.704083,-14.50118331,3.797100313,-0.2233895582,-0.3026333908
Boston Housing,OLS,0.2,25,RM,7.20938523,4.782367,2.42701823,0.6383962863,0.4234820633
Boston Housing,OLS,0.2,25,AGE,-0.2149583154,-0.02203910644,-0.1929192089,-1.417478746,-0.1453303396
Boston Housing,OLS,0.2,25,DIS,-0.629597367,-0.979784906,0.350187539,-0.2228044711,-0.3467302585
Boston Housing,OLS,0.2,25,RAD,0.2721472324,0.2896341815,-0.01748694914,0.7888325576,0.8395193667
Boston Housing,OLS,0.2,25,TAX,0.04752792442,-0.0102149664,0.05774289083,2.631256106,-0.565524227
Boston Housing,OLS,0.2,25,PTRATIO,-0.6562242044,-0.7292660368,0.07304183239,-0.2282518972,-0.2536577519
Boston Housing,OLS,0.2,25,LSTAT,0.8660847523,-0.3438291921,1.209913944,1.128420569,-0.4479745561
Boston Housing,LAD,0.2,25,Intercept,20.35281982,19.99811558,0.3547042322,,
Boston Housing,LAD,0.2,25,CRIM,-0.6134124118,-0.5296923671,-0.08372004475,-0.3341470768,-0.2885418564
Boston Housing,LAD,0.2,25,ZN,0.02686550714,0.01126306491,0.01560244223,0.00389355176,0.001632328248
Boston Housing,LAD,0.2,25,INDUS,0.06467457258,-0.06155568763,0.1262302602,0.1147270679,-0.1091944372
Boston Housing,LAD,0.2,25,CHAS,2.543092828,2.310981356,0.2321114716,0.3685641779,0.3349248342
Boston Housing,LAD,0.2,25,NOX,-12.64363809,-9.575947657,-3.067690436,-0.2638672298,-0.1998458642
Boston Housing,LAD,0.2,25,RM,4.68812645,4.976903745,-0.2887772955,0.4151369943,0.4407084331
Boston Housing,LAD,0.2,25,AGE,-0.0421626591,-0.02865206404,-0.01351059506,-0.2780291288,-0.1889375237
Boston Housing,LAD,0.2,25,DIS,-0.826964857,-0.9501396515,0.1231747945,-0.2926496794,-0.3362392755
Boston Housing,LAD,0.2,25,RAD,0.2960265339,0.2509050572,0.04512147668,0.8580479243,0.7272610354
Boston Housing,LAD,0.2,25,TAX,-0.006308737414,-0.00724174151,0.0009330040964,-0.3492663322,-0.4009196025
Boston Housing,LAD,0.2,25,PTRATIO,-0.6833625902,-0.7035817153,0.02021912514,-0.2376913357,-0.2447240749
Boston Housing,LAD,0.2,25,LSTAT,-0.2199575414,-0.3016570272,0.0816994858,-0.2865823619,-0.3930285035
Boston Housing,OLS,0.2,26,Intercept,-42.11561844,25.76502072,-67.88063916,,
Boston Housing,OLS,0.2,26,CRIM,-1.6900211,-0.3981416199,-1.29187948,-0.9206132765,-0.2168815888
Boston Housing,OLS,0.2,26,ZN,0.2931584006,-0.01028855598,0.3034469565,0.04248672472,-0.00149109507
Boston Housing,OLS,0.2,26,INDUS,-0.7755617803,-0.08386181448,-0.6916999658,-1.375779158,-0.1487635666
Boston Housing,OLS,0.2,26,CHAS,6.210742405,2.009809016,4.200933389,0.9001075949,0.291276669
Boston Housing,OLS,0.2,26,NOX,-18.2289065,-14.50118331,-3.727723187,-0.3804293529,-0.3026333908
Boston Housing,OLS,0.2,26,RM,3.946796495,4.782367,-0.8355705051,0.3494916896,0.4234820633
Boston Housing,OLS,0.2,26,AGE,0.07006505378,-0.02203910644,0.09210416023,0.4620231808,-0.1453303396
Boston Housing,OLS,0.2,26,DIS,0.2821757486,-0.979784906,1.261960655,0.09985749899,-0.3467302585
Boston Housing,OLS,0.2,26,RAD,-0.008785972702,0.2896341815,-0.2984201542,-0.02546658754,0.8395193667
Boston Housing,OLS,0.2,26,TAX,0.05316317236,-0.0102149664,0.06337813876,2.943236499,-0.565524227
Boston Housing,OLS,0.2,26,PTRATIO,2.116339425,-0.7292660368,2.845605461,0.7361180607,-0.2536577519
Boston Housing,OLS,0.2,26,LSTAT,-0.5007227398,-0.3438291921,-0.1568935477,-0.6523909321,-0.4479745561
Boston Housing,LAD,0.2,26,Intercept,14.15367922,19.99811558,-5.844436362,,
Boston Housing,LAD,0.2,26,CRIM,-0.5860275663,-0.5296923671,-0.05633519923,-0.3192295989,-0.2885418564
Boston Housing,LAD,0.2,26,ZN,0.01344766011,0.01126306491,0.002184595198,0.001948936248,0.001632328248
Boston Housing,LAD,0.2,26,INDUS,-0.1167649376,-0.06155568763,-0.05520924995,-0.2071308458,-0.1091944372
Boston Housing,LAD,0.2,26,CHAS,2.125049643,2.310981356,-0.1859317132,0.3079782091,0.3349248342
Boston Housing,LAD,0.2,26,NOX,-6.776345606,-9.575947657,2.799602051,-0.1414193866,-0.1998458642
Boston Housing,LAD,0.2,26,RM,5.506677888,4.976903745,0.5297741432,0.4876203173,0.4407084331
Boston Housing,LAD,0.2,26,AGE,-0.03461779457,-0.02865206404,-0.005965730527,-0.2282767613,-0.1889375237
Boston Housing,LAD,0.2,26,DIS,-0.9030846803,-0.9501396515,0.04705497124,-0.3195872713,-0.3362392755
Boston Housing,LAD,0.2,26,RAD,0.26935298,0.2509050572,0.01844792278,0.7807332753,0.7272610354
Boston Housing,LAD,0.2,26,TAX,-0.007214605991,-0.00724174151,2.713551923e-05,-0.3994173172,-0.4009196025
Boston Housing,LAD,0.2,26,PTRATIO,-0.6434272421,-0.7035817153,0.06015447322,-0.2238007799,-0.2447240749
Boston Housing,LAD,0.2,26,LSTAT,-0.2604641102,-0.3016570272,0.04119291698,-0.3393583117,-0.3930285035
Boston Housing,OLS,0.2,27,Intercept,-58.60126079,25.76502072,-84.36628152,,
Boston Housing,OLS,0.2,27,CRIM,0.1029949509,-0.3981416199,0.5011365708,0.05610493217,-0.2168815888
Boston Housing,OLS,0.2,27,ZN,-0.4504244326,-0.01028855598,-0.4401358766,-0.06527890328,-0.00149109507
Boston Housing,OLS,0.2,27,INDUS,-0.8951097359,-0.08386181448,-0.8112479214,-1.587846836,-0.1487635666
Boston Housing,OLS,0.2,27,CHAS,3.586794774,2.009809016,1.576985759,0.5198253296,0.291276669
Boston Housing,OLS,0.2,27,NOX,46.32419211,-14.50118331,60.82537541,0.9667657483,-0.3026333908
Boston Housing,OLS,0.2,27,RM,12.56368019,4.782367,7.78131319,1.112522985,0.4234820633
Boston Housing,OLS,0.2,27,AGE,-0.2150044331,-0.02203910644,-0.1929653267,-1.417782856,-0.1453303396
Boston Housing,OLS,0.2,27,DIS,2.699855637,-0.979784906,3.679640543,0.9554358687,-0.3467302585
Boston Housing,OLS,0.2,27,RAD,-1.670192501,0.2896341815,-1.959826682,-4.841137684,0.8395193667
Boston Housing,OLS,0.2,27,TAX,0.09208015862,-0.0102149664,0.102295125,5.0977711,-0.565524227
Boston Housing,OLS,0.2,27,PTRATIO,-2.028482834,-0.7292660368,-1.299216797,-0.7055592465,-0.2536577519
Boston Housing,OLS,0.2,27,LSTAT,0.6221035843,-0.3438291921,0.9659327764,0.8105378584,-0.4479745561
Boston Housing,LAD,0.2,27,Intercept,5.775922057,19.99811558,-14.22219353,,
Boston Housing,LAD,0.2,27,CRIM,-0.3502556979,-0.5296923671,0.1794366692,-0.1907964614,-0.2885418564
Boston Housing,LAD,0.2,27,ZN,-0.00495705798,0.01126306491,-0.01622012289,-0.0007184142,0.001632328248
Boston Housing,LAD,0.2,27,INDUS,-0.1663189129,-0.06155568763,-0.1047632253,-0.295035289,-0.1091944372
Boston Housing,LAD,0.2,27,CHAS,2.172396663,2.310981356,-0.1385846936,0.314840096,0.3349248342
Boston Housing,LAD,0.2,27,NOX,-1.170867659,-9.575947657,8.405079998,-0.02443549897,-0.1998458642
Boston Housing,LAD,0.2,27,RM,6.04936031,4.976903745,1.072456565,0.5356752391,0.4407084331
Boston Housing,LAD,0.2,27,AGE,-0.05125408475,-0.02865206404,-0.02260202071,-0.3379798342,-0.1889375237
Boston Housing,LAD,0.2,27,DIS,-0.6774657394,-0.9501396515,0.2726739121,-0.239744325,-0.3362392755
Boston Housing,LAD,0.2,27,RAD,-0.01048390093,0.2509050572,-0.2613889581,-0.03038811863,0.7272610354
Boston Housing,LAD,0.2,27,TAX,0.00466606877,-0.00724174151,0.01190781028,0.258324387,-0.4009196025
Boston Housing,LAD,0.2,27,PTRATIO,-0.6401997724,-0.7035817153,0.06338194285,-0.2226781817,-0.2447240749
Boston Housing,LAD,0.2,27,LSTAT,-0.2438810862,-0.3016570272,0.05777594097,-0.3177523138,-0.3930285035
Boston Housing,OLS,0.2,28,Intercept,5.790064884,25.76502072,-19.97495584,,
Boston Housing,OLS,0.2,28,CRIM,-1.122019601,-0.3981416199,-0.7238779808,-0.6112031033,-0.2168815888
Boston Housing,OLS,0.2,28,ZN,-0.1881295125,-0.01028855598,-0.1778409565,-0.02726514674,-0.00149109507
Boston Housing,OLS,0.2,28,INDUS,0.2261152471,-0.08386181448,0.3099770615,0.4011087861,-0.1487635666
Boston Housing,OLS,0.2,28,CHAS,5.860422047,2.009809016,3.850613031,0.8493365285,0.291276669
Boston Housing,OLS,0.2,28,NOX,-28.44122067,-14.50118331,-13.94003737,-0.5935559097,-0.3026333908
Boston Housing,OLS,0.2,28,RM,10.04228752,4.782367,5.259920521,0.889251837,0.4234820633
Boston Housing,OLS,0.2,28,AGE,-0.0916592384,-0.02203910644,-0.06962013195,-0.6044196155,-0.1453303396
Boston Housing,OLS,0.2,28,DIS,0.4134747686,-0.979784906,1.393259675,0.146322129,-0.3467302585
Boston Housing,OLS,0.2,28,RAD,-0.3424469817,0.2896341815,-0.6320811633,-0.9925999471,0.8395193667
Boston Housing,OLS,0.2,28,TAX,0.02089830632,-0.0102149664,0.03111327273,1.156978698,-0.565524227
Boston Housing,OLS,0.2,28,PTRATIO,-2.004716339,-0.7292660368,-1.275450302,-0.6972926395,-0.2536577519
Boston Housing,OLS,0.2,28,LSTAT,0.4209150081,-0.3438291921,0.7647442002,0.548409554,-0.4479745561
Boston Housing,LAD,0.2,28,Intercept,15.76786984,19.99811558,-4.230245741,,
Boston Housing,LAD,0.2,28,CRIM,-0.521953884,-0.5296923671,0.007738483084,-0.2843264355,-0.2885418564
Boston Housing,LAD,0.2,28,ZN,0.015168537,0.01126306491,0.003905472085,0.002198338695,0.001632328248
Boston Housing,LAD,0.2,28,INDUS,-0.1151014086,-0.06155568763,-0.05354572096,-0.20417989,-0.1091944372
Boston Housing,LAD,0.2,28,CHAS,2.038723146,2.310981356,-0.2722582098,0.2954671227,0.3349248342
Boston Housing,LAD,0.2,28,NOX,-10.16781001,-9.575947657,-0.5918623567,-0.2121977742,-0.1998458642
Boston Housing,LAD,0.2,28,RM,5.406254532,4.976903745,0.4293507868,0.4787277564,0.4407084331
Boston Housing,LAD,0.2,28,AGE,-0.03819813486,-0.02865206404,-0.009546070822,-0.2518862516,-0.1889375237
Boston Housing,LAD,0.2,28,DIS,-1.10818723,-0.9501396515,-0.1580475783,-0.3921697939,-0.3362392755
Boston Housing,LAD,0.2,28,RAD,0.242495533,0.2509050572,-0.008409524245,0.7028856028,0.7272610354
Boston Housing,LAD,0.2,28,TAX,-0.006824619256,-0.00724174151,0.000417122254,-0.3778267472,-0.4009196025
Boston Housing,LAD,0.2,28,PTRATIO,-0.5448353908,-0.7035817153,0.1587463245,-0.189507962,-0.2447240749
Boston Housing,LAD,0.2,28,LSTAT,-0.2700388665,-0.3016570272,0.03161816072,-0.3518332478,-0.3930285035
Boston Housing,OLS,0.2,29,Intercept,14.83618443,25.76502072,-10.92883629,,
Boston Housing,OLS,0.2,29,CRIM,-1.31916395,-0.3981416199,-0.9210223305,-0.7185944878,-0.2168815888
Boston Housing,OLS,0.2,29,ZN,0.002617898533,-0.01028855598,0.01290645452,0.0003794055846,-0.00149109507
Boston Housing,OLS,0.2,29,INDUS,0.103877854,-0.08386181448,0.1877396685,0.1842702801,-0.1487635666
Boston Housing,OLS,0.2,29,CHAS,-5.110860456,2.009809016,-7.120669472,-0.7407044139,0.291276669
Boston Housing,OLS,0.2,29,NOX,57.81986055,-14.50118331,72.32104386,1.206675351,-0.3026333908
Boston Housing,OLS,0.2,29,RM,3.183406362,4.782367,-1.598960638,0.2818929402,0.4234820633
Boston Housing,OLS,0.2,29,AGE,0.004016511294,-0.02203910644,0.02605561774,0.02648569042,-0.1453303396
Boston Housing,OLS,0.2,29,DIS,1.488822182,-0.979784906,2.468607088,0.5268704355,-0.3467302585
Boston Housing,OLS,0.2,29,RAD,-0.2498666009,0.2896341815,-0.5395007824,-0.7242510172,0.8395193667
Boston Housing,OLS,0.2,29,TAX,0.0320583812,-0.0102149664,0.0422733476,1.774826321,-0.565524227
Boston Housing,OLS,0.2,29,PTRATIO,-2.948666404,-0.7292660368,-2.219400367,-1.025623097,-0.2536577519
Boston Housing,OLS,0.2,29,LSTAT,-0.2078062568,-0.3438291921,0.1360229353,-0.2707504708,-0.4479745561
Boston Housing,LAD,0.2,29,Intercept,18.50895898,19.99811558,-1.489156607,,
Boston Housing,LAD,0.2,29,CRIM,-0.5713996723,-0.5296923671,-0.04170730524,-0.3112612763,-0.2885418564
Boston Housing,LAD,0.2,29,ZN,0.0203661023,0.01126306491,0.009103037388,0.002951609029,0.001632328248
Boston Housing,LAD,0.2,29,INDUS,-0.03858609726,-0.06155568763,0.02296959038,-0.06844838122,-0.1091944372
Boston Housing,LAD,0.2,29,CHAS,1.783144019,2.310981356,-0.5278373369,0.2584266695,0.3349248342
Boston Housing,LAD,0.2,29,NOX,-5.704480417,-9.575947657,3.87146724,-0.1190500261,-0.1998458642
Boston Housing,LAD,0.2,29,RM,4.480355268,4.976903745,-0.4965484767,0.3967387056,0.4407084331
Boston Housing,LAD,0.2,29,AGE,-0.04745313376,-0.02865206404,-0.01880106972,-0.3129155922,-0.1889375237
Boston Housing,LAD,0.2,29,DIS,-0.8601795359,-0.9501396515,0.08996011561,-0.3044038247,-0.3362392755
Boston Housing,LAD,0.2,29,RAD,0.1929158829,0.2509050572,-0.05798917429,0.5591764722,0.7272610354
Boston Housing,LAD,0.2,29,TAX,-0.002932418559,-0.00724174151,0.004309322952,-0.1623454912,-0.4009196025
Boston Housing,LAD,0.2,29,PTRATIO,-0.6326429861,-0.7035817153,0.07093872924,-0.2200497343,-0.2447240749
Boston Housing,LAD,0.2,29,LSTAT,-0.2545474379,-0.3016570272,0.04710958926,-0.331649488,-0.3930285035
Boston Housing,OLS,0.2,30,Intercept,31.34497271,25.76502072,5.579951992,,
Boston Housing,OLS,0.2,30,CRIM,1.207003523,-0.3981416199,1.605145143,0.6574968015,-0.2168815888
Boston Housing,OLS,0.2,30,ZN,0.135377819,-0.01028855598,0.145666375,0.01961997377,-0.00149109507
Boston Housing,OLS,0.2,30,INDUS,0.1340226575,-0.08386181448,0.2178844719,0.2377445402,-0.1487635666
Boston Housing,OLS,0.2,30,CHAS,-4.738303345,2.009809016,-6.74811236,-0.6867106297,0.291276669
Boston Housing,OLS,0.2,30,NOX,-0.1296155213,-14.50118331,14.37156779,-0.002705019575,-0.3026333908
Boston Housing,OLS,0.2,30,RM,3.249803289,4.782367,-1.532563711,0.2877724362,0.4234820633
Boston Housing,OLS,0.2,30,AGE,0.003037175275,-0.02203910644,0.02507628172,0.02002775,-0.1453303396
Boston Housing,OLS,0.2,30,DIS,-1.463350702,-0.979784906,-0.4835657959,-0.5178564846,-0.3467302585
Boston Housing,OLS,0.2,30,RAD,-0.2677627809,0.2896341815,-0.5573969624,-0.7761240026,0.8395193667
Boston Housing,OLS,0.2,30,TAX,-0.03322588272,-0.0102149664,-0.02301091632,-1.839461913,-0.565524227
Boston Housing,OLS,0.2,30,PTRATIO,-0.4077079712,-0.7292660368,0.3215580655,-0.1418114683,-0.2536577519
Boston Housing,OLS,0.2,30,LSTAT,-0.6161187659,-0.3438291921,-0.2722895738,-0.8027402472,-0.4479745561
Boston Housing,LAD,0.2,30,Intercept,15.66927241,19.99811558,-4.328843172,,
Boston Housing,LAD,0.2,30,CRIM,-0.5393114306,-0.5296923671,-0.009619063554,-0.2937816949,-0.2885418564
Boston Housing,LAD,0.2,30,ZN,-0.01495411989,0.01126306491,-0.0262171848,-0.002167263753,0.001632328248
Boston Housing,LAD,0.2,30,INDUS,-0.06694750702,-0.06155568763,-0.005391819392,-0.1187590559,-0.1091944372
Boston Housing,LAD,0.2,30,CHAS,2.08620454,2.310981356,-0.224776816,0.3023484841,0.3349248342
Boston Housing,LAD,0.2,30,NOX,-4.762389688,-9.575947657,4.81355797,-0.09938900218,-0.1998458642
Boston Housing,LAD,0.2,30,RM,4.674183881,4.976903745,-0.3027198639,0.4139023698,0.4407084331
Boston Housing,LAD,0.2,30,AGE,-0.03070429319,-0.02865206404,-0.002052229155,-0.2024703392,-0.1889375237
Boston Housing,LAD,0.2,30,DIS,-0.6627944282,-0.9501396515,0.2873452233,-0.2345523818,-0.3362392755
Boston Housing,LAD,0.2,30,RAD,0.1862524382,0.2509050572,-0.06465261901,0.5398621397,0.7272610354
Boston Housing,LAD,0.2,30,TAX,-0.004688121226,-0.00724174151,0.002553620284,-0.2595452621,-0.4009196025
Boston Housing,LAD,0.2,30,PTRATIO,-0.5975282994,-0.7035817153,0.1060534159,-0.2078359302,-0.2447240749
Boston Housing,LAD,0.2,30,LSTAT,-0.2874966518,-0.3016570272,0.01416037544,-0.3745789709,-0.3930285035
Concrete Strength,OLS,0,1,Intercept,56.988864,56.988864,0,,
Concrete Strength,OLS,0,1,Cement,0.09386837158,0.09386837158,0,0.591234537,0.591234537
Concrete Strength,OLS,0,1,BlastFurnaceSlag,0.07002203066,0.07002203066,0,0.4546451914,0.4546451914
Concrete Strength,OLS,0,1,FlyAsh,0.03678860477,0.03678860477,0,0.1948308892,0.1948308892
Concrete Strength,OLS,0,1,Water,-0.228883896,-0.228883896,0,-0.2777502297,-0.2777502297
Concrete Strength,OLS,0,1,Superplasticizer,0.4392444175,0.4392444175,0,0.1998342188,0.1998342188
Concrete Strength,OLS,0,1,CoarseAggregate,-0.01059364737,-0.01059364737,0,-0.045729078,-0.045729078
Concrete Strength,OLS,0,1,FineAggregate,-0.02111570423,-0.02111570423,0,-0.06855094962,-0.06855094962
Concrete Strength,OLS,0,1,Age,0.3179965973,0.3179965973,0,0.2990278692,0.2990278692
Concrete Strength,LAD,0,1,Intercept,34.84597323,34.84597323,0,,
Concrete Strength,LAD,0,1,Cement,0.1046292998,0.1046292998,0,0.6590127704,0.6590127704
Concrete Strength,LAD,0,1,BlastFurnaceSlag,0.07282063074,0.07282063074,0,0.4728161879,0.4728161879
Concrete Strength,LAD,0,1,FlyAsh,0.04138226326,0.04138226326,0,0.2191587096,0.2191587096
Concrete Strength,LAD,0,1,Water,-0.1976716548,-0.1976716548,0,-0.2398742266,-0.2398742266
Concrete Strength,LAD,0,1,Superplasticizer,0.4402183842,0.4402183842,0,0.2002773249,0.2002773249
Concrete Strength,LAD,0,1,CoarseAggregate,-0.004963797824,-0.004963797824,0,-0.0214269826,-0.0214269826
Concrete Strength,LAD,0,1,FineAggregate,-0.01133095325,-0.01133095325,0,-0.03678530428,-0.03678530428
Concrete Strength,LAD,0,1,Age,0.3116355468,0.3116355468,0,0.29304626,0.29304626
Concrete Strength,OLS,0,2,Intercept,56.988864,56.988864,0,,
Concrete Strength,OLS,0,2,Cement,0.09386837158,0.09386837158,0,0.591234537,0.591234537
Concrete Strength,OLS,0,2,BlastFurnaceSlag,0.07002203066,0.07002203066,0,0.4546451914,0.4546451914
Concrete Strength,OLS,0,2,FlyAsh,0.03678860477,0.03678860477,0,0.1948308892,0.1948308892
Concrete Strength,OLS,0,2,Water,-0.228883896,-0.228883896,0,-0.2777502297,-0.2777502297
Concrete Strength,OLS,0,2,Superplasticizer,0.4392444175,0.4392444175,0,0.1998342188,0.1998342188
Concrete Strength,OLS,0,2,CoarseAggregate,-0.01059364737,-0.01059364737,0,-0.045729078,-0.045729078
Concrete Strength,OLS,0,2,FineAggregate,-0.02111570423,-0.02111570423,0,-0.06855094962,-0.06855094962
Concrete Strength,OLS,0,2,Age,0.3179965973,0.3179965973,0,0.2990278692,0.2990278692
Concrete Strength,LAD,0,2,Intercept,34.84597323,34.84597323,0,,
Concrete Strength,LAD,0,2,Cement,0.1046292998,0.1046292998,0,0.6590127704,0.6590127704
Concrete Strength,LAD,0,2,BlastFurnaceSlag,0.07282063074,0.07282063074,0,0.4728161879,0.4728161879
Concrete Strength,LAD,0,2,FlyAsh,0.04138226326,0.04138226326,0,0.2191587096,0.2191587096
Concrete Strength,LAD,0,2,Water,-0.1976716548,-0.1976716548,0,-0.2398742266,-0.2398742266
Concrete Strength,LAD,0,2,Superplasticizer,0.4402183842,0.4402183842,0,0.2002773249,0.2002773249
Concrete Strength,LAD,0,2,CoarseAggregate,-0.004963797824,-0.004963797824,0,-0.0214269826,-0.0214269826
Concrete Strength,LAD,0,2,FineAggregate,-0.01133095325,-0.01133095325,0,-0.03678530428,-0.03678530428
Concrete Strength,LAD,0,2,Age,0.3116355468,0.3116355468,0,0.29304626,0.29304626
Concrete Strength,OLS,0,3,Intercept,56.988864,56.988864,0,,
Concrete Strength,OLS,0,3,Cement,0.09386837158,0.09386837158,0,0.591234537,0.591234537
Concrete Strength,OLS,0,3,BlastFurnaceSlag,0.07002203066,0.07002203066,0,0.4546451914,0.4546451914
Concrete Strength,OLS,0,3,FlyAsh,0.03678860477,0.03678860477,0,0.1948308892,0.1948308892
Concrete Strength,OLS,0,3,Water,-0.228883896,-0.228883896,0,-0.2777502297,-0.2777502297
Concrete Strength,OLS,0,3,Superplasticizer,0.4392444175,0.4392444175,0,0.1998342188,0.1998342188
Concrete Strength,OLS,0,3,CoarseAggregate,-0.01059364737,-0.01059364737,0,-0.045729078,-0.045729078
Concrete Strength,OLS,0,3,FineAggregate,-0.02111570423,-0.02111570423,0,-0.06855094962,-0.06855094962
Concrete Strength,OLS,0,3,Age,0.3179965973,0.3179965973,0,0.2990278692,0.2990278692
Concrete Strength,LAD,0,3,Intercept,34.84597323,34.84597323,0,,
Concrete Strength,LAD,0,3,Cement,0.1046292998,0.1046292998,0,0.6590127704,0.6590127704
Concrete Strength,LAD,0,3,BlastFurnaceSlag,0.07282063074,0.07282063074,0,0.4728161879,0.4728161879
Concrete Strength,LAD,0,3,FlyAsh,0.04138226326,0.04138226326,0,0.2191587096,0.2191587096
Concrete Strength,LAD,0,3,Water,-0.1976716548,-0.1976716548,0,-0.2398742266,-0.2398742266
Concrete Strength,LAD,0,3,Superplasticizer,0.4402183842,0.4402183842,0,0.2002773249,0.2002773249
Concrete Strength,LAD,0,3,CoarseAggregate,-0.004963797824,-0.004963797824,0,-0.0214269826,-0.0214269826
Concrete Strength,LAD,0,3,FineAggregate,-0.01133095325,-0.01133095325,0,-0.03678530428,-0.03678530428
Concrete Strength,LAD,0,3,Age,0.3116355468,0.3116355468,0,0.29304626,0.29304626
Concrete Strength,OLS,0,4,Intercept,56.988864,56.988864,0,,
Concrete Strength,OLS,0,4,Cement,0.09386837158,0.09386837158,0,0.591234537,0.591234537
Concrete Strength,OLS,0,4,BlastFurnaceSlag,0.07002203066,0.07002203066,0,0.4546451914,0.4546451914
Concrete Strength,OLS,0,4,FlyAsh,0.03678860477,0.03678860477,0,0.1948308892,0.1948308892
Concrete Strength,OLS,0,4,Water,-0.228883896,-0.228883896,0,-0.2777502297,-0.2777502297
Concrete Strength,OLS,0,4,Superplasticizer,0.4392444175,0.4392444175,0,0.1998342188,0.1998342188
Concrete Strength,OLS,0,4,CoarseAggregate,-0.01059364737,-0.01059364737,0,-0.045729078,-0.045729078
Concrete Strength,OLS,0,4,FineAggregate,-0.02111570423,-0.02111570423,0,-0.06855094962,-0.06855094962
Concrete Strength,OLS,0,4,Age,0.3179965973,0.3179965973,0,0.2990278692,0.2990278692
Concrete Strength,LAD,0,4,Intercept,34.84597323,34.84597323,0,,
Concrete Strength,LAD,0,4,Cement,0.1046292998,0.1046292998,0,0.6590127704,0.6590127704
Concrete Strength,LAD,0,4,BlastFurnaceSlag,0.07282063074,0.07282063074,0,0.4728161879,0.4728161879
Concrete Strength,LAD,0,4,FlyAsh,0.04138226326,0.04138226326,0,0.2191587096,0.2191587096
Concrete Strength,LAD,0,4,Water,-0.1976716548,-0.1976716548,0,-0.2398742266,-0.2398742266
Concrete Strength,LAD,0,4,Superplasticizer,0.4402183842,0.4402183842,0,0.2002773249,0.2002773249
Concrete Strength,LAD,0,4,CoarseAggregate,-0.004963797824,-0.004963797824,0,-0.0214269826,-0.0214269826
Concrete Strength,LAD,0,4,FineAggregate,-0.01133095325,-0.01133095325,0,-0.03678530428,-0.03678530428
Concrete Strength,LAD,0,4,Age,0.3116355468,0.3116355468,0,0.29304626,0.29304626
Concrete Strength,OLS,0,5,Intercept,56.988864,56.988864,0,,
Concrete Strength,OLS,0,5,Cement,0.09386837158,0.09386837158,0,0.591234537,0.591234537
Concrete Strength,OLS,0,5,BlastFurnaceSlag,0.07002203066,0.07002203066,0,0.4546451914,0.4546451914
Concrete Strength,OLS,0,5,FlyAsh,0.03678860477,0.03678860477,0,0.1948308892,0.1948308892
Concrete Strength,OLS,0,5,Water,-0.228883896,-0.228883896,0,-0.2777502297,-0.2777502297
Concrete Strength,OLS,0,5,Superplasticizer,0.4392444175,0.4392444175,0,0.1998342188,0.1998342188
Concrete Strength,OLS,0,5,CoarseAggregate,-0.01059364737,-0.01059364737,0,-0.045729078,-0.045729078
Concrete Strength,OLS,0,5,FineAggregate,-0.02111570423,-0.02111570423,0,-0.06855094962,-0.06855094962
Concrete Strength,OLS,0,5,Age,0.3179965973,0.3179965973,0,0.2990278692,0.2990278692
Concrete Strength,LAD,0,5,Intercept,34.84597323,34.84597323,0,,
Concrete Strength,LAD,0,5,Cement,0.1046292998,0.1046292998,0,0.6590127704,0.6590127704
Concrete Strength,LAD,0,5,BlastFurnaceSlag,0.07282063074,0.07282063074,0,0.4728161879,0.4728161879
Concrete Strength,LAD,0,5,FlyAsh,0.04138226326,0.04138226326,0,0.2191587096,0.2191587096
Concrete Strength,LAD,0,5,Water,-0.1976716548,-0.1976716548,0,-0.2398742266,-0.2398742266
Concrete Strength,LAD,0,5,Superplasticizer,0.4402183842,0.4402183842,0,0.2002773249,0.2002773249
Concrete Strength,LAD,0,5,CoarseAggregate,-0.004963797824,-0.004963797824,0,-0.0214269826,-0.0214269826
Concrete Strength,LAD,0,5,FineAggregate,-0.01133095325,-0.01133095325,0,-0.03678530428,-0.03678530428
Concrete Strength,LAD,0,5,Age,0.3116355468,0.3116355468,0,0.29304626,0.29304626
Concrete Strength,OLS,0,6,Intercept,56.988864,56.988864,0,,
Concrete Strength,OLS,0,6,Cement,0.09386837158,0.09386837158,0,0.591234537,0.591234537
Concrete Strength,OLS,0,6,BlastFurnaceSlag,0.07002203066,0.07002203066,0,0.4546451914,0.4546451914
Concrete Strength,OLS,0,6,FlyAsh,0.03678860477,0.03678860477,0,0.1948308892,0.1948308892
Concrete Strength,OLS,0,6,Water,-0.228883896,-0.228883896,0,-0.2777502297,-0.2777502297
Concrete Strength,OLS,0,6,Superplasticizer,0.4392444175,0.4392444175,0,0.1998342188,0.1998342188
Concrete Strength,OLS,0,6,CoarseAggregate,-0.01059364737,-0.01059364737,0,-0.045729078,-0.045729078
Concrete Strength,OLS,0,6,FineAggregate,-0.02111570423,-0.02111570423,0,-0.06855094962,-0.06855094962
Concrete Strength,OLS,0,6,Age,0.3179965973,0.3179965973,0,0.2990278692,0.2990278692
Concrete Strength,LAD,0,6,Intercept,34.84597323,34.84597323,0,,
Concrete Strength,LAD,0,6,Cement,0.1046292998,0.1046292998,0,0.6590127704,0.6590127704
Concrete Strength,LAD,0,6,BlastFurnaceSlag,0.07282063074,0.07282063074,0,0.4728161879,0.4728161879
Concrete Strength,LAD,0,6,FlyAsh,0.04138226326,0.04138226326,0,0.2191587096,0.2191587096
Concrete Strength,LAD,0,6,Water,-0.1976716548,-0.1976716548,0,-0.2398742266,-0.2398742266
Concrete Strength,LAD,0,6,Superplasticizer,0.4402183842,0.4402183842,0,0.2002773249,0.2002773249
Concrete Strength,LAD,0,6,CoarseAggregate,-0.004963797824,-0.004963797824,0,-0.0214269826,-0.0214269826
Concrete Strength,LAD,0,6,FineAggregate,-0.01133095325,-0.01133095325,0,-0.03678530428,-0.03678530428
Concrete Strength,LAD,0,6,Age,0.3116355468,0.3116355468,0,0.29304626,0.29304626
Concrete Strength,OLS,0,7,Intercept,56.988864,56.988864,0,,
Concrete Strength,OLS,0,7,Cement,0.09386837158,0.09386837158,0,0.591234537,0.591234537
Concrete Strength,OLS,0,7,BlastFurnaceSlag,0.07002203066,0.07002203066,0,0.4546451914,0.4546451914
Concrete Strength,OLS,0,7,FlyAsh,0.03678860477,0.03678860477,0,0.1948308892,0.1948308892
Concrete Strength,OLS,0,7,Water,-0.228883896,-0.228883896,0,-0.2777502297,-0.2777502297
Concrete Strength,OLS,0,7,Superplasticizer,0.4392444175,0.4392444175,0,0.1998342188,0.1998342188
Concrete Strength,OLS,0,7,CoarseAggregate,-0.01059364737,-0.01059364737,0,-0.045729078,-0.045729078
Concrete Strength,OLS,0,7,FineAggregate,-0.02111570423,-0.02111570423,0,-0.06855094962,-0.06855094962
Concrete Strength,OLS,0,7,Age,0.3179965973,0.3179965973,0,0.2990278692,0.2990278692
Concrete Strength,LAD,0,7,Intercept,34.84597323,34.84597323,0,,
Concrete Strength,LAD,0,7,Cement,0.1046292998,0.1046292998,0,0.6590127704,0.6590127704
Concrete Strength,LAD,0,7,BlastFurnaceSlag,0.07282063074,0.07282063074,0,0.4728161879,0.4728161879
Concrete Strength,LAD,0,7,FlyAsh,0.04138226326,0.04138226326,0,0.2191587096,0.2191587096
Concrete Strength,LAD,0,7,Water,-0.1976716548,-0.1976716548,0,-0.2398742266,-0.2398742266
Concrete Strength,LAD,0,7,Superplasticizer,0.4402183842,0.4402183842,0,0.2002773249,0.2002773249
Concrete Strength,LAD,0,7,CoarseAggregate,-0.004963797824,-0.004963797824,0,-0.0214269826,-0.0214269826
Concrete Strength,LAD,0,7,FineAggregate,-0.01133095325,-0.01133095325,0,-0.03678530428,-0.03678530428
Concrete Strength,LAD,0,7,Age,0.3116355468,0.3116355468,0,0.29304626,0.29304626
Concrete Strength,OLS,0,8,Intercept,56.988864,56.988864,0,,
Concrete Strength,OLS,0,8,Cement,0.09386837158,0.09386837158,0,0.591234537,0.591234537
Concrete Strength,OLS,0,8,BlastFurnaceSlag,0.07002203066,0.07002203066,0,0.4546451914,0.4546451914
Concrete Strength,OLS,0,8,FlyAsh,0.03678860477,0.03678860477,0,0.1948308892,0.1948308892
Concrete Strength,OLS,0,8,Water,-0.228883896,-0.228883896,0,-0.2777502297,-0.2777502297
Concrete Strength,OLS,0,8,Superplasticizer,0.4392444175,0.4392444175,0,0.1998342188,0.1998342188
Concrete Strength,OLS,0,8,CoarseAggregate,-0.01059364737,-0.01059364737,0,-0.045729078,-0.045729078
Concrete Strength,OLS,0,8,FineAggregate,-0.02111570423,-0.02111570423,0,-0.06855094962,-0.06855094962
Concrete Strength,OLS,0,8,Age,0.3179965973,0.3179965973,0,0.2990278692,0.2990278692
Concrete Strength,LAD,0,8,Intercept,34.84597323,34.84597323,0,,
Concrete Strength,LAD,0,8,Cement,0.1046292998,0.1046292998,0,0.6590127704,0.6590127704
Concrete Strength,LAD,0,8,BlastFurnaceSlag,0.07282063074,0.07282063074,0,0.4728161879,0.4728161879
Concrete Strength,LAD,0,8,FlyAsh,0.04138226326,0.04138226326,0,0.2191587096,0.2191587096
Concrete Strength,LAD,0,8,Water,-0.1976716548,-0.1976716548,0,-0.2398742266,-0.2398742266
Concrete Strength,LAD,0,8,Superplasticizer,0.4402183842,0.4402183842,0,0.2002773249,0.2002773249
Concrete Strength,LAD,0,8,CoarseAggregate,-0.004963797824,-0.004963797824,0,-0.0214269826,-0.0214269826
Concrete Strength,LAD,0,8,FineAggregate,-0.01133095325,-0.01133095325,0,-0.03678530428,-0.03678530428
Concrete Strength,LAD,0,8,Age,0.3116355468,0.3116355468,0,0.29304626,0.29304626
Concrete Strength,OLS,0,9,Intercept,56.988864,56.988864,0,,
Concrete Strength,OLS,0,9,Cement,0.09386837158,0.09386837158,0,0.591234537,0.591234537
Concrete Strength,OLS,0,9,BlastFurnaceSlag,0.07002203066,0.07002203066,0,0.4546451914,0.4546451914
Concrete Strength,OLS,0,9,FlyAsh,0.03678860477,0.03678860477,0,0.1948308892,0.1948308892
Concrete Strength,OLS,0,9,Water,-0.228883896,-0.228883896,0,-0.2777502297,-0.2777502297
Concrete Strength,OLS,0,9,Superplasticizer,0.4392444175,0.4392444175,0,0.1998342188,0.1998342188
Concrete Strength,OLS,0,9,CoarseAggregate,-0.01059364737,-0.01059364737,0,-0.045729078,-0.045729078
Concrete Strength,OLS,0,9,FineAggregate,-0.02111570423,-0.02111570423,0,-0.06855094962,-0.06855094962
Concrete Strength,OLS,0,9,Age,0.3179965973,0.3179965973,0,0.2990278692,0.2990278692
Concrete Strength,LAD,0,9,Intercept,34.84597323,34.84597323,0,,
Concrete Strength,LAD,0,9,Cement,0.1046292998,0.1046292998,0,0.6590127704,0.6590127704
Concrete Strength,LAD,0,9,BlastFurnaceSlag,0.07282063074,0.07282063074,0,0.4728161879,0.4728161879
Concrete Strength,LAD,0,9,FlyAsh,0.04138226326,0.04138226326,0,0.2191587096,0.2191587096
Concrete Strength,LAD,0,9,Water,-0.1976716548,-0.1976716548,0,-0.2398742266,-0.2398742266
Concrete Strength,LAD,0,9,Superplasticizer,0.4402183842,0.4402183842,0,0.2002773249,0.2002773249
Concrete Strength,LAD,0,9,CoarseAggregate,-0.004963797824,-0.004963797824,0,-0.0214269826,-0.0214269826
Concrete Strength,LAD,0,9,FineAggregate,-0.01133095325,-0.01133095325,0,-0.03678530428,-0.03678530428
Concrete Strength,LAD,0,9,Age,0.3116355468,0.3116355468,0,0.29304626,0.29304626
Concrete Strength,OLS,0,10,Intercept,56.988864,56.988864,0,,
Concrete Strength,OLS,0,10,Cement,0.09386837158,0.09386837158,0,0.591234537,0.591234537
Concrete Strength,OLS,0,10,BlastFurnaceSlag,0.07002203066,0.07002203066,0,0.4546451914,0.4546451914
Concrete Strength,OLS,0,10,FlyAsh,0.03678860477,0.03678860477,0,0.1948308892,0.1948308892
Concrete Strength,OLS,0,10,Water,-0.228883896,-0.228883896,0,-0.2777502297,-0.2777502297
Concrete Strength,OLS,0,10,Superplasticizer,0.4392444175,0.4392444175,0,0.1998342188,0.1998342188
Concrete Strength,OLS,0,10,CoarseAggregate,-0.01059364737,-0.01059364737,0,-0.045729078,-0.045729078
Concrete Strength,OLS,0,10,FineAggregate,-0.02111570423,-0.02111570423,0,-0.06855094962,-0.06855094962
Concrete Strength,OLS,0,10,Age,0.3179965973,0.3179965973,0,0.2990278692,0.2990278692
Concrete Strength,LAD,0,10,Intercept,34.84597323,34.84597323,0,,
Concrete Strength,LAD,0,10,Cement,0.1046292998,0.1046292998,0,0.6590127704,0.6590127704
Concrete Strength,LAD,0,10,BlastFurnaceSlag,0.07282063074,0.07282063074,0,0.4728161879,0.4728161879
Concrete Strength,LAD,0,10,FlyAsh,0.04138226326,0.04138226326,0,0.2191587096,0.2191587096
Concrete Strength,LAD,0,10,Water,-0.1976716548,-0.1976716548,0,-0.2398742266,-0.2398742266
Concrete Strength,LAD,0,10,Superplasticizer,0.4402183842,0.4402183842,0,0.2002773249,0.2002773249
Concrete Strength,LAD,0,10,CoarseAggregate,-0.004963797824,-0.004963797824,0,-0.0214269826,-0.0214269826
Concrete Strength,LAD,0,10,FineAggregate,-0.01133095325,-0.01133095325,0,-0.03678530428,-0.03678530428
Concrete Strength,LAD,0,10,Age,0.3116355468,0.3116355468,0,0.29304626,0.29304626
Concrete Strength,OLS,0,11,Intercept,56.988864,56.988864,0,,
Concrete Strength,OLS,0,11,Cement,0.09386837158,0.09386837158,0,0.591234537,0.591234537
Concrete Strength,OLS,0,11,BlastFurnaceSlag,0.07002203066,0.07002203066,0,0.4546451914,0.4546451914
Concrete Strength,OLS,0,11,FlyAsh,0.03678860477,0.03678860477,0,0.1948308892,0.1948308892
Concrete Strength,OLS,0,11,Water,-0.228883896,-0.228883896,0,-0.2777502297,-0.2777502297
Concrete Strength,OLS,0,11,Superplasticizer,0.4392444175,0.4392444175,0,0.1998342188,0.1998342188
Concrete Strength,OLS,0,11,CoarseAggregate,-0.01059364737,-0.01059364737,0,-0.045729078,-0.045729078
Concrete Strength,OLS,0,11,FineAggregate,-0.02111570423,-0.02111570423,0,-0.06855094962,-0.06855094962
Concrete Strength,OLS,0,11,Age,0.3179965973,0.3179965973,0,0.2990278692,0.2990278692
Concrete Strength,LAD,0,11,Intercept,34.84597323,34.84597323,0,,
Concrete Strength,LAD,0,11,Cement,0.1046292998,0.1046292998,0,0.6590127704,0.6590127704
Concrete Strength,LAD,0,11,BlastFurnaceSlag,0.07282063074,0.07282063074,0,0.4728161879,0.4728161879
Concrete Strength,LAD,0,11,FlyAsh,0.04138226326,0.04138226326,0,0.2191587096,0.2191587096
Concrete Strength,LAD,0,11,Water,-0.1976716548,-0.1976716548,0,-0.2398742266,-0.2398742266
Concrete Strength,LAD,0,11,Superplasticizer,0.4402183842,0.4402183842,0,0.2002773249,0.2002773249
Concrete Strength,LAD,0,11,CoarseAggregate,-0.004963797824,-0.004963797824,0,-0.0214269826,-0.0214269826
Concrete Strength,LAD,0,11,FineAggregate,-0.01133095325,-0.01133095325,0,-0.03678530428,-0.03678530428
Concrete Strength,LAD,0,11,Age,0.3116355468,0.3116355468,0,0.29304626,0.29304626
Concrete Strength,OLS,0,12,Intercept,56.988864,56.988864,0,,
Concrete Strength,OLS,0,12,Cement,0.09386837158,0.09386837158,0,0.591234537,0.591234537
Concrete Strength,OLS,0,12,BlastFurnaceSlag,0.07002203066,0.07002203066,0,0.4546451914,0.4546451914
Concrete Strength,OLS,0,12,FlyAsh,0.03678860477,0.03678860477,0,0.1948308892,0.1948308892
Concrete Strength,OLS,0,12,Water,-0.228883896,-0.228883896,0,-0.2777502297,-0.2777502297
Concrete Strength,OLS,0,12,Superplasticizer,0.4392444175,0.4392444175,0,0.1998342188,0.1998342188
Concrete Strength,OLS,0,12,CoarseAggregate,-0.01059364737,-0.01059364737,0,-0.045729078,-0.045729078
Concrete Strength,OLS,0,12,FineAggregate,-0.02111570423,-0.02111570423,0,-0.06855094962,-0.06855094962
Concrete Strength,OLS,0,12,Age,0.3179965973,0.3179965973,0,0.2990278692,0.2990278692
Concrete Strength,LAD,0,12,Intercept,34.84597323,34.84597323,0,,
Concrete Strength,LAD,0,12,Cement,0.1046292998,0.1046292998,0,0.6590127704,0.6590127704
Concrete Strength,LAD,0,12,BlastFurnaceSlag,0.07282063074,0.07282063074,0,0.4728161879,0.4728161879
Concrete Strength,LAD,0,12,FlyAsh,0.04138226326,0.04138226326,0,0.2191587096,0.2191587096
Concrete Strength,LAD,0,12,Water,-0.1976716548,-0.1976716548,0,-0.2398742266,-0.2398742266
Concrete Strength,LAD,0,12,Superplasticizer,0.4402183842,0.4402183842,0,0.2002773249,0.2002773249
Concrete Strength,LAD,0,12,CoarseAggregate,-0.004963797824,-0.004963797824,0,-0.0214269826,-0.0214269826
Concrete Strength,LAD,0,12,FineAggregate,-0.01133095325,-0.01133095325,0,-0.03678530428,-0.03678530428
Concrete Strength,LAD,0,12,Age,0.3116355468,0.3116355468,0,0.29304626,0.29304626
Concrete Strength,OLS,0,13,Intercept,56.988864,56.988864,0,,
Concrete Strength,OLS,0,13,Cement,0.09386837158,0.09386837158,0,0.591234537,0.591234537
Concrete Strength,OLS,0,13,BlastFurnaceSlag,0.07002203066,0.07002203066,0,0.4546451914,0.4546451914
Concrete Strength,OLS,0,13,FlyAsh,0.03678860477,0.03678860477,0,0.1948308892,0.1948308892
Concrete Strength,OLS,0,13,Water,-0.228883896,-0.228883896,0,-0.2777502297,-0.2777502297
Concrete Strength,OLS,0,13,Superplasticizer,0.4392444175,0.4392444175,0,0.1998342188,0.1998342188
Concrete Strength,OLS,0,13,CoarseAggregate,-0.01059364737,-0.01059364737,0,-0.045729078,-0.045729078
Concrete Strength,OLS,0,13,FineAggregate,-0.02111570423,-0.02111570423,0,-0.06855094962,-0.06855094962
Concrete Strength,OLS,0,13,Age,0.3179965973,0.3179965973,0,0.2990278692,0.2990278692
Concrete Strength,LAD,0,13,Intercept,34.84597323,34.84597323,0,,
Concrete Strength,LAD,0,13,Cement,0.1046292998,0.1046292998,0,0.6590127704,0.6590127704
Concrete Strength,LAD,0,13,BlastFurnaceSlag,0.07282063074,0.07282063074,0,0.4728161879,0.4728161879
Concrete Strength,LAD,0,13,FlyAsh,0.04138226326,0.04138226326,0,0.2191587096,0.2191587096
Concrete Strength,LAD,0,13,Water,-0.1976716548,-0.1976716548,0,-0.2398742266,-0.2398742266
Concrete Strength,LAD,0,13,Superplasticizer,0.4402183842,0.4402183842,0,0.2002773249,0.2002773249
Concrete Strength,LAD,0,13,CoarseAggregate,-0.004963797824,-0.004963797824,0,-0.0214269826,-0.0214269826
Concrete Strength,LAD,0,13,FineAggregate,-0.01133095325,-0.01133095325,0,-0.03678530428,-0.03678530428
Concrete Strength,LAD,0,13,Age,0.3116355468,0.3116355468,0,0.29304626,0.29304626
Concrete Strength,OLS,0,14,Intercept,56.988864,56.988864,0,,
Concrete Strength,OLS,0,14,Cement,0.09386837158,0.09386837158,0,0.591234537,0.591234537
Concrete Strength,OLS,0,14,BlastFurnaceSlag,0.07002203066,0.07002203066,0,0.4546451914,0.4546451914
Concrete Strength,OLS,0,14,FlyAsh,0.03678860477,0.03678860477,0,0.1948308892,0.1948308892
Concrete Strength,OLS,0,14,Water,-0.228883896,-0.228883896,0,-0.2777502297,-0.2777502297
Concrete Strength,OLS,0,14,Superplasticizer,0.4392444175,0.4392444175,0,0.1998342188,0.1998342188
Concrete Strength,OLS,0,14,CoarseAggregate,-0.01059364737,-0.01059364737,0,-0.045729078,-0.045729078
Concrete Strength,OLS,0,14,FineAggregate,-0.02111570423,-0.02111570423,0,-0.06855094962,-0.06855094962
Concrete Strength,OLS,0,14,Age,0.3179965973,0.3179965973,0,0.2990278692,0.2990278692
Concrete Strength,LAD,0,14,Intercept,34.84597323,34.84597323,0,,
Concrete Strength,LAD,0,14,Cement,0.1046292998,0.1046292998,0,0.6590127704,0.6590127704
Concrete Strength,LAD,0,14,BlastFurnaceSlag,0.07282063074,0.07282063074,0,0.4728161879,0.4728161879
Concrete Strength,LAD,0,14,FlyAsh,0.04138226326,0.04138226326,0,0.2191587096,0.2191587096
Concrete Strength,LAD,0,14,Water,-0.1976716548,-0.1976716548,0,-0.2398742266,-0.2398742266
Concrete Strength,LAD,0,14,Superplasticizer,0.4402183842,0.4402183842,0,0.2002773249,0.2002773249
Concrete Strength,LAD,0,14,CoarseAggregate,-0.004963797824,-0.004963797824,0,-0.0214269826,-0.0214269826
Concrete Strength,LAD,0,14,FineAggregate,-0.01133095325,-0.01133095325,0,-0.03678530428,-0.03678530428
Concrete Strength,LAD,0,14,Age,0.3116355468,0.3116355468,0,0.29304626,0.29304626
Concrete Strength,OLS,0,15,Intercept,56.988864,56.988864,0,,
Concrete Strength,OLS,0,15,Cement,0.09386837158,0.09386837158,0,0.591234537,0.591234537
Concrete Strength,OLS,0,15,BlastFurnaceSlag,0.07002203066,0.07002203066,0,0.4546451914,0.4546451914
Concrete Strength,OLS,0,15,FlyAsh,0.03678860477,0.03678860477,0,0.1948308892,0.1948308892
Concrete Strength,OLS,0,15,Water,-0.228883896,-0.228883896,0,-0.2777502297,-0.2777502297
Concrete Strength,OLS,0,15,Superplasticizer,0.4392444175,0.4392444175,0,0.1998342188,0.1998342188
Concrete Strength,OLS,0,15,CoarseAggregate,-0.01059364737,-0.01059364737,0,-0.045729078,-0.045729078
Concrete Strength,OLS,0,15,FineAggregate,-0.02111570423,-0.02111570423,0,-0.06855094962,-0.06855094962
Concrete Strength,OLS,0,15,Age,0.3179965973,0.3179965973,0,0.2990278692,0.2990278692
Concrete Strength,LAD,0,15,Intercept,34.84597323,34.84597323,0,,
Concrete Strength,LAD,0,15,Cement,0.1046292998,0.1046292998,0,0.6590127704,0.6590127704
Concrete Strength,LAD,0,15,BlastFurnaceSlag,0.07282063074,0.07282063074,0,0.4728161879,0.4728161879
Concrete Strength,LAD,0,15,FlyAsh,0.04138226326,0.04138226326,0,0.2191587096,0.2191587096
Concrete Strength,LAD,0,15,Water,-0.1976716548,-0.1976716548,0,-0.2398742266,-0.2398742266
Concrete Strength,LAD,0,15,Superplasticizer,0.4402183842,0.4402183842,0,0.2002773249,0.2002773249
Concrete Strength,LAD,0,15,CoarseAggregate,-0.004963797824,-0.004963797824,0,-0.0214269826,-0.0214269826
Concrete Strength,LAD,0,15,FineAggregate,-0.01133095325,-0.01133095325,0,-0.03678530428,-0.03678530428
Concrete Strength,LAD,0,15,Age,0.3116355468,0.3116355468,0,0.29304626,0.29304626
Concrete Strength,OLS,0,16,Intercept,56.988864,56.988864,0,,
Concrete Strength,OLS,0,16,Cement,0.09386837158,0.09386837158,0,0.591234537,0.591234537
Concrete Strength,OLS,0,16,BlastFurnaceSlag,0.07002203066,0.07002203066,0,0.4546451914,0.4546451914
Concrete Strength,OLS,0,16,FlyAsh,0.03678860477,0.03678860477,0,0.1948308892,0.1948308892
Concrete Strength,OLS,0,16,Water,-0.228883896,-0.228883896,0,-0.2777502297,-0.2777502297
Concrete Strength,OLS,0,16,Superplasticizer,0.4392444175,0.4392444175,0,0.1998342188,0.1998342188
Concrete Strength,OLS,0,16,CoarseAggregate,-0.01059364737,-0.01059364737,0,-0.045729078,-0.045729078
Concrete Strength,OLS,0,16,FineAggregate,-0.02111570423,-0.02111570423,0,-0.06855094962,-0.06855094962
Concrete Strength,OLS,0,16,Age,0.3179965973,0.3179965973,0,0.2990278692,0.2990278692
Concrete Strength,LAD,0,16,Intercept,34.84597323,34.84597323,0,,
Concrete Strength,LAD,0,16,Cement,0.1046292998,0.1046292998,0,0.6590127704,0.6590127704
Concrete Strength,LAD,0,16,BlastFurnaceSlag,0.07282063074,0.07282063074,0,0.4728161879,0.4728161879
Concrete Strength,LAD,0,16,FlyAsh,0.04138226326,0.04138226326,0,0.2191587096,0.2191587096
Concrete Strength,LAD,0,16,Water,-0.1976716548,-0.1976716548,0,-0.2398742266,-0.2398742266
Concrete Strength,LAD,0,16,Superplasticizer,0.4402183842,0.4402183842,0,0.2002773249,0.2002773249
Concrete Strength,LAD,0,16,CoarseAggregate,-0.004963797824,-0.004963797824,0,-0.0214269826,-0.0214269826
Concrete Strength,LAD,0,16,FineAggregate,-0.01133095325,-0.01133095325,0,-0.03678530428,-0.03678530428
Concrete Strength,LAD,0,16,Age,0.3116355468,0.3116355468,0,0.29304626,0.29304626
Concrete Strength,OLS,0,17,Intercept,56.988864,56.988864,0,,
Concrete Strength,OLS,0,17,Cement,0.09386837158,0.09386837158,0,0.591234537,0.591234537
Concrete Strength,OLS,0,17,BlastFurnaceSlag,0.07002203066,0.07002203066,0,0.4546451914,0.4546451914
Concrete Strength,OLS,0,17,FlyAsh,0.03678860477,0.03678860477,0,0.1948308892,0.1948308892
Concrete Strength,OLS,0,17,Water,-0.228883896,-0.228883896,0,-0.2777502297,-0.2777502297
Concrete Strength,OLS,0,17,Superplasticizer,0.4392444175,0.4392444175,0,0.1998342188,0.1998342188
Concrete Strength,OLS,0,17,CoarseAggregate,-0.01059364737,-0.01059364737,0,-0.045729078,-0.045729078
Concrete Strength,OLS,0,17,FineAggregate,-0.02111570423,-0.02111570423,0,-0.06855094962,-0.06855094962
Concrete Strength,OLS,0,17,Age,0.3179965973,0.3179965973,0,0.2990278692,0.2990278692
Concrete Strength,LAD,0,17,Intercept,34.84597323,34.84597323,0,,
Concrete Strength,LAD,0,17,Cement,0.1046292998,0.1046292998,0,0.6590127704,0.6590127704
Concrete Strength,LAD,0,17,BlastFurnaceSlag,0.07282063074,0.07282063074,0,0.4728161879,0.4728161879
Concrete Strength,LAD,0,17,FlyAsh,0.04138226326,0.04138226326,0,0.2191587096,0.2191587096
Concrete Strength,LAD,0,17,Water,-0.1976716548,-0.1976716548,0,-0.2398742266,-0.2398742266
Concrete Strength,LAD,0,17,Superplasticizer,0.4402183842,0.4402183842,0,0.2002773249,0.2002773249
Concrete Strength,LAD,0,17,CoarseAggregate,-0.004963797824,-0.004963797824,0,-0.0214269826,-0.0214269826
Concrete Strength,LAD,0,17,FineAggregate,-0.01133095325,-0.01133095325,0,-0.03678530428,-0.03678530428
Concrete Strength,LAD,0,17,Age,0.3116355468,0.3116355468,0,0.29304626,0.29304626
Concrete Strength,OLS,0,18,Intercept,56.988864,56.988864,0,,
Concrete Strength,OLS,0,18,Cement,0.09386837158,0.09386837158,0,0.591234537,0.591234537
Concrete Strength,OLS,0,18,BlastFurnaceSlag,0.07002203066,0.07002203066,0,0.4546451914,0.4546451914
Concrete Strength,OLS,0,18,FlyAsh,0.03678860477,0.03678860477,0,0.1948308892,0.1948308892
Concrete Strength,OLS,0,18,Water,-0.228883896,-0.228883896,0,-0.2777502297,-0.2777502297
Concrete Strength,OLS,0,18,Superplasticizer,0.4392444175,0.4392444175,0,0.1998342188,0.1998342188
Concrete Strength,OLS,0,18,CoarseAggregate,-0.01059364737,-0.01059364737,0,-0.045729078,-0.045729078
Concrete Strength,OLS,0,18,FineAggregate,-0.02111570423,-0.02111570423,0,-0.06855094962,-0.06855094962
Concrete Strength,OLS,0,18,Age,0.3179965973,0.3179965973,0,0.2990278692,0.2990278692
Concrete Strength,LAD,0,18,Intercept,34.84597323,34.84597323,0,,
Concrete Strength,LAD,0,18,Cement,0.1046292998,0.1046292998,0,0.6590127704,0.6590127704
Concrete Strength,LAD,0,18,BlastFurnaceSlag,0.07282063074,0.07282063074,0,0.4728161879,0.4728161879
Concrete Strength,LAD,0,18,FlyAsh,0.04138226326,0.04138226326,0,0.2191587096,0.2191587096
Concrete Strength,LAD,0,18,Water,-0.1976716548,-0.1976716548,0,-0.2398742266,-0.2398742266
Concrete Strength,LAD,0,18,Superplasticizer,0.4402183842,0.4402183842,0,0.2002773249,0.2002773249
Concrete Strength,LAD,0,18,CoarseAggregate,-0.004963797824,-0.004963797824,0,-0.0214269826,-0.0214269826
Concrete Strength,LAD,0,18,FineAggregate,-0.01133095325,-0.01133095325,0,-0.03678530428,-0.03678530428
Concrete Strength,LAD,0,18,Age,0.3116355468,0.3116355468,0,0.29304626,0.29304626
Concrete Strength,OLS,0,19,Intercept,56.988864,56.988864,0,,
Concrete Strength,OLS,0,19,Cement,0.09386837158,0.09386837158,0,0.591234537,0.591234537
Concrete Strength,OLS,0,19,BlastFurnaceSlag,0.07002203066,0.07002203066,0,0.4546451914,0.4546451914
Concrete Strength,OLS,0,19,FlyAsh,0.03678860477,0.03678860477,0,0.1948308892,0.1948308892
Concrete Strength,OLS,0,19,Water,-0.228883896,-0.228883896,0,-0.2777502297,-0.2777502297
Concrete Strength,OLS,0,19,Superplasticizer,0.4392444175,0.4392444175,0,0.1998342188,0.1998342188
Concrete Strength,OLS,0,19,CoarseAggregate,-0.01059364737,-0.01059364737,0,-0.045729078,-0.045729078
Concrete Strength,OLS,0,19,FineAggregate,-0.02111570423,-0.02111570423,0,-0.06855094962,-0.06855094962
Concrete Strength,OLS,0,19,Age,0.3179965973,0.3179965973,0,0.2990278692,0.2990278692
Concrete Strength,LAD,0,19,Intercept,34.84597323,34.84597323,0,,
Concrete Strength,LAD,0,19,Cement,0.1046292998,0.1046292998,0,0.6590127704,0.6590127704
Concrete Strength,LAD,0,19,BlastFurnaceSlag,0.07282063074,0.07282063074,0,0.4728161879,0.4728161879
Concrete Strength,LAD,0,19,FlyAsh,0.04138226326,0.04138226326,0,0.2191587096,0.2191587096
Concrete Strength,LAD,0,19,Water,-0.1976716548,-0.1976716548,0,-0.2398742266,-0.2398742266
Concrete Strength,LAD,0,19,Superplasticizer,0.4402183842,0.4402183842,0,0.2002773249,0.2002773249
Concrete Strength,LAD,0,19,CoarseAggregate,-0.004963797824,-0.004963797824,0,-0.0214269826,-0.0214269826
Concrete Strength,LAD,0,19,FineAggregate,-0.01133095325,-0.01133095325,0,-0.03678530428,-0.03678530428
Concrete Strength,LAD,0,19,Age,0.3116355468,0.3116355468,0,0.29304626,0.29304626
Concrete Strength,OLS,0,20,Intercept,56.988864,56.988864,0,,
Concrete Strength,OLS,0,20,Cement,0.09386837158,0.09386837158,0,0.591234537,0.591234537
Concrete Strength,OLS,0,20,BlastFurnaceSlag,0.07002203066,0.07002203066,0,0.4546451914,0.4546451914
Concrete Strength,OLS,0,20,FlyAsh,0.03678860477,0.03678860477,0,0.1948308892,0.1948308892
Concrete Strength,OLS,0,20,Water,-0.228883896,-0.228883896,0,-0.2777502297,-0.2777502297
Concrete Strength,OLS,0,20,Superplasticizer,0.4392444175,0.4392444175,0,0.1998342188,0.1998342188
Concrete Strength,OLS,0,20,CoarseAggregate,-0.01059364737,-0.01059364737,0,-0.045729078,-0.045729078
Concrete Strength,OLS,0,20,FineAggregate,-0.02111570423,-0.02111570423,0,-0.06855094962,-0.06855094962
Concrete Strength,OLS,0,20,Age,0.3179965973,0.3179965973,0,0.2990278692,0.2990278692
Concrete Strength,LAD,0,20,Intercept,34.84597323,34.84597323,0,,
Concrete Strength,LAD,0,20,Cement,0.1046292998,0.1046292998,0,0.6590127704,0.6590127704
Concrete Strength,LAD,0,20,BlastFurnaceSlag,0.07282063074,0.07282063074,0,0.4728161879,0.4728161879
Concrete Strength,LAD,0,20,FlyAsh,0.04138226326,0.04138226326,0,0.2191587096,0.2191587096
Concrete Strength,LAD,0,20,Water,-0.1976716548,-0.1976716548,0,-0.2398742266,-0.2398742266
Concrete Strength,LAD,0,20,Superplasticizer,0.4402183842,0.4402183842,0,0.2002773249,0.2002773249
Concrete Strength,LAD,0,20,CoarseAggregate,-0.004963797824,-0.004963797824,0,-0.0214269826,-0.0214269826
Concrete Strength,LAD,0,20,FineAggregate,-0.01133095325,-0.01133095325,0,-0.03678530428,-0.03678530428
Concrete Strength,LAD,0,20,Age,0.3116355468,0.3116355468,0,0.29304626,0.29304626
Concrete Strength,OLS,0,21,Intercept,56.988864,56.988864,0,,
Concrete Strength,OLS,0,21,Cement,0.09386837158,0.09386837158,0,0.591234537,0.591234537
Concrete Strength,OLS,0,21,BlastFurnaceSlag,0.07002203066,0.07002203066,0,0.4546451914,0.4546451914
Concrete Strength,OLS,0,21,FlyAsh,0.03678860477,0.03678860477,0,0.1948308892,0.1948308892
Concrete Strength,OLS,0,21,Water,-0.228883896,-0.228883896,0,-0.2777502297,-0.2777502297
Concrete Strength,OLS,0,21,Superplasticizer,0.4392444175,0.4392444175,0,0.1998342188,0.1998342188
Concrete Strength,OLS,0,21,CoarseAggregate,-0.01059364737,-0.01059364737,0,-0.045729078,-0.045729078
Concrete Strength,OLS,0,21,FineAggregate,-0.02111570423,-0.02111570423,0,-0.06855094962,-0.06855094962
Concrete Strength,OLS,0,21,Age,0.3179965973,0.3179965973,0,0.2990278692,0.2990278692
Concrete Strength,LAD,0,21,Intercept,34.84597323,34.84597323,0,,
Concrete Strength,LAD,0,21,Cement,0.1046292998,0.1046292998,0,0.6590127704,0.6590127704
Concrete Strength,LAD,0,21,BlastFurnaceSlag,0.07282063074,0.07282063074,0,0.4728161879,0.4728161879
Concrete Strength,LAD,0,21,FlyAsh,0.04138226326,0.04138226326,0,0.2191587096,0.2191587096
Concrete Strength,LAD,0,21,Water,-0.1976716548,-0.1976716548,0,-0.2398742266,-0.2398742266
Concrete Strength,LAD,0,21,Superplasticizer,0.4402183842,0.4402183842,0,0.2002773249,0.2002773249
Concrete Strength,LAD,0,21,CoarseAggregate,-0.004963797824,-0.004963797824,0,-0.0214269826,-0.0214269826
Concrete Strength,LAD,0,21,FineAggregate,-0.01133095325,-0.01133095325,0,-0.03678530428,-0.03678530428
Concrete Strength,LAD,0,21,Age,0.3116355468,0.3116355468,0,0.29304626,0.29304626
Concrete Strength,OLS,0,22,Intercept,56.988864,56.988864,0,,
Concrete Strength,OLS,0,22,Cement,0.09386837158,0.09386837158,0,0.591234537,0.591234537
Concrete Strength,OLS,0,22,BlastFurnaceSlag,0.07002203066,0.07002203066,0,0.4546451914,0.4546451914
Concrete Strength,OLS,0,22,FlyAsh,0.03678860477,0.03678860477,0,0.1948308892,0.1948308892
Concrete Strength,OLS,0,22,Water,-0.228883896,-0.228883896,0,-0.2777502297,-0.2777502297
Concrete Strength,OLS,0,22,Superplasticizer,0.4392444175,0.4392444175,0,0.1998342188,0.1998342188
Concrete Strength,OLS,0,22,CoarseAggregate,-0.01059364737,-0.01059364737,0,-0.045729078,-0.045729078
Concrete Strength,OLS,0,22,FineAggregate,-0.02111570423,-0.02111570423,0,-0.06855094962,-0.06855094962
Concrete Strength,OLS,0,22,Age,0.3179965973,0.3179965973,0,0.2990278692,0.2990278692
Concrete Strength,LAD,0,22,Intercept,34.84597323,34.84597323,0,,
Concrete Strength,LAD,0,22,Cement,0.1046292998,0.1046292998,0,0.6590127704,0.6590127704
Concrete Strength,LAD,0,22,BlastFurnaceSlag,0.07282063074,0.07282063074,0,0.4728161879,0.4728161879
Concrete Strength,LAD,0,22,FlyAsh,0.04138226326,0.04138226326,0,0.2191587096,0.2191587096
Concrete Strength,LAD,0,22,Water,-0.1976716548,-0.1976716548,0,-0.2398742266,-0.2398742266
Concrete Strength,LAD,0,22,Superplasticizer,0.4402183842,0.4402183842,0,0.2002773249,0.2002773249
Concrete Strength,LAD,0,22,CoarseAggregate,-0.004963797824,-0.004963797824,0,-0.0214269826,-0.0214269826
Concrete Strength,LAD,0,22,FineAggregate,-0.01133095325,-0.01133095325,0,-0.03678530428,-0.03678530428
Concrete Strength,LAD,0,22,Age,0.3116355468,0.3116355468,0,0.29304626,0.29304626
Concrete Strength,OLS,0,23,Intercept,56.988864,56.988864,0,,
Concrete Strength,OLS,0,23,Cement,0.09386837158,0.09386837158,0,0.591234537,0.591234537
Concrete Strength,OLS,0,23,BlastFurnaceSlag,0.07002203066,0.07002203066,0,0.4546451914,0.4546451914
Concrete Strength,OLS,0,23,FlyAsh,0.03678860477,0.03678860477,0,0.1948308892,0.1948308892
Concrete Strength,OLS,0,23,Water,-0.228883896,-0.228883896,0,-0.2777502297,-0.2777502297
Concrete Strength,OLS,0,23,Superplasticizer,0.4392444175,0.4392444175,0,0.1998342188,0.1998342188
Concrete Strength,OLS,0,23,CoarseAggregate,-0.01059364737,-0.01059364737,0,-0.045729078,-0.045729078
Concrete Strength,OLS,0,23,FineAggregate,-0.02111570423,-0.02111570423,0,-0.06855094962,-0.06855094962
Concrete Strength,OLS,0,23,Age,0.3179965973,0.3179965973,0,0.2990278692,0.2990278692
Concrete Strength,LAD,0,23,Intercept,34.84597323,34.84597323,0,,
Concrete Strength,LAD,0,23,Cement,0.1046292998,0.1046292998,0,0.6590127704,0.6590127704
Concrete Strength,LAD,0,23,BlastFurnaceSlag,0.07282063074,0.07282063074,0,0.4728161879,0.4728161879
Concrete Strength,LAD,0,23,FlyAsh,0.04138226326,0.04138226326,0,0.2191587096,0.2191587096
Concrete Strength,LAD,0,23,Water,-0.1976716548,-0.1976716548,0,-0.2398742266,-0.2398742266
Concrete Strength,LAD,0,23,Superplasticizer,0.4402183842,0.4402183842,0,0.2002773249,0.2002773249
Concrete Strength,LAD,0,23,CoarseAggregate,-0.004963797824,-0.004963797824,0,-0.0214269826,-0.0214269826
Concrete Strength,LAD,0,23,FineAggregate,-0.01133095325,-0.01133095325,0,-0.03678530428,-0.03678530428
Concrete Strength,LAD,0,23,Age,0.3116355468,0.3116355468,0,0.29304626,0.29304626
Concrete Strength,OLS,0,24,Intercept,56.988864,56.988864,0,,
Concrete Strength,OLS,0,24,Cement,0.09386837158,0.09386837158,0,0.591234537,0.591234537
Concrete Strength,OLS,0,24,BlastFurnaceSlag,0.07002203066,0.07002203066,0,0.4546451914,0.4546451914
Concrete Strength,OLS,0,24,FlyAsh,0.03678860477,0.03678860477,0,0.1948308892,0.1948308892
Concrete Strength,OLS,0,24,Water,-0.228883896,-0.228883896,0,-0.2777502297,-0.2777502297
Concrete Strength,OLS,0,24,Superplasticizer,0.4392444175,0.4392444175,0,0.1998342188,0.1998342188
Concrete Strength,OLS,0,24,CoarseAggregate,-0.01059364737,-0.01059364737,0,-0.045729078,-0.045729078
Concrete Strength,OLS,0,24,FineAggregate,-0.02111570423,-0.02111570423,0,-0.06855094962,-0.06855094962
Concrete Strength,OLS,0,24,Age,0.3179965973,0.3179965973,0,0.2990278692,0.2990278692
Concrete Strength,LAD,0,24,Intercept,34.84597323,34.84597323,0,,
Concrete Strength,LAD,0,24,Cement,0.1046292998,0.1046292998,0,0.6590127704,0.6590127704
Concrete Strength,LAD,0,24,BlastFurnaceSlag,0.07282063074,0.07282063074,0,0.4728161879,0.4728161879
Concrete Strength,LAD,0,24,FlyAsh,0.04138226326,0.04138226326,0,0.2191587096,0.2191587096
Concrete Strength,LAD,0,24,Water,-0.1976716548,-0.1976716548,0,-0.2398742266,-0.2398742266
Concrete Strength,LAD,0,24,Superplasticizer,0.4402183842,0.4402183842,0,0.2002773249,0.2002773249
Concrete Strength,LAD,0,24,CoarseAggregate,-0.004963797824,-0.004963797824,0,-0.0214269826,-0.0214269826
Concrete Strength,LAD,0,24,FineAggregate,-0.01133095325,-0.01133095325,0,-0.03678530428,-0.03678530428
Concrete Strength,LAD,0,24,Age,0.3116355468,0.3116355468,0,0.29304626,0.29304626
Concrete Strength,OLS,0,25,Intercept,56.988864,56.988864,0,,
Concrete Strength,OLS,0,25,Cement,0.09386837158,0.09386837158,0,0.591234537,0.591234537
Concrete Strength,OLS,0,25,BlastFurnaceSlag,0.07002203066,0.07002203066,0,0.4546451914,0.4546451914
Concrete Strength,OLS,0,25,FlyAsh,0.03678860477,0.03678860477,0,0.1948308892,0.1948308892
Concrete Strength,OLS,0,25,Water,-0.228883896,-0.228883896,0,-0.2777502297,-0.2777502297
Concrete Strength,OLS,0,25,Superplasticizer,0.4392444175,0.4392444175,0,0.1998342188,0.1998342188
Concrete Strength,OLS,0,25,CoarseAggregate,-0.01059364737,-0.01059364737,0,-0.045729078,-0.045729078
Concrete Strength,OLS,0,25,FineAggregate,-0.02111570423,-0.02111570423,0,-0.06855094962,-0.06855094962
Concrete Strength,OLS,0,25,Age,0.3179965973,0.3179965973,0,0.2990278692,0.2990278692
Concrete Strength,LAD,0,25,Intercept,34.84597323,34.84597323,0,,
Concrete Strength,LAD,0,25,Cement,0.1046292998,0.1046292998,0,0.6590127704,0.6590127704
Concrete Strength,LAD,0,25,BlastFurnaceSlag,0.07282063074,0.07282063074,0,0.4728161879,0.4728161879
Concrete Strength,LAD,0,25,FlyAsh,0.04138226326,0.04138226326,0,0.2191587096,0.2191587096
Concrete Strength,LAD,0,25,Water,-0.1976716548,-0.1976716548,0,-0.2398742266,-0.2398742266
Concrete Strength,LAD,0,25,Superplasticizer,0.4402183842,0.4402183842,0,0.2002773249,0.2002773249
Concrete Strength,LAD,0,25,CoarseAggregate,-0.004963797824,-0.004963797824,0,-0.0214269826,-0.0214269826
Concrete Strength,LAD,0,25,FineAggregate,-0.01133095325,-0.01133095325,0,-0.03678530428,-0.03678530428
Concrete Strength,LAD,0,25,Age,0.3116355468,0.3116355468,0,0.29304626,0.29304626
Concrete Strength,OLS,0,26,Intercept,56.988864,56.988864,0,,
Concrete Strength,OLS,0,26,Cement,0.09386837158,0.09386837158,0,0.591234537,0.591234537
Concrete Strength,OLS,0,26,BlastFurnaceSlag,0.07002203066,0.07002203066,0,0.4546451914,0.4546451914
Concrete Strength,OLS,0,26,FlyAsh,0.03678860477,0.03678860477,0,0.1948308892,0.1948308892
Concrete Strength,OLS,0,26,Water,-0.228883896,-0.228883896,0,-0.2777502297,-0.2777502297
Concrete Strength,OLS,0,26,Superplasticizer,0.4392444175,0.4392444175,0,0.1998342188,0.1998342188
Concrete Strength,OLS,0,26,CoarseAggregate,-0.01059364737,-0.01059364737,0,-0.045729078,-0.045729078
Concrete Strength,OLS,0,26,FineAggregate,-0.02111570423,-0.02111570423,0,-0.06855094962,-0.06855094962
Concrete Strength,OLS,0,26,Age,0.3179965973,0.3179965973,0,0.2990278692,0.2990278692
Concrete Strength,LAD,0,26,Intercept,34.84597323,34.84597323,0,,
Concrete Strength,LAD,0,26,Cement,0.1046292998,0.1046292998,0,0.6590127704,0.6590127704
Concrete Strength,LAD,0,26,BlastFurnaceSlag,0.07282063074,0.07282063074,0,0.4728161879,0.4728161879
Concrete Strength,LAD,0,26,FlyAsh,0.04138226326,0.04138226326,0,0.2191587096,0.2191587096
Concrete Strength,LAD,0,26,Water,-0.1976716548,-0.1976716548,0,-0.2398742266,-0.2398742266
Concrete Strength,LAD,0,26,Superplasticizer,0.4402183842,0.4402183842,0,0.2002773249,0.2002773249
Concrete Strength,LAD,0,26,CoarseAggregate,-0.004963797824,-0.004963797824,0,-0.0214269826,-0.0214269826
Concrete Strength,LAD,0,26,FineAggregate,-0.01133095325,-0.01133095325,0,-0.03678530428,-0.03678530428
Concrete Strength,LAD,0,26,Age,0.3116355468,0.3116355468,0,0.29304626,0.29304626
Concrete Strength,OLS,0,27,Intercept,56.988864,56.988864,0,,
Concrete Strength,OLS,0,27,Cement,0.09386837158,0.09386837158,0,0.591234537,0.591234537
Concrete Strength,OLS,0,27,BlastFurnaceSlag,0.07002203066,0.07002203066,0,0.4546451914,0.4546451914
Concrete Strength,OLS,0,27,FlyAsh,0.03678860477,0.03678860477,0,0.1948308892,0.1948308892
Concrete Strength,OLS,0,27,Water,-0.228883896,-0.228883896,0,-0.2777502297,-0.2777502297
Concrete Strength,OLS,0,27,Superplasticizer,0.4392444175,0.4392444175,0,0.1998342188,0.1998342188
Concrete Strength,OLS,0,27,CoarseAggregate,-0.01059364737,-0.01059364737,0,-0.045729078,-0.045729078
Concrete Strength,OLS,0,27,FineAggregate,-0.02111570423,-0.02111570423,0,-0.06855094962,-0.06855094962
Concrete Strength,OLS,0,27,Age,0.3179965973,0.3179965973,0,0.2990278692,0.2990278692
Concrete Strength,LAD,0,27,Intercept,34.84597323,34.84597323,0,,
Concrete Strength,LAD,0,27,Cement,0.1046292998,0.1046292998,0,0.6590127704,0.6590127704
Concrete Strength,LAD,0,27,BlastFurnaceSlag,0.07282063074,0.07282063074,0,0.4728161879,0.4728161879
Concrete Strength,LAD,0,27,FlyAsh,0.04138226326,0.04138226326,0,0.2191587096,0.2191587096
Concrete Strength,LAD,0,27,Water,-0.1976716548,-0.1976716548,0,-0.2398742266,-0.2398742266
Concrete Strength,LAD,0,27,Superplasticizer,0.4402183842,0.4402183842,0,0.2002773249,0.2002773249
Concrete Strength,LAD,0,27,CoarseAggregate,-0.004963797824,-0.004963797824,0,-0.0214269826,-0.0214269826
Concrete Strength,LAD,0,27,FineAggregate,-0.01133095325,-0.01133095325,0,-0.03678530428,-0.03678530428
Concrete Strength,LAD,0,27,Age,0.3116355468,0.3116355468,0,0.29304626,0.29304626
Concrete Strength,OLS,0,28,Intercept,56.988864,56.988864,0,,
Concrete Strength,OLS,0,28,Cement,0.09386837158,0.09386837158,0,0.591234537,0.591234537
Concrete Strength,OLS,0,28,BlastFurnaceSlag,0.07002203066,0.07002203066,0,0.4546451914,0.4546451914
Concrete Strength,OLS,0,28,FlyAsh,0.03678860477,0.03678860477,0,0.1948308892,0.1948308892
Concrete Strength,OLS,0,28,Water,-0.228883896,-0.228883896,0,-0.2777502297,-0.2777502297
Concrete Strength,OLS,0,28,Superplasticizer,0.4392444175,0.4392444175,0,0.1998342188,0.1998342188
Concrete Strength,OLS,0,28,CoarseAggregate,-0.01059364737,-0.01059364737,0,-0.045729078,-0.045729078
Concrete Strength,OLS,0,28,FineAggregate,-0.02111570423,-0.02111570423,0,-0.06855094962,-0.06855094962
Concrete Strength,OLS,0,28,Age,0.3179965973,0.3179965973,0,0.2990278692,0.2990278692
Concrete Strength,LAD,0,28,Intercept,34.84597323,34.84597323,0,,
Concrete Strength,LAD,0,28,Cement,0.1046292998,0.1046292998,0,0.6590127704,0.6590127704
Concrete Strength,LAD,0,28,BlastFurnaceSlag,0.07282063074,0.07282063074,0,0.4728161879,0.4728161879
Concrete Strength,LAD,0,28,FlyAsh,0.04138226326,0.04138226326,0,0.2191587096,0.2191587096
Concrete Strength,LAD,0,28,Water,-0.1976716548,-0.1976716548,0,-0.2398742266,-0.2398742266
Concrete Strength,LAD,0,28,Superplasticizer,0.4402183842,0.4402183842,0,0.2002773249,0.2002773249
Concrete Strength,LAD,0,28,CoarseAggregate,-0.004963797824,-0.004963797824,0,-0.0214269826,-0.0214269826
Concrete Strength,LAD,0,28,FineAggregate,-0.01133095325,-0.01133095325,0,-0.03678530428,-0.03678530428
Concrete Strength,LAD,0,28,Age,0.3116355468,0.3116355468,0,0.29304626,0.29304626
Concrete Strength,OLS,0,29,Intercept,56.988864,56.988864,0,,
Concrete Strength,OLS,0,29,Cement,0.09386837158,0.09386837158,0,0.591234537,0.591234537
Concrete Strength,OLS,0,29,BlastFurnaceSlag,0.07002203066,0.07002203066,0,0.4546451914,0.4546451914
Concrete Strength,OLS,0,29,FlyAsh,0.03678860477,0.03678860477,0,0.1948308892,0.1948308892
Concrete Strength,OLS,0,29,Water,-0.228883896,-0.228883896,0,-0.2777502297,-0.2777502297
Concrete Strength,OLS,0,29,Superplasticizer,0.4392444175,0.4392444175,0,0.1998342188,0.1998342188
Concrete Strength,OLS,0,29,CoarseAggregate,-0.01059364737,-0.01059364737,0,-0.045729078,-0.045729078
Concrete Strength,OLS,0,29,FineAggregate,-0.02111570423,-0.02111570423,0,-0.06855094962,-0.06855094962
Concrete Strength,OLS,0,29,Age,0.3179965973,0.3179965973,0,0.2990278692,0.2990278692
Concrete Strength,LAD,0,29,Intercept,34.84597323,34.84597323,0,,
Concrete Strength,LAD,0,29,Cement,0.1046292998,0.1046292998,0,0.6590127704,0.6590127704
Concrete Strength,LAD,0,29,BlastFurnaceSlag,0.07282063074,0.07282063074,0,0.4728161879,0.4728161879
Concrete Strength,LAD,0,29,FlyAsh,0.04138226326,0.04138226326,0,0.2191587096,0.2191587096
Concrete Strength,LAD,0,29,Water,-0.1976716548,-0.1976716548,0,-0.2398742266,-0.2398742266
Concrete Strength,LAD,0,29,Superplasticizer,0.4402183842,0.4402183842,0,0.2002773249,0.2002773249
Concrete Strength,LAD,0,29,CoarseAggregate,-0.004963797824,-0.004963797824,0,-0.0214269826,-0.0214269826
Concrete Strength,LAD,0,29,FineAggregate,-0.01133095325,-0.01133095325,0,-0.03678530428,-0.03678530428
Concrete Strength,LAD,0,29,Age,0.3116355468,0.3116355468,0,0.29304626,0.29304626
Concrete Strength,OLS,0,30,Intercept,56.988864,56.988864,0,,
Concrete Strength,OLS,0,30,Cement,0.09386837158,0.09386837158,0,0.591234537,0.591234537
Concrete Strength,OLS,0,30,BlastFurnaceSlag,0.07002203066,0.07002203066,0,0.4546451914,0.4546451914
Concrete Strength,OLS,0,30,FlyAsh,0.03678860477,0.03678860477,0,0.1948308892,0.1948308892
Concrete Strength,OLS,0,30,Water,-0.228883896,-0.228883896,0,-0.2777502297,-0.2777502297
Concrete Strength,OLS,0,30,Superplasticizer,0.4392444175,0.4392444175,0,0.1998342188,0.1998342188
Concrete Strength,OLS,0,30,CoarseAggregate,-0.01059364737,-0.01059364737,0,-0.045729078,-0.045729078
Concrete Strength,OLS,0,30,FineAggregate,-0.02111570423,-0.02111570423,0,-0.06855094962,-0.06855094962
Concrete Strength,OLS,0,30,Age,0.3179965973,0.3179965973,0,0.2990278692,0.2990278692
Concrete Strength,LAD,0,30,Intercept,34.84597323,34.84597323,0,,
Concrete Strength,LAD,0,30,Cement,0.1046292998,0.1046292998,0,0.6590127704,0.6590127704
Concrete Strength,LAD,0,30,BlastFurnaceSlag,0.07282063074,0.07282063074,0,0.4728161879,0.4728161879
Concrete Strength,LAD,0,30,FlyAsh,0.04138226326,0.04138226326,0,0.2191587096,0.2191587096
Concrete Strength,LAD,0,30,Water,-0.1976716548,-0.1976716548,0,-0.2398742266,-0.2398742266
Concrete Strength,LAD,0,30,Superplasticizer,0.4402183842,0.4402183842,0,0.2002773249,0.2002773249
Concrete Strength,LAD,0,30,CoarseAggregate,-0.004963797824,-0.004963797824,0,-0.0214269826,-0.0214269826
Concrete Strength,LAD,0,30,FineAggregate,-0.01133095325,-0.01133095325,0,-0.03678530428,-0.03678530428
Concrete Strength,LAD,0,30,Age,0.3116355468,0.3116355468,0,0.29304626,0.29304626
Concrete Strength,OLS,0.05,1,Intercept,-209.0577729,56.988864,-266.0466369,,
Concrete Strength,OLS,0.05,1,Cement,0.1914320364,0.09386837158,0.09756366486,1.20574406,0.591234537
Concrete Strength,OLS,0.05,1,BlastFurnaceSlag,0.1321619019,0.07002203066,0.06213987122,0.8581124056,0.4546451914
Concrete Strength,OLS,0.05,1,FlyAsh,0.09218977737,0.03678860477,0.05540117259,0.4882331475,0.1948308892
Concrete Strength,OLS,0.05,1,Water,0.197849919,-0.228883896,0.4267338149,0.2400905498,-0.2777502297
Concrete Strength,OLS,0.05,1,Superplasticizer,1.622731107,0.4392444175,1.18348669,0.7382614105,0.1998342188
Concrete Strength,OLS,0.05,1,CoarseAggregate,0.042528718,-0.01059364737,0.05312236537,0.183581631,-0.045729078
Concrete Strength,OLS,0.05,1,FineAggregate,0.1074614696,-0.02111570423,0.1285771738,0.3488676347,-0.06855094962
Concrete Strength,OLS,0.05,1,Age,0.2166702085,0.3179965973,-0.1013263888,0.2037456731,0.2990278692
Concrete Strength,LAD,0.05,1,Intercept,25.16980941,34.84597323,-9.676163816,,
Concrete Strength,LAD,0.05,1,Cement,0.1111304312,0.1046292998,0.006501131444,0.6999604653,0.6590127704
Concrete Strength,LAD,0.05,1,BlastFurnaceSlag,0.07860927734,0.07282063074,0.005788646602,0.510401221,0.4728161879
Concrete Strength,LAD,0.05,1,FlyAsh,0.04744405434,0.04138226326,0.006061791072,0.2512616978,0.2191587096
Concrete Strength,LAD,0.05,1,Water,-0.1924004795,-0.1976716548,0.005271175319,-0.233477664,-0.2398742266
Concrete Strength,LAD,0.05,1,Superplasticizer,0.4375402519,0.4402183842,-0.002678132295,0.1990589088,0.2002773249
Concrete Strength,LAD,0.05,1,CoarseAggregate,-0.002393270427,-0.004963797824,0.002570527398,-0.01033091306,-0.0214269826
Concrete Strength,LAD,0.05,1,FineAggregate,-0.006372741958,-0.01133095325,0.004958211288,-0.02068874938,-0.03678530428
Concrete Strength,LAD,0.05,1,Age,0.3060478365,0.3116355468,-0.00558771036,0.2877918606,0.29304626
Concrete Strength,OLS,0.05,2,Intercept,135.219058,56.988864,78.23019405,,
Concrete Strength,OLS,0.05,2,Cement,0.08794441776,0.09386837158,-0.005923953821,0.5539222237,0.591234537
Concrete Strength,OLS,0.05,2,BlastFurnaceSlag,0.05761915504,0.07002203066,-0.01240287562,0.3741147111,0.4546451914
Concrete Strength,OLS,0.05,2,FlyAsh,0.04207844148,0.03678860477,0.005289836708,0.2228456399,0.1948308892
Concrete Strength,OLS,0.05,2,Water,-0.4531021319,-0.228883896,-0.224218236,-0.5498386886,-0.2777502297
Concrete Strength,OLS,0.05,2,Superplasticizer,0.7456669511,0.4392444175,0.3064225336,0.3392411303,0.1998342188
Concrete Strength,OLS,0.05,2,CoarseAggregate,-0.01683433622,-0.01059364737,-0.00624068885,-0.07266795345,-0.045729078
Concrete Strength,OLS,0.05,2,FineAggregate,-0.06056829756,-0.02111570423,-0.03945259333,-0.1966315814,-0.06855094962
Concrete Strength,OLS,0.05,2,Age,0.3432172498,0.3179965973,0.02522065249,0.3227440914,0.2990278692
Concrete Strength,LAD,0.05,2,Intercept,22.79266683,34.84597323,-12.0533064,,
Concrete Strength,LAD,0.05,2,Cement,0.1099782231,0.1046292998,0.005348923308,0.6927032259,0.6590127704
Concrete Strength,LAD,0.05,2,BlastFurnaceSlag,0.0759520787,0.07282063074,0.003131447959,0.4931483282,0.4728161879
Concrete Strength,LAD,0.05,2,FlyAsh,0.04717986474,0.04138226326,0.005797601473,0.2498625609,0.2191587096
Concrete Strength,LAD,0.05,2,Water,-0.1937619064,-0.1976716548,0.003909748363,-0.2351297534,-0.2398742266
Concrete Strength,LAD,0.05,2,Superplasticizer,0.5040378644,0.4402183842,0.06381948023,0.2293119932,0.2002773249
Concrete Strength,LAD,0.05,2,CoarseAggregate,0.001141354006,-0.004963797824,0.006105151831,0.004926826856,-0.0214269826
Concrete Strength,LAD,0.05,2,FineAggregate,-0.006872657579,-0.01133095325,0.004458295668,-0.02231169741,-0.03678530428
Concrete Strength,LAD,0.05,2,Age,0.2988794143,0.3116355468,-0.01275613251,0.2810510401,0.29304626
Concrete Strength,OLS,0.05,3,Intercept,38.45732353,56.988864,-18.53154047,,
Concrete Strength,OLS,0.05,3,Cement,0.09199806592,0.09386837158,-0.001870305663,0.5794543252,0.591234537
Concrete Strength,OLS,0.05,3,BlastFurnaceSlag,0.07608275299,0.07002203066,0.006060722328,0.4939967817,0.4546451914
Concrete Strength,OLS,0.05,3,FlyAsh,-0.0004550647503,0.03678860477,-0.03724366952,-0.0024100036,0.1948308892
Concrete Strength,OLS,0.05,3,Water,-0.1697676126,-0.228883896,0.05911628341,-0.2060127174,-0.2777502297
Concrete Strength,OLS,0.05,3,Superplasticizer,0.4864723372,0.4392444175,0.04722791978,0.2213205578,0.1998342188
Concrete Strength,OLS,0.05,3,CoarseAggregate,-0.020452307,-0.01059364737,-0.009858659625,-0.08828547044,-0.045729078
Concrete Strength,OLS,0.05,3,FineAggregate,-0.000424575567,-0.02111570423,0.02069112866,-0.001378360768,-0.06855094962
Concrete Strength,OLS,0.05,3,Age,0.3023088157,0.3179965973,-0.01568778153,0.2842758752,0.2990278692
Concrete Strength,LAD,0.05,3,Intercept,46.8504944,34.84597323,12.00452118,,
Concrete Strength,LAD,0.05,3,Cement,0.09958450457,0.1046292998,-0.005044795194,0.6272378807,0.6590127704
Concrete Strength,LAD,0.05,3,BlastFurnaceSlag,0.06566981603,0.07282063074,-0.007150814716,0.4263867499,0.4728161879
Concrete Strength,LAD,0.05,3,FlyAsh,0.03441496953,0.04138226326,-0.006967293735,0.1822602177,0.2191587096
Concrete Strength,LAD,0.05,3,Water,-0.2092658667,-0.1976716548,-0.01159421185,-0.2539437835,-0.2398742266
Concrete Strength,LAD,0.05,3,Superplasticizer,0.414953936,0.4402183842,-0.02526444814,0.1887832659,0.2002773249
Concrete Strength,LAD,0.05,3,CoarseAggregate,-0.01083051443,-0.004963797824,-0.005866716609,-0.04675155042,-0.0214269826
Concrete Strength,LAD,0.05,3,FineAggregate,-0.01376188168,-0.01133095325,-0.002430928434,-0.04467717711,-0.03678530428
Concrete Strength,LAD,0.05,3,Age,0.3096245736,0.3116355468,-0.002010973228,0.2911552428,0.29304626
Concrete Strength,OLS,0.05,4,Intercept,101.8787982,56.988864,44.88993418,,
Concrete Strength,OLS,0.05,4,Cement,0.03417546232,0.09386837158,-0.05969290926,0.2152558237,0.591234537
Concrete Strength,OLS,0.05,4,BlastFurnaceSlag,0.03566637552,0.07002203066,-0.03435565514,0.2315777759,0.4546451914
Concrete Strength,OLS,0.05,4,FlyAsh,-0.01219558264,0.03678860477,-0.04898418741,-0.06458728796,0.1948308892
Concrete Strength,OLS,0.05,4,Water,-0.08043444617,-0.228883896,0.1484494498,-0.09760706756,-0.2777502297
Concrete Strength,OLS,0.05,4,Superplasticizer,0.7147380177,0.4392444175,0.2754936002,0.3251700141,0.1998342188
Concrete Strength,OLS,0.05,4,CoarseAggregate,-0.04229268621,-0.01059364737,-0.03169903884,-0.1825627641,-0.045729078
Concrete Strength,OLS,0.05,4,FineAggregate,-0.05122920089,-0.02111570423,-0.03011349666,-0.1663127278,-0.06855094962
Concrete Strength,OLS,0.05,4,Age,0.3775297663,0.3179965973,0.05953316901,0.3550098414,0.2990278692
Concrete Strength,LAD,0.05,4,Intercept,37.7454307,34.84597323,2.899457476,,
Concrete Strength,LAD,0.05,4,Cement,0.1003270786,0.1046292998,-0.00430222112,0.6319150199,0.6590127704
Concrete Strength,LAD,0.05,4,BlastFurnaceSlag,0.06915284943,0.07282063074,-0.003667781308,0.4490016952,0.4728161879
Concrete Strength,LAD,0.05,4,FlyAsh,0.03867242095,0.04138226326,-0.002709842315,0.2048074997,0.2191587096
Concrete Strength,LAD,0.05,4,Water,-0.1892388721,-0.1976716548,0.008432782702,-0.2296410587,-0.2398742266
Concrete Strength,LAD,0.05,4,Superplasticizer,0.4603842211,0.4402183842,0.02016583691,0.2094517711,0.2002773249
Concrete Strength,LAD,0.05,4,CoarseAggregate,-0.007759604569,-0.004963797824,-0.002795806745,-0.03349550444,-0.0214269826
Concrete Strength,LAD,0.05,4,FineAggregate,-0.01226827817,-0.01133095325,-0.0009373249257,-0.03982827708,-0.03678530428
Concrete Strength,LAD,0.05,4,Age,0.3174829906,0.3116355468,0.005847443787,0.2985448995,0.29304626
Concrete Strength,OLS,0.05,5,Intercept,29.15348744,56.988864,-27.83537656,,
Concrete Strength,OLS,0.05,5,Cement,0.06779648408,0.09386837158,-0.0260718875,0.4270194763,0.591234537
Concrete Strength,OLS,0.05,5,BlastFurnaceSlag,0.03347560031,0.07002203066,-0.03654643035,0.2173533182,0.4546451914
Concrete Strength,OLS,0.05,5,FlyAsh,0.03703752472,0.03678860477,0.0002489199464,0.1961491587,0.1948308892
Concrete Strength,OLS,0.05,5,Water,-0.04366920023,-0.228883896,0.1852146958,-0.05299250234,-0.2777502297
Concrete Strength,OLS,0.05,5,Superplasticizer,-0.007826768402,0.4392444175,-0.4470711859,-0.003560787769,0.1998342188
Concrete Strength,OLS,0.05,5,CoarseAggregate,-0.01445508581,-0.01059364737,-0.003861438436,-0.06239755989,-0.045729078
Concrete Strength,OLS,0.05,5,FineAggregate,-0.005099171301,-0.02111570423,0.01601653293,-0.01655417367,-0.06855094962
Concrete Strength,OLS,0.05,5,Age,0.2559274051,0.3179965973,-0.06206919215,0.2406611494,0.2990278692
Concrete Strength,LAD,0.05,5,Intercept,38.63501658,34.84597323,3.789043352,,
Concrete Strength,LAD,0.05,5,Cement,0.09779877584,0.1046292998,-0.006830523928,0.6159903808,0.6590127704
Concrete Strength,LAD,0.05,5,BlastFurnaceSlag,0.06708130099,0.07282063074,-0.005739329756,0.4355513635,0.4728161879
Concrete Strength,LAD,0.05,5,FlyAsh,0.03736954209,0.04138226326,-0.004012721178,0.1979075086,0.2191587096
Concrete Strength,LAD,0.05,5,Water,-0.1879252423,-0.1976716548,0.009746412528,-0.2280469711,-0.2398742266
Concrete Strength,LAD,0.05,5,Superplasticizer,0.4635475927,0.4402183842,0.02332920856,0.2108909468,0.2002773249
Concrete Strength,LAD,0.05,5,CoarseAggregate,-0.00658913392,-0.004963797824,-0.001625336095,-0.0284429912,-0.0214269826
Concrete Strength,LAD,0.05,5,FineAggregate,-0.01353873248,-0.01133095325,-0.00220777923,-0.04395273573,-0.03678530428
Concrete Strength,LAD,0.05,5,Age,0.3085192877,0.3116355468,-0.003116259135,0.290115888,0.29304626
Concrete Strength,OLS,0.05,6,Intercept,-143.499294,56.988864,-200.488158,,
Concrete Strength,OLS,0.05,6,Cement,0.2166976407,0.09386837158,0.1228292692,1.364880706,0.591234537
Concrete Strength,OLS,0.05,6,BlastFurnaceSlag,0.1892939551,0.07002203066,0.1192719244,1.229064419,0.4546451914
Concrete Strength,OLS,0.05,6,FlyAsh,0.2217083964,0.03678860477,0.1849197916,1.174158256,0.1948308892
Concrete Strength,OLS,0.05,6,Water,-0.1784960254,-0.228883896,0.05038787057,-0.216604632,-0.2777502297
Concrete Strength,OLS,0.05,6,Superplasticizer,-1.132442077,0.4392444175,-1.571686495,-0.5152044486,0.1998342188
Concrete Strength,OLS,0.05,6,CoarseAggregate,0.0608109032,-0.01059364737,0.07140455057,0.2624994431,-0.045729078
Concrete Strength,OLS,0.05,6,FineAggregate,0.07774703955,-0.02111570423,0.09886274378,0.2524014039,-0.06855094962
Concrete Strength,OLS,0.05,6,Age,0.3030723542,0.3179965973,-0.01492424302,0.2849938681,0.2990278692
Concrete Strength,LAD,0.05,6,Intercept,28.12516083,34.84597323,-6.7208124,,
Concrete Strength,LAD,0.05,6,Cement,0.1061925006,0.1046292998,0.001563200875,0.6688586677,0.6590127704
Concrete Strength,LAD,0.05,6,BlastFurnaceSlag,0.07573419282,0.07282063074,0.002913562081,0.4917336197,0.4728161879
Concrete Strength,LAD,0.05,6,FlyAsh,0.04597038169,0.04138226326,0.00458811843,0.24345719,0.2191587096
Concrete Strength,LAD,0.05,6,Water,-0.191085503,-0.1976716548,0.006586151853,-0.2318819422,-0.2398742266
Concrete Strength,LAD,0.05,6,Superplasticizer,0.4373371694,0.4402183842,-0.002881214723,0.1989665165,0.2002773249
Concrete Strength,LAD,0.05,6,CoarseAggregate,-0.004019631312,-0.004963797824,0.0009441665119,-0.01735134532,-0.0214269826
Concrete Strength,LAD,0.05,6,FineAggregate,-0.006989918093,-0.01133095325,0.004341035153,-0.0226923771,-0.03678530428
Concrete Strength,LAD,0.05,6,Age,0.3117189203,0.3116355468,8.337346118e-05,0.2931246602,0.29304626
Concrete Strength,OLS,0.05,7,Intercept,207.8927131,56.988864,150.9038491,,
Concrete Strength,OLS,0.05,7,Cement,0.04412066641,0.09386837158,-0.04974770517,0.2778961789,0.591234537
Concrete Strength,OLS,0.05,7,BlastFurnaceSlag,0.02616997518,0.07002203066,-0.04385205548,0.1699187136,0.4546451914
Concrete Strength,OLS,0.05,7,FlyAsh,0.03442348124,0.03678860477,-0.002365123533,0.1823052954,0.1948308892
Concrete Strength,OLS,0.05,7,Water,-0.6050524337,-0.228883896,-0.3761685377,-0.7342301287,-0.2777502297
Concrete Strength,OLS,0.05,7,Superplasticizer,0.1778670576,0.4392444175,-0.2613773599,0.08092060615,0.1998342188
Concrete Strength,OLS,0.05,7,CoarseAggregate,-0.07483957656,-0.01059364737,-0.06424592919,-0.3230563293,-0.045729078
Concrete Strength,OLS,0.05,7,FineAggregate,-0.02738755961,-0.02111570423,-0.006271855376,-0.08891217638,-0.06855094962
Concrete Strength,OLS,0.05,7,Age,0.3811238098,0.3179965973,0.06312721254,0.3583894976,0.2990278692
Concrete Strength,LAD,0.05,7,Intercept,44.57190346,34.84597323,9.725930231,,
Concrete Strength,LAD,0.05,7,Cement,0.09883584104,0.1046292998,-0.005793458726,0.6225223868,0.6590127704
Concrete Strength,LAD,0.05,7,BlastFurnaceSlag,0.07090994621,0.07282063074,-0.001910684532,0.4604103275,0.4728161879
Concrete Strength,LAD,0.05,7,FlyAsh,0.0437005181,0.04138226326,0.002318254837,0.2314360888,0.2191587096
Concrete Strength,LAD,0.05,7,Water,-0.2238599274,-0.1976716548,-0.02618827261,-0.2716536521,-0.2398742266
Concrete Strength,LAD,0.05,7,Superplasticizer,0.4117742313,0.4402183842,-0.0284441529,0.1873366594,0.2002773249
Concrete Strength,LAD,0.05,7,CoarseAggregate,-0.007715481391,-0.004963797824,-0.002751683567,-0.03330504008,-0.0214269826
Concrete Strength,LAD,0.05,7,FineAggregate,-0.01231160402,-0.01133095325,-0.0009806507725,-0.03996893201,-0.03678530428
Concrete Strength,LAD,0.05,7,Age,0.307376523,0.3116355468,-0.004259023799,0.2890412901,0.29304626
Concrete Strength,OLS,0.05,8,Intercept,-69.92203837,56.988864,-126.9109024,,
Concrete Strength,OLS,0.05,8,Cement,0.083730632,0.09386837158,-0.01013773958,0.5273814877,0.591234537
Concrete Strength,OLS,0.05,8,BlastFurnaceSlag,0.08650817642,0.07002203066,0.01648614576,0.5616878867,0.4546451914
Concrete Strength,OLS,0.05,8,FlyAsh,0.001864405057,0.03678860477,-0.03492419972,0.009873810041,0.1948308892
Concrete Strength,OLS,0.05,8,Water,0.1412420418,-0.228883896,0.3701259378,0.1713969844,-0.2777502297
Concrete Strength,OLS,0.05,8,Superplasticizer,1.395540575,0.4392444175,0.9562961574,0.6349010927,0.1998342188
Concrete Strength,OLS,0.05,8,CoarseAggregate,-0.0007624281817,-0.01059364737,0.009831219191,-0.003291136335,-0.045729078
Concrete Strength,OLS,0.05,8,FineAggregate,0.03595827042,-0.02111570423,0.05707397465,0.1167365084,-0.06855094962
Concrete Strength,OLS,0.05,8,Age,0.3083498263,0.3179965973,-0.009646771005,0.2899565351,0.2990278692
Concrete Strength,LAD,0.05,8,Intercept,37.28035375,34.84597323,2.434380524,,
Concrete Strength,LAD,0.05,8,Cement,0.1057549742,0.1046292998,0.001125674475,0.6661028862,0.6590127704
Concrete Strength,LAD,0.05,8,BlastFurnaceSlag,0.07292388031,0.07282063074,0.0001032495715,0.4734865757,0.4728161879
Concrete Strength,LAD,0.05,8,FlyAsh,0.03865911712,0.04138226326,-0.002723146146,0.2047370432,0.2191587096
Concrete Strength,LAD,0.05,8,Water,-0.1951392098,-0.1976716548,0.002532445004,-0.2368011087,-0.2398742266
Concrete Strength,LAD,0.05,8,Superplasticizer,0.4237680385,0.4402183842,-0.01645034568,0.1927932412,0.2002773249
Concrete Strength,LAD,0.05,8,CoarseAggregate,-0.007024898574,-0.004963797824,-0.002061100749,-0.0303240351,-0.0214269826
Concrete Strength,LAD,0.05,8,FineAggregate,-0.01246735005,-0.01133095325,-0.001136396803,-0.04047455277,-0.03678530428
Concrete Strength,LAD,0.05,8,Age,0.3081436159,0.3116355468,-0.003491930948,0.2897626253,0.29304626
Concrete Strength,OLS,0.05,9,Intercept,-116.3160345,56.988864,-173.3048985,,
Concrete Strength,OLS,0.05,9,Cement,0.1776251832,0.09386837158,0.08375681165,1.118780918,0.591234537
Concrete Strength,OLS,0.05,9,BlastFurnaceSlag,0.139129115,0.07002203066,0.06910708432,0.9033497389,0.4546451914
Concrete Strength,OLS,0.05,9,FlyAsh,0.2182395422,0.03678860477,0.1814509374,1.155787352,0.1948308892
Concrete Strength,OLS,0.05,9,Water,0.1487723834,-0.228883896,0.3776562794,0.1805350415,-0.2777502297
Concrete Strength,OLS,0.05,9,Superplasticizer,0.2339844969,0.4392444175,-0.2052599206,0.1064512315,0.1998342188
Concrete Strength,OLS,0.05,9,CoarseAggregate,0.02629957083,-0.01059364737,0.03689321821,0.1135260674,-0.045729078
Concrete Strength,OLS,0.05,9,FineAggregate,0.03048920405,-0.02111570423,0.05160490828,0.09898149111,-0.06855094962
Concrete Strength,OLS,0.05,9,Age,0.2232480107,0.3179965973,-0.09474858651,0.2099311047,0.2990278692
Concrete Strength,LAD,0.05,9,Intercept,19.13236011,34.84597323,-15.71361312,,
Concrete Strength,LAD,0.05,9,Cement,0.108550856,0.1046292998,0.003921556259,0.6837128846,0.6590127704
Concrete Strength,LAD,0.05,9,BlastFurnaceSlag,0.07706010572,0.07282063074,0.004239474981,0.5003426234,0.4728161879
Concrete Strength,LAD,0.05,9,FlyAsh,0.04912965617,0.04138226326,0.007747392906,0.2601885736,0.2191587096
Concrete Strength,LAD,0.05,9,Water,-0.1746480704,-0.1976716548,0.02302358437,-0.211935145,-0.2398742266
Concrete Strength,LAD,0.05,9,Superplasticizer,0.4921816165,0.4402183842,0.05196323233,0.223917994,0.2002773249
Concrete Strength,LAD,0.05,9,CoarseAggregate,0.001532756957,-0.004963797824,0.006496554781,0.006616376775,-0.0214269826
Concrete Strength,LAD,0.05,9,FineAggregate,-0.006518795984,-0.01133095325,0.004812157262,-0.02116290559,-0.03678530428
Concrete Strength,LAD,0.05,9,Age,0.2946189736,0.3116355468,-0.01701657325,0.2770447377,0.29304626
Concrete Strength,OLS,0.05,10,Intercept,161.7021504,56.988864,104.7132864,,
Concrete Strength,OLS,0.05,10,Cement,-0.02904310731,0.09386837158,-0.1229114789,-0.1829294342,0.591234537
Concrete Strength,OLS,0.05,10,BlastFurnaceSlag,-0.04606913981,0.07002203066,-0.1160911705,-0.2991217577,0.4546451914
Concrete Strength,OLS,0.05,10,FlyAsh,-0.06691429426,0.03678860477,-0.103702899,-0.3543752619,0.1948308892
Concrete Strength,OLS,0.05,10,Water,0.05560666263,-0.228883896,0.2844905586,0.06747859324,-0.2777502297
Concrete Strength,OLS,0.05,10,Superplasticizer,2.094832387,0.4392444175,1.655587969,0.9530438565,0.1998342188
Concrete Strength,OLS,0.05,10,CoarseAggregate,-0.05133705531,-0.01059364737,-0.04074340793,-0.2216041486,-0.045729078
Concrete Strength,OLS,0.05,10,FineAggregate,-0.1246564562,-0.02111570423,-0.103540752,-0.4046901943,-0.06855094962
Concrete Strength,OLS,0.05,10,Age,0.3739761387,0.3179965973,0.05597954146,0.3516681903,0.2990278692
Concrete Strength,LAD,0.05,10,Intercept,40.22440497,34.84597323,5.378431739,,
Concrete Strength,LAD,0.05,10,Cement,0.09672551495,0.1046292998,-0.007903784815,0.6092303945,0.6590127704
Concrete Strength,LAD,0.05,10,BlastFurnaceSlag,0.06528096712,0.07282063074,-0.007539663619,0.4238619976,0.4728161879
Concrete Strength,LAD,0.05,10,FlyAsh,0.03706129125,0.04138226326,-0.004320972013,0.1962750252,0.2191587096
Concrete Strength,LAD,0.05,10,Water,-0.1881282087,-0.1976716548,0.009543446107,-0.2282932705,-0.2398742266
Concrete Strength,LAD,0.05,10,Superplasticizer,0.4907999693,0.4402183842,0.0505815851,0.2232894137,0.2002773249
Concrete Strength,LAD,0.05,10,CoarseAggregate,-0.007057943242,-0.004963797824,-0.002094145417,-0.0304666774,-0.0214269826
Concrete Strength,LAD,0.05,10,FineAggregate,-0.01476206797,-0.01133095325,-0.003431114728,-0.04792422582,-0.03678530428
Concrete Strength,LAD,0.05,10,Age,0.3144609865,0.3116355468,0.002825439729,0.2957031602,0.29304626
Concrete Strength,OLS,0.05,11,Intercept,-105.9851807,56.988864,-162.9740447,,
Concrete Strength,OLS,0.05,11,Cement,0.1387924594,0.09386837158,0.04492408785,0.8741911052,0.591234537
Concrete Strength,OLS,0.05,11,BlastFurnaceSlag,0.1274499086,0.07002203066,0.0574278779,0.8275179615,0.4546451914
Concrete Strength,OLS,0.05,11,FlyAsh,0.10775172,0.03678860477,0.07096311521,0.5706485351,0.1948308892
Concrete Strength,OLS,0.05,11,Water,-0.001170377729,-0.228883896,0.2277135183,-0.00142025144,-0.2777502297
Concrete Strength,OLS,0.05,11,Superplasticizer,0.3936603425,0.4392444175,-0.04558407492,0.1790957469,0.1998342188
Concrete Strength,OLS,0.05,11,CoarseAggregate,0.05900988568,-0.01059364737,0.06960353305,0.2547250791,-0.045729078
Concrete Strength,OLS,0.05,11,FineAggregate,0.02077657942,-0.02111570423,0.04189228365,0.06744999994,-0.06855094962
Concrete Strength,OLS,0.05,11,Age,0.2726044189,0.3179965973,-0.0453921784,0.2563433672,0.2990278692
Concrete Strength,LAD,0.05,11,Intercept,30.49998069,34.84597323,-4.345992537,,
Concrete Strength,LAD,0.05,11,Cement,0.1059425435,0.1046292998,0.001313243736,0.6672843004,0.6590127704
Concrete Strength,LAD,0.05,11,BlastFurnaceSlag,0.07452319929,0.07282063074,0.001702568544,0.4838707745,0.4728161879
Concrete Strength,LAD,0.05,11,FlyAsh,0.04306094424,0.04138226326,0.001678680972,0.2280489328,0.2191587096
Concrete Strength,LAD,0.05,11,Water,-0.1988923377,-0.1976716548,-0.001220682939,-0.2413555233,-0.2398742266
Concrete Strength,LAD,0.05,11,Superplasticizer,0.4732122191,0.4402183842,0.0329938349,0.2152878679,0.2002773249
Concrete Strength,LAD,0.05,11,CoarseAggregate,-0.001737148139,-0.004963797824,0.003226649685,-0.007498662165,-0.0214269826
Concrete Strength,LAD,0.05,11,FineAggregate,-0.01004424837,-0.01133095325,0.001286704877,-0.03260808905,-0.03678530428
Concrete Strength,LAD,0.05,11,Age,0.2992224628,0.3116355468,-0.01241308397,0.2813736255,0.29304626
Concrete Strength,OLS,0.05,12,Intercept,92.5998227,56.988864,35.6109587,,
Concrete Strength,OLS,0.05,12,Cement,0.09219982062,0.09386837158,-0.001668550959,0.5807250871,0.591234537
Concrete Strength,OLS,0.05,12,BlastFurnaceSlag,0.085797303,0.07002203066,0.01577527234,0.5570722654,0.4546451914
Concrete Strength,OLS,0.05,12,FlyAsh,0.04298963827,0.03678860477,0.006201033498,0.2276712994,0.1948308892
Concrete Strength,OLS,0.05,12,Water,-0.4662472697,-0.228883896,-0.2373633737,-0.5657902916,-0.2777502297
Concrete Strength,OLS,0.05,12,Superplasticizer,0.3144478405,0.4392444175,-0.1247965769,0.1430580244,0.1998342188
Concrete Strength,OLS,0.05,12,CoarseAggregate,-0.02130077489,-0.01059364737,-0.01070712751,-0.09194801016,-0.045729078
Concrete Strength,OLS,0.05,12,FineAggregate,0.0008772452248,-0.02111570423,0.02199294946,0.002847927426,-0.06855094962
Concrete Strength,OLS,0.05,12,Age,0.2931558799,0.3179965973,-0.02484071739,0.2756689186,0.2990278692
Concrete Strength,LAD,0.05,12,Intercept,33.85728999,34.84597323,-0.9886832369,,
Concrete Strength,LAD,0.05,12,Cement,0.1077875588,0.1046292998,0.003158259058,0.6789052198,0.6590127704
Concrete Strength,LAD,0.05,12,BlastFurnaceSlag,0.07554514665,0.07282063074,0.002724515911,0.4905061641,0.4728161879
Concrete Strength,LAD,0.05,12,FlyAsh,0.04436159137,0.04138226326,0.002979328105,0.2349371048,0.2191587096
Concrete Strength,LAD,0.05,12,Water,-0.2183867441,-0.1976716548,-0.02071508932,-0.2650119532,-0.2398742266
Concrete Strength,LAD,0.05,12,Superplasticizer,0.4444005159,0.4402183842,0.004182131731,0.2021799855,0.2002773249
Concrete Strength,LAD,0.05,12,CoarseAggregate,-0.002770691207,-0.004963797824,0.002193106617,-0.01196010683,-0.0214269826
Concrete Strength,LAD,0.05,12,FineAggregate,-0.008965973366,-0.01133095325,0.002364979881,-0.02910752972,-0.03678530428
Concrete Strength,LAD,0.05,12,Age,0.2966697061,0.3116355468,-0.01496584073,0.2789731426,0.29304626
Concrete Strength,OLS,0.05,13,Intercept,-96.44762419,56.988864,-153.4364882,,
Concrete Strength,OLS,0.05,13,Cement,0.1147882525,0.09386837158,0.02091988093,0.7229994319,0.591234537
Concrete Strength,OLS,0.05,13,BlastFurnaceSlag,0.1085655166,0.07002203066,0.03854348589,0.7049037223,0.4546451914
Concrete Strength,OLS,0.05,13,FlyAsh,0.02808254549,0.03678860477,-0.008706059285,0.1487239688,0.1948308892
Concrete Strength,OLS,0.05,13,Water,0.119774679,-0.228883896,0.348658575,0.1453463752,-0.2777502297
Concrete Strength,OLS,0.05,13,Superplasticizer,1.349076065,0.4392444175,0.9098316476,0.613762067,0.1998342188
Concrete Strength,OLS,0.05,13,CoarseAggregate,0.04857302822,-0.01059364737,0.05916667559,0.2096728084,-0.045729078
Concrete Strength,OLS,0.05,13,FineAggregate,0.003322190342,-0.02111570423,0.02443789457,0.01078530464,-0.06855094962
Concrete Strength,OLS,0.05,13,Age,0.2916427673,0.3179965973,-0.02635382994,0.2742460643,0.2990278692
Concrete Strength,LAD,0.05,13,Intercept,26.62932174,34.84597323,-8.216651484,,
Concrete Strength,LAD,0.05,13,Cement,0.1039547734,0.1046292998,-0.0006745263768,0.654764233,0.6590127704
Concrete Strength,LAD,0.05,13,BlastFurnaceSlag,0.07439686055,0.07282063074,0.001576229812,0.4830504712,0.4728161879
Concrete Strength,LAD,0.05,13,FlyAsh,0.04394820282,0.04138226326,0.002565939555,0.2327478166,0.2191587096
Concrete Strength,LAD,0.05,13,Water,-0.1872880696,-0.1976716548,0.01038358523,-0.227273763,-0.2398742266
Concrete Strength,LAD,0.05,13,Superplasticizer,0.4526488422,0.4402183842,0.01243045804,0.205932561,0.2002773249
Concrete Strength,LAD,0.05,13,CoarseAggregate,-0.003917441641,-0.004963797824,0.001046356184,-0.01691022818,-0.0214269826
Concrete Strength,LAD,0.05,13,FineAggregate,-0.00530214932,-0.01133095325,0.006028803926,-0.01721313042,-0.03678530428
Concrete Strength,LAD,0.05,13,Age,0.3154823563,0.3116355468,0.003846809482,0.2966636045,0.29304626
Concrete Strength,OLS,0.05,14,Intercept,-13.75987861,56.988864,-70.74874261,,
Concrete Strength,OLS,0.05,14,Cement,0.09598116604,0.09386837158,0.00211279446,0.6045420765,0.591234537
Concrete Strength,OLS,0.05,14,BlastFurnaceSlag,0.08498256987,0.07002203066,0.01496053921,0.5517822945,0.4546451914
Concrete Strength,OLS,0.05,14,FlyAsh,0.05945847031,0.03678860477,0.02266986553,0.3148895348,0.1948308892
Concrete Strength,OLS,0.05,14,Water,-0.1494899355,-0.228883896,0.07939396051,-0.1814057898,-0.2777502297
Concrete Strength,OLS,0.05,14,Superplasticizer,0.1992421165,0.4392444175,-0.240002301,0.09064518778,0.1998342188
Concrete Strength,OLS,0.05,14,CoarseAggregate,0.02648940828,-0.01059364737,0.03708305565,0.1143455294,-0.045729078
Concrete Strength,OLS,0.05,14,FineAggregate,0.0006222917477,-0.02111570423,0.02173799598,0.002020235261,-0.06855094962
Concrete Strength,OLS,0.05,14,Age,0.3461949124,0.3179965973,0.0281983151,0.3255441343,0.2990278692
Concrete Strength,LAD,0.05,14,Intercept,36.92334655,34.84597323,2.077373327,,
Concrete Strength,LAD,0.05,14,Cement,0.1012039089,0.1046292998,-0.003425390895,0.637437778,0.6590127704
Concrete Strength,LAD,0.05,14,BlastFurnaceSlag,0.06860330736,0.07282063074,-0.004217323384,0.4454335801,0.4728161879
Concrete Strength,LAD,0.05,14,FlyAsh,0.03878827413,0.04138226326,-0.002593989137,0.2054210532,0.2191587096
Concrete Strength,LAD,0.05,14,Water,-0.1993679773,-0.1976716548,-0.001696322471,-0.2419327111,-0.2398742266
Concrete Strength,LAD,0.05,14,Superplasticizer,0.46881468,0.4402183842,0.02859629586,0.2132872078,0.2002773249
Concrete Strength,LAD,0.05,14,CoarseAggregate,-0.004587311267,-0.004963797824,0.0003764865571,-0.01980182154,-0.0214269826
Concrete Strength,LAD,0.05,14,FineAggregate,-0.01258841623,-0.01133095325,-0.001257462981,-0.04086758732,-0.03678530428
Concrete Strength,LAD,0.05,14,Age,0.3091162162,0.3116355468,-0.002519330617,0.2906772093,0.29304626
Concrete Strength,OLS,0.05,15,Intercept,192.882869,56.988864,135.894005,,
Concrete Strength,OLS,0.05,15,Cement,0.04043815234,0.09386837158,-0.05343021924,0.2547016836,0.591234537
Concrete Strength,OLS,0.05,15,BlastFurnaceSlag,0.007077581145,0.07002203066,-0.06294444952,0.04595394055,0.4546451914
Concrete Strength,OLS,0.05,15,FlyAsh,-0.02898940042,0.03678860477,-0.06577800519,-0.153526634,0.1948308892
Concrete Strength,OLS,0.05,15,Water,-0.3345981926,-0.228883896,-0.1057142967,-0.406034354,-0.2777502297
Concrete Strength,OLS,0.05,15,Superplasticizer,0.5877095892,0.4392444175,0.1484651717,0.2673784389,0.1998342188
Concrete Strength,OLS,0.05,15,CoarseAggregate,-0.06239112672,-0.01059364737,-0.05179747935,-0.2693207165,-0.045729078
Concrete Strength,OLS,0.05,15,FineAggregate,-0.08331196339,-0.02111570423,-0.06219625916,-0.270467617,-0.06855094962
Concrete Strength,OLS,0.05,15,Age,0.4169103211,0.3179965973,0.09891372388,0.3920413176,0.2990278692
Concrete Strength,LAD,0.05,15,Intercept,25.77910964,34.84597323,-9.066863588,,
Concrete Strength,LAD,0.05,15,Cement,0.104686904,0.1046292998,5.76042226e-05,0.6593755934,0.6590127704
Concrete Strength,LAD,0.05,15,BlastFurnaceSlag,0.07484642218,0.07282063074,0.002025791442,0.4859694245,0.4728161879
Concrete Strength,LAD,0.05,15,FlyAsh,0.04489407606,0.04138226326,0.003511812795,0.2377571211,0.2191587096
Concrete Strength,LAD,0.05,15,Water,-0.1840852478,-0.1976716548,0.01358640702,-0.2233871441,-0.2398742266
Concrete Strength,LAD,0.05,15,Superplasticizer,0.4567671701,0.4402183842,0.01654878592,0.207806194,0.2002773249
Concrete Strength,LAD,0.05,15,CoarseAggregate,-0.002471484507,-0.004963797824,0.002492313317,-0.01066853594,-0.0214269826
Concrete Strength,LAD,0.05,15,FineAggregate,-0.007131752555,-0.01133095325,0.004199200691,-0.02315283472,-0.03678530428
Concrete Strength,LAD,0.05,15,Age,0.3156704157,0.3116355468,0.004034868916,0.2968404461,0.29304626
Concrete Strength,OLS,0.05,16,Intercept,-246.8480634,56.988864,-303.8369274,,
Concrete Strength,OLS,0.05,16,Cement,0.1998890122,0.09386837158,0.1060206406,1.259010736,0.591234537
Concrete Strength,OLS,0.05,16,BlastFurnaceSlag,0.1655169019,0.07002203066,0.09549487122,1.07468268,0.4546451914
Concrete Strength,OLS,0.05,16,FlyAsh,0.2087947405,0.03678860477,0.1720061357,1.105768082,0.1948308892
Concrete Strength,OLS,0.05,16,Water,0.1247760847,-0.228883896,0.3536599807,0.1514155727,-0.2777502297
Concrete Strength,OLS,0.05,16,Superplasticizer,0.002971736846,0.4392444175,-0.4362726806,0.001351991483,0.1998342188
Concrete Strength,OLS,0.05,16,CoarseAggregate,0.08583466972,-0.01059364737,0.09642831709,0.3705183086,-0.045729078
Concrete Strength,OLS,0.05,16,FineAggregate,0.111980432,-0.02111570423,0.1330961362,0.3635381927,-0.06855094962
Concrete Strength,OLS,0.05,16,Age,0.2816533679,0.3179965973,-0.03634322937,0.2648525398,0.2990278692
Concrete Strength,LAD,0.05,16,Intercept,45.65818186,34.84597323,10.81220864,,
Concrete Strength,LAD,0.05,16,Cement,0.09653494478,0.1046292998,-0.008094354985,0.608030079,0.6590127704
Concrete Strength,LAD,0.05,16,BlastFurnaceSlag,0.06512949117,0.07282063074,-0.007691139572,0.4228784813,0.4728161879
Concrete Strength,LAD,0.05,16,FlyAsh,0.03765577445,0.04138226326,-0.003726488813,0.199423383,0.2191587096
Concrete Strength,LAD,0.05,16,Water,-0.2030879717,-0.1976716548,-0.005416316907,-0.2464469182,-0.2398742266
Concrete Strength,LAD,0.05,16,Superplasticizer,0.4580437249,0.4402183842,0.01782534077,0.2083869625,0.2002773249
Concrete Strength,LAD,0.05,16,CoarseAggregate,-0.01036929605,-0.004963797824,-0.005405498227,-0.04476063165,-0.0214269826
Concrete Strength,LAD,0.05,16,FineAggregate,-0.01419943449,-0.01133095325,-0.002868481241,-0.04609766776,-0.03678530428
Concrete Strength,LAD,0.05,16,Age,0.3164287013,0.3116355468,0.004793154489,0.2975534994,0.29304626
Concrete Strength,OLS,0.05,17,Intercept,119.1196293,56.988864,62.13076529,,
Concrete Strength,OLS,0.05,17,Cement,0.06330596777,0.09386837158,-0.03056240381,0.3987357394,0.591234537
Concrete Strength,OLS,0.05,17,BlastFurnaceSlag,0.03329515233,0.07002203066,-0.03672687833,0.2161816897,0.4546451914
Concrete Strength,OLS,0.05,17,FlyAsh,-0.04529760707,0.03678860477,-0.08208621184,-0.2398942042,0.1948308892
Concrete Strength,OLS,0.05,17,Water,-0.3106093013,-0.228883896,-0.08172540528,-0.376923874,-0.2777502297
Concrete Strength,OLS,0.05,17,Superplasticizer,1.394316979,0.4392444175,0.9550725611,0.6343444176,0.1998342188
Concrete Strength,OLS,0.05,17,CoarseAggregate,-0.018548974,-0.01059364737,-0.00795532663,-0.08006944626,-0.045729078
Concrete Strength,OLS,0.05,17,FineAggregate,-0.06113682444,-0.02111570423,-0.04002112021,-0.198477272,-0.06855094962
Concrete Strength,OLS,0.05,17,Age,0.3233467128,0.3179965973,0.005350115543,0.3040588464,0.2990278692
Concrete Strength,LAD,0.05,17,Intercept,34.61388059,34.84597323,-0.2320926411,,
Concrete Strength,LAD,0.05,17,Cement,0.1040007504,0.1046292998,-0.000628549324,0.6550538217,0.6590127704
Concrete Strength,LAD,0.05,17,BlastFurnaceSlag,0.07151034359,0.07282063074,-0.001310287153,0.4643086403,0.4728161879
Concrete Strength,LAD,0.05,17,FlyAsh,0.0398596102,0.04138226326,-0.001522653069,0.2110948036,0.2191587096
Concrete Strength,LAD,0.05,17,Water,-0.1972470303,-0.1976716548,0.0004246245241,-0.2393589454,-0.2398742266
Concrete Strength,LAD,0.05,17,Superplasticizer,0.4649229676,0.4402183842,0.02470458344,0.2115166735,0.2002773249
Concrete Strength,LAD,0.05,17,CoarseAggregate,-0.004319761755,-0.004963797824,0.0006440360688,-0.01864690369,-0.0214269826
Concrete Strength,LAD,0.05,17,FineAggregate,-0.01147661754,-0.01133095325,-0.0001456642986,-0.03725819525,-0.03678530428
Concrete Strength,LAD,0.05,17,Age,0.3053377049,0.3116355468,-0.00629784193,0.2871240889,0.29304626
Concrete Strength,OLS,0.05,18,Intercept,42.63808866,56.988864,-14.35077534,,
Concrete Strength,OLS,0.05,18,Cement,0.03148334542,0.09386837158,-0.06238502616,0.1982993935,0.591234537
Concrete Strength,OLS,0.05,18,BlastFurnaceSlag,0.02341752904,0.07002203066,-0.04660450162,0.1520473895,0.4546451914
Concrete Strength,OLS,0.05,18,FlyAsh,-0.02875652684,0.03678860477,-0.06554513161,-0.1522933455,0.1948308892
Concrete Strength,OLS,0.05,18,Water,-0.0591604092,-0.228883896,0.1697234868,-0.07179105884,-0.2777502297
Concrete Strength,OLS,0.05,18,Superplasticizer,1.6565545,0.4392444175,1.217310083,0.7536493608,0.1998342188
Concrete Strength,OLS,0.05,18,CoarseAggregate,0.004948674337,-0.01059364737,0.01554232171,0.02136169978,-0.045729078
Concrete Strength,OLS,0.05,18,FineAggregate,-0.03866276471,-0.02111570423,-0.01754706048,-0.1255164974,-0.06855094962
Concrete Strength,OLS,0.05,18,Age,0.3340308097,0.3179965973,0.01603421247,0.3141056292,0.2990278692
Concrete Strength,LAD,0.05,18,Intercept,40.99965803,34.84597323,6.153684806,,
Concrete Strength,LAD,0.05,18,Cement,0.09323747851,0.1046292998,-0.01139182126,0.5872608261,0.6590127704
Concrete Strength,LAD,0.05,18,BlastFurnaceSlag,0.06682114525,0.07282063074,-0.005999485491,0.4338622015,0.4728161879
Concrete Strength,LAD,0.05,18,FlyAsh,0.02622965242,0.04138226326,-0.01515261085,0.1389111258,0.2191587096
Concrete Strength,LAD,0.05,18,Water,-0.1951044039,-0.1976716548,0.002567250948,-0.2367588718,-0.2398742266
Concrete Strength,LAD,0.05,18,Superplasticizer,0.6405105045,0.4402183842,0.2002921204,0.2914002119,0.2002773249
Concrete Strength,LAD,0.05,18,CoarseAggregate,-0.00386592737,-0.004963797824,0.001097870454,-0.01668785906,-0.0214269826
Concrete Strength,LAD,0.05,18,FineAggregate,-0.01718672237,-0.01133095325,-0.005855769126,-0.05579573035,-0.03678530428
Concrete Strength,LAD,0.05,18,Age,0.3035067083,0.3116355468,-0.008128838484,0.2854023127,0.29304626
Concrete Strength,OLS,0.05,19,Intercept,95.98502995,56.988864,38.99616595,,
Concrete Strength,OLS,0.05,19,Cement,0.08661357878,0.09386837158,-0.007254792798,0.5455398692,0.591234537
Concrete Strength,OLS,0.05,19,BlastFurnaceSlag,0.04612253911,0.07002203066,-0.02389949155,0.2994684733,0.4546451914
Concrete Strength,OLS,0.05,19,FlyAsh,0.01599591513,0.03678860477,-0.02079268964,0.08471368753,0.1948308892
Concrete Strength,OLS,0.05,19,Water,-0.2172129692,-0.228883896,0.01167092674,-0.2635875794,-0.2777502297
Concrete Strength,OLS,0.05,19,Superplasticizer,0.8392296073,0.4392444175,0.3999851898,0.3818074546,0.1998342188
Concrete Strength,OLS,0.05,19,CoarseAggregate,-0.0156363425,-0.01059364737,-0.005042695129,-0.06749663272,-0.045729078
Concrete Strength,OLS,0.05,19,FineAggregate,-0.06707236383,-0.02111570423,-0.0459566596,-0.2177466678,-0.06855094962
Concrete Strength,OLS,0.05,19,Age,0.3500178498,0.3179965973,0.0320212525,0.3291390307,0.2990278692
Concrete Strength,LAD,0.05,19,Intercept,42.64155496,34.84597323,7.795581736,,
Concrete Strength,LAD,0.05,19,Cement,0.1002668276,0.1046292998,-0.004362472209,0.6315355255,0.6590127704
Concrete Strength,LAD,0.05,19,BlastFurnaceSlag,0.06721795452,0.07282063074,-0.005602676218,0.4364386396,0.4728161879
Concrete Strength,LAD,0.05,19,FlyAsh,0.03764555217,0.04138226326,-0.003736711095,0.1993692463,0.2191587096
Concrete Strength,LAD,0.05,19,Water,-0.2046523696,-0.1976716548,-0.006980714795,-0.2483453124,-0.2398742266
Concrete Strength,LAD,0.05,19,Superplasticizer,0.4603665946,0.4402183842,0.02014821045,0.2094437519,0.2002773249
Concrete Strength,LAD,0.05,19,CoarseAggregate,-0.008086321178,-0.004963797824,-0.003122523354,-0.034905826,-0.0214269826
Concrete Strength,LAD,0.05,19,FineAggregate,-0.01415015057,-0.01133095325,-0.002819197321,-0.04593767028,-0.03678530428
Concrete Strength,LAD,0.05,19,Age,0.3127532375,0.3116355468,0.001117690725,0.2940972797,0.29304626
Concrete Strength,OLS,0.05,20,Intercept,-123.389296,56.988864,-180.37816,,
Concrete Strength,OLS,0.05,20,Cement,0.1152742619,0.09386837158,0.02140589034,0.726060586,0.591234537
Concrete Strength,OLS,0.05,20,BlastFurnaceSlag,0.122934723,0.07002203066,0.05291269237,0.7982013683,0.4546451914
Concrete Strength,OLS,0.05,20,FlyAsh,0.04609237712,0.03678860477,0.009303772342,0.2441032726,0.1948308892
Concrete Strength,OLS,0.05,20,Water,0.05239366881,-0.228883896,0.2812775648,0.06357963056,-0.2777502297
Concrete Strength,OLS,0.05,20,Superplasticizer,1.695738553,0.4392444175,1.256494136,0.7714761431,0.1998342188
Concrete Strength,OLS,0.05,20,CoarseAggregate,0.07096244104,-0.01059364737,0.08155608841,0.3063200886,-0.045729078
Concrete Strength,OLS,0.05,20,FineAggregate,0.01805553022,-0.02111570423,0.03917123446,0.05861626632,-0.06855094962
Concrete Strength,OLS,0.05,20,Age,0.4324324167,0.3179965973,0.1144358194,0.4066375088,0.2990278692
Concrete Strength,LAD,0.05,20,Intercept,15.09125824,34.84597323,-19.75471499,,
Concrete Strength,LAD,0.05,20,Cement,0.1102821458,0.1046292998,0.005652846077,0.6946174984,0.6590127704
Concrete Strength,LAD,0.05,20,BlastFurnaceSlag,0.08093454609,0.07282063074,0.008113915344,0.5254989301,0.4728161879
Concrete Strength,LAD,0.05,20,FlyAsh,0.0485064393,0.04138226326,0.007124176037,0.2568880435,0.2191587096
Concrete Strength,LAD,0.05,20,Water,-0.1774357526,-0.1976716548,0.02023590224,-0.2153179926,-0.2398742266
Concrete Strength,LAD,0.05,20,Superplasticizer,0.5246752145,0.4402183842,0.08445683034,0.2387009543,0.2002773249
Concrete Strength,LAD,0.05,20,CoarseAggregate,0.005646651174,-0.004963797824,0.010610449,0.02437462216,-0.0214269826
Concrete Strength,LAD,0.05,20,FineAggregate,-0.007271304131,-0.01133095325,0.004059649116,-0.02360588109,-0.03678530428
Concrete Strength,LAD,0.05,20,Age,0.3018420594,0.3116355468,-0.009793487413,0.2838369612,0.29304626
Concrete Strength,OLS,0.05,21,Intercept,217.9351182,56.988864,160.9462542,,
Concrete Strength,OLS,0.05,21,Cement,0.03617161271,0.09386837158,-0.05769675887,0.2278286747,0.591234537
Concrete Strength,OLS,0.05,21,BlastFurnaceSlag,0.03065624201,0.07002203066,-0.03936578865,0.199047541,0.4546451914
Concrete Strength,OLS,0.05,21,FlyAsh,-0.03878511035,0.03678860477,-0.07557371513,-0.205404298,0.1948308892
Concrete Strength,OLS,0.05,21,Water,-0.5934278298,-0.228883896,-0.3645439338,-0.7201236911,-0.2777502297
Concrete Strength,OLS,0.05,21,Superplasticizer,0.07865527775,0.4392444175,-0.3605891397,0.03578421343,0.1998342188
Concrete Strength,OLS,0.05,21,CoarseAggregate,-0.06139997512,-0.01059364737,-0.05080632774,-0.2650422609,-0.045729078
Concrete Strength,OLS,0.05,21,FineAggregate,-0.04651350497,-0.02111570423,-0.02539780074,-0.1510034854,-0.06855094962
Concrete Strength,OLS,0.05,21,Age,0.2960743939,0.3179965973,-0.0219222034,0.2784133411,0.2990278692
Concrete Strength,LAD,0.05,21,Intercept,32.03283661,34.84597323,-2.81313662,,
Concrete Strength,LAD,0.05,21,Cement,0.1037066757,0.1046292998,-0.0009226240277,0.6532015778,0.6590127704
Concrete Strength,LAD,0.05,21,BlastFurnaceSlag,0.07559981959,0.07282063074,0.002779188845,0.4908611493,0.4728161879
Concrete Strength,LAD,0.05,21,FlyAsh,0.03752975097,0.04138226326,-0.003852512293,0.198755968,0.2191587096
Concrete Strength,LAD,0.05,21,Water,-0.2043904475,-0.1976716548,-0.006718792653,-0.2480274704,-0.2398742266
Concrete Strength,LAD,0.05,21,Superplasticizer,0.5141075706,0.4402183842,0.07388918644,0.2338932054,0.2002773249
Concrete Strength,LAD,0.05,21,CoarseAggregate,-0.003855607238,-0.004963797824,0.001108190586,-0.01664331065,-0.0214269826
Concrete Strength,LAD,0.05,21,FineAggregate,-0.007181310122,-0.01133095325,0.004149643124,-0.02331372059,-0.03678530428
Concrete Strength,LAD,0.05,21,Age,0.3005742684,0.3116355468,-0.01106127842,0.2826447949,0.29304626
Concrete Strength,OLS,0.05,22,Intercept,-12.78672312,56.988864,-69.77558712,,
Concrete Strength,OLS,0.05,22,Cement,0.1439772985,0.09386837158,0.0501089269,0.9068480679,0.591234537
Concrete Strength,OLS,0.05,22,BlastFurnaceSlag,0.1042430157,0.07002203066,0.03422098499,0.6768382088,0.4546451914
Concrete Strength,OLS,0.05,22,FlyAsh,0.1071967175,0.03678860477,0.0704081127,0.5677092653,0.1948308892
Concrete Strength,OLS,0.05,22,Water,-0.2097340475,-0.228883896,0.0191498485,-0.2545119202,-0.2777502297
Concrete Strength,OLS,0.05,22,Superplasticizer,-0.1301081353,0.4392444175,-0.5693525528,-0.0591926876,0.1998342188
Concrete Strength,OLS,0.05,22,CoarseAggregate,0.02894909716,-0.01059364737,0.03954274453,0.1249631478,-0.045729078
Concrete Strength,OLS,0.05,22,FineAggregate,-0.00617109572,-0.02111570423,0.01494460851,-0.02003411618,-0.06855094962
Concrete Strength,OLS,0.05,22,Age,0.2470683953,0.3179965973,-0.07092820193,0.232330586,0.2990278692
Concrete Strength,LAD,0.05,22,Intercept,40.79795316,34.84597323,5.951979932,,
Concrete Strength,LAD,0.05,22,Cement,0.1048052288,0.1046292998,0.0001759290726,0.6601208683,0.6590127704
Concrete Strength,LAD,0.05,22,BlastFurnaceSlag,0.07510278033,0.07282063074,0.002282149584,0.4876339291,0.4728161879
Concrete Strength,LAD,0.05,22,FlyAsh,0.05020519731,0.04138226326,0.008822934044,0.2658845938,0.2191587096
Concrete Strength,LAD,0.05,22,Water,-0.2191407641,-0.1976716548,-0.02146910929,-0.2659269552,-0.2398742266
Concrete Strength,LAD,0.05,22,Superplasticizer,0.3632886641,0.4402183842,-0.07692972002,0.1652781538,0.2002773249
Concrete Strength,LAD,0.05,22,CoarseAggregate,-0.006267580821,-0.004963797824,-0.001303782997,-0.02705495871,-0.0214269826
Concrete Strength,LAD,0.05,22,FineAggregate,-0.01245768209,-0.01133095325,-0.001126728845,-0.04044316628,-0.03678530428
Concrete Strength,LAD,0.05,22,Age,0.3033306228,0.3116355468,-0.008304924054,0.2852367307,0.29304626
Concrete Strength,OLS,0.05,23,Intercept,10.85462644,56.988864,-46.13423756,,
Concrete Strength,OLS,0.05,23,Cement,0.1611371026,0.09386837158,0.067268731,1.014929935,0.591234537
Concrete Strength,OLS,0.05,23,BlastFurnaceSlag,0.1049496056,0.07002203066,0.03492757489,0.6814260177,0.4546451914
Concrete Strength,OLS,0.05,23,FlyAsh,0.1417129086,0.03678860477,0.1049243038,0.7505055483,0.1948308892
Concrete Strength,OLS,0.05,23,Water,-0.1756991704,-0.228883896,0.05318472562,-0.213210653,-0.2777502297
Concrete Strength,OLS,0.05,23,Superplasticizer,-0.101021323,0.4392444175,-0.5402657405,-0.04595964426,0.1998342188
Concrete Strength,OLS,0.05,23,CoarseAggregate,-0.009436563569,-0.01059364737,0.001157083804,-0.0407343511,-0.045729078
Concrete Strength,OLS,0.05,23,FineAggregate,-0.001471796815,-0.02111570423,0.01964390742,-0.004778105823,-0.06855094962
Concrete Strength,OLS,0.05,23,Age,0.296339119,0.3179965973,-0.02165747825,0.2786622752,0.2990278692
Concrete Strength,LAD,0.05,23,Intercept,23.40997049,34.84597323,-11.43600274,,
Concrete Strength,LAD,0.05,23,Cement,0.1149499999,0.1046292998,0.01032070013,0.7240182058,0.6590127704
Concrete Strength,LAD,0.05,23,BlastFurnaceSlag,0.08547783984,0.07282063074,0.0126572091,0.5549980269,0.4728161879
Concrete Strength,LAD,0.05,23,FlyAsh,0.05160919,0.04138226326,0.01022692674,0.2733200795,0.2191587096
Concrete Strength,LAD,0.05,23,Water,-0.2091752528,-0.1976716548,-0.011503598,-0.2538338237,-0.2398742266
Concrete Strength,LAD,0.05,23,Superplasticizer,0.3788288659,0.4402183842,-0.06138951824,0.1723481676,0.2002773249
Concrete Strength,LAD,0.05,23,CoarseAggregate,0.001797790069,-0.004963797824,0.006761587893,0.007760432211,-0.0214269826
Concrete Strength,LAD,0.05,23,FineAggregate,-0.006434803094,-0.01133095325,0.004896150152,-0.02089022738,-0.03678530428
Concrete Strength,LAD,0.05,23,Age,0.3006367039,0.3116355468,-0.01099884295,0.282703506,0.29304626
Concrete Strength,OLS,0.05,24,Intercept,336.3424927,56.988864,279.3536287,,
Concrete Strength,OLS,0.05,24,Cement,0.01668675207,0.09386837158,-0.07718161951,0.1051023254,0.591234537
Concrete Strength,OLS,0.05,24,BlastFurnaceSlag,-0.03827011761,0.07002203066,-0.1082921483,-0.2484835813,0.4546451914
Concrete Strength,OLS,0.05,24,FlyAsh,-0.09829017193,0.03678860477,-0.1350787767,-0.5205405782,0.1948308892
Concrete Strength,OLS,0.05,24,Water,-0.6465867316,-0.228883896,-0.4177028356,-0.7846319307,-0.2777502297
Concrete Strength,OLS,0.05,24,Superplasticizer,0.4402540357,0.4392444175,0.001009618217,0.2002935446,0.1998342188
Concrete Strength,OLS,0.05,24,CoarseAggregate,-0.09229737972,-0.01059364737,-0.08170373235,-0.3984155719,-0.045729078
Concrete Strength,OLS,0.05,24,FineAggregate,-0.1318485892,-0.02111570423,-0.1107328849,-0.4280390506,-0.06855094962
Concrete Strength,OLS,0.05,24,Age,0.2748020676,0.3179965973,-0.04319452965,0.2584099246,0.2990278692
Concrete Strength,LAD,0.05,24,Intercept,48.3921058,34.84597323,13.54613258,,
Concrete Strength,LAD,0.05,24,Cement,0.09821799336,0.1046292998,-0.006411306408,0.6186308429,0.6590127704
Concrete Strength,LAD,0.05,24,BlastFurnaceSlag,0.06867092025,0.07282063074,-0.004149710494,0.4458725831,0.4728161879
Concrete Strength,LAD,0.05,24,FlyAsh,0.03220064584,0.04138226326,-0.009181617427,0.1705332535,0.2191587096
Concrete Strength,LAD,0.05,24,Water,-0.2200673859,-0.1976716548,-0.02239573107,-0.2670514092,-0.2398742266
Concrete Strength,LAD,0.05,24,Superplasticizer,0.5031345466,0.4402183842,0.06291616244,0.2289010289,0.2002773249
Concrete Strength,LAD,0.05,24,CoarseAggregate,-0.007134454569,-0.004963797824,-0.002170656745,-0.0307969501,-0.0214269826
Concrete Strength,LAD,0.05,24,FineAggregate,-0.01769256319,-0.01133095325,-0.006361609939,-0.05743791418,-0.03678530428
Concrete Strength,LAD,0.05,24,Age,0.3007321488,0.3116355468,-0.01090339797,0.2827932577,0.29304626
Concrete Strength,OLS,0.05,25,Intercept,-56.02862496,56.988864,-113.017489,,
Concrete Strength,OLS,0.05,25,Cement,0.1690282882,0.09386837158,0.07515991667,1.064632954,0.591234537
Concrete Strength,OLS,0.05,25,BlastFurnaceSlag,0.1154683037,0.07002203066,0.04544627302,0.7497227449,0.4546451914
Concrete Strength,OLS,0.05,25,FlyAsh,0.1314499966,0.03678860477,0.0946613918,0.6961536019,0.1948308892
Concrete Strength,OLS,0.05,25,Water,-0.1874656933,-0.228883896,0.0414182027,-0.2274893091,-0.2777502297
Concrete Strength,OLS,0.05,25,Superplasticizer,0.1204304365,0.4392444175,-0.3188139809,0.05478981918,0.1998342188
Concrete Strength,OLS,0.05,25,CoarseAggregate,0.06881260153,-0.01059364737,0.07940624891,0.2970399818,-0.045729078
Concrete Strength,OLS,0.05,25,FineAggregate,-0.02081046868,-0.02111570423,0.0003052355524,-0.06756001952,-0.06855094962
Concrete Strength,OLS,0.05,25,Age,0.281653479,0.3179965973,-0.03634311821,0.2648526444,0.2990278692
Concrete Strength,LAD,0.05,25,Intercept,42.45591671,34.84597323,7.609943486,,
Concrete Strength,LAD,0.05,25,Cement,0.0982210303,0.1046292998,-0.006408269464,0.6186499712,0.6590127704
Concrete Strength,LAD,0.05,25,BlastFurnaceSlag,0.06810895818,0.07282063074,-0.004711672564,0.4422238264,0.4728161879
Concrete Strength,LAD,0.05,25,FlyAsh,0.03784418252,0.04138226326,-0.003538080741,0.2004211842,0.2191587096
Concrete Strength,LAD,0.05,25,Water,-0.2038915098,-0.1976716548,-0.006219855033,-0.2474220104,-0.2398742266
Concrete Strength,LAD,0.05,25,Superplasticizer,0.4840410266,0.4402183842,0.04382264243,0.2202144332,0.2002773249
Concrete Strength,LAD,0.05,25,CoarseAggregate,-0.005968538698,-0.004963797824,-0.001004740874,-0.02576409824,-0.0214269826
Concrete Strength,LAD,0.05,25,FineAggregate,-0.01584387618,-0.01133095325,-0.004512922937,-0.05143625551,-0.03678530428
Concrete Strength,LAD,0.05,25,Age,0.3071900503,0.3116355468,-0.004445496504,0.2888659406,0.29304626
Concrete Strength,OLS,0.05,26,Intercept,81.78895733,56.988864,24.80009334,,
Concrete Strength,OLS,0.05,26,Cement,0.09125525549,0.09386837158,-0.00261311609,0.5747756973,0.591234537
Concrete Strength,OLS,0.05,26,BlastFurnaceSlag,0.06274824159,0.07002203066,-0.007273789066,0.4074172948,0.4546451914
Concrete Strength,OLS,0.05,26,FlyAsh,0.02359522449,0.03678860477,-0.01319338029,0.1249593073,0.1948308892
Concrete Strength,OLS,0.05,26,Water,-0.4362336805,-0.228883896,-0.2073497845,-0.5293688507,-0.2777502297
Concrete Strength,OLS,0.05,26,Superplasticizer,1.10793357,0.4392444175,0.6686891528,0.5040543049,0.1998342188
Concrete Strength,OLS,0.05,26,CoarseAggregate,0.002498134,-0.01059364737,0.01309178137,0.01078357251,-0.045729078
Concrete Strength,OLS,0.05,26,FineAggregate,-0.03477504981,-0.02111570423,-0.01365934557,-0.112895249,-0.06855094962
Concrete Strength,OLS,0.05,26,Age,0.4822307871,0.3179965973,0.1642341899,0.4534653703,0.2990278692
Concrete Strength,LAD,0.05,26,Intercept,48.35486888,34.84597323,13.50889566,,
Concrete Strength,LAD,0.05,26,Cement,0.09643913336,0.1046292998,-0.008190166402,0.6074266061,0.6590127704
Concrete Strength,LAD,0.05,26,BlastFurnaceSlag,0.06655070925,0.07282063074,-0.006269921493,0.4321062908,0.4728161879
Concrete Strength,LAD,0.05,26,FlyAsh,0.03492155161,0.04138226326,-0.006460711651,0.184943055,0.2191587096
Concrete Strength,LAD,0.05,26,Water,-0.2314982433,-0.1976716548,-0.03382658846,-0.2809227358,-0.2398742266
Concrete Strength,LAD,0.05,26,Superplasticizer,0.4556206072,0.4402183842,0.01540222306,0.2072845653,0.2002773249
Concrete Strength,LAD,0.05,26,CoarseAggregate,-0.007753218345,-0.004963797824,-0.002789420521,-0.03346793734,-0.0214269826
Concrete Strength,LAD,0.05,26,FineAggregate,-0.01427548622,-0.01133095325,-0.00294453297,-0.04634456544,-0.03678530428
Concrete Strength,LAD,0.05,26,Age,0.3211256626,0.3116355468,0.0094901158,0.3019702835,0.29304626
Concrete Strength,OLS,0.05,27,Intercept,-137.3400297,56.988864,-194.3288937,,
Concrete Strength,OLS,0.05,27,Cement,0.1226220593,0.09386837158,0.0287536877,0.7723410477,0.591234537
Concrete Strength,OLS,0.05,27,BlastFurnaceSlag,0.0971572885,0.07002203066,0.02713525784,0.6308313771,0.4546451914
Concrete Strength,OLS,0.05,27,FlyAsh,0.06797200841,0.03678860477,0.03118340364,0.3599768712,0.1948308892
Concrete Strength,OLS,0.05,27,Water,-0.05681021507,-0.228883896,0.1720736809,-0.06893910214,-0.2777502297
Concrete Strength,OLS,0.05,27,Superplasticizer,0.4160645945,0.4392444175,-0.02317982298,0.1892885599,0.1998342188
Concrete Strength,OLS,0.05,27,CoarseAggregate,0.06416740836,-0.01059364737,0.07476105573,0.2769883043,-0.045729078
Concrete Strength,OLS,0.05,27,FineAggregate,0.07578340296,-0.02111570423,0.09689910719,0.2460265678,-0.06855094962
Concrete Strength,OLS,0.05,27,Age,0.3501831441,0.3179965973,0.03218654682,0.3292944651,0.2990278692
Concrete Strength,LAD,0.05,27,Intercept,32.0153971,34.84597323,-2.83057613,,
Concrete Strength,LAD,0.05,27,Cement,0.1015633502,0.1046292998,-0.00306594956,0.6397017369,0.6590127704
Concrete Strength,LAD,0.05,27,BlastFurnaceSlag,0.07343486289,0.07282063074,0.0006142321524,0.4768043283,0.4728161879
Concrete Strength,LAD,0.05,27,FlyAsh,0.04195406226,0.04138226326,0.0005717989997,0.2221869328,0.2191587096
Concrete Strength,LAD,0.05,27,Water,-0.2066370067,-0.1976716548,-0.008965351851,-0.2507536662,-0.2398742266
Concrete Strength,LAD,0.05,27,Superplasticizer,0.4210257429,0.4402183842,-0.01919264127,0.191545634,0.2002773249
Concrete Strength,LAD,0.05,27,CoarseAggregate,-0.002394355075,-0.004963797824,0.002569442749,-0.01033559511,-0.0214269826
Concrete Strength,LAD,0.05,27,FineAggregate,-0.008237923632,-0.01133095325,0.003093029615,-0.02674395709,-0.03678530428
Concrete Strength,LAD,0.05,27,Age,0.312758998,0.3116355468,0.001123451229,0.2941026966,0.29304626
Concrete Strength,OLS,0.05,28,Intercept,262.558771,56.988864,205.569907,,
Concrete Strength,OLS,0.05,28,Cement,0.01865004612,0.09386837158,-0.07521832546,0.1174682291,0.591234537
Concrete Strength,OLS,0.05,28,BlastFurnaceSlag,0.00803362507,0.07002203066,-0.06198840559,0.05216142653,0.4546451914
Concrete Strength,OLS,0.05,28,FlyAsh,-0.04056179817,0.03678860477,-0.07735040295,-0.2148135613,0.1948308892
Concrete Strength,OLS,0.05,28,Water,-0.5209182423,-0.228883896,-0.2920343463,-0.6321334265,-0.2777502297
Concrete Strength,OLS,0.05,28,Superplasticizer,0.3964572184,0.4392444175,-0.04278719908,0.1803681854,0.1998342188
Concrete Strength,OLS,0.05,28,CoarseAggregate,-0.05663650264,-0.01059364737,-0.04604285527,-0.2444800129,-0.045729078
Concrete Strength,OLS,0.05,28,FineAggregate,-0.1179562197,-0.02111570423,-0.09684051542,-0.3829382521,-0.06855094962
Concrete Strength,OLS,0.05,28,Age,0.3301038339,0.3179965973,0.01210723666,0.3104129004,0.2990278692
Concrete Strength,LAD,0.05,28,Intercept,58.46482193,34.84597323,23.6188487,,
Concrete Strength,LAD,0.05,28,Cement,0.09219911752,0.1046292998,-0.01243018224,0.5807206586,0.6590127704
Concrete Strength,LAD,0.05,28,BlastFurnaceSlag,0.06137079212,0.07282063074,-0.01144983862,0.3984736699,0.4728161879
Concrete Strength,LAD,0.05,28,FlyAsh,0.03167917654,0.04138226326,-0.009703086721,0.1677715742,0.2191587096
Concrete Strength,LAD,0.05,28,Water,-0.2270112172,-0.1976716548,-0.02933956239,-0.2754777371,-0.2398742266
Concrete Strength,LAD,0.05,28,Superplasticizer,0.4495861771,0.4402183842,0.009367792941,0.2045392017,0.2002773249
Concrete Strength,LAD,0.05,28,CoarseAggregate,-0.01209699044,-0.004963797824,-0.007133192611,-0.05221848526,-0.0214269826
Concrete Strength,LAD,0.05,28,FineAggregate,-0.02020416043,-0.01133095325,-0.008873207187,-0.0655916738,-0.03678530428
Concrete Strength,LAD,0.05,28,Age,0.3154913863,0.3116355468,0.003855839465,0.2966720959,0.29304626
Concrete Strength,OLS,0.05,29,Intercept,59.4543297,56.988864,2.465465704,,
Concrete Strength,OLS,0.05,29,Cement,0.09679827131,0.09386837158,0.002929899726,0.609688654,0.591234537
Concrete Strength,OLS,0.05,29,BlastFurnaceSlag,0.08918760048,0.07002203066,0.01916556982,0.5790850867,0.4546451914
Concrete Strength,OLS,0.05,29,FlyAsh,0.06965127948,0.03678860477,0.0328626747,0.3688702195,0.1948308892
Concrete Strength,OLS,0.05,29,Water,-0.3283403756,-0.228883896,-0.09945647965,-0.3984405034,-0.2777502297
Concrete Strength,OLS,0.05,29,Superplasticizer,0.07277943203,0.4392444175,-0.3664649854,0.03311099781,0.1998342188
Concrete Strength,OLS,0.05,29,CoarseAggregate,-0.008469733001,-0.01059364737,0.002123914371,-0.03656088101,-0.045729078
Concrete Strength,OLS,0.05,29,FineAggregate,-0.007146405356,-0.02111570423,0.01396929888,-0.02320040422,-0.06855094962
Concrete Strength,OLS,0.05,29,Age,0.3195139109,0.3179965973,0.001517313653,0.300454674,0.2990278692
Concrete Strength,LAD,0.05,29,Intercept,31.40937398,34.84597323,-3.436599247,,
Concrete Strength,LAD,0.05,29,Cement,0.1036617996,0.1046292998,-0.0009675002072,0.652918923,0.6590127704
Concrete Strength,LAD,0.05,29,BlastFurnaceSlag,0.07378952673,0.07282063074,0.0009688959852,0.4791071208,0.4728161879
Concrete Strength,LAD,0.05,29,FlyAsh,0.04417740366,0.04138226326,0.002795140393,0.2339616545,0.2191587096
Concrete Strength,LAD,0.05,29,Water,-0.1995966613,-0.1976716548,-0.00192500645,-0.2422102187,-0.2398742266
Concrete Strength,LAD,0.05,29,Superplasticizer,0.4988372458,0.4402183842,0.05861886168,0.2269459722,0.2002773249
Concrete Strength,LAD,0.05,29,CoarseAggregate,-0.00274349009,-0.004963797824,0.002220307734,-0.0118426891,-0.0214269826
Concrete Strength,LAD,0.05,29,FineAggregate,-0.009481986956,-0.01133095325,0.001848966291,-0.0307827389,-0.03678530428
Concrete Strength,LAD,0.05,29,Age,0.300461775,0.3116355468,-0.01117377181,0.2825390118,0.29304626
Concrete Strength,OLS,0.05,30,Intercept,-212.7066398,56.988864,-269.6955038,,
Concrete Strength,OLS,0.05,30,Cement,0.121150749,0.09386837158,0.0272823774,0.7630739277,0.591234537
Concrete Strength,OLS,0.05,30,BlastFurnaceSlag,0.1205903302,0.07002203066,0.05056829956,0.7829794887,0.4546451914
Concrete Strength,OLS,0.05,30,FlyAsh,0.05208610817,0.03678860477,0.01529750339,0.2758458178,0.1948308892
Concrete Strength,OLS,0.05,30,Water,0.3138338849,-0.228883896,0.5427177809,0.3808369009,-0.2777502297
Concrete Strength,OLS,0.05,30,Superplasticizer,1.896945519,0.4392444175,1.457701102,0.863015239,0.1998342188
Concrete Strength,OLS,0.05,30,CoarseAggregate,0.07560653204,-0.01059364737,0.08620017941,0.3263670084,-0.045729078
Concrete Strength,OLS,0.05,30,FineAggregate,0.06874105395,-0.02111570423,0.08985675818,0.2231639766,-0.06855094962
Concrete Strength,OLS,0.05,30,Age,0.2594006193,0.3179965973,-0.05859597792,0.2439271839,0.2990278692
Concrete Strength,LAD,0.05,30,Intercept,18.13689389,34.84597323,-16.70907934,,
Concrete Strength,LAD,0.05,30,Cement,0.103855995,0.1046292998,-0.000773304815,0.6541420721,0.6590127704
Concrete Strength,LAD,0.05,30,BlastFurnaceSlag,0.07387585279,0.07282063074,0.001055222052,0.4796676263,0.4728161879
Concrete Strength,LAD,0.05,30,FlyAsh,0.04773872699,0.04138226326,0.00635646373,0.2528222717,0.2191587096
Concrete Strength,LAD,0.05,30,Water,-0.1714716476,-0.1976716548,0.02620000718,-0.2080805611,-0.2398742266
Concrete Strength,LAD,0.05,30,Superplasticizer,0.4613444934,0.4402183842,0.02112610924,0.2098886469,0.2002773249
Concrete Strength,LAD,0.05,30,CoarseAggregate,-0.0005594266031,-0.004963797824,0.004404371221,-0.002414849378,-0.0214269826
Concrete Strength,LAD,0.05,30,FineAggregate,-0.002146340772,-0.01133095325,0.009184612474,-0.006967974951,-0.03678530428
Concrete Strength,LAD,0.05,30,Age,0.3116716205,0.3116355468,3.60737254e-05,0.2930801819,0.29304626
Concrete Strength,OLS,0.1,1,Intercept,8.675792733,56.988864,-48.31307126,,
Concrete Strength,OLS,0.1,1,Cement,0.1352021785,0.09386837158,0.04133380691,0.8515775448,0.591234537
Concrete Strength,OLS,0.1,1,BlastFurnaceSlag,0.1463128271,0.07002203066,0.07629079647,0.9499927762,0.4546451914
Concrete Strength,OLS,0.1,1,FlyAsh,0.1941083822,0.03678860477,0.1573197775,1.027989753,0.1948308892
Concrete Strength,OLS,0.1,1,Water,-0.2918254433,-0.228883896,-0.06294154732,-0.3541296934,-0.2777502297
Concrete Strength,OLS,0.1,1,Superplasticizer,-1.088829194,0.4392444175,-1.528073612,-0.4953627702,0.1998342188
Concrete Strength,OLS,0.1,1,CoarseAggregate,-0.003085273248,-0.01059364737,0.007508374125,-0.0133180477,-0.045729078
Concrete Strength,OLS,0.1,1,FineAggregate,0.01848988093,-0.02111570423,0.03960558516,0.06002636151,-0.06855094962
Concrete Strength,OLS,0.1,1,Age,0.4573952369,0.3179965973,0.1393986396,0.4301112787,0.2990278692
Concrete Strength,LAD,0.1,1,Intercept,40.82142879,34.84597323,5.975455559,,
Concrete Strength,LAD,0.1,1,Cement,0.1027040619,0.1046292998,-0.001925237838,0.6468865656,0.6590127704
Concrete Strength,LAD,0.1,1,BlastFurnaceSlag,0.0745905807,0.07282063074,0.001769949955,0.4843082744,0.4728161879
Concrete Strength,LAD,0.1,1,FlyAsh,0.04659076665,0.04138226326,0.005208503389,0.2467427225,0.2191587096
Concrete Strength,LAD,0.1,1,Water,-0.2181182911,-0.1976716548,-0.02044663632,-0.264686186,-0.2398742266
Concrete Strength,LAD,0.1,1,Superplasticizer,0.3378005516,0.4402183842,-0.1024178326,0.1536823387,0.2002773249
Concrete Strength,LAD,0.1,1,CoarseAggregate,-0.007179589138,-0.004963797824,-0.002215791314,-0.03099178027,-0.0214269826
Concrete Strength,LAD,0.1,1,FineAggregate,-0.01041758469,-0.01133095325,0.0009133685529,-0.03382010449,-0.03678530428
Concrete Strength,LAD,0.1,1,Age,0.3075238907,0.3116355468,-0.004111656073,0.2891798672,0.29304626
Concrete Strength,OLS,0.1,2,Intercept,-376.1713983,56.988864,-433.1602623,,
Concrete Strength,OLS,0.1,2,Cement,0.2429498837,0.09386837158,0.1490815122,1.530231745,0.591234537
Concrete Strength,OLS,0.1,2,BlastFurnaceSlag,0.2118128795,0.07002203066,0.1417908489,1.37527727,0.4546451914
Concrete Strength,OLS,0.1,2,FlyAsh,0.2337620334,0.03678860477,0.1969734286,1.237993806,0.1948308892
Concrete Strength,OLS,0.1,2,Water,0.3250150415,-0.228883896,0.5538989375,0.394405216,-0.2777502297
Concrete Strength,OLS,0.1,2,Superplasticizer,0.1952449915,0.4392444175,-0.2439994259,0.08882669604,0.1998342188
Concrete Strength,OLS,0.1,2,CoarseAggregate,0.1249925428,-0.01059364737,0.1355861902,0.5395491786,-0.045729078
Concrete Strength,OLS,0.1,2,FineAggregate,0.1501317252,-0.02111570423,0.1712474294,0.4873942265,-0.06855094962
Concrete Strength,OLS,0.1,2,Age,0.3724337755,0.3179965973,0.05443717822,0.3502178302,0.2990278692
Concrete Strength,LAD,0.1,2,Intercept,21.57455115,34.84597323,-13.27142208,,
Concrete Strength,LAD,0.1,2,Cement,0.1051120258,0.1046292998,0.000482726027,0.6620532439,0.6590127704
Concrete Strength,LAD,0.1,2,BlastFurnaceSlag,0.07419055309,0.07282063074,0.00136992235,0.48171094,0.4728161879
Concrete Strength,LAD,0.1,2,FlyAsh,0.04988979613,0.04138226326,0.008507532865,0.2642142425,0.2191587096
Concrete Strength,LAD,0.1,2,Water,-0.1685756503,-0.1976716548,0.02909600446,-0.2045662732,-0.2398742266
Concrete Strength,LAD,0.1,2,Superplasticizer,0.4165119494,0.4402183842,-0.02370643476,0.189492084,0.2002773249
Concrete Strength,LAD,0.1,2,CoarseAggregate,-0.002453549144,-0.004963797824,0.00251024868,-0.01059111525,-0.0214269826
Concrete Strength,LAD,0.1,2,FineAggregate,-0.005530944292,-0.01133095325,0.005800008954,-0.01795590047,-0.03678530428
Concrete Strength,LAD,0.1,2,Age,0.3148471662,0.3116355468,0.003211619389,0.296066304,0.29304626
Concrete Strength,OLS,0.1,3,Intercept,-530.5473419,56.988864,-587.5362059,,
Concrete Strength,OLS,0.1,3,Cement,0.2669771643,0.09386837158,0.1731087927,1.681568749,0.591234537
Concrete Strength,OLS,0.1,3,BlastFurnaceSlag,0.328398689,0.07002203066,0.2583766583,2.132255854,0.4546451914
Concrete Strength,OLS,0.1,3,FlyAsh,0.3437207974,0.03678860477,0.3069321927,1.820330753,0.1948308892
Concrete Strength,OLS,0.1,3,Water,0.5537356862,-0.228883896,0.7826195822,0.6719573405,-0.2777502297
Concrete Strength,OLS,0.1,3,Superplasticizer,0.4131509849,0.4392444175,-0.02609343255,0.1879630134,0.1998342188
Concrete Strength,OLS,0.1,3,CoarseAggregate,0.1863731506,-0.01059364737,0.196966798,0.8045078377,-0.045729078
Concrete Strength,OLS,0.1,3,FineAggregate,0.2001160393,-0.02111570423,0.2212317435,0.649665499,-0.06855094962
Concrete Strength,OLS,0.1,3,Age,0.257050057,0.3179965973,-0.06094654022,0.2417168344,0.2990278692
Concrete Strength,LAD,0.1,3,Intercept,8.760962066,34.84597323,-26.08501116,,
Concrete Strength,LAD,0.1,3,Cement,0.1161863876,0.1046292998,0.01155708783,0.7318056543,0.6590127704
Concrete Strength,LAD,0.1,3,BlastFurnaceSlag,0.09050596506,0.07282063074,0.01768533432,0.58764508,0.4728161879
Concrete Strength,LAD,0.1,3,FlyAsh,0.06365172053,0.04138226326,0.02226945727,0.33709681,0.2191587096
Concrete Strength,LAD,0.1,3,Water,-0.1766072863,-0.1976716548,0.02106436849,-0.2143126502,-0.2398742266
Concrete Strength,LAD,0.1,3,Superplasticizer,0.291592794,0.4402183842,-0.1486255902,0.1326601224,0.2002773249
Concrete Strength,LAD,0.1,3,CoarseAggregate,0.00416339364,-0.004963797824,0.009127191464,0.01797191711,-0.0214269826
Concrete Strength,LAD,0.1,3,FineAggregate,-7.238563265e-05,-0.01133095325,0.01125856761,-0.000234995897,-0.03678530428
Concrete Strength,LAD,0.1,3,Age,0.3008708582,0.3116355468,-0.01076468863,0.2829236929,0.29304626
Concrete Strength,OLS,0.1,4,Intercept,691.453017,56.988864,634.464153,,
Concrete Strength,OLS,0.1,4,Cement,-0.1258066269,0.09386837158,-0.2196749985,-0.7923992027,0.591234537
Concrete Strength,OLS,0.1,4,BlastFurnaceSlag,-0.1307471408,0.07002203066,-0.2007691714,-0.8489265206,0.4546451914
Concrete Strength,OLS,0.1,4,FlyAsh,-0.2455418565,0.03678860477,-0.2823304613,-1.300379249,0.1948308892
Concrete Strength,OLS,0.1,4,Water,-1.260619727,-0.228883896,-1.031735831,-1.529759956,-0.2777502297
Concrete Strength,OLS,0.1,4,Superplasticizer,-0.4633669996,0.4392444175,-0.9026114171,-0.210808786,0.1998342188
Concrete Strength,OLS,0.1,4,CoarseAggregate,-0.147073469,-0.01059364737,-0.1364798216,-0.6348648296,-0.045729078
Concrete Strength,OLS,0.1,4,FineAggregate,-0.3068151041,-0.02111570423,-0.2856993999,-0.9960580293,-0.06855094962
Concrete Strength,OLS,0.1,4,Age,0.4671222991,0.3179965973,0.1491257019,0.4392581146,0.2990278692
Concrete Strength,LAD,0.1,4,Intercept,53.1196435,34.84597323,18.27367027,,
Concrete Strength,LAD,0.1,4,Cement,0.09400347205,0.1046292998,-0.01062582771,0.592085474,0.6590127704
Concrete Strength,LAD,0.1,4,BlastFurnaceSlag,0.06310825646,0.07282063074,-0.009712374279,0.409754831,0.4728161879
Concrete Strength,LAD,0.1,4,FlyAsh,0.03300588448,0.04138226326,-0.008376378787,0.1747977631,0.2191587096
Concrete Strength,LAD,0.1,4,Water,-0.2194614683,-0.1976716548,-0.02178981345,-0.2663161292,-0.2398742266
Concrete Strength,LAD,0.1,4,Superplasticizer,0.4343203174,0.4402183842,-0.00589806678,0.1975939998,0.2002773249
Concrete Strength,LAD,0.1,4,CoarseAggregate,-0.009594339741,-0.004963797824,-0.004630541916,-0.04141541576,-0.0214269826
Concrete Strength,LAD,0.1,4,FineAggregate,-0.01902006356,-0.01133095325,-0.007689110319,-0.06174756972,-0.03678530428
Concrete Strength,LAD,0.1,4,Age,0.3151890382,0.3116355468,0.00355349143,0.2963877831,0.29304626
Concrete Strength,OLS,0.1,5,Intercept,233.4800249,56.988864,176.4911609,,
Concrete Strength,OLS,0.1,5,Cement,0.08114078224,0.09386837158,-0.01272758934,0.511069192,0.591234537
Concrete Strength,OLS,0.1,5,BlastFurnaceSlag,0.0044129783,0.07002203066,-0.06560905236,0.02865297314,0.4546451914
Concrete Strength,OLS,0.1,5,FlyAsh,-0.02851725808,0.03678860477,-0.06530586286,-0.1510261883,0.1948308892
Concrete Strength,OLS,0.1,5,Water,-0.5525052453,-0.228883896,-0.3236213493,-0.6704642024,-0.2777502297
Concrete Strength,OLS,0.1,5,Superplasticizer,-0.7021817503,0.4392444175,-1.141426168,-0.3194575411,0.1998342188
Concrete Strength,OLS,0.1,5,CoarseAggregate,-0.09854371068,-0.01059364737,-0.0879500633,-0.4253788023,-0.045729078
Concrete Strength,OLS,0.1,5,FineAggregate,-0.04629514702,-0.02111570423,-0.02517944279,-0.1502945986,-0.06855094962
Concrete Strength,OLS,0.1,5,Age,0.4252701996,0.3179965973,0.1072736023,0.3999025232,0.2990278692
Concrete Strength,LAD,0.1,5,Intercept,57.26647123,34.84597323,22.42049801,,
Concrete Strength,LAD,0.1,5,Cement,0.09384135322,0.1046292998,-0.01078794654,0.5910643606,0.6590127704
Concrete Strength,LAD,0.1,5,BlastFurnaceSlag,0.05909149855,0.07282063074,-0.01372913219,0.3836744724,0.4728161879
Concrete Strength,LAD,0.1,5,FlyAsh,0.03289070724,0.04138226326,-0.008491556026,0.1741877893,0.2191587096
Concrete Strength,LAD,0.1,5,Water,-0.22131242,-0.1976716548,-0.02364076516,-0.268562256,-0.2398742266
Concrete Strength,LAD,0.1,5,Superplasticizer,0.4171238093,0.4402183842,-0.02309457483,0.1897704496,0.2002773249
Concrete Strength,LAD,0.1,5,CoarseAggregate,-0.01557943698,-0.004963797824,-0.01061563916,-0.06725099146,-0.0214269826
Concrete Strength,LAD,0.1,5,FineAggregate,-0.01645818697,-0.01133095325,-0.005127233728,-0.05343058104,-0.03678530428
Concrete Strength,LAD,0.1,5,Age,0.3189036696,0.3116355468,0.007268122813,0.299880834,0.29304626
Concrete Strength,OLS,0.1,6,Intercept,411.3990944,56.988864,354.4102304,,
Concrete Strength,OLS,0.1,6,Cement,0.02657735333,0.09386837158,-0.06729101825,0.167398762,0.591234537
Concrete Strength,OLS,0.1,6,BlastFurnaceSlag,-0.01352668454,0.07002203066,-0.0835487152,-0.08782724554,0.4546451914
Concrete Strength,OLS,0.1,6,FlyAsh,-0.04329318827,0.03678860477,-0.08008179304,-0.2292788873,0.1948308892
Concrete Strength,OLS,0.1,6,Water,-0.6704649473,-0.228883896,-0.4415810513,-0.813608106,-0.2777502297
Concrete Strength,OLS,0.1,6,Superplasticizer,-0.550028501,0.4392444175,-0.9892729185,-0.2502354303,0.1998342188
Concrete Strength,OLS,0.1,6,CoarseAggregate,-0.1449258694,-0.01059364737,-0.134332222,-0.625594392,-0.045729078
Concrete Strength,OLS,0.1,6,FineAggregate,-0.168202326,-0.02111570423,-0.1470866217,-0.5460594185,-0.06855094962
Concrete Strength,OLS,0.1,6,Age,0.3772504216,0.3179965973,0.05925382433,0.3547471598,0.2990278692
Concrete Strength,LAD,0.1,6,Intercept,39.50998751,34.84597323,4.664014283,,
Concrete Strength,LAD,0.1,6,Cement,0.09991894928,0.1046292998,-0.004710350487,0.6293443971,0.6590127704
Concrete Strength,LAD,0.1,6,BlastFurnaceSlag,0.06985547514,0.07282063074,-0.002965155599,0.4535637651,0.4728161879
Concrete Strength,LAD,0.1,6,FlyAsh,0.03959210476,0.04138226326,-0.001790158504,0.2096781062,0.2191587096
Concrete Strength,LAD,0.1,6,Water,-0.2016311732,-0.1976716548,-0.003959518379,-0.2446790956,-0.2398742266
Concrete Strength,LAD,0.1,6,Superplasticizer,0.423366071,0.4402183842,-0.01685231312,0.1926103662,0.2002773249
Concrete Strength,LAD,0.1,6,CoarseAggregate,-0.008762971852,-0.004963797824,-0.003799174028,-0.03782669077,-0.0214269826
Concrete Strength,LAD,0.1,6,FineAggregate,-0.01007549005,-0.01133095325,0.0012554632,-0.0327095134,-0.03678530428
Concrete Strength,LAD,0.1,6,Age,0.31272131,0.3116355468,0.001085763164,0.2940672566,0.29304626
Concrete Strength,OLS,0.1,7,Intercept,-365.321018,56.988864,-422.309882,,
Concrete Strength,OLS,0.1,7,Cement,0.1426435371,0.09386837158,0.04877516553,0.8984473067,0.591234537
Concrete Strength,OLS,0.1,7,BlastFurnaceSlag,0.1971328282,0.07002203066,0.1271107976,1.279961343,0.4546451914
Concrete Strength,OLS,0.1,7,FlyAsh,0.1081063667,0.03678860477,0.07131776192,0.572526729,0.1948308892
Concrete Strength,OLS,0.1,7,Water,0.6423656477,-0.228883896,0.8712495437,0.7795096524,-0.2777502297
Concrete Strength,OLS,0.1,7,Superplasticizer,4.048282735,0.4392444175,3.609038318,1.841765964,0.1998342188
Concrete Strength,OLS,0.1,7,CoarseAggregate,0.1397250779,-0.01059364737,0.1503187253,0.6031443904,-0.045729078
Concrete Strength,OLS,0.1,7,FineAggregate,0.06835590529,-0.02111570423,0.08947160952,0.2219136131,-0.06855094962
Concrete Strength,OLS,0.1,7,Age,0.2909616914,0.3179965973,-0.02703490586,0.2736056151,0.2990278692
Concrete Strength,LAD,0.1,7,Intercept,33.04473178,34.84597323,-1.801241451,,
Concrete Strength,LAD,0.1,7,Cement,0.09919426286,0.1046292998,-0.005435036906,0.6247799242,0.6590127704
Concrete Strength,LAD,0.1,7,BlastFurnaceSlag,0.07472128144,0.07282063074,0.001900650699,0.4851568997,0.4728161879
Concrete Strength,LAD,0.1,7,FlyAsh,0.03732911387,0.04138226326,-0.004053149391,0.1976934025,0.2191587096
Concrete Strength,LAD,0.1,7,Water,-0.1941729068,-0.1976716548,0.003498747967,-0.2356285017,-0.2398742266
Concrete Strength,LAD,0.1,7,Superplasticizer,0.6571319074,0.4402183842,0.2169135233,0.298962118,0.2002773249
Concrete Strength,LAD,0.1,7,CoarseAggregate,-7.578529949e-05,-0.004963797824,0.004888012525,-0.0003271386851,-0.0214269826
Concrete Strength,LAD,0.1,7,FineAggregate,-0.01522519418,-0.01133095325,-0.003894240939,-0.04942773909,-0.03678530428
Concrete Strength,LAD,0.1,7,Age,0.3010272606,0.3116355468,-0.01060828624,0.2830707658,0.29304626
Concrete Strength,OLS,0.1,8,Intercept,52.75095655,56.988864,-4.237907449,,
Concrete Strength,OLS,0.1,8,Cement,0.07282022053,0.09386837158,-0.02104815105,0.4586617265,0.591234537
Concrete Strength,OLS,0.1,8,BlastFurnaceSlag,0.0981987173,0.07002203066,0.02817668664,0.6375932575,0.4546451914
Concrete Strength,OLS,0.1,8,FlyAsh,0.04187666881,0.03678860477,0.005088064039,0.2217770604,0.1948308892
Concrete Strength,OLS,0.1,8,Water,-0.09612165909,-0.228883896,0.1327622369,-0.1166434745,-0.2777502297
Concrete Strength,OLS,0.1,8,Superplasticizer,0.5383406553,0.4392444175,0.09909623787,0.2449180457,0.1998342188
Concrete Strength,OLS,0.1,8,CoarseAggregate,-0.001435687884,-0.01059364737,0.009157959489,-0.006197363468,-0.045729078
Concrete Strength,OLS,0.1,8,FineAggregate,-0.03808406781,-0.02111570423,-0.01696836358,-0.1236377904,-0.06855094962
Concrete Strength,OLS,0.1,8,Age,0.1249864837,0.3179965973,-0.1930101136,0.1175309491,0.2990278692
Concrete Strength,LAD,0.1,8,Intercept,6.328664196,34.84597323,-28.51730903,,
Concrete Strength,LAD,0.1,8,Cement,0.1111909656,0.1046292998,0.006561665871,0.7003417444,0.6590127704
Concrete Strength,LAD,0.1,8,BlastFurnaceSlag,0.08788049274,0.07282063074,0.015059862,0.5705981827,0.4728161879
Concrete Strength,LAD,0.1,8,FlyAsh,0.04866619813,0.04138226326,0.007283934863,0.2577341194,0.2191587096
Concrete Strength,LAD,0.1,8,Water,-0.1691892532,-0.1976716548,0.0284824016,-0.2053108793,-0.2398742266
Concrete Strength,LAD,0.1,8,Superplasticizer,0.5156677434,0.4402183842,0.07544935921,0.2346030059,0.2002773249
Concrete Strength,LAD,0.1,8,CoarseAggregate,0.009237609985,-0.004963797824,0.01420140781,0.03987553792,-0.0214269826
Concrete Strength,LAD,0.1,8,FineAggregate,-0.002975093545,-0.01133095325,0.008355859701,-0.009658474351,-0.03678530428
Concrete Strength,LAD,0.1,8,Age,0.2930191673,0.3116355468,-0.01861637955,0.275540361,0.29304626
Concrete Strength,OLS,0.1,9,Intercept,-27.96304279,56.988864,-84.95190679,,
Concrete Strength,OLS,0.1,9,Cement,0.08838501138,0.09386837158,-0.005483360197,0.5566973242,0.591234537
Concrete Strength,OLS,0.1,9,BlastFurnaceSlag,0.05498898342,0.07002203066,-0.01503304724,0.3570373018,0.4546451914
Concrete Strength,OLS,0.1,9,FlyAsh,0.09289282517,0.03678860477,0.0561042204,0.4919564589,0.1948308892
Concrete Strength,OLS,0.1,9,Water,0.1139084966,-0.228883896,0.3427923926,0.1382277725,-0.2777502297
Concrete Strength,OLS,0.1,9,Superplasticizer,1.714135526,0.4392444175,1.274891109,0.7798458449,0.1998342188
Concrete Strength,OLS,0.1,9,CoarseAggregate,0.00346808345,-0.01059364737,0.01406173082,0.01497050572,-0.045729078
Concrete Strength,OLS,0.1,9,FineAggregate,-0.01697312016,-0.02111570423,0.004142584075,-0.05510228274,-0.06855094962
Concrete Strength,OLS,0.1,9,Age,0.3131621452,0.3179965973,-0.004834452073,0.2944817957,0.2990278692
Concrete Strength,LAD,0.1,9,Intercept,38.46385846,34.84597323,3.617885232,,
Concrete Strength,LAD,0.1,9,Cement,0.1010071065,0.1046292998,-0.003622193273,0.6361982086,0.6590127704
Concrete Strength,LAD,0.1,9,BlastFurnaceSlag,0.06938550642,0.07282063074,-0.003435124321,0.4505123109,0.4728161879
Concrete Strength,LAD,0.1,9,FlyAsh,0.03873370458,0.04138226326,-0.002648558679,0.2051320553,0.2191587096
Concrete Strength,LAD,0.1,9,Water,-0.1967284693,-0.1976716548,0.0009431855401,-0.2387296725,-0.2398742266
Concrete Strength,LAD,0.1,9,Superplasticizer,0.4718262945,0.4402183842,0.03160791034,0.2146573416,0.2002773249
Concrete Strength,LAD,0.1,9,CoarseAggregate,-0.005220163511,-0.004963797824,-0.0002563656872,-0.02253362378,-0.0214269826
Concrete Strength,LAD,0.1,9,FineAggregate,-0.01416301253,-0.01133095325,-0.002832059279,-0.0459794259,-0.03678530428
Concrete Strength,LAD,0.1,9,Age,0.3087212418,0.3116355468,-0.00291430497,0.2903057955,0.29304626
Concrete Strength,OLS,0.1,10,Intercept,78.81949888,56.988864,21.83063488,,
Concrete Strength,OLS,0.1,10,Cement,0.09657840167,0.09386837158,0.002710030096,0.6083037944,0.591234537
Concrete Strength,OLS,0.1,10,BlastFurnaceSlag,0.1093395995,0.07002203066,0.03931756883,0.709929756,0.4546451914
Concrete Strength,OLS,0.1,10,FlyAsh,0.08193481658,0.03678860477,0.04514621181,0.4339233106,0.1948308892
Concrete Strength,OLS,0.1,10,Water,-0.416640221,-0.228883896,-0.1877563251,-0.50559222,-0.2777502297
Concrete Strength,OLS,0.1,10,Superplasticizer,0.3600133824,0.4392444175,-0.07923103503,0.1637880646,0.1998342188
Concrete Strength,OLS,0.1,10,CoarseAggregate,0.001561994008,-0.01059364737,0.01215564138,0.006742582918,-0.045729078
Concrete Strength,OLS,0.1,10,FineAggregate,-0.02187198206,-0.02111570423,-0.0007562778237,-0.07100616317,-0.06855094962
Concrete Strength,OLS,0.1,10,Age,0.3323031616,0.3179965973,0.01430656438,0.3124810366,0.2990278692
Concrete Strength,LAD,0.1,10,Intercept,11.11345747,34.84597323,-23.73251576,,
Concrete Strength,LAD,0.1,10,Cement,0.1184577457,0.1046292998,0.01382844594,0.7461119146,0.6590127704
Concrete Strength,LAD,0.1,10,BlastFurnaceSlag,0.08645979516,0.07282063074,0.01363916441,0.5613737526,0.4728161879
Concrete Strength,LAD,0.1,10,FlyAsh,0.0533436388,0.04138226326,0.01196137553,0.2825056467,0.2191587096
Concrete Strength,LAD,0.1,10,Water,-0.1884081139,-0.1976716548,0.009263540898,-0.228632935,-0.2398742266
Concrete Strength,LAD,0.1,10,Superplasticizer,0.4058767553,0.4402183842,-0.03434162887,0.1846536031,0.2002773249
Concrete Strength,LAD,0.1,10,CoarseAggregate,0.003418839555,-0.004963797824,0.008382637379,0.01475793701,-0.0214269826
Concrete Strength,LAD,0.1,10,FineAggregate,0.0003810693526,-0.01133095325,0.0117120226,0.001237120283,-0.03678530428
Concrete Strength,LAD,0.1,10,Age,0.3078014214,0.3116355468,-0.003834125398,0.289440843,0.29304626
Concrete Strength,OLS,0.1,11,Intercept,-76.21070185,56.988864,-133.1995658,,
Concrete Strength,OLS,0.1,11,Cement,0.1430843736,0.09386837158,0.04921600204,0.901223937,0.591234537
Concrete Strength,OLS,0.1,11,BlastFurnaceSlag,0.1611778555,0.07002203066,0.09115582487,1.046509738,0.4546451914
Concrete Strength,OLS,0.1,11,FlyAsh,0.1055562254,0.03678860477,0.06876762062,0.5590212889,0.1948308892
Concrete Strength,OLS,0.1,11,Water,-0.1168089787,-0.228883896,0.1120749173,-0.1417475027,-0.2777502297
Concrete Strength,OLS,0.1,11,Superplasticizer,1.186716386,0.4392444175,0.7474719681,0.5398965415,0.1998342188
Concrete Strength,OLS,0.1,11,CoarseAggregate,0.02827436681,-0.01059364737,0.03886801418,0.1220505724,-0.045729078
Concrete Strength,OLS,0.1,11,FineAggregate,0.03875228562,-0.02111570423,0.05986798985,0.125807122,-0.06855094962
Concrete Strength,OLS,0.1,11,Age,0.2960996246,0.3179965973,-0.02189697264,0.2784370669,0.2990278692
Concrete Strength,LAD,0.1,11,Intercept,35.21859638,34.84597323,0.372623149,,
Concrete Strength,LAD,0.1,11,Cement,0.09992175713,0.1046292998,-0.004707542633,0.6293620825,0.6590127704
Concrete Strength,LAD,0.1,11,BlastFurnaceSlag,0.07016340284,0.07282063074,-0.002657227905,0.4555631051,0.4728161879
Concrete Strength,LAD,0.1,11,FlyAsh,0.04248137636,0.04138226326,0.001099113094,0.2249795659,0.2191587096
Concrete Strength,LAD,0.1,11,Water,-0.1988439623,-0.1976716548,-0.001172307528,-0.2412968198,-0.2398742266
Concrete Strength,LAD,0.1,11,Superplasticizer,0.4981284009,0.4402183842,0.0579100167,0.2266234832,0.2002773249
Concrete Strength,LAD,0.1,11,CoarseAggregate,-0.005779875342,-0.004963797824,-0.0008160775176,-0.02494970439,-0.0214269826
Concrete Strength,LAD,0.1,11,FineAggregate,-0.009405708909,-0.01133095325,0.001925244337,-0.0305351065,-0.03678530428
Concrete Strength,LAD,0.1,11,Age,0.3035243836,0.3116355468,-0.00811116317,0.2854189336,0.29304626
Concrete Strength,OLS,0.1,12,Intercept,129.1405762,56.988864,72.15171222,,
Concrete Strength,OLS,0.1,12,Cement,0.1399035788,0.09386837158,0.04603520721,0.8811895449,0.591234537
Concrete Strength,OLS,0.1,12,BlastFurnaceSlag,0.117914783,0.07002203066,0.04789275234,0.7656074607,0.4546451914
Concrete Strength,OLS,0.1,12,FlyAsh,0.101360334,0.03678860477,0.06457172921,0.5368000261,0.1948308892
Concrete Strength,OLS,0.1,12,Water,-0.5670163093,-0.228883896,-0.3381324133,-0.6880733546,-0.2777502297
Concrete Strength,OLS,0.1,12,Superplasticizer,-1.510392213,0.4392444175,-1.94963663,-0.6871528378,0.1998342188
Concrete Strength,OLS,0.1,12,CoarseAggregate,-0.004387760553,-0.01059364737,0.00620588682,-0.01894043076,-0.045729078
Concrete Strength,OLS,0.1,12,FineAggregate,-0.0599536042,-0.02111570423,-0.03883789997,-0.1946360139,-0.06855094962
Concrete Strength,OLS,0.1,12,Age,0.4709586696,0.3179965973,0.1529620724,0.4428656428,0.2990278692
Concrete Strength,LAD,0.1,12,Intercept,16.23217043,34.84597323,-18.6138028,,
Concrete Strength,LAD,0.1,12,Cement,0.1159756939,0.1046292998,0.01134639411,0.7304785896,0.6590127704
Concrete Strength,LAD,0.1,12,BlastFurnaceSlag,0.0863040708,0.07282063074,0.01348344006,0.5603626519,0.4728161879
Concrete Strength,LAD,0.1,12,FlyAsh,0.05224394607,0.04138226326,0.01086168281,0.2766817207,0.2191587096
Concrete Strength,LAD,0.1,12,Water,-0.1878481614,-0.1976716548,0.009823493379,-0.2279534336,-0.2398742266
Concrete Strength,LAD,0.1,12,Superplasticizer,0.3361731947,0.4402183842,-0.1040451895,0.1529419728,0.2002773249
Concrete Strength,LAD,0.1,12,CoarseAggregate,0.003592311629,-0.004963797824,0.008556109453,0.01550675541,-0.0214269826
Concrete Strength,LAD,0.1,12,FineAggregate,-0.005603536461,-0.01133095325,0.005727416785,-0.01819156688,-0.03678530428
Concrete Strength,LAD,0.1,12,Age,0.3120154977,0.3116355468,0.0003799509106,0.2934035466,0.29304626
Concrete Strength,OLS,0.1,13,Intercept,303.7880635,56.988864,246.7991995,,
Concrete Strength,OLS,0.1,13,Cement,0.02451793629,0.09386837158,-0.06935043529,0.1544274229,0.591234537
Concrete Strength,OLS,0.1,13,BlastFurnaceSlag,0.0125487903,0.07002203066,-0.05747324036,0.08147788797,0.4546451914
Concrete Strength,OLS,0.1,13,FlyAsh,-0.02761848551,0.03678860477,-0.06440709028,-0.1462663269,0.1948308892
Concrete Strength,OLS,0.1,13,Water,-0.7584280377,-0.228883896,-0.5295441417,-0.9203511709,-0.2777502297
Concrete Strength,OLS,0.1,13,Superplasticizer,-0.2380199358,0.4392444175,-0.6772643533,-0.1082871541,0.1998342188
Concrete Strength,OLS,0.1,13,CoarseAggregate,-0.06936373996,-0.01059364737,-0.05877009258,-0.299419054,-0.045729078
Concrete Strength,OLS,0.1,13,FineAggregate,-0.1007922966,-0.02111570423,-0.07967659238,-0.3272165385,-0.06855094962
Concrete Strength,OLS,0.1,13,Age,0.3425054527,0.3179965973,0.02450885539,0.3220747535,0.2990278692
Concrete Strength,LAD,0.1,13,Intercept,75.52762392,34.84597323,40.6816507,,
Concrete Strength,LAD,0.1,13,Cement,0.08564504169,0.1046292998,-0.01898425807,0.5394394909,0.6590127704
Concrete Strength,LAD,0.1,13,BlastFurnaceSlag,0.05890716503,0.07282063074,-0.01391346571,0.3824776155,0.4728161879
Concrete Strength,LAD,0.1,13,FlyAsh,0.01761989929,0.04138226326,-0.02376236398,0.09331423867,0.2191587096
Concrete Strength,LAD,0.1,13,Water,-0.2611687567,-0.1976716548,-0.06349710192,-0.3169278549,-0.2398742266
Concrete Strength,LAD,0.1,13,Superplasticizer,0.5777026449,0.4402183842,0.1374842608,0.2628257803,0.2002773249
Concrete Strength,LAD,0.1,13,CoarseAggregate,-0.01558784512,-0.004963797824,-0.0106240473,-0.06728728645,-0.0214269826
Concrete Strength,LAD,0.1,13,FineAggregate,-0.02687499263,-0.01133095325,-0.01554403938,-0.08724815642,-0.03678530428
Concrete Strength,LAD,0.1,13,Age,0.3063187721,0.3116355468,-0.005316774751,0.2880466347,0.29304626
Concrete Strength,OLS,0.1,14,Intercept,-103.9142786,56.988864,-160.9031426,,
Concrete Strength,OLS,0.1,14,Cement,0.1966707419,0.09386837158,0.1028023703,1.238740303,0.591234537
Concrete Strength,OLS,0.1,14,BlastFurnaceSlag,0.115725884,0.07002203066,0.04570385333,0.751395185,0.4546451914
Concrete Strength,OLS,0.1,14,FlyAsh,0.07317302826,0.03678860477,0.03638442348,0.3875212515,0.1948308892
Concrete Strength,OLS,0.1,14,Water,-0.1093870933,-0.228883896,0.1194968027,-0.132741057,-0.2777502297
Concrete Strength,OLS,0.1,14,Superplasticizer,0.767746388,0.4392444175,0.3285019705,0.3492861687,0.1998342188
Concrete Strength,OLS,0.1,14,CoarseAggregate,0.0237421157,-0.01059364737,0.03433576307,0.1024864263,-0.045729078
Concrete Strength,OLS,0.1,14,FineAggregate,0.06013872025,-0.02111570423,0.08125442449,0.1952369827,-0.06855094962
Concrete Strength,OLS,0.1,14,Age,0.4026796151,0.3179965973,0.08468301787,0.3786594835,0.2990278692
Concrete Strength,LAD,0.1,14,Intercept,41.15162322,34.84597323,6.30564999,,
Concrete Strength,LAD,0.1,14,Cement,0.1051092799,0.1046292998,0.0004799801037,0.6620359486,0.6590127704
Concrete Strength,LAD,0.1,14,BlastFurnaceSlag,0.06853682866,0.07282063074,-0.004283802079,0.4450019414,0.4728161879
Concrete Strength,LAD,0.1,14,FlyAsh,0.03353959495,0.04138226326,-0.00784266831,0.1776242711,0.2191587096
Concrete Strength,LAD,0.1,14,Water,-0.2142927711,-0.1976716548,-0.01662111633,-0.2600439238,-0.2398742266
Concrete Strength,LAD,0.1,14,Superplasticizer,0.5211935146,0.4402183842,0.08097513039,0.2371169551,0.2002773249
Concrete Strength,LAD,0.1,14,CoarseAggregate,-0.006535844993,-0.004963797824,-0.001572047169,-0.0282129615,-0.0214269826
Concrete Strength,LAD,0.1,14,FineAggregate,-0.01373391257,-0.01133095325,-0.002402959322,-0.04458637696,-0.03678530428
Concrete Strength,LAD,0.1,14,Age,0.3151479861,0.3116355468,0.003512439277,0.2963491797,0.29304626
Concrete Strength,OLS,0.1,15,Intercept,21.00398911,56.988864,-35.98487489,,
Concrete Strength,OLS,0.1,15,Cement,0.09266355683,0.09386837158,-0.001204814751,0.5836459523,0.591234537
Concrete Strength,OLS,0.1,15,BlastFurnaceSlag,0.07238814117,0.07002203066,0.002366110509,0.4700080816,0.4546451914
Concrete Strength,OLS,0.1,15,FlyAsh,0.06553526617,0.03678860477,0.0287466614,0.3470719877,0.1948308892
Concrete Strength,OLS,0.1,15,Water,0.01020288192,-0.228883896,0.2390867779,0.01238118036,-0.2777502297
Concrete Strength,OLS,0.1,15,Superplasticizer,0.7614196194,0.4392444175,0.322175202,0.3464078058,0.1998342188
Concrete Strength,OLS,0.1,15,CoarseAggregate,-0.01234474949,-0.01059364737,-0.001751102117,-0.05328797462,-0.045729078
Concrete Strength,OLS,0.1,15,FineAggregate,-0.02788741658,-0.02111570423,-0.006771712351,-0.09053493401,-0.06855094962
Concrete Strength,OLS,0.1,15,Age,0.2334569002,0.3179965973,-0.08453969705,0.2195310265,0.2990278692
Concrete Strength,LAD,0.1,15,Intercept,35.62092582,34.84597323,0.7749525967,,
Concrete Strength,LAD,0.1,15,Cement,0.1028950624,0.1046292998,-0.001734237382,0.6480895913,0.6590127704
Concrete Strength,LAD,0.1,15,BlastFurnaceSlag,0.07070948279,0.07282063074,-0.002111147952,0.459108741,0.4728161879
Concrete Strength,LAD,0.1,15,FlyAsh,0.03856468846,0.04138226326,-0.002817574803,0.2042369531,0.2191587096
Concrete Strength,LAD,0.1,15,Water,-0.1987953095,-0.1976716548,-0.001123654723,-0.2412377797,-0.2398742266
Concrete Strength,LAD,0.1,15,Superplasticizer,0.4944670333,0.4402183842,0.05424864912,0.2249577442,0.2002773249
Concrete Strength,LAD,0.1,15,CoarseAggregate,-0.005147074268,-0.004963797824,-0.0001832764434,-0.02221812303,-0.0214269826
Concrete Strength,LAD,0.1,15,FineAggregate,-0.01092718326,-0.01133095325,0.0004037699874,-0.03547448766,-0.03678530428
Concrete Strength,LAD,0.1,15,Age,0.3103571844,0.3116355468,-0.001278362419,0.2918441528,0.29304626
Concrete Strength,OLS,0.1,16,Intercept,307.5108983,56.988864,250.5220343,,
Concrete Strength,OLS,0.1,16,Cement,-0.00176440148,0.09386837158,-0.09563277306,-0.01111316916,0.591234537
Concrete Strength,OLS,0.1,16,BlastFurnaceSlag,-0.0280769925,0.07002203066,-0.09809902316,-0.1823007632,0.4546451914
Concrete Strength,OLS,0.1,16,FlyAsh,-0.1218719028,0.03678860477,-0.1586605076,-0.6454284241,0.1948308892
Concrete Strength,OLS,0.1,16,Water,-0.4031536079,-0.228883896,-0.1742697119,-0.4892262372,-0.2777502297
Concrete Strength,OLS,0.1,16,Superplasticizer,0.2938494693,0.4392444175,-0.1453949482,0.1336867967,0.1998342188
Concrete Strength,OLS,0.1,16,CoarseAggregate,-0.1226343022,-0.01059364737,-0.1120406548,-0.529369477,-0.045729078
Concrete Strength,OLS,0.1,16,FineAggregate,-0.1098540695,-0.02111570423,-0.08873836522,-0.3566350759,-0.06855094962
Concrete Strength,OLS,0.1,16,Age,0.3725229729,0.3179965973,0.05452637566,0.3503017069,0.2990278692
Concrete Strength,LAD,0.1,16,Intercept,40.89350013,34.84597323,6.047526899,,
Concrete Strength,LAD,0.1,16,Cement,0.1064758416,0.1046292998,0.001846541816,0.6706433045,0.6590127704
Concrete Strength,LAD,0.1,16,BlastFurnaceSlag,0.0734147965,0.07282063074,0.0005941657555,0.4766740395,0.4728161879
Concrete Strength,LAD,0.1,16,FlyAsh,0.03834033867,0.04138226326,-0.003041924589,0.2030488061,0.2191587096
Concrete Strength,LAD,0.1,16,Water,-0.2142329083,-0.1976716548,-0.01656125351,-0.2599712803,-0.2398742266
Concrete Strength,LAD,0.1,16,Superplasticizer,0.4056359354,0.4402183842,-0.03458244872,0.1845440421,0.2002773249
Concrete Strength,LAD,0.1,16,CoarseAggregate,-0.005626267319,-0.004963797824,-0.0006624694947,-0.02428663217,-0.0214269826
Concrete Strength,LAD,0.1,16,FineAggregate,-0.01447559589,-0.01133095325,-0.003144642648,-0.04699421028,-0.03678530428
Concrete Strength,LAD,0.1,16,Age,0.3089292528,0.3116355468,-0.002706293967,0.2905013985,0.29304626
Concrete Strength,OLS,0.1,17,Intercept,401.3713931,56.988864,344.3825291,,
Concrete Strength,OLS,0.1,17,Cement,-0.04682566203,0.09386837158,-0.1406940336,-0.2949337263,0.591234537
Concrete Strength,OLS,0.1,17,BlastFurnaceSlag,-0.1189783956,0.07002203066,-0.1890004263,-0.7725133783,0.4546451914
Concrete Strength,OLS,0.1,17,FlyAsh,-0.1762092161,0.03678860477,-0.2129978209,-0.9331965287,0.1948308892
Concrete Strength,OLS,0.1,17,Water,-0.4859557725,-0.228883896,-0.2570718766,-0.5897065272,-0.2777502297
Concrete Strength,OLS,0.1,17,Superplasticizer,1.386293368,0.4392444175,0.9470489507,0.6306940766,0.1998342188
Concrete Strength,OLS,0.1,17,CoarseAggregate,-0.1062873248,-0.01059364737,-0.09569367743,-0.4588052816,-0.045729078
Concrete Strength,OLS,0.1,17,FineAggregate,-0.2076446354,-0.02111570423,-0.1865289312,-0.6741066642,-0.06855094962
Concrete Strength,OLS,0.1,17,Age,0.4059649123,0.3179965973,0.08796831501,0.3817488103,0.2990278692
Concrete Strength,LAD,0.1,17,Intercept,47.640118,34.84597323,12.79414477,,
Concrete Strength,LAD,0.1,17,Cement,0.1039214149,0.1046292998,-0.0007078848665,0.6545541229,0.6590127704
Concrete Strength,LAD,0.1,17,BlastFurnaceSlag,0.07110746788,0.07282063074,-0.001713162864,0.4616928135,0.4728161879
Concrete Strength,LAD,0.1,17,FlyAsh,0.03823437291,0.04138226326,-0.003147890356,0.2024876159,0.2191587096
Concrete Strength,LAD,0.1,17,Water,-0.2242773734,-0.1976716548,-0.02660571863,-0.2721602222,-0.2398742266
Concrete Strength,LAD,0.1,17,Superplasticizer,0.4574719641,0.4402183842,0.01725357994,0.20812684,0.2002773249
Concrete Strength,LAD,0.1,17,CoarseAggregate,-0.006312874278,-0.004963797824,-0.001349076454,-0.02725047475,-0.0214269826
Concrete Strength,LAD,0.1,17,FineAggregate,-0.01825719767,-0.01133095325,-0.006926244427,-0.05927096839,-0.03678530428
Concrete Strength,LAD,0.1,17,Age,0.2969240507,0.3116355468,-0.0147114961,0.2792123154,0.29304626
Concrete Strength,OLS,0.1,18,Intercept,-36.58301351,56.988864,-93.57187751,,
Concrete Strength,OLS,0.1,18,Cement,0.1115062454,0.09386837158,0.01763787381,0.7023275493,0.591234537
Concrete Strength,OLS,0.1,18,BlastFurnaceSlag,0.03495590173,0.07002203066,-0.03506612893,0.2269647493,0.4546451914
Concrete Strength,OLS,0.1,18,FlyAsh,0.001993792916,0.03678860477,-0.03479481186,0.01055904265,0.1948308892
Concrete Strength,OLS,0.1,18,Water,-0.1729992626,-0.228883896,0.05588463343,-0.2099343193,-0.2777502297
Concrete Strength,OLS,0.1,18,Superplasticizer,0.7318606954,0.4392444175,0.292616278,0.3329599752,0.1998342188
Concrete Strength,OLS,0.1,18,CoarseAggregate,0.004348464064,-0.01059364737,0.01494211144,0.01877080153,-0.045729078
Concrete Strength,OLS,0.1,18,FineAggregate,0.0647998646,-0.02111570423,0.08591556883,0.2103691264,-0.06855094962
Concrete Strength,OLS,0.1,18,Age,0.369546448,0.3179965973,0.05154985078,0.3475027339,0.2990278692
Concrete Strength,LAD,0.1,18,Intercept,15.53197764,34.84597323,-19.31399559,,
Concrete Strength,LAD,0.1,18,Cement,0.1066735068,0.1046292998,0.002044207042,0.6718883086,0.6590127704
Concrete Strength,LAD,0.1,18,BlastFurnaceSlag,0.07444144192,0.07282063074,0.001620811182,0.4833399331,0.4728161879
Concrete Strength,LAD,0.1,18,FlyAsh,0.04106996568,0.04138226326,-0.0003122975811,0.2175047949,0.2191587096
Concrete Strength,LAD,0.1,18,Water,-0.1636808351,-0.1976716548,0.0339908197,-0.198626423,-0.2398742266
Concrete Strength,LAD,0.1,18,Superplasticizer,0.5054282078,0.4402183842,0.06520982368,0.2299445299,0.2002773249
Concrete Strength,LAD,0.1,18,CoarseAggregate,0.0004879686653,-0.004963797824,0.00545176649,0.002106390403,-0.0214269826
Concrete Strength,LAD,0.1,18,FineAggregate,-0.003398653118,-0.01133095325,0.007932300128,-0.01103353675,-0.03678530428
Concrete Strength,LAD,0.1,18,Age,0.3194093402,0.3116355468,0.007773793389,0.300356341,0.29304626
Concrete Strength,OLS,0.1,19,Intercept,566.6123994,56.988864,509.6235354,,
Concrete Strength,OLS,0.1,19,Cement,-0.07138276289,0.09386837158,-0.1652511345,-0.4496078291,0.591234537
Concrete Strength,OLS,0.1,19,BlastFurnaceSlag,-0.12142775,0.07002203066,-0.1914497807,-0.7884167615,0.4546451914
Concrete Strength,OLS,0.1,19,FlyAsh,-0.1974670238,0.03678860477,-0.2342556285,-1.045776975,0.1948308892
Concrete Strength,OLS,0.1,19,Water,-0.8718479208,-0.228883896,-0.6429640248,-1.057986012,-0.2777502297
Concrete Strength,OLS,0.1,19,Superplasticizer,0.3737846841,0.4392444175,-0.06545973337,0.1700533174,0.1998342188
Concrete Strength,OLS,0.1,19,CoarseAggregate,-0.168654337,-0.01059364737,-0.1580606897,-0.7280219042,-0.045729078
Concrete Strength,OLS,0.1,19,FineAggregate,-0.2375412075,-0.02111570423,-0.2164255033,-0.771164209,-0.06855094962
Concrete Strength,OLS,0.1,19,Age,0.467715021,0.3179965973,0.1497184237,0.4398154802,0.2990278692
Concrete Strength,LAD,0.1,19,Intercept,28.39456179,34.84597323,-6.451411434,,
Concrete Strength,LAD,0.1,19,Cement,0.1051877047,0.1046292998,0.000558404941,0.6625299113,0.6590127704
Concrete Strength,LAD,0.1,19,BlastFurnaceSlag,0.07290159454,0.07282063074,8.09637977e-05,0.4733418767,0.4728161879
Concrete Strength,LAD,0.1,19,FlyAsh,0.04117993645,0.04138226326,-0.0002023268173,0.2180871954,0.2191587096
Concrete Strength,LAD,0.1,19,Water,-0.1865978009,-0.1976716548,0.01107385388,-0.2264361232,-0.2398742266
Concrete Strength,LAD,0.1,19,Superplasticizer,0.4608099955,0.4402183842,0.02059161133,0.2096454771,0.2002773249
Concrete Strength,LAD,0.1,19,CoarseAggregate,-0.002980203516,-0.004963797824,0.001983594308,-0.01286449834,-0.0214269826
Concrete Strength,LAD,0.1,19,FineAggregate,-0.008691658992,-0.01133095325,0.002639294254,-0.02821698349,-0.03678530428
Concrete Strength,LAD,0.1,19,Age,0.3150433419,0.3116355468,0.003407795123,0.2962507777,0.29304626
Concrete Strength,OLS,0.1,20,Intercept,-268.7740288,56.988864,-325.7628928,,
Concrete Strength,OLS,0.1,20,Cement,0.2267431204,0.09386837158,0.1328747489,1.428152652,0.591234537
Concrete Strength,OLS,0.1,20,BlastFurnaceSlag,0.1522522876,0.07002203066,0.08223025693,0.9885570267,0.4546451914
Concrete Strength,OLS,0.1,20,FlyAsh,0.2261404549,0.03678860477,0.1893518502,1.19763025,0.1948308892
Concrete Strength,OLS,0.1,20,Water,0.268569057,-0.228883896,0.497452953,0.325908107,-0.2777502297
Concrete Strength,OLS,0.1,20,Superplasticizer,0.4734495543,0.4392444175,0.03420513683,0.2153958436,0.1998342188
Concrete Strength,OLS,0.1,20,CoarseAggregate,0.1065993617,-0.01059364737,0.1171930091,0.4601522361,-0.045729078
Concrete Strength,OLS,0.1,20,FineAggregate,0.06521677264,-0.02111570423,0.08633247687,0.211722595,-0.06855094962
Concrete Strength,OLS,0.1,20,Age,0.301132073,0.3179965973,-0.01686452425,0.2831693261,0.2990278692
Concrete Strength,LAD,0.1,20,Intercept,-2.339249966,34.84597323,-37.18522319,,
Concrete Strength,LAD,0.1,20,Cement,0.1139457299,0.1046292998,0.009316430112,0.7176927619,0.6590127704
Concrete Strength,LAD,0.1,20,BlastFurnaceSlag,0.08477872992,0.07282063074,0.01195809918,0.5504587846,0.4728161879
Concrete Strength,LAD,0.1,20,FlyAsh,0.05160157459,0.04138226326,0.01021931133,0.2732797486,0.2191587096
Concrete Strength,LAD,0.1,20,Water,-0.1480123569,-0.1976716548,0.0496592979,-0.1796127506,-0.2398742266
Concrete Strength,LAD,0.1,20,Superplasticizer,0.5699006256,0.4402183842,0.1296822414,0.2592762521,0.2002773249
Concrete Strength,LAD,0.1,20,CoarseAggregate,0.01163386085,-0.004963797824,0.01659765867,0.05021931648,-0.0214269826
Concrete Strength,LAD,0.1,20,FineAggregate,-0.001744507427,-0.01133095325,0.009586445819,-0.00566344553,-0.03678530428
Concrete Strength,LAD,0.1,20,Age,0.3040172019,0.3116355468,-0.007618344893,0.2858823549,0.29304626
Concrete Strength,OLS,0.1,21,Intercept,294.3342171,56.988864,237.3453531,,
Concrete Strength,OLS,0.1,21,Cement,0.0241887471,0.09386837158,-0.06967962448,0.1523540086,0.591234537
Concrete Strength,OLS,0.1,21,BlastFurnaceSlag,0.02395581695,0.07002203066,-0.04606621371,0.1555424326,0.4546451914
Concrete Strength,OLS,0.1,21,FlyAsh,0.03116089418,0.03678860477,-0.00562771059,0.1650267728,0.1948308892
Concrete Strength,OLS,0.1,21,Water,-0.559723418,-0.228883896,-0.330839522,-0.6792234431,-0.2777502297
Concrete Strength,OLS,0.1,21,Superplasticizer,-0.5496967575,0.4392444175,-0.988941175,-0.2500845036,0.1998342188
Concrete Strength,OLS,0.1,21,CoarseAggregate,-0.1147781674,-0.01059364737,-0.10418452,-0.4954572854,-0.045729078
Concrete Strength,OLS,0.1,21,FineAggregate,-0.09055193171,-0.02111570423,-0.06943622747,-0.2939717681,-0.06855094962
Concrete Strength,OLS,0.1,21,Age,0.5124959997,0.3179965973,0.1944994025,0.481925241,0.2990278692
Concrete Strength,LAD,0.1,21,Intercept,52.94249951,34.84597323,18.09652628,,
Concrete Strength,LAD,0.1,21,Cement,0.09325099074,0.1046292998,-0.01137830903,0.5873459336,0.6590127704
Concrete Strength,LAD,0.1,21,BlastFurnaceSlag,0.06761368322,0.07282063074,-0.005206947523,0.4390080616,0.4728161879
Concrete Strength,LAD,0.1,21,FlyAsh,0.04076265196,0.04138226326,-0.0006196113083,0.2158772744,0.2191587096
Concrete Strength,LAD,0.1,21,Water,-0.2222565678,-0.1976716548,-0.024584913,-0.2697079779,-0.2398742266
Concrete Strength,LAD,0.1,21,Superplasticizer,0.4500005837,0.4402183842,0.009782199512,0.2047277359,0.2002773249
Concrete Strength,LAD,0.1,21,CoarseAggregate,-0.009117762822,-0.004963797824,-0.004153964997,-0.03935819955,-0.0214269826
Concrete Strength,LAD,0.1,21,FineAggregate,-0.01966927676,-0.01133095325,-0.008338323511,-0.06385520394,-0.03678530428
Concrete Strength,LAD,0.1,21,Age,0.3113494296,0.3116355468,-0.0002861171862,0.2927772099,0.29304626
Concrete Strength,OLS,0.1,22,Intercept,-1.695176171,56.988864,-58.68404017,,
Concrete Strength,OLS,0.1,22,Cement,0.1709542394,0.09386837158,0.07708586778,1.076763652,0.591234537
Concrete Strength,OLS,0.1,22,BlastFurnaceSlag,0.09401642213,0.07002203066,0.02399439146,0.610438084,0.4546451914
Concrete Strength,OLS,0.1,22,FlyAsh,0.06747267682,0.03678860477,0.03068407205,0.3573324323,0.1948308892
Concrete Strength,OLS,0.1,22,Water,-0.5495343418,-0.228883896,-0.3206504458,-0.666859016,-0.2777502297
Concrete Strength,OLS,0.1,22,Superplasticizer,0.5205323586,0.4392444175,0.08128794115,0.2368161623,0.1998342188
Concrete Strength,OLS,0.1,22,CoarseAggregate,0.05466480602,-0.01059364737,0.06525845339,0.2359688869,-0.045729078
Concrete Strength,OLS,0.1,22,FineAggregate,0.0207340507,-0.02111570423,0.04184975493,0.06731193283,-0.06855094962
Concrete Strength,OLS,0.1,22,Age,0.2392468667,0.3179965973,-0.07874973057,0.2249756173,0.2990278692
Concrete Strength,LAD,0.1,22,Intercept,17.17390012,34.84597323,-17.67207311,,
Concrete Strength,LAD,0.1,22,Cement,0.1120891581,0.1046292998,0.007459858338,0.7059990536,0.6590127704
Concrete Strength,LAD,0.1,22,BlastFurnaceSlag,0.07922212743,0.07282063074,0.006401496685,0.5143803878,0.4728161879
Concrete Strength,LAD,0.1,22,FlyAsh,0.04621820673,0.04138226326,0.004835943461,0.2447696609,0.2191587096
Concrete Strength,LAD,0.1,22,Water,-0.1885036102,-0.1976716548,0.009168044612,-0.2287488196,-0.2398742266
Concrete Strength,LAD,0.1,22,Superplasticizer,0.4942557969,0.4402183842,0.05403741269,0.2248616422,0.2002773249
Concrete Strength,LAD,0.1,22,CoarseAggregate,0.003015860531,-0.004963797824,0.007979658355,0.01301841723,-0.0214269826
Concrete Strength,LAD,0.1,22,FineAggregate,-0.004431410792,-0.01133095325,0.006899542454,-0.01438632662,-0.03678530428
Concrete Strength,LAD,0.1,22,Age,0.3089141992,0.3116355468,-0.002721347569,0.2904872428,0.29304626
Concrete Strength,OLS,0.1,23,Intercept,96.8018893,56.988864,39.8130253,,
Concrete Strength,OLS,0.1,23,Cement,0.1262222244,0.09386837158,0.0323538528,0.7950168639,0.591234537
Concrete Strength,OLS,0.1,23,BlastFurnaceSlag,0.1102066192,0.07002203066,0.04018458852,0.7155592176,0.4546451914
Concrete Strength,OLS,0.1,23,FlyAsh,0.06529428598,0.03678860477,0.02850568121,0.3457957669,0.1948308892
Concrete Strength,OLS,0.1,23,Water,-0.4696267312,-0.228883896,-0.2407428353,-0.5698912626,-0.2777502297
Concrete Strength,OLS,0.1,23,Superplasticizer,0.9327926376,0.4392444175,0.4935482201,0.4243739491,0.1998342188
Concrete Strength,OLS,0.1,23,CoarseAggregate,0.02184237994,-0.01059364737,0.03243602732,0.09428593014,-0.045729078
Concrete Strength,OLS,0.1,23,FineAggregate,-0.07802227921,-0.02111570423,-0.05690657497,-0.253294954,-0.06855094962
Concrete Strength,OLS,0.1,23,Age,0.4315114651,0.3179965973,0.1135148678,0.4057714927,0.2990278692
Concrete Strength,LAD,0.1,23,Intercept,58.03010371,34.84597323,23.18413048,,
Concrete Strength,LAD,0.1,23,Cement,0.09881655587,0.1046292998,-0.005812743896,0.6224009182,0.6590127704
Concrete Strength,LAD,0.1,23,BlastFurnaceSlag,0.0692118718,0.07282063074,-0.00360875894,0.4493849208,0.4728161879
Concrete Strength,LAD,0.1,23,FlyAsh,0.02810876582,0.04138226326,-0.01327349744,0.1488628306,0.2191587096
Concrete Strength,LAD,0.1,23,Water,-0.2449957539,-0.1976716548,-0.04732409913,-0.2973019427,-0.2398742266
Concrete Strength,LAD,0.1,23,Superplasticizer,0.4566376441,0.4402183842,0.01641925996,0.2077472661,0.2002773249
Concrete Strength,LAD,0.1,23,CoarseAggregate,-0.009872585114,-0.004963797824,-0.00490878729,-0.04261650391,-0.0214269826
Concrete Strength,LAD,0.1,23,FineAggregate,-0.02048932626,-0.01133095325,-0.009158373009,-0.06651744865,-0.03678530428
Concrete Strength,LAD,0.1,23,Age,0.311438575,0.3116355468,-0.000196971787,0.2928610377,0.29304626
Concrete Strength,OLS,0.1,24,Intercept,-237.8492796,56.988864,-294.8381436,,
Concrete Strength,OLS,0.1,24,Cement,0.1430965085,0.09386837158,0.04922813696,0.9013003694,0.591234537
Concrete Strength,OLS,0.1,24,BlastFurnaceSlag,0.07773270092,0.07002203066,0.007710670261,0.5047097086,0.4546451914
Concrete Strength,OLS,0.1,24,FlyAsh,0.08015990776,0.03678860477,0.04337130298,0.4245234687,0.1948308892
Concrete Strength,OLS,0.1,24,Water,0.467774964,-0.228883896,0.69665886,0.5676441461,-0.2777502297
Concrete Strength,OLS,0.1,24,Superplasticizer,2.19464375,0.4392444175,1.755399332,0.9984530295,0.1998342188
Concrete Strength,OLS,0.1,24,CoarseAggregate,0.07419808254,-0.01059364737,0.08479172992,0.3202872235,-0.045729078
Concrete Strength,OLS,0.1,24,FineAggregate,0.05303801053,-0.02111570423,0.07415371476,0.1721849268,-0.06855094962
Concrete Strength,OLS,0.1,24,Age,0.3419037526,0.3179965973,0.02390715532,0.3215089453,0.2990278692
Concrete Strength,LAD,0.1,24,Intercept,7.371491849,34.84597323,-27.47448138,,
Concrete Strength,LAD,0.1,24,Cement,0.1081478856,0.1046292998,0.003518585865,0.6811747559,0.6590127704
Concrete Strength,LAD,0.1,24,BlastFurnaceSlag,0.07664447411,0.07282063074,0.003823843368,0.497643974,0.4728161879
Concrete Strength,LAD,0.1,24,FlyAsh,0.0477282057,0.04138226326,0.00634594244,0.2527665514,0.2191587096
Concrete Strength,LAD,0.1,24,Water,-0.1550089685,-0.1976716548,0.04266268631,-0.1881031272,-0.2398742266
Concrete Strength,LAD,0.1,24,Superplasticizer,0.5445081397,0.4402183842,0.1042897555,0.2477239423,0.2002773249
Concrete Strength,LAD,0.1,24,CoarseAggregate,0.003466981905,-0.004963797824,0.008430779729,0.01496575073,-0.0214269826
Concrete Strength,LAD,0.1,24,FineAggregate,9.068156886e-06,-0.01133095325,0.0113400214,2.943926279e-05,-0.03678530428
Concrete Strength,LAD,0.1,24,Age,0.3136424858,0.3116355468,0.002006938938,0.2949334836,0.29304626
Concrete Strength,OLS,0.1,25,Intercept,-97.90983539,56.988864,-154.8986994,,
Concrete Strength,OLS,0.1,25,Cement,0.1359127023,0.09386837158,0.04204433075,0.856052814,0.591234537
Concrete Strength,OLS,0.1,25,BlastFurnaceSlag,0.07231461788,0.07002203066,0.002292587223,0.4695307031,0.4546451914
Concrete Strength,OLS,0.1,25,FlyAsh,0.05974187868,0.03678860477,0.02295327391,0.3163904535,0.1948308892
Concrete Strength,OLS,0.1,25,Water,0.1463170881,-0.228883896,0.3752009841,0.1775555448,-0.2777502297
Concrete Strength,OLS,0.1,25,Superplasticizer,1.238324105,0.4392444175,0.7990796878,0.5633754702,0.1998342188
Concrete Strength,OLS,0.1,25,CoarseAggregate,0.07194789524,-0.01059364737,0.08254154261,0.3105739504,-0.045729078
Concrete Strength,OLS,0.1,25,FineAggregate,-0.03208606178,-0.02111570423,-0.01097035754,-0.1041656002,-0.06855094962
Concrete Strength,OLS,0.1,25,Age,0.307815896,0.3179965973,-0.01018070124,0.2894544542,0.2990278692
Concrete Strength,LAD,0.1,25,Intercept,46.02976541,34.84597323,11.18379219,,
Concrete Strength,LAD,0.1,25,Cement,0.09770415184,0.1046292998,-0.006925147922,0.6153943869,0.6590127704
Concrete Strength,LAD,0.1,25,BlastFurnaceSlag,0.0692772695,0.07282063074,-0.003543361242,0.4498095407,0.4728161879
Concrete Strength,LAD,0.1,25,FlyAsh,0.03246874865,0.04138226326,-0.00891351461,0.1719531146,0.2191587096
Concrete Strength,LAD,0.1,25,Water,-0.2163392811,-0.1976716548,-0.01866762634,-0.2625273603,-0.2398742266
Concrete Strength,LAD,0.1,25,Superplasticizer,0.5502372845,0.4402183842,0.1100189003,0.2503304164,0.2002773249
Concrete Strength,LAD,0.1,25,CoarseAggregate,-0.004515551134,-0.004963797824,0.0004482466898,-0.0194920581,-0.0214269826
Concrete Strength,LAD,0.1,25,FineAggregate,-0.01915245014,-0.01133095325,-0.007821496893,-0.06217735531,-0.03678530428
Concrete Strength,LAD,0.1,25,Age,0.3046318499,0.3116355468,-0.007003696939,0.2864603387,0.29304626
Concrete Strength,OLS,0.1,26,Intercept,62.28745287,56.988864,5.298588871,,
Concrete Strength,OLS,0.1,26,Cement,0.119398678,0.09386837158,0.02553030646,0.752038423,0.591234537
Concrete Strength,OLS,0.1,26,BlastFurnaceSlag,0.1128995868,0.07002203066,0.04287755613,0.7330443542,0.4546451914
Concrete Strength,OLS,0.1,26,FlyAsh,0.07418884367,0.03678860477,0.03740023889,0.3929009668,0.1948308892
Concrete Strength,OLS,0.1,26,Water,-0.1605880103,-0.228883896,0.06829588572,-0.1948732852,-0.2777502297
Concrete Strength,OLS,0.1,26,Superplasticizer,0.1744423653,0.4392444175,-0.2648020522,0.0793625426,0.1998342188
Concrete Strength,OLS,0.1,26,CoarseAggregate,0.005806879639,-0.01059364737,0.01640052701,0.02506627251,-0.045729078
Concrete Strength,OLS,0.1,26,FineAggregate,-0.080953481,-0.02111570423,-0.05983777677,-0.2628109362,-0.06855094962
Concrete Strength,OLS,0.1,26,Age,0.3961785666,0.3179965973,0.07818196933,0.3725462272,0.2990278692
Concrete Strength,LAD,0.1,26,Intercept,27.02185976,34.84597323,-7.824113468,,
Concrete Strength,LAD,0.1,26,Cement,0.1103708626,0.1046292998,0.005741562823,0.6951762851,0.6590127704
Concrete Strength,LAD,0.1,26,BlastFurnaceSlag,0.07691963669,0.07282063074,0.004099005952,0.4994305738,0.4728161879
Concrete Strength,LAD,0.1,26,FlyAsh,0.04716089558,0.04138226326,0.005778632315,0.249762101,0.2191587096
Concrete Strength,LAD,0.1,26,Water,-0.1922363269,-0.1976716548,0.00543532793,-0.2332784651,-0.2398742266
Concrete Strength,LAD,0.1,26,Superplasticizer,0.408374779,0.4402183842,-0.03184360514,0.1857900788,0.2002773249
Concrete Strength,LAD,0.1,26,CoarseAggregate,-0.001742420538,-0.004963797824,0.003221377286,-0.007521421272,-0.0214269826
Concrete Strength,LAD,0.1,26,FineAggregate,-0.009202571409,-0.01133095325,0.002128381837,-0.029875632,-0.03678530428
Concrete Strength,LAD,0.1,26,Age,0.315993142,0.3116355468,0.004357595144,0.2971439214,0.29304626
Concrete Strength,OLS,0.1,27,Intercept,394.769629,56.988864,337.780765,,
Concrete Strength,OLS,0.1,27,Cement,0.06785932982,0.09386837158,-0.02600904176,0.4274153133,0.591234537
Concrete Strength,OLS,0.1,27,BlastFurnaceSlag,-0.0179415864,0.07002203066,-0.08796361706,-0.1164927081,0.4546451914
Concrete Strength,OLS,0.1,27,FlyAsh,-0.001940088776,0.03678860477,-0.03872869355,-0.0102746278,0.1948308892
Concrete Strength,OLS,0.1,27,Water,-0.7078460766,-0.228883896,-0.4789621806,-0.8589700446,-0.2777502297
Concrete Strength,OLS,0.1,27,Superplasticizer,-0.2066804117,0.4392444175,-0.6459248291,-0.09402923968,0.1998342188
Concrete Strength,OLS,0.1,27,CoarseAggregate,-0.1367400038,-0.01059364737,-0.1261463564,-0.5902588672,-0.045729078
Concrete Strength,OLS,0.1,27,FineAggregate,-0.1668009719,-0.02111570423,-0.1456852676,-0.541510001,-0.06855094962
Concrete Strength,OLS,0.1,27,Age,0.3425547858,0.3179965973,0.02455818856,0.3221211439,0.2990278692
Concrete Strength,LAD,0.1,27,Intercept,22.0065987,34.84597323,-12.83937453,,
Concrete Strength,LAD,0.1,27,Cement,0.1158913533,0.1046292998,0.01126205349,0.729947366,0.6590127704
Concrete Strength,LAD,0.1,27,BlastFurnaceSlag,0.08182629951,0.07282063074,0.009005668769,0.5312889851,0.4728161879
Concrete Strength,LAD,0.1,27,FlyAsh,0.05119183738,0.04138226326,0.009809574112,0.2711097977,0.2191587096
Concrete Strength,LAD,0.1,27,Water,-0.1935011439,-0.1976716548,0.004170510872,-0.2348133185,-0.2398742266
Concrete Strength,LAD,0.1,27,Superplasticizer,0.4571274953,0.4402183842,0.01690911108,0.2079701239,0.2002773249
Concrete Strength,LAD,0.1,27,CoarseAggregate,-0.0008930626666,-0.004963797824,0.004070735158,-0.003855039809,-0.0214269826
Concrete Strength,LAD,0.1,27,FineAggregate,-0.006706735314,-0.01133095325,0.004624217932,-0.02177304008,-0.03678530428
Concrete Strength,LAD,0.1,27,Age,0.3099709383,0.3116355468,-0.001664608557,0.2914809466,0.29304626
Concrete Strength,OLS,0.1,28,Intercept,-113.7491028,56.988864,-170.7379668,,
Concrete Strength,OLS,0.1,28,Cement,0.1850855731,0.09386837158,0.09121720155,1.16577055,0.591234537
Concrete Strength,OLS,0.1,28,BlastFurnaceSlag,0.1954457705,0.07002203066,0.1254237398,1.269007467,0.4546451914
Concrete Strength,OLS,0.1,28,FlyAsh,0.2229686179,0.03678860477,0.1861800131,1.180832336,0.1948308892
Concrete Strength,OLS,0.1,28,Water,-0.1528379823,-0.228883896,0.07604591366,-0.1854686391,-0.2777502297
Concrete Strength,OLS,0.1,28,Superplasticizer,-0.0771379067,0.4392444175,-0.5163823242,-0.03509388558,0.1998342188
Concrete Strength,OLS,0.1,28,CoarseAggregate,0.05250237891,-0.01059364737,0.06309602628,0.2266344438,-0.045729078
Concrete Strength,OLS,0.1,28,FineAggregate,0.04751256755,-0.02111570423,0.06862827178,0.154246886,-0.06855094962
Concrete Strength,OLS,0.1,28,Age,0.3249208732,0.3179965973,0.006924275925,0.305539107,0.2990278692
Concrete Strength,LAD,0.1,28,Intercept,37.9188715,34.84597323,3.072898273,,
Concrete Strength,LAD,0.1,28,Cement,0.1016014469,0.1046292998,-0.00302785287,0.6399416908,0.6590127704
Concrete Strength,LAD,0.1,28,BlastFurnaceSlag,0.06937354111,0.07282063074,-0.003447089632,0.4504346215,0.4728161879
Concrete Strength,LAD,0.1,28,FlyAsh,0.04073485984,0.04138226326,-0.0006474034271,0.2157300885,0.2191587096
Concrete Strength,LAD,0.1,28,Water,-0.2023306188,-0.1976716548,-0.004658964018,-0.2455278717,-0.2398742266
Concrete Strength,LAD,0.1,28,Superplasticizer,0.4491315771,0.4402183842,0.008913192923,0.2043323814,0.2002773249
Concrete Strength,LAD,0.1,28,CoarseAggregate,-0.006207410464,-0.004963797824,-0.00124361264,-0.02679522428,-0.0214269826
Concrete Strength,LAD,0.1,28,FineAggregate,-0.01158474743,-0.01133095325,-0.0002537941809,-0.03760923285,-0.03678530428
Concrete Strength,LAD,0.1,28,Age,0.3116445653,0.3116355468,9.018470462e-06,0.2930547405,0.29304626
Concrete Strength,OLS,0.1,29,Intercept,-127.7678292,56.988864,-184.7566932,,
Concrete Strength,OLS,0.1,29,Cement,0.09909652122,0.09386837158,0.005228149641,0.6241642937,0.591234537
Concrete Strength,OLS,0.1,29,BlastFurnaceSlag,0.1331569883,0.07002203066,0.0631349576,0.8645733899,0.4546451914
Concrete Strength,OLS,0.1,29,FlyAsh,0.1094263556,0.03678860477,0.0726377508,0.5795173341,0.1948308892
Concrete Strength,OLS,0.1,29,Water,-0.02361666305,-0.228883896,0.2052672329,-0.0286587816,-0.2777502297
Concrete Strength,OLS,0.1,29,Superplasticizer,0.2847506017,0.4392444175,-0.1544938157,0.1295472675,0.1998342188
Concrete Strength,OLS,0.1,29,CoarseAggregate,0.07821109944,-0.01059364737,0.08880474681,0.3376100167,-0.045729078
Concrete Strength,OLS,0.1,29,FineAggregate,0.04032181874,-0.02111570423,0.06143752298,0.1309025233,-0.06855094962
Concrete Strength,OLS,0.1,29,Age,0.3572090253,0.3179965973,0.03921242805,0.3359012474,0.2990278692
Concrete Strength,LAD,0.1,29,Intercept,49.68742169,34.84597323,14.84144846,,
Concrete Strength,LAD,0.1,29,Cement,0.09637156278,0.1046292998,-0.008257736981,0.6070010095,0.6590127704
Concrete Strength,LAD,0.1,29,BlastFurnaceSlag,0.06765308332,0.07282063074,-0.005167547418,0.4392638821,0.4728161879
Concrete Strength,LAD,0.1,29,FlyAsh,0.03472341559,0.04138226326,-0.006658847677,0.183893735,0.2191587096
Concrete Strength,LAD,0.1,29,Water,-0.2209754232,-0.1976716548,-0.02330376844,-0.2681533111,-0.2398742266
Concrete Strength,LAD,0.1,29,Superplasticizer,0.4629367409,0.4402183842,0.02271835674,0.2106130398,0.2002773249
Concrete Strength,LAD,0.1,29,CoarseAggregate,-0.00721097829,-0.004963797824,-0.002247180466,-0.03112727629,-0.0214269826
Concrete Strength,LAD,0.1,29,FineAggregate,-0.01833383573,-0.01133095325,-0.007002882483,-0.05951976954,-0.03678530428
Concrete Strength,LAD,0.1,29,Age,0.3041538055,0.3116355468,-0.007481741306,0.28601081,0.29304626
Concrete Strength,OLS,0.1,30,Intercept,326.3534473,56.988864,269.3645833,,
Concrete Strength,OLS,0.1,30,Cement,0.00230853761,0.09386837158,-0.09155983397,0.01454043723,0.591234537
Concrete Strength,OLS,0.1,30,BlastFurnaceSlag,0.04752007629,0.07002203066,-0.02250195437,0.3085425255,0.4546451914
Concrete Strength,OLS,0.1,30,FlyAsh,-0.02089537017,0.03678860477,-0.05768397494,-0.1106609934,0.1948308892
Concrete Strength,OLS,0.1,30,Water,-0.8586733778,-0.228883896,-0.6297894818,-1.041998725,-0.2777502297
Concrete Strength,OLS,0.1,30,Superplasticizer,-1.306621039,0.4392444175,-1.745865457,-0.5944471558,0.1998342188
Concrete Strength,OLS,0.1,30,CoarseAggregate,-0.07885231342,-0.01059364737,-0.06825866605,-0.3403779137,-0.045729078
Concrete Strength,OLS,0.1,30,FineAggregate,-0.08046266114,-0.02111570423,-0.05934695691,-0.2612175171,-0.06855094962
Concrete Strength,OLS,0.1,30,Age,0.3039558975,0.3179965973,-0.01404069976,0.2858247074,0.2990278692
Concrete Strength,LAD,0.1,30,Intercept,54.55458147,34.84597323,19.70860824,,
Concrete Strength,LAD,0.1,30,Cement,0.09364187425,0.1046292998,-0.01098742551,0.5898079325,0.6590127704
Concrete Strength,LAD,0.1,30,BlastFurnaceSlag,0.06499055117,0.07282063074,-0.007830079568,0.4219763594,0.4728161879
Concrete Strength,LAD,0.1,30,FlyAsh,0.03472334086,0.04138226326,-0.006658922404,0.1838933392,0.2191587096
Concrete Strength,LAD,0.1,30,Water,-0.2253852552,-0.1976716548,-0.02771360042,-0.2735046349,-0.2398742266
Concrete Strength,LAD,0.1,30,Superplasticizer,0.3946722713,0.4402183842,-0.0455461129,0.1795561238,0.2002773249
Concrete Strength,LAD,0.1,30,CoarseAggregate,-0.01220164031,-0.004963797824,-0.007237842484,-0.05267022223,-0.0214269826
Concrete Strength,LAD,0.1,30,FineAggregate,-0.01613807113,-0.01133095325,-0.004807117883,-0.0523913429,-0.03678530428
Concrete Strength,LAD,0.1,30,Age,0.3131987893,0.3116355468,0.0015632425,0.294516254,0.29304626
Concrete Strength,OLS,0.2,1,Intercept,-437.2354146,56.988864,-494.2242786,,
Concrete Strength,OLS,0.2,1,Cement,0.2362994023,0.09386837158,0.1424310307,1.488343362,0.591234537
Concrete Strength,OLS,0.2,1,BlastFurnaceSlag,0.2045479172,0.07002203066,0.1345258866,1.328106684,0.4546451914
Concrete Strength,OLS,0.2,1,FlyAsh,0.166380321,0.03678860477,0.1295917162,0.8811431173,0.1948308892
Concrete Strength,OLS,0.2,1,Water,0.4615415766,-0.228883896,0.6904254726,0.5600799408,-0.2777502297
Concrete Strength,OLS,0.2,1,Superplasticizer,1.021200932,0.4392444175,0.5819565148,0.4645952969,0.1998342188
Concrete Strength,OLS,0.2,1,CoarseAggregate,0.1333365318,-0.01059364737,0.1439301792,0.5755672667,-0.045729078
Concrete Strength,OLS,0.2,1,FineAggregate,0.1971528826,-0.02111570423,0.2182685868,0.6400457769,-0.06855094962
Concrete Strength,OLS,0.2,1,Age,0.4281913602,0.3179965973,0.1101947629,0.4026494344,0.2990278692
Concrete Strength,LAD,0.2,1,Intercept,18.23670255,34.84597323,-16.60927068,,
Concrete Strength,LAD,0.2,1,Cement,0.1149690831,0.1046292998,0.01033978334,0.7241384023,0.6590127704
Concrete Strength,LAD,0.2,1,BlastFurnaceSlag,0.08384292209,0.07282063074,0.01102229135,0.5443826894,0.4728161879
Concrete Strength,LAD,0.2,1,FlyAsh,0.04704255829,0.04138226326,0.005660295029,0.2491353918,0.2191587096
Concrete Strength,LAD,0.2,1,Water,-0.1894320185,-0.1976716548,0.00823963633,-0.2298754415,-0.2398742266
Concrete Strength,LAD,0.2,1,Superplasticizer,0.4514007919,0.4402183842,0.01118240778,0.2053647606,0.2002773249
Concrete Strength,LAD,0.2,1,CoarseAggregate,0.002207953111,-0.004963797824,0.007171750935,0.009530962896,-0.0214269826
Concrete Strength,LAD,0.2,1,FineAggregate,-0.005181242141,-0.01133095325,0.006149711105,-0.01682061205,-0.03678530428
Concrete Strength,LAD,0.2,1,Age,0.3039342407,0.3116355468,-0.007701306137,0.2858043424,0.29304626
Concrete Strength,OLS,0.2,2,Intercept,23.80967832,56.988864,-33.17918568,,
Concrete Strength,OLS,0.2,2,Cement,0.1267115961,0.09386837158,0.03284322449,0.7980991955,0.591234537
Concrete Strength,OLS,0.2,2,BlastFurnaceSlag,0.09226225781,0.07002203066,0.02224022715,0.5990484918,0.4546451914
Concrete Strength,OLS,0.2,2,FlyAsh,0.008709387059,0.03678860477,-0.02807921772,0.04612454416,0.1948308892
Concrete Strength,OLS,0.2,2,Water,-0.3123705697,-0.228883896,-0.08348667368,-0.3790611703,-0.2777502297
Concrete Strength,OLS,0.2,2,Superplasticizer,1.259968006,0.4392444175,0.8207235881,0.5732223612,0.1998342188
Concrete Strength,OLS,0.2,2,CoarseAggregate,-0.03432539123,-0.01059364737,-0.02373174386,-0.1481707327,-0.045729078
Concrete Strength,OLS,0.2,2,FineAggregate,0.05877252699,-0.02111570423,0.07988823122,0.1908017129,-0.06855094962
Concrete Strength,OLS,0.2,2,Age,0.1277904701,0.3179965973,-0.1902061272,0.1201676757,0.2990278692
Concrete Strength,LAD,0.2,2,Intercept,-9.697072666,34.84597323,-44.54304589,,
Concrete Strength,LAD,0.2,2,Cement,0.1205403265,0.1046292998,0.01591102677,0.759229152,0.6590127704
Concrete Strength,LAD,0.2,2,BlastFurnaceSlag,0.0824144031,0.07282063074,0.009593772356,0.5351074757,0.4728161879
Concrete Strength,LAD,0.2,2,FlyAsh,0.0561297469,0.04138226326,0.01474748363,0.2972607569,0.2191587096
Concrete Strength,LAD,0.2,2,Water,-0.1447093226,-0.1976716548,0.0529623322,-0.1756045239,-0.2398742266
Concrete Strength,LAD,0.2,2,Superplasticizer,0.486394666,0.4402183842,0.04617628188,0.2212852213,0.2002773249
Concrete Strength,LAD,0.2,2,CoarseAggregate,0.005598427928,-0.004963797824,0.01056222575,0.02416645923,-0.0214269826
Concrete Strength,LAD,0.2,2,FineAggregate,0.01226141216,-0.01133095325,0.02359236541,0.03980598696,-0.03678530428
Concrete Strength,LAD,0.2,2,Age,0.3186116658,0.3116355468,0.006976118956,0.2996062484,0.29304626
Concrete Strength,OLS,0.2,3,Intercept,552.3757376,56.988864,495.3868736,,
Concrete Strength,OLS,0.2,3,Cement,-0.001070674604,0.09386837158,-0.09493904618,-0.006743696448,0.591234537
Concrete Strength,OLS,0.2,3,BlastFurnaceSlag,-0.04935550897,0.07002203066,-0.1193775396,-0.3204597841,0.4546451914
Concrete Strength,OLS,0.2,3,FlyAsh,-0.06928335195,0.03678860477,-0.1060719567,-0.3669216909,0.1948308892
Concrete Strength,OLS,0.2,3,Water,-0.8748126102,-0.228883896,-0.6459287142,-1.061583657,-0.2777502297
Concrete Strength,OLS,0.2,3,Superplasticizer,-0.9650798357,0.4392444175,-1.404324253,-0.4390630077,0.1998342188
Concrete Strength,OLS,0.2,3,CoarseAggregate,-0.1921568573,-0.01059364737,-0.1815632099,-0.8294740807,-0.045729078
Concrete Strength,OLS,0.2,3,FineAggregate,-0.2025935544,-0.02111570423,-0.1814778502,-0.657708613,-0.06855094962
Concrete Strength,OLS,0.2,3,Age,0.1079912996,0.3179965973,-0.2100052976,0.1015495401,0.2990278692
Concrete Strength,LAD,0.2,3,Intercept,55.09067052,34.84597323,20.24469729,,
Concrete Strength,LAD,0.2,3,Cement,0.09842872984,0.1046292998,-0.006200569924,0.619958177,0.6590127704
Concrete Strength,LAD,0.2,3,BlastFurnaceSlag,0.06692115346,0.07282063074,-0.005899477285,0.4345115435,0.4728161879
Concrete Strength,LAD,0.2,3,FlyAsh,0.02640147068,0.04138226326,-0.01498079259,0.139821068,0.2191587096
Concrete Strength,LAD,0.2,3,Water,-0.2216240043,-0.1976716548,-0.02395234952,-0.2689403631,-0.2398742266
Concrete Strength,LAD,0.2,3,Superplasticizer,0.477112028,0.4402183842,0.03689364387,0.2170620858,0.2002773249
Concrete Strength,LAD,0.2,3,CoarseAggregate,-0.01291354769,-0.004963797824,-0.007949749861,-0.05574327789,-0.0214269826
Concrete Strength,LAD,0.2,3,FineAggregate,-0.01779307186,-0.01133095325,-0.006462118617,-0.05776420997,-0.03678530428
Concrete Strength,LAD,0.2,3,Age,0.3106034813,0.3116355468,-0.001032065466,0.292075758,0.29304626
Concrete Strength,OLS,0.2,4,Intercept,271.4851589,56.988864,214.4962949,,
Concrete Strength,OLS,0.2,4,Cement,0.01490547249,0.09386837158,-0.07896289909,0.09388284872,0.591234537
Concrete Strength,OLS,0.2,4,BlastFurnaceSlag,0.002065276969,0.07002203066,-0.06795675369,0.01340961172,0.4546451914
Concrete Strength,OLS,0.2,4,FlyAsh,-0.1542099363,0.03678860477,-0.1909985411,-0.8166892766,0.1948308892
Concrete Strength,OLS,0.2,4,Water,-0.3537720537,-0.228883896,-0.1248881577,-0.4293018027,-0.2777502297
Concrete Strength,OLS,0.2,4,Superplasticizer,2.081026308,0.4392444175,1.64178189,0.9467627818,0.1998342188
Concrete Strength,OLS,0.2,4,CoarseAggregate,-0.07908566206,-0.01059364737,-0.06849201469,-0.3413851983,-0.045729078
Concrete Strength,OLS,0.2,4,FineAggregate,-0.1425763826,-0.02111570423,-0.1214606784,-0.4628662306,-0.06855094962
Concrete Strength,OLS,0.2,4,Age,0.2098297566,0.3179965973,-0.1081668407,0.1973132591,0.2990278692
Concrete Strength,LAD,0.2,4,Intercept,29.75200465,34.84597323,-5.093968579,,
Concrete Strength,LAD,0.2,4,Cement,0.1116555381,0.1046292998,0.007026238333,0.7032678768,0.6590127704
Concrete Strength,LAD,0.2,4,BlastFurnaceSlag,0.08243080316,0.07282063074,0.009610172423,0.5352139595,0.4728161879
Concrete Strength,LAD,0.2,4,FlyAsh,0.04420023845,0.04138226326,0.002817975191,0.2340825866,0.2191587096
Concrete Strength,LAD,0.2,4,Water,-0.2145985521,-0.1976716548,-0.01692689733,-0.2604149885,-0.2398742266
Concrete Strength,LAD,0.2,4,Superplasticizer,0.396140625,0.4402183842,-0.0440777592,0.1802241513,0.2002773249
Concrete Strength,LAD,0.2,4,CoarseAggregate,0.0001980926519,-0.004963797824,0.005161890476,0.000855096834,-0.0214269826
Concrete Strength,LAD,0.2,4,FineAggregate,-0.009631981886,-0.01133095325,0.00169897136,-0.03126968903,-0.03678530428
Concrete Strength,LAD,0.2,4,Age,0.303840909,0.3116355468,-0.007794637822,0.285716578,0.29304626
Concrete Strength,OLS,0.2,5,Intercept,-288.1429672,56.988864,-345.1318312,,
Concrete Strength,OLS,0.2,5,Cement,0.1644648311,0.09386837158,0.07059645953,1.035889796,0.591234537
Concrete Strength,OLS,0.2,5,BlastFurnaceSlag,0.1597030723,0.07002203066,0.08968104167,1.036934136,0.4546451914
Concrete Strength,OLS,0.2,5,FlyAsh,0.1896614266,0.03678860477,0.1528728218,1.004438864,0.1948308892
Concrete Strength,OLS,0.2,5,Water,0.4625328929,-0.228883896,0.6914167889,0.5612829015,-0.2777502297
Concrete Strength,OLS,0.2,5,Superplasticizer,1.020897395,0.4392444175,0.5816529774,0.4644572026,0.1998342188
Concrete Strength,OLS,0.2,5,CoarseAggregate,0.07448888692,-0.01059364737,0.08508253429,0.3215425245,-0.045729078
Concrete Strength,OLS,0.2,5,FineAggregate,0.1067068327,-0.02111570423,0.1278225369,0.3464177481,-0.06855094962
Concrete Strength,OLS,0.2,5,Age,0.3969672245,0.3179965973,0.07897062719,0.3732878411,0.2990278692
Concrete Strength,LAD,0.2,5,Intercept,16.44586594,34.84597323,-18.40010728,,
Concrete Strength,LAD,0.2,5,Cement,0.1064025077,0.1046292998,0.001773207898,0.6701814072,0.6590127704
Concrete Strength,LAD,0.2,5,BlastFurnaceSlag,0.07913575177,0.07282063074,0.006315121026,0.5138195604,0.4728161879
Concrete Strength,LAD,0.2,5,FlyAsh,0.04282597996,0.04138226326,0.001443716699,0.226804572,0.2191587096
Concrete Strength,LAD,0.2,5,Water,-0.1775881194,-0.1976716548,0.02008353537,-0.2155028896,-0.2398742266
Concrete Strength,LAD,0.2,5,Superplasticizer,0.5860674317,0.4402183842,0.1458490475,0.2666313395,0.2002773249
Concrete Strength,LAD,0.2,5,CoarseAggregate,0.001488346623,-0.004963797824,0.006452144447,0.006424672862,-0.0214269826
Concrete Strength,LAD,0.2,5,FineAggregate,-0.002905134171,-0.01133095325,0.008425819075,-0.009431355168,-0.03678530428
Concrete Strength,LAD,0.2,5,Age,0.3088008113,0.3116355468,-0.002834735481,0.2903806186,0.29304626
Concrete Strength,OLS,0.2,6,Intercept,-187.2298618,56.988864,-244.2187258,,
Concrete Strength,OLS,0.2,6,Cement,0.2143200178,0.09386837158,0.1204516463,1.349905132,0.591234537
Concrete Strength,OLS,0.2,6,BlastFurnaceSlag,0.1410460912,0.07002203066,0.07102406052,0.9157964503,0.4546451914
Concrete Strength,OLS,0.2,6,FlyAsh,0.1843527553,0.03678860477,0.1475641506,0.9763243666,0.1948308892
Concrete Strength,OLS,0.2,6,Water,0.3533090362,-0.228883896,0.5821929322,0.4287399317,-0.2777502297
Concrete Strength,OLS,0.2,6,Superplasticizer,0.09689673868,0.4392444175,-0.3423476788,0.04408316489,0.1998342188
Concrete Strength,OLS,0.2,6,CoarseAggregate,0.04915499061,-0.01059364737,0.05974863799,0.2121849369,-0.045729078
Concrete Strength,OLS,0.2,6,FineAggregate,0.02134147351,-0.02111570423,0.04245717774,0.06928389692,-0.06855094962
Concrete Strength,OLS,0.2,6,Age,0.3478766753,0.3179965973,0.02988007807,0.3271255789,0.2990278692
Concrete Strength,LAD,0.2,6,Intercept,5.098668689,34.84597323,-29.74730454,,
Concrete Strength,LAD,0.2,6,Cement,0.1112161663,0.1046292998,0.006586866563,0.7005004721,0.6590127704
Concrete Strength,LAD,0.2,6,BlastFurnaceSlag,0.07933211962,0.07282063074,0.006511488883,0.5150945549,0.4728161879
Concrete Strength,LAD,0.2,6,FlyAsh,0.05033782723,0.04138226326,0.008955563966,0.2665869962,0.2191587096
Concrete Strength,LAD,0.2,6,Water,-0.1516711011,-0.1976716548,0.0460005537,-0.1840526306,-0.2398742266
Concrete Strength,LAD,0.2,6,Superplasticizer,0.6164313927,0.4402183842,0.1762130086,0.2804454216,0.2002773249
Concrete Strength,LAD,0.2,6,CoarseAggregate,0.006801279335,-0.004963797824,0.01176507716,0.02935874891,-0.0214269826
Concrete Strength,LAD,0.2,6,FineAggregate,-0.003458402376,-0.01133095325,0.007872550871,-0.01122750937,-0.03678530428
Concrete Strength,LAD,0.2,6,Age,0.3061739468,0.3116355468,-0.005461600011,0.2879104484,0.29304626
Concrete Strength,OLS,0.2,7,Intercept,-7.898223918,56.988864,-64.88708792,,
Concrete Strength,OLS,0.2,7,Cement,0.06778444742,0.09386837158,-0.02608392416,0.4269436628,0.591234537
Concrete Strength,OLS,0.2,7,BlastFurnaceSlag,0.08457088261,0.07002203066,0.01454885195,0.5491092554,0.4546451914
Concrete Strength,OLS,0.2,7,FlyAsh,0.1219082319,0.03678860477,0.08511962713,0.6456208213,0.1948308892
Concrete Strength,OLS,0.2,7,Water,-0.3317986589,-0.228883896,-0.1029147629,-0.4026371244,-0.2777502297
Concrete Strength,OLS,0.2,7,Superplasticizer,-0.07966530108,0.4392444175,-0.5189097185,-0.03624372348,0.1998342188
Concrete Strength,OLS,0.2,7,CoarseAggregate,0.05810888588,-0.01059364737,0.06870253325,0.2508357774,-0.045729078
Concrete Strength,OLS,0.2,7,FineAggregate,0.01410793234,-0.02111570423,0.03522363657,0.04580061117,-0.06855094962
Concrete Strength,OLS,0.2,7,Age,0.02492652514,0.3179965973,-0.2930700721,0.02343963981,0.2990278692
Concrete Strength,LAD,0.2,7,Intercept,11.10366009,34.84597323,-23.74231314,,
Concrete Strength,LAD,0.2,7,Cement,0.1106021103,0.1046292998,0.00597281058,0.6966328105,0.6590127704
Concrete Strength,LAD,0.2,7,BlastFurnaceSlag,0.08123094346,0.07282063074,0.008410312717,0.527423405,0.4728161879
Concrete Strength,LAD,0.2,7,FlyAsh,0.05201062293,0.04138226326,0.01062835966,0.2754460512,0.2191587096
Concrete Strength,LAD,0.2,7,Water,-0.1693216818,-0.1976716548,0.02834997302,-0.2054715811,-0.2398742266
Concrete Strength,LAD,0.2,7,Superplasticizer,0.4976289387,0.4402183842,0.05741055457,0.2263962529,0.2002773249
Concrete Strength,LAD,0.2,7,CoarseAggregate,0.005507216963,-0.004963797824,0.01047101479,0.02377273334,-0.0214269826
Concrete Strength,LAD,0.2,7,FineAggregate,-0.00373129402,-0.01133095325,0.007599659226,-0.01211343679,-0.03678530428
Concrete Strength,LAD,0.2,7,Age,0.2929267214,0.3116355468,-0.01870882542,0.2754534296,0.29304626
Concrete Strength,OLS,0.2,8,Intercept,-222.8330502,56.988864,-279.8219142,,
Concrete Strength,OLS,0.2,8,Cement,0.3173708475,0.09386837158,0.2235024759,1.998975831,0.591234537
Concrete Strength,OLS,0.2,8,BlastFurnaceSlag,0.3092048726,0.07002203066,0.2391828419,2.007632557,0.4546451914
Concrete Strength,OLS,0.2,8,FlyAsh,0.4782096498,0.03678860477,0.441421045,2.532578005,0.1948308892
Concrete Strength,OLS,0.2,8,Water,-0.5957389703,-0.228883896,-0.3668550743,-0.7229282563,-0.2777502297
Concrete Strength,OLS,0.2,8,Superplasticizer,-3.140288675,0.4392444175,-3.579533093,-1.428674126,0.1998342188
Concrete Strength,OLS,0.2,8,CoarseAggregate,0.139347954,-0.01059364737,0.1499416014,0.6015164782,-0.045729078
Concrete Strength,OLS,0.2,8,FineAggregate,0.1408364832,-0.02111570423,0.1619521874,0.4572177446,-0.06855094962
Concrete Strength,OLS,0.2,8,Age,0.1697465697,0.3179965973,-0.1482500275,0.1596210635,0.2990278692
Concrete Strength,LAD,0.2,8,Intercept,20.16947758,34.84597323,-14.67649565,,
Concrete Strength,LAD,0.2,8,Cement,0.1097683313,0.1046292998,0.005139031546,0.6913812124,0.6590127704
Concrete Strength,LAD,0.2,8,BlastFurnaceSlag,0.077466781,0.07282063074,0.004646150258,0.5029831204,0.4728161879
Concrete Strength,LAD,0.2,8,FlyAsh,0.05584873556,0.04138226326,0.01446647229,0.2957725328,0.2191587096
Concrete Strength,LAD,0.2,8,Water,-0.1850544118,-0.1976716548,0.01261724303,-0.224563223,-0.2398742266
Concrete Strength,LAD,0.2,8,Superplasticizer,0.3895625254,0.4402183842,-0.05065585874,0.1772314453,0.2002773249
Concrete Strength,LAD,0.2,8,CoarseAggregate,-0.0009688640644,-0.004963797824,0.00399493376,-0.004182247984,-0.0214269826
Concrete Strength,LAD,0.2,8,FineAggregate,-0.003392472087,-0.01133095325,0.007938481159,-0.01101347038,-0.03678530428
Concrete Strength,LAD,0.2,8,Age,0.3081235786,0.3116355468,-0.003511968208,0.2897437833,0.29304626
Concrete Strength,OLS,0.2,9,Intercept,-153.1342975,56.988864,-210.1231615,,
Concrete Strength,OLS,0.2,9,Cement,0.1372837879,0.09386837158,0.04341541631,0.8646886636,0.591234537
Concrete Strength,OLS,0.2,9,BlastFurnaceSlag,0.07884242176,0.07002203066,0.008820391098,0.5119150015,0.4546451914
Concrete Strength,OLS,0.2,9,FlyAsh,0.06238709843,0.03678860477,0.02559849366,0.330399425,0.1948308892
Concrete Strength,OLS,0.2,9,Water,0.2047082525,-0.228883896,0.4335921485,0.2484131262,-0.2777502297
Concrete Strength,OLS,0.2,9,Superplasticizer,1.952982814,0.4392444175,1.513738396,0.8885094027,0.1998342188
Concrete Strength,OLS,0.2,9,CoarseAggregate,0.04882943275,-0.01059364737,0.05942308013,0.2107796173,-0.045729078
Concrete Strength,OLS,0.2,9,FineAggregate,0.04467305122,-0.02111570423,0.06578875545,0.1450285555,-0.06855094962
Concrete Strength,OLS,0.2,9,Age,0.3102136662,0.3179965973,-0.007782931104,0.2917091956,0.2990278692
Concrete Strength,LAD,0.2,9,Intercept,22.16933283,34.84597323,-12.67664039,,
Concrete Strength,LAD,0.2,9,Cement,0.1123462362,0.1046292998,0.007716936385,0.7076182723,0.6590127704
Concrete Strength,LAD,0.2,9,BlastFurnaceSlag,0.07656660109,0.07282063074,0.003745970352,0.4971383532,0.4728161879
Concrete Strength,LAD,0.2,9,FlyAsh,0.04820140585,0.04138226326,0.006819142583,0.2552725993,0.2191587096
Concrete Strength,LAD,0.2,9,Water,-0.1843206231,-0.1976716548,0.01335103174,-0.2236727716,-0.2398742266
Concrete Strength,LAD,0.2,9,Superplasticizer,0.5074342428,0.4402183842,0.06721585862,0.2308571754,0.2002773249
Concrete Strength,LAD,0.2,9,CoarseAggregate,0.000814770178,-0.004963797824,0.005778568002,0.003517078463,-0.0214269826
Concrete Strength,LAD,0.2,9,FineAggregate,-0.008477686422,-0.01133095325,0.002853266825,-0.02752233354,-0.03678530428
Concrete Strength,LAD,0.2,9,Age,0.2972198451,0.3116355468,-0.01441570174,0.2794904654,0.29304626
Concrete Strength,OLS,0.2,10,Intercept,-120.125875,56.988864,-177.114739,,
Concrete Strength,OLS,0.2,10,Cement,0.09060000409,0.09386837158,-0.003268367484,0.5706485643,0.591234537
Concrete Strength,OLS,0.2,10,BlastFurnaceSlag,0.1427848226,0.07002203066,0.07276279197,0.9270858386,0.4546451914
Concrete Strength,OLS,0.2,10,FlyAsh,0.09563788111,0.03678860477,0.05884927634,0.5064941586,0.1948308892
Concrete Strength,OLS,0.2,10,Water,-0.01094540138,-0.228883896,0.2179384946,-0.01328222649,-0.2777502297
Concrete Strength,OLS,0.2,10,Superplasticizer,-0.5890132178,0.4392444175,-1.028257635,-0.2679715247,0.1998342188
Concrete Strength,OLS,0.2,10,CoarseAggregate,0.06445096386,-0.01059364737,0.07504461124,0.2782123144,-0.045729078
Concrete Strength,OLS,0.2,10,FineAggregate,0.06089348916,-0.02111570423,0.08200919339,0.1976872976,-0.06855094962
Concrete Strength,OLS,0.2,10,Age,0.2766006521,0.3179965973,-0.04139594512,0.2601012223,0.2990278692
Concrete Strength,LAD,0.2,10,Intercept,50.74111394,34.84597323,15.89514072,,
Concrete Strength,LAD,0.2,10,Cement,0.09591214627,0.1046292998,-0.008717153495,0.6041073521,0.6590127704
Concrete Strength,LAD,0.2,10,BlastFurnaceSlag,0.06658656685,0.07282063074,-0.006234063889,0.4323391102,0.4728161879
Concrete Strength,LAD,0.2,10,FlyAsh,0.0361034184,0.04138226326,-0.005278844865,0.1912021713,0.2191587096
Concrete Strength,LAD,0.2,10,Water,-0.2216936872,-0.1976716548,-0.0240220324,-0.2690249232,-0.2398742266
Concrete Strength,LAD,0.2,10,Superplasticizer,0.3929950289,0.4402183842,-0.04722335525,0.1787930625,0.2002773249
Concrete Strength,LAD,0.2,10,CoarseAggregate,-0.00918911939,-0.004963797824,-0.004225321566,-0.03966622095,-0.0214269826
Concrete Strength,LAD,0.2,10,FineAggregate,-0.01624637588,-0.01133095325,-0.004915422629,-0.05274294819,-0.03678530428
Concrete Strength,LAD,0.2,10,Age,0.3027120308,0.3116355468,-0.008923516039,0.2846550382,0.29304626
Concrete Strength,OLS,0.2,11,Intercept,-121.3538313,56.988864,-178.3426953,,
Concrete Strength,OLS,0.2,11,Cement,0.1200395693,0.09386837158,0.02617119769,0.7560751078,0.591234537
Concrete Strength,OLS,0.2,11,BlastFurnaceSlag,0.09127094752,0.07002203066,0.02124891686,0.5926120253,0.4546451914
Concrete Strength,OLS,0.2,11,FlyAsh,0.01682503112,0.03678860477,-0.01996357365,0.0891046506,0.1948308892
Concrete Strength,OLS,0.2,11,Water,0.3360855945,-0.228883896,0.5649694905,0.4078393138,-0.2777502297
Concrete Strength,OLS,0.2,11,Superplasticizer,1.478219008,0.4392444175,1.038974591,0.6725156405,0.1998342188
Concrete Strength,OLS,0.2,11,CoarseAggregate,0.01136397986,-0.01059364737,0.02195762723,0.04905433445,-0.045729078
Concrete Strength,OLS,0.2,11,FineAggregate,0.0381542044,-0.02111570423,0.05926990863,0.1238654849,-0.06855094962
Concrete Strength,OLS,0.2,11,Age,0.1732341078,0.3179965973,-0.1447624894,0.1629005674,0.2990278692
Concrete Strength,LAD,0.2,11,Intercept,-0.8300389835,34.84597323,-35.67601221,,
Concrete Strength,LAD,0.2,11,Cement,0.1225831015,0.1046292998,0.01795380173,0.7720956702,0.6590127704
Concrete Strength,LAD,0.2,11,BlastFurnaceSlag,0.0905585229,0.07282063074,0.01773789216,0.5879863322,0.4728161879
Concrete Strength,LAD,0.2,11,FlyAsh,0.05828392395,0.04138226326,0.01690166069,0.3086691871,0.2191587096
Concrete Strength,LAD,0.2,11,Water,-0.1628484491,-0.1976716548,0.03482320566,-0.197616324,-0.2398742266
Concrete Strength,LAD,0.2,11,Superplasticizer,0.4232255783,0.4402183842,-0.01699280583,0.192546449,0.2002773249
Concrete Strength,LAD,0.2,11,CoarseAggregate,0.006438395637,-0.004963797824,0.01140219346,0.02779230664,-0.0214269826
Concrete Strength,LAD,0.2,11,FineAggregate,0.00425585983,-0.01133095325,0.01558681308,0.01381641027,-0.03678530428
Concrete Strength,LAD,0.2,11,Age,0.2907420372,0.3116355468,-0.02089350957,0.2733990635,0.29304626
Concrete Strength,OLS,0.2,12,Intercept,-115.2073481,56.988864,-172.1962121,,
Concrete Strength,OLS,0.2,12,Cement,0.09715570419,0.09386837158,0.003287332615,0.6119399626,0.591234537
Concrete Strength,OLS,0.2,12,BlastFurnaceSlag,0.1479311176,0.07002203066,0.07790908698,0.9605001549,0.4546451914
Concrete Strength,OLS,0.2,12,FlyAsh,0.1080220984,0.03678860477,0.07123349361,0.5720804476,0.1948308892
Concrete Strength,OLS,0.2,12,Water,0.1433350637,-0.228883896,0.3722189597,0.1739368631,-0.2777502297
Concrete Strength,OLS,0.2,12,Superplasticizer,1.644462111,0.4392444175,1.205217693,0.7481479291,0.1998342188
Concrete Strength,OLS,0.2,12,CoarseAggregate,0.05413341404,-0.01059364737,0.06472706141,0.2336750531,-0.045729078
Concrete Strength,OLS,0.2,12,FineAggregate,0.009580636779,-0.02111570423,0.03069634101,0.03110300002,-0.06855094962
Concrete Strength,OLS,0.2,12,Age,0.3287779942,0.3179965973,0.01078139699,0.309166148,0.2990278692
Concrete Strength,LAD,0.2,12,Intercept,30.74992424,34.84597323,-4.096048985,,
Concrete Strength,LAD,0.2,12,Cement,0.1021602744,0.1046292998,-0.002469025363,0.6434614932,0.6590127704
Concrete Strength,LAD,0.2,12,BlastFurnaceSlag,0.07142293852,0.07282063074,-0.001397692224,0.463741129,0.4728161879
Concrete Strength,LAD,0.2,12,FlyAsh,0.04505204968,0.04138226326,0.00366978642,0.2385937427,0.2191587096
Concrete Strength,LAD,0.2,12,Water,-0.1948351569,-0.1976716548,0.002836497931,-0.236432141,-0.2398742266
Concrete Strength,LAD,0.2,12,Superplasticizer,0.5108617481,0.4402183842,0.07064336392,0.2324165187,0.2002773249
Concrete Strength,LAD,0.2,12,CoarseAggregate,-0.001634869293,-0.004963797824,0.003328928531,-0.007057160087,-0.0214269826
Concrete Strength,LAD,0.2,12,FineAggregate,-0.01097584587,-0.01133095325,0.0003551073753,-0.0356324681,-0.03678530428
Concrete Strength,LAD,0.2,12,Age,0.3159114515,0.3116355468,0.004275904716,0.2970671039,0.29304626
Concrete Strength,OLS,0.2,13,Intercept,294.9656268,56.988864,237.9767628,,
Concrete Strength,OLS,0.2,13,Cement,0.002527428838,0.09386837158,-0.09134094274,0.01591913436,0.591234537
Concrete Strength,OLS,0.2,13,BlastFurnaceSlag,0.03984269756,0.07002203066,-0.0301793331,0.2586941665,0.4546451914
Concrete Strength,OLS,0.2,13,FlyAsh,0.03999069971,0.03678860477,0.003202094932,0.2117890481,0.1948308892
Concrete Strength,OLS,0.2,13,Water,-0.7164128992,-0.228883896,-0.4875290032,-0.8693658697,-0.2777502297
Concrete Strength,OLS,0.2,13,Superplasticizer,-0.8126847844,0.4392444175,-1.251929202,-0.3697308892,0.1998342188
Concrete Strength,OLS,0.2,13,CoarseAggregate,-0.09212087339,-0.01059364737,-0.08152722602,-0.3976536557,-0.045729078
Concrete Strength,OLS,0.2,13,FineAggregate,-0.06672498213,-0.02111570423,-0.04560927789,-0.2166189125,-0.06855094962
Concrete Strength,OLS,0.2,13,Age,0.3219100678,0.3179965973,0.003913470509,0.3027078983,0.2990278692
Concrete Strength,LAD,0.2,13,Intercept,75.63115493,34.84597323,40.7851817,,
Concrete Strength,LAD,0.2,13,Cement,0.08586654155,0.1046292998,-0.01876275821,0.5408346186,0.6590127704
Concrete Strength,LAD,0.2,13,BlastFurnaceSlag,0.05367986823,0.07282063074,-0.01914076251,0.3485373637,0.4728161879
Concrete Strength,LAD,0.2,13,FlyAsh,0.03034147331,0.04138226326,-0.01104078995,0.1606871547,0.2191587096
Concrete Strength,LAD,0.2,13,Water,-0.2421011975,-0.1976716548,-0.04442954272,-0.2937894033,-0.2398742266
Concrete Strength,LAD,0.2,13,Superplasticizer,0.394112568,0.4402183842,-0.04610581619,0.1793014869,0.2002773249
Concrete Strength,LAD,0.2,13,CoarseAggregate,-0.01925199215,-0.004963797824,-0.01428819433,-0.08310413021,-0.0214269826
Concrete Strength,LAD,0.2,13,FineAggregate,-0.02683428334,-0.01133095325,-0.01550333009,-0.08711599599,-0.03678530428
Concrete Strength,LAD,0.2,13,Age,0.3199134264,0.3116355468,0.008277879587,0.3008303581,0.29304626
Concrete Strength,OLS,0.2,14,Intercept,-151.8073306,56.988864,-208.7961946,,
Concrete Strength,OLS,0.2,14,Cement,0.1389601452,0.09386837158,0.04509177361,0.8752472822,0.591234537
Concrete Strength,OLS,0.2,14,BlastFurnaceSlag,0.1795138754,0.07002203066,0.1094918448,1.165563459,0.4546451914
Concrete Strength,OLS,0.2,14,FlyAsh,0.1558679838,0.03678860477,0.119079379,0.8254702255,0.1948308892
Concrete Strength,OLS,0.2,14,Water,0.2037858335,-0.228883896,0.4326697295,0.2472937724,-0.2777502297
Concrete Strength,OLS,0.2,14,Superplasticizer,-0.01414080239,0.4392444175,-0.4533852199,-0.006433357119,0.1998342188
Concrete Strength,OLS,0.2,14,CoarseAggregate,-0.008051243048,-0.01059364737,0.002542404325,-0.03475440595,-0.045729078
Concrete Strength,OLS,0.2,14,FineAggregate,0.09967042441,-0.02111570423,0.1207861286,0.3235744433,-0.06855094962
Concrete Strength,OLS,0.2,14,Age,0.4524064182,0.3179965973,0.134409821,0.4254200467,0.2990278692
Concrete Strength,LAD,0.2,14,Intercept,38.88793134,34.84597323,4.041958111,,
Concrete Strength,LAD,0.2,14,Cement,0.09944051825,0.1046292998,-0.005188781518,0.6263309758,0.6590127704
Concrete Strength,LAD,0.2,14,BlastFurnaceSlag,0.07185703206,0.07282063074,-0.0009635986775,0.4665596497,0.4728161879
Concrete Strength,LAD,0.2,14,FlyAsh,0.04513301799,0.04138226326,0.003750754727,0.2390225474,0.2191587096
Concrete Strength,LAD,0.2,14,Water,-0.2053231953,-0.1976716548,-0.007651540469,-0.2491593583,-0.2398742266
Concrete Strength,LAD,0.2,14,Superplasticizer,0.3785967581,0.4402183842,-0.06162162609,0.1722425702,0.2002773249
Concrete Strength,LAD,0.2,14,CoarseAggregate,-0.007858443705,-0.004963797824,-0.00289464588,-0.03392215849,-0.0214269826
Concrete Strength,LAD,0.2,14,FineAggregate,-0.009654145289,-0.01133095325,0.001676807957,-0.03134164128,-0.03678530428
Concrete Strength,LAD,0.2,14,Age,0.3160565494,0.3116355468,0.004421002585,0.2972035466,0.29304626
Concrete Strength,OLS,0.2,15,Intercept,-200.6915058,56.988864,-257.6803698,,
Concrete Strength,OLS,0.2,15,Cement,0.0488080579,0.09386837158,-0.04506031368,0.3074199438,0.591234537
Concrete Strength,OLS,0.2,15,BlastFurnaceSlag,0.08348069873,0.07002203066,0.01345866807,0.5420308137,0.4546451914
Concrete Strength,OLS,0.2,15,FlyAsh,-0.009882955539,0.03678860477,-0.04667156031,-0.05233971301,0.1948308892
Concrete Strength,OLS,0.2,15,Water,0.3999249776,-0.228883896,0.6288088736,0.4853082997,-0.2777502297
Concrete Strength,OLS,0.2,15,Superplasticizer,2.000743305,0.4392444175,1.561498887,0.9102380348,0.1998342188
Concrete Strength,OLS,0.2,15,CoarseAggregate,0.1024301388,-0.01059364737,0.1130237862,0.442155156,-0.045729078
Concrete Strength,OLS,0.2,15,FineAggregate,0.02742223386,-0.02111570423,0.04853793809,0.08902474438,-0.06855094962
Concrete Strength,OLS,0.2,15,Age,0.3164279983,0.3179965973,-0.001568598978,0.2975528383,0.2990278692
Concrete Strength,LAD,0.2,15,Intercept,26.99290806,34.84597323,-7.85306517,,
Concrete Strength,LAD,0.2,15,Cement,0.1081733011,0.1046292998,0.003544001295,0.6813348362,0.6590127704
Concrete Strength,LAD,0.2,15,BlastFurnaceSlag,0.08465106893,0.07282063074,0.01183043819,0.5496298961,0.4728161879
Concrete Strength,LAD,0.2,15,FlyAsh,0.04072828696,0.04138226326,-0.0006539763089,0.2156952788,0.2191587096
Concrete Strength,LAD,0.2,15,Water,-0.2029142356,-0.1976716548,-0.005242580774,-0.2462360897,-0.2398742266
Concrete Strength,LAD,0.2,15,Superplasticizer,0.4659174227,0.4402183842,0.02569903853,0.2119691008,0.2002773249
Concrete Strength,LAD,0.2,15,CoarseAggregate,0.004714521892,-0.004963797824,0.009678319716,0.0203509454,-0.0214269826
Concrete Strength,LAD,0.2,15,FineAggregate,-0.01345337247,-0.01133095325,-0.002122419227,-0.04367561927,-0.03678530428
Concrete Strength,LAD,0.2,15,Age,0.2959856577,0.3116355468,-0.01564988913,0.2783298981,0.29304626
Concrete Strength,OLS,0.2,16,Intercept,-421.0736293,56.988864,-478.0624933,,
Concrete Strength,OLS,0.2,16,Cement,0.147785936,0.09386837158,0.05391756445,0.9308369582,0.591234537
Concrete Strength,OLS,0.2,16,BlastFurnaceSlag,0.1779673572,0.07002203066,0.1079453266,1.15552209,0.4546451914
Concrete Strength,OLS,0.2,16,FlyAsh,0.1034301943,0.03678860477,0.06664158955,0.5477619186,0.1948308892
Concrete Strength,OLS,0.2,16,Water,0.7282796994,-0.228883896,0.9571635954,0.8837662122,-0.2777502297
Concrete Strength,OLS,0.2,16,Superplasticizer,2.014807784,0.4392444175,1.575563367,0.9166366689,0.1998342188
Concrete Strength,OLS,0.2,16,CoarseAggregate,0.1449137438,-0.01059364737,0.1555073911,0.6255420497,-0.045729078
Concrete Strength,OLS,0.2,16,FineAggregate,0.1350268742,-0.02111570423,0.1561425784,0.4383571747,-0.06855094962
Concrete Strength,OLS,0.2,16,Age,0.2350537942,0.3179965973,-0.08294280308,0.2210326646,0.2990278692
Concrete Strength,LAD,0.2,16,Intercept,27.54442734,34.84597323,-7.301545889,,
Concrete Strength,LAD,0.2,16,Cement,0.1066200333,0.1046292998,0.001990733526,0.671551503,0.6590127704
Concrete Strength,LAD,0.2,16,BlastFurnaceSlag,0.07615129792,0.07282063074,0.003330667176,0.4944418363,0.4728161879
Concrete Strength,LAD,0.2,16,FlyAsh,0.04231369599,0.04138226326,0.0009314327226,0.2240915378,0.2191587096
Concrete Strength,LAD,0.2,16,Water,-0.1877780569,-0.1976716548,0.009893597949,-0.2278683618,-0.2398742266
Concrete Strength,LAD,0.2,16,Superplasticizer,0.4722507679,0.4402183842,0.03203238372,0.2148504558,0.2002773249
Concrete Strength,LAD,0.2,16,CoarseAggregate,-0.001295058719,-0.004963797824,0.003668739105,-0.005590316449,-0.0214269826
Concrete Strength,LAD,0.2,16,FineAggregate,-0.009693579955,-0.01133095325,0.001637373291,-0.03146966371,-0.03678530428
Concrete Strength,LAD,0.2,16,Age,0.3077108728,0.3116355468,-0.003924673974,0.2893556957,0.29304626
Concrete Strength,OLS,0.2,17,Intercept,191.8588012,56.988864,134.8699372,,
Concrete Strength,OLS,0.2,17,Cement,-0.007612535848,0.09386837158,-0.1014809074,-0.04794792998,0.591234537
Concrete Strength,OLS,0.2,17,BlastFurnaceSlag,-0.002168114231,0.07002203066,-0.07219014489,-0.01407732252,0.4546451914
Concrete Strength,OLS,0.2,17,FlyAsh,-0.08641027119,0.03678860477,-0.123198876,-0.4576251282,0.1948308892
Concrete Strength,OLS,0.2,17,Water,-0.407156767,-0.228883896,-0.178272871,-0.4940840642,-0.2777502297
Concrete Strength,OLS,0.2,17,Superplasticizer,0.52558309,0.4392444175,0.08633867253,0.2391139922,0.1998342188
Concrete Strength,OLS,0.2,17,CoarseAggregate,-0.09496608642,-0.01059364737,-0.08437243905,-0.4099354472,-0.045729078
Concrete Strength,OLS,0.2,17,FineAggregate,0.00460678751,-0.02111570423,0.02572249174,0.0149556773,-0.06855094962
Concrete Strength,OLS,0.2,17,Age,0.357150206,0.3179965973,0.0391536087,0.3358459367,0.2990278692
Concrete Strength,LAD,0.2,17,Intercept,51.77911165,34.84597323,16.93313842,,
Concrete Strength,LAD,0.2,17,Cement,0.09167093042,0.1046292998,-0.01295836935,0.5773938462,0.6590127704
Concrete Strength,LAD,0.2,17,BlastFurnaceSlag,0.05929600007,0.07282063074,-0.01352463067,0.3850022778,0.4728161879
Concrete Strength,LAD,0.2,17,FlyAsh,0.03237379431,0.04138226326,-0.009008468952,0.1714502404,0.2191587096
Concrete Strength,LAD,0.2,17,Water,-0.2157092465,-0.1976716548,-0.01803759165,-0.2617628142,-0.2398742266
Concrete Strength,LAD,0.2,17,Superplasticizer,0.4831332401,0.4402183842,0.04291485592,0.2198014358,0.2002773249
Concrete Strength,LAD,0.2,17,CoarseAggregate,-0.01352148316,-0.004963797824,-0.008557685331,-0.05836752311,-0.0214269826
Concrete Strength,LAD,0.2,17,FineAggregate,-0.01238754969,-0.01133095325,-0.001056596442,-0.04021548537,-0.03678530428
Concrete Strength,LAD,0.2,17,Age,0.3121600648,0.3116355468,0.0005245180173,0.2935394902,0.29304626
Concrete Strength,OLS,0.2,18,Intercept,169.0204074,56.988864,112.0315434,,
Concrete Strength,OLS,0.2,18,Cement,-0.01743349221,0.09386837158,-0.1113018638,-0.1098057047,0.591234537
Concrete Strength,OLS,0.2,18,BlastFurnaceSlag,-0.05063808651,0.07002203066,-0.1206601172,-0.3287874161,0.4546451914
Concrete Strength,OLS,0.2,18,FlyAsh,-0.001067816648,0.03678860477,-0.03785642142,-0.005655111641,0.1948308892
Concrete Strength,OLS,0.2,18,Water,-0.1672189545,-0.228883896,0.06166494151,-0.202919925,-0.2777502297
Concrete Strength,OLS,0.2,18,Superplasticizer,1.171328641,0.4392444175,0.7320842236,0.5328958882,0.1998342188
Concrete Strength,OLS,0.2,18,CoarseAggregate,-0.07306714819,-0.01059364737,-0.06247350082,-0.3154053747,-0.045729078
Concrete Strength,OLS,0.2,18,FineAggregate,-0.04897782898,-0.02111570423,-0.02786212475,-0.1590037751,-0.06855094962
Concrete Strength,OLS,0.2,18,Age,0.2966077137,0.3179965973,-0.02138888354,0.2789148481,0.2990278692
Concrete Strength,LAD,0.2,18,Intercept,51.19336267,34.84597323,16.34738944,,
Concrete Strength,LAD,0.2,18,Cement,0.09034015185,0.1046292998,-0.01428914791,0.5690118722,0.6590127704
Concrete Strength,LAD,0.2,18,BlastFurnaceSlag,0.05417160077,0.07282063074,-0.01864902997,0.3517301279,0.4728161879
Concrete Strength,LAD,0.2,18,FlyAsh,0.0338711176,0.04138226326,-0.007511145663,0.179380001,0.2191587096
Concrete Strength,LAD,0.2,18,Water,-0.1822267934,-0.1976716548,0.01544486142,-0.2211319127,-0.2398742266
Concrete Strength,LAD,0.2,18,Superplasticizer,0.4857435464,0.4402183842,0.04552516224,0.2209889945,0.2002773249
Concrete Strength,LAD,0.2,18,CoarseAggregate,-0.01447467931,-0.004963797824,-0.009510881481,-0.06248213818,-0.0214269826
Concrete Strength,LAD,0.2,18,FineAggregate,-0.01741004685,-0.01133095325,-0.006079093603,-0.05652074074,-0.03678530428
Concrete Strength,LAD,0.2,18,Age,0.3155596364,0.3116355468,0.00392408963,0.2967362748,0.29304626
Concrete Strength,OLS,0.2,19,Intercept,-410.8249288,56.988864,-467.8137928,,
Concrete Strength,OLS,0.2,19,Cement,0.2557544169,0.09386837158,0.1618860453,1.610881724,0.591234537
Concrete Strength,OLS,0.2,19,BlastFurnaceSlag,0.2505930373,0.07002203066,0.1805710066,1.627072484,0.4546451914
Concrete Strength,OLS,0.2,19,FlyAsh,0.3500109884,0.03678860477,0.3132223836,1.853643337,0.1948308892
Concrete Strength,OLS,0.2,19,Water,0.396303376,-0.228883896,0.625187272,0.4809134922,-0.2777502297
Concrete Strength,OLS,0.2,19,Superplasticizer,-0.1564485054,0.4392444175,-0.5956929229,-0.07117623725,0.1998342188
Concrete Strength,OLS,0.2,19,CoarseAggregate,0.1615730706,-0.01059364737,0.172166718,0.6974545487,-0.045729078
Concrete Strength,OLS,0.2,19,FineAggregate,0.1222307992,-0.02111570423,0.1433465035,0.396815435,-0.06855094962
Concrete Strength,OLS,0.2,19,Age,0.4612866316,0.3179965973,0.1432900343,0.4337705488,0.2990278692
Concrete Strength,LAD,0.2,19,Intercept,80.72186861,34.84597323,45.87589538,,
Concrete Strength,LAD,0.2,19,Cement,0.09640131721,0.1046292998,-0.008227982554,0.6071884192,0.6590127704
Concrete Strength,LAD,0.2,19,BlastFurnaceSlag,0.06780764364,0.07282063074,-0.0050129871,0.4402674249,0.4728161879
Concrete Strength,LAD,0.2,19,FlyAsh,0.03490721857,0.04138226326,-0.006475044694,0.1848671478,0.2191587096
Concrete Strength,LAD,0.2,19,Water,-0.2908515837,-0.1976716548,-0.09317992894,-0.3529479164,-0.2398742266
Concrete Strength,LAD,0.2,19,Superplasticizer,0.2762742001,0.4402183842,-0.1639441841,0.1256909291,0.2002773249
Concrete Strength,LAD,0.2,19,CoarseAggregate,-0.01688493548,-0.004963797824,-0.01192113765,-0.07288637277,-0.0214269826
Concrete Strength,LAD,0.2,19,FineAggregate,-0.02777213058,-0.01133095325,-0.01644117734,-0.09016066448,-0.03678530428
Concrete Strength,LAD,0.2,19,Age,0.3060375402,0.3116355468,-0.005598006594,0.2877821786,0.29304626
Concrete Strength,OLS,0.2,20,Intercept,-428.9661599,56.988864,-485.9550239,,
Concrete Strength,OLS,0.2,20,Cement,0.2014476034,0.09386837158,0.1075792318,1.268827599,0.591234537
Concrete Strength,OLS,0.2,20,BlastFurnaceSlag,0.2435342571,0.07002203066,0.1735122264,1.581240616,0.4546451914
Concrete Strength,OLS,0.2,20,FlyAsh,0.08321604425,0.03678860477,0.04642743948,0.4407086379,0.1948308892
Concrete Strength,OLS,0.2,20,Water,0.4853000251,-0.228883896,0.7141839211,0.5889107787,-0.2777502297
Concrete Strength,OLS,0.2,20,Superplasticizer,0.9634345071,0.4392444175,0.5241900896,0.4383144656,0.1998342188
Concrete Strength,OLS,0.2,20,CoarseAggregate,0.1146852617,-0.01059364737,0.1252789091,0.495056244,-0.045729078
Concrete Strength,OLS,0.2,20,FineAggregate,0.2242263498,-0.02111570423,0.245342054,0.7279382701,-0.06855094962
Concrete Strength,OLS,0.2,20,Age,0.3274551889,0.3179965973,0.009458591661,0.307922249,0.2990278692
Concrete Strength,LAD,0.2,20,Intercept,14.59119458,34.84597323,-20.25477865,,
Concrete Strength,LAD,0.2,20,Cement,0.1137352308,0.1046292998,0.009105931071,0.7163669234,0.6590127704
Concrete Strength,LAD,0.2,20,BlastFurnaceSlag,0.08446565375,0.07282063074,0.011645023,0.5484260161,0.4728161879
Concrete Strength,LAD,0.2,20,FlyAsh,0.04884552737,0.04138226326,0.007463264109,0.2586838395,0.2191587096
Concrete Strength,LAD,0.2,20,Water,-0.1909117687,-0.1976716548,0.006759886077,-0.231671116,-0.2398742266
Concrete Strength,LAD,0.2,20,Superplasticizer,0.3539650688,0.4402183842,-0.08625331533,0.1610363848,0.2002773249
Concrete Strength,LAD,0.2,20,CoarseAggregate,0.002402643727,-0.004963797824,0.007366441551,0.01037137433,-0.0214269826
Concrete Strength,LAD,0.2,20,FineAggregate,-7.652216137e-06,-0.01133095325,0.01132330103,-2.484249055e-05,-0.03678530428
Concrete Strength,LAD,0.2,20,Age,0.3098159534,0.3116355468,-0.001819593407,0.2913352067,0.29304626
Concrete Strength,OLS,0.2,21,Intercept,416.1010419,56.988864,359.1121779,,
Concrete Strength,OLS,0.2,21,Cement,0.08414779497,0.09386837158,-0.009720576606,0.5300090091,0.591234537
Concrete Strength,OLS,0.2,21,BlastFurnaceSlag,-0.01673563493,0.07002203066,-0.08675766559,-0.1086626006,0.4546451914
Concrete Strength,OLS,0.2,21,FlyAsh,0.01146237747,0.03678860477,-0.02532622731,0.06070426449,0.1948308892
Concrete Strength,OLS,0.2,21,Water,-0.6321511849,-0.228883896,-0.403267289,-0.7671144187,-0.2777502297
Concrete Strength,OLS,0.2,21,Superplasticizer,-0.6385079167,0.4392444175,-1.077752334,-0.2904891347,0.1998342188
Concrete Strength,OLS,0.2,21,CoarseAggregate,-0.2000363681,-0.01059364737,-0.1894427207,-0.8634871783,-0.045729078
Concrete Strength,OLS,0.2,21,FineAggregate,-0.1287452366,-0.02111570423,-0.1076295324,-0.4179641907,-0.06855094962
Concrete Strength,OLS,0.2,21,Age,0.3923728963,0.3179965973,0.07437629908,0.368967568,0.2990278692
Concrete Strength,LAD,0.2,21,Intercept,-1.868624266,34.84597323,-36.71459749,,
Concrete Strength,LAD,0.2,21,Cement,0.1258068322,0.1046292998,0.02117753242,0.7924004958,0.6590127704
Concrete Strength,LAD,0.2,21,BlastFurnaceSlag,0.09724488744,0.07282063074,0.02442425669,0.6314001472,0.4728161879
Concrete Strength,LAD,0.2,21,FlyAsh,0.06756717917,0.04138226326,0.02618491591,0.3578329127,0.2191587096
Concrete Strength,LAD,0.2,21,Water,-0.1762387112,-0.1976716548,0.02143294362,-0.2138653849,-0.2398742266
Concrete Strength,LAD,0.2,21,Superplasticizer,0.3302488114,0.4402183842,-0.1099695727,0.150246675,0.2002773249
Concrete Strength,LAD,0.2,21,CoarseAggregate,0.006380288078,-0.004963797824,0.0113440859,0.02754147659,-0.0214269826
Concrete Strength,LAD,0.2,21,FineAggregate,0.006432050214,-0.01133095325,0.01776300346,0.02088129031,-0.03678530428
Concrete Strength,LAD,0.2,21,Age,0.3109792648,0.3116355468,-0.0006562820376,0.2924291257,0.29304626
Concrete Strength,OLS,0.2,22,Intercept,343.9132487,56.988864,286.9243847,,
Concrete Strength,OLS,0.2,22,Cement,0.06164716749,0.09386837158,-0.03222120409,0.3882877045,0.591234537
Concrete Strength,OLS,0.2,22,BlastFurnaceSlag,-0.01342034716,0.07002203066,-0.08344237782,-0.08713680886,0.4546451914
Concrete Strength,OLS,0.2,22,FlyAsh,-0.009881446007,0.03678860477,-0.04667005078,-0.05233171859,0.1948308892
Concrete Strength,OLS,0.2,22,Water,-0.8053828621,-0.228883896,-0.5764989661,-0.9773307727,-0.2777502297
Concrete Strength,OLS,0.2,22,Superplasticizer,-0.155762388,0.4392444175,-0.5950068055,-0.07086408817,0.1998342188
Concrete Strength,OLS,0.2,22,CoarseAggregate,-0.1226278558,-0.01059364737,-0.1120342085,-0.5293416505,-0.045729078
Concrete Strength,OLS,0.2,22,FineAggregate,-0.08313058932,-0.02111570423,-0.06201488509,-0.2698787963,-0.06855094962
Concrete Strength,OLS,0.2,22,Age,0.356626281,0.3179965973,0.03862968376,0.3353532642,0.2990278692
Concrete Strength,LAD,0.2,22,Intercept,57.94595683,34.84597323,23.09998361,,
Concrete Strength,LAD,0.2,22,Cement,0.09827800742,0.1046292998,-0.006351292349,0.6190088444,0.6590127704
Concrete Strength,LAD,0.2,22,BlastFurnaceSlag,0.0621034608,0.07282063074,-0.01071716994,0.4032308054,0.4728161879
Concrete Strength,LAD,0.2,22,FlyAsh,0.0304603792,0.04138226326,-0.01092188407,0.1613168752,0.2191587096
Concrete Strength,LAD,0.2,22,Water,-0.2129012861,-0.1976716548,-0.01522963128,-0.258355359,-0.2398742266
Concrete Strength,LAD,0.2,22,Superplasticizer,0.4348778179,0.4402183842,-0.005340566253,0.1978476346,0.2002773249
Concrete Strength,LAD,0.2,22,CoarseAggregate,-0.01643286049,-0.004963797824,-0.01146906267,-0.07093492285,-0.0214269826
Concrete Strength,LAD,0.2,22,FineAggregate,-0.01955085151,-0.01133095325,-0.008219898263,-0.06347074302,-0.03678530428
Concrete Strength,LAD,0.2,22,Age,0.3209246022,0.3116355468,0.009289055354,0.3017812165,0.29304626
Concrete Strength,OLS,0.2,23,Intercept,171.4601077,56.988864,114.4712437,,
Concrete Strength,OLS,0.2,23,Cement,0.06235659152,0.09386837158,-0.03151178006,0.3927560466,0.591234537
Concrete Strength,OLS,0.2,23,BlastFurnaceSlag,-0.009444621859,0.07002203066,-0.07946665252,-0.06132287042,0.4546451914
Concrete Strength,OLS,0.2,23,FlyAsh,-0.07862273689,0.03678860477,-0.1154113417,-0.4163826771,0.1948308892
Concrete Strength,OLS,0.2,23,Water,-0.3583329804,-0.228883896,-0.1294490844,-0.4348364798,-0.2777502297
Concrete Strength,OLS,0.2,23,Superplasticizer,1.436031444,0.4392444175,0.9967870267,0.653322411,0.1998342188
Concrete Strength,OLS,0.2,23,CoarseAggregate,-0.01288972447,-0.01059364737,-0.0022960771,-0.05564044139,-0.045729078
Concrete Strength,OLS,0.2,23,FineAggregate,-0.1105805418,-0.02111570423,-0.0894648376,-0.3589935277,-0.06855094962
Concrete Strength,OLS,0.2,23,Age,0.4128922085,0.3179965973,0.09489561123,0.3882628882,0.2990278692
Concrete Strength,LAD,0.2,23,Intercept,25.54331422,34.84597323,-9.302659006,,
Concrete Strength,LAD,0.2,23,Cement,0.1072303871,0.1046292998,0.002601087288,0.6753958461,0.6590127704
Concrete Strength,LAD,0.2,23,BlastFurnaceSlag,0.07759679885,0.07282063074,0.004776168107,0.5038273117,0.4728161879
Concrete Strength,LAD,0.2,23,FlyAsh,0.04896177052,0.04138226326,0.00757950726,0.2592994583,0.2191587096
Concrete Strength,LAD,0.2,23,Water,-0.1871582054,-0.1976716548,0.01051344944,-0.227116173,-0.2398742266
Concrete Strength,LAD,0.2,23,Superplasticizer,0.4524004363,0.4402183842,0.01218205214,0.2058195487,0.2002773249
Concrete Strength,LAD,0.2,23,CoarseAggregate,-9.233186518e-05,-0.004963797824,0.004871465959,-0.0003985644336,-0.0214269826
Concrete Strength,LAD,0.2,23,FineAggregate,-0.009070270926,-0.01133095325,0.00226068232,-0.0294461259,-0.03678530428
Concrete Strength,LAD,0.2,23,Age,0.2985736385,0.3116355468,-0.01306190829,0.280763504,0.29304626
Concrete Strength,OLS,0.2,24,Intercept,207.3263313,56.988864,150.3374673,,
Concrete Strength,OLS,0.2,24,Cement,0.08204932347,0.09386837158,-0.01181904811,0.5167916835,0.591234537
Concrete Strength,OLS,0.2,24,BlastFurnaceSlag,-0.007706795399,0.07002203066,-0.07772882606,-0.05003935813,0.4546451914
Concrete Strength,OLS,0.2,24,FlyAsh,0.0239246038,0.03678860477,-0.01286400098,0.1267036861,0.1948308892
Concrete Strength,OLS,0.2,24,Water,-0.4689168393,-0.228883896,-0.2400329433,-0.5690298099,-0.2777502297
Concrete Strength,OLS,0.2,24,Superplasticizer,0.01916390675,0.4392444175,-0.4200805107,0.008718618116,0.1998342188
Concrete Strength,OLS,0.2,24,CoarseAggregate,-0.02933841499,-0.01059364737,-0.01874476762,-0.1266436969,-0.045729078
Concrete Strength,OLS,0.2,24,FineAggregate,-0.12539829,-0.02111570423,-0.1042825858,-0.4070985162,-0.06855094962
Concrete Strength,OLS,0.2,24,Age,0.5371535185,0.3179965973,0.2191569212,0.5051119208,0.2990278692
Concrete Strength,LAD,0.2,24,Intercept,54.48485194,34.84597323,19.63887871,,
Concrete Strength,LAD,0.2,24,Cement,0.09989823314,0.1046292998,-0.004731066624,0.6292139155,0.6590127704
Concrete Strength,LAD,0.2,24,BlastFurnaceSlag,0.06379018749,0.07282063074,-0.009030443251,0.4141825327,0.4728161879
Concrete Strength,LAD,0.2,24,FlyAsh,0.03233406301,0.04138226326,-0.009048200257,0.1712398251,0.2191587096
Concrete Strength,LAD,0.2,24,Water,-0.2347009471,-0.1976716548,-0.03702929226,-0.2848092116,-0.2398742266
Concrete Strength,LAD,0.2,24,Superplasticizer,0.4584004899,0.4402183842,0.01818210575,0.2085492727,0.2002773249
Concrete Strength,LAD,0.2,24,CoarseAggregate,-0.0106730322,-0.004963797824,-0.005709234374,-0.04607175458,-0.0214269826
Concrete Strength,LAD,0.2,24,FineAggregate,-0.01758438811,-0.01133095325,-0.00625343486,-0.05708672986,-0.03678530428
Concrete Strength,LAD,0.2,24,Age,0.3110647416,0.3116355468,-0.0005708051799,0.2925095038,0.29304626
Concrete Strength,OLS,0.2,25,Intercept,328.8004522,56.988864,271.8115882,,
Concrete Strength,OLS,0.2,25,Cement,0.01631832986,0.09386837158,-0.07755004172,0.1027818,0.591234537
Concrete Strength,OLS,0.2,25,BlastFurnaceSlag,-0.08875443987,0.07002203066,-0.1587764705,-0.5762726234,0.4546451914
Concrete Strength,OLS,0.2,25,FlyAsh,-0.1497366385,0.03678860477,-0.1865252433,-0.7929988814,0.1948308892
Concrete Strength,OLS,0.2,25,Water,-0.3907461276,-0.228883896,-0.1618622316,-0.4741697804,-0.2777502297
Concrete Strength,OLS,0.2,25,Superplasticizer,0.9126305016,0.4392444175,0.4733860841,0.4152011866,0.1998342188
Concrete Strength,OLS,0.2,25,CoarseAggregate,-0.09099716505,-0.01059364737,-0.08040351768,-0.392802999,-0.045729078
Concrete Strength,OLS,0.2,25,FineAggregate,-0.1795443021,-0.02111570423,-0.1584285979,-0.582880508,-0.06855094962
Concrete Strength,OLS,0.2,25,Age,0.2109316047,0.3179965973,-0.1070649926,0.1983493812,0.2990278692
Concrete Strength,LAD,0.2,25,Intercept,34.4571167,34.84597323,-0.3888565235,,
Concrete Strength,LAD,0.2,25,Cement,0.1041711112,0.1046292998,-0.0004581885607,0.6561268473,0.6590127704
Concrete Strength,LAD,0.2,25,BlastFurnaceSlag,0.07697973777,0.07282063074,0.004159107031,0.4998208033,0.4728161879
Concrete Strength,LAD,0.2,25,FlyAsh,0.0378914733,0.04138226326,-0.003490789959,0.2006716342,0.2191587096
Concrete Strength,LAD,0.2,25,Water,-0.2079954562,-0.1976716548,-0.01032380139,-0.2524021425,-0.2398742266
Concrete Strength,LAD,0.2,25,Superplasticizer,0.4989915592,0.4402183842,0.05877317506,0.227016177,0.2002773249
Concrete Strength,LAD,0.2,25,CoarseAggregate,0.001596868645,-0.004963797824,0.006560666469,0.006893124554,-0.0214269826
Concrete Strength,LAD,0.2,25,FineAggregate,-0.0165723206,-0.01133095325,-0.005241367358,-0.05380110947,-0.03678530428
Concrete Strength,LAD,0.2,25,Age,0.2992131068,0.3116355468,-0.01242244002,0.2813648276,0.29304626
Concrete Strength,OLS,0.2,26,Intercept,45.96452791,56.988864,-11.02433609,,
Concrete Strength,OLS,0.2,26,Cement,0.1604930699,0.09386837158,0.06662469828,1.010873463,0.591234537
Concrete Strength,OLS,0.2,26,BlastFurnaceSlag,0.1186612665,0.07002203066,0.04863923586,0.7704542945,0.4546451914
Concrete Strength,OLS,0.2,26,FlyAsh,0.1641912069,0.03678860477,0.1274026021,0.869549662,0.1948308892
Concrete Strength,OLS,0.2,26,Water,-0.4037164134,-0.228883896,-0.1748325174,-0.4899092007,-0.2777502297
Concrete Strength,OLS,0.2,26,Superplasticizer,-0.932218734,0.4392444175,-1.371463151,-0.4241128517,0.1998342188
Concrete Strength,OLS,0.2,26,CoarseAggregate,-0.006678007215,-0.01059364737,0.003915640158,-0.02882662619,-0.045729078
Concrete Strength,OLS,0.2,26,FineAggregate,0.008784959512,-0.02111570423,0.02990066374,0.0285198784,-0.06855094962
Concrete Strength,OLS,0.2,26,Age,0.3767376858,0.3179965973,0.05874108854,0.3542650091,0.2990278692
Concrete Strength,LAD,0.2,26,Intercept,-5.68369763,34.84597323,-40.52967086,,
Concrete Strength,LAD,0.2,26,Cement,0.124602883,0.1046292998,0.01997358328,0.7848173632,0.6590127704
Concrete Strength,LAD,0.2,26,BlastFurnaceSlag,0.09219656323,0.07282063074,0.01937593249,0.5986219443,0.4728161879
Concrete Strength,LAD,0.2,26,FlyAsh,0.06762872534,0.04138226326,0.02624646208,0.3581588586,0.2191587096
Concrete Strength,LAD,0.2,26,Water,-0.169830307,-0.1976716548,0.02784134779,-0.206088797,-0.2398742266
Concrete Strength,LAD,0.2,26,Superplasticizer,0.3463040592,0.4402183842,-0.09391432496,0.1575510089,0.2002773249
Concrete Strength,LAD,0.2,26,CoarseAggregate,0.008523890314,-0.004963797824,0.01348768814,0.03679465923,-0.0214269826
Concrete Strength,LAD,0.2,26,FineAggregate,0.008130647494,-0.01133095325,0.01946160074,0.02639569112,-0.03678530428
Concrete Strength,LAD,0.2,26,Age,0.3047577392,0.3116355468,-0.006877807594,0.2865787186,0.29304626
Concrete Strength,OLS,0.2,27,Intercept,-560.2920387,56.988864,-617.2809027,,
Concrete Strength,OLS,0.2,27,Cement,0.3325482287,0.09386837158,0.2386798571,2.09457131,0.591234537
Concrete Strength,OLS,0.2,27,BlastFurnaceSlag,0.2340322256,0.07002203066,0.164010195,1.519544992,0.4546451914
Concrete Strength,OLS,0.2,27,FlyAsh,0.2093386795,0.03678860477,0.1725500747,1.10864876,0.1948308892
Concrete Strength,OLS,0.2,27,Water,0.712950399,-0.228883896,0.941834295,0.8651641314,-0.2777502297
Concrete Strength,OLS,0.2,27,Superplasticizer,1.78780986,0.4392444175,1.348565443,0.8133639782,0.1998342188
Concrete Strength,OLS,0.2,27,CoarseAggregate,0.1734721738,-0.01059364737,0.1840658211,0.7488188237,-0.045729078
Concrete Strength,OLS,0.2,27,FineAggregate,0.1990096627,-0.02111570423,0.2201253669,0.6460737095,-0.06855094962
Concrete Strength,OLS,0.2,27,Age,0.3500834141,0.3179965973,0.03208681679,0.329200684,0.2990278692
Concrete Strength,LAD,0.2,27,Intercept,3.204008773,34.84597323,-31.64196445,,
Concrete Strength,LAD,0.2,27,Cement,0.1194823116,0.1046292998,0.01485301188,0.7525651934,0.6590127704
Concrete Strength,LAD,0.2,27,BlastFurnaceSlag,0.08109955271,0.07282063074,0.008278921969,0.5265702996,0.4728161879
Concrete Strength,LAD,0.2,27,FlyAsh,0.04585752021,0.04138226326,0.004475256943,0.2428594804,0.2191587096
Concrete Strength,LAD,0.2,27,Water,-0.1596967373,-0.1976716548,0.03797491747,-0.193791727,-0.2398742266
Concrete Strength,LAD,0.2,27,Superplasticizer,0.5780798728,0.4402183842,0.1378614886,0.2629974001,0.2002773249
Concrete Strength,LAD,0.2,27,CoarseAggregate,0.006087041977,-0.004963797824,0.0110508398,0.02627563553,-0.0214269826
Concrete Strength,LAD,0.2,27,FineAggregate,-0.0003654919488,-0.01133095325,0.0109654613,-0.001186549115,-0.03678530428
Concrete Strength,LAD,0.2,27,Age,0.3058694918,0.3116355468,-0.005766055028,0.2876241544,0.29304626
Concrete Strength,OLS,0.2,28,Intercept,122.6254125,56.988864,65.63654851,,
Concrete Strength,OLS,0.2,28,Cement,0.04711836244,0.09386837158,-0.04675000914,0.2967773142,0.591234537
Concrete Strength,OLS,0.2,28,BlastFurnaceSlag,0.02612691484,0.07002203066,-0.04389511582,0.1696391277,0.4546451914
Concrete Strength,OLS,0.2,28,FlyAsh,0.0649337467,0.03678860477,0.02814514193,0.3438863662,0.1948308892
Concrete Strength,OLS,0.2,28,Water,-0.1846355666,-0.228883896,0.04424832936,-0.2240549551,-0.2777502297
Concrete Strength,OLS,0.2,28,Superplasticizer,0.07832701979,0.4392444175,-0.3609173977,0.0356348725,0.1998342188
Concrete Strength,OLS,0.2,28,CoarseAggregate,-0.06712607784,-0.01059364737,-0.05653243046,-0.2897598477,-0.045729078
Concrete Strength,OLS,0.2,28,FineAggregate,-0.0388700802,-0.02111570423,-0.01775437597,-0.1261895356,-0.06855094962
Concrete Strength,OLS,0.2,28,Age,0.5141785942,0.3179965973,0.196181997,0.4835074675,0.2990278692
Concrete Strength,LAD,0.2,28,Intercept,34.01213368,34.84597323,-0.8338395439,,
Concrete Strength,LAD,0.2,28,Cement,0.100149446,0.1046292998,-0.004479853808,0.6307961917,0.6590127704
Concrete Strength,LAD,0.2,28,BlastFurnaceSlag,0.06884952789,0.07282063074,-0.003971102852,0.4470322624,0.4728161879
Concrete Strength,LAD,0.2,28,FlyAsh,0.04140230525,0.04138226326,2.004198275e-05,0.2192648511,0.2191587096
Concrete Strength,LAD,0.2,28,Water,-0.180000225,-0.1976716548,0.01767142981,-0.2184299757,-0.2398742266
Concrete Strength,LAD,0.2,28,Superplasticizer,0.4965307853,0.4402183842,0.05631240114,0.2258966481,0.2002773249
Concrete Strength,LAD,0.2,28,CoarseAggregate,-0.007297825103,-0.004963797824,-0.002334027279,-0.03150216367,-0.0214269826
Concrete Strength,LAD,0.2,28,FineAggregate,-0.01078784591,-0.01133095325,0.0005431073357,-0.03502213677,-0.03678530428
Concrete Strength,LAD,0.2,28,Age,0.3188836831,0.3116355468,0.00724813627,0.2998620397,0.29304626
Concrete Strength,OLS,0.2,29,Intercept,287.6737476,56.988864,230.6848836,,
Concrete Strength,OLS,0.2,29,Cement,0.07583795155,0.09386837158,-0.01803042003,0.4776690531,0.591234537
Concrete Strength,OLS,0.2,29,BlastFurnaceSlag,0.1208495749,0.07002203066,0.05082754428,0.7846627356,0.4546451914
Concrete Strength,OLS,0.2,29,FlyAsh,0.1345263818,0.03678860477,0.09773777706,0.7124460076,0.1948308892
Concrete Strength,OLS,0.2,29,Water,-0.7215090272,-0.228883896,-0.4926251313,-0.8755500127,-0.2777502297
Concrete Strength,OLS,0.2,29,Superplasticizer,-0.8718756463,0.4392444175,-1.311120064,-0.3966597679,0.1998342188
Concrete Strength,OLS,0.2,29,CoarseAggregate,-0.1557246557,-0.01059364737,-0.1451310084,-0.6722089832,-0.045729078
Concrete Strength,OLS,0.2,29,FineAggregate,-0.01546775044,-0.02111570423,0.005647953789,-0.05021518438,-0.06855094962
Concrete Strength,OLS,0.2,29,Age,0.1757480774,0.3179965973,-0.1422485199,0.1652645769,0.2990278692
Concrete Strength,LAD,0.2,29,Intercept,42.93959651,34.84597323,8.093623288,,
Concrete Strength,LAD,0.2,29,Cement,0.09758247834,0.1046292998,-0.007046821426,0.6146280204,0.6590127704
Concrete Strength,LAD,0.2,29,BlastFurnaceSlag,0.07159364912,0.07282063074,-0.001226981619,0.4648495338,0.4728161879
Concrete Strength,LAD,0.2,29,FlyAsh,0.03308683231,0.04138226326,-0.008295430958,0.1752264594,0.2191587096
Concrete Strength,LAD,0.2,29,Water,-0.2255935962,-0.1976716548,-0.02792194135,-0.2737574563,-0.2398742266
Concrete Strength,LAD,0.2,29,Superplasticizer,0.5428504532,0.4402183842,0.102632069,0.2469697779,0.2002773249
Concrete Strength,LAD,0.2,29,CoarseAggregate,-0.008451699155,-0.004963797824,-0.003487901331,-0.03648303519,-0.0214269826
Concrete Strength,LAD,0.2,29,FineAggregate,-0.008643202082,-0.01133095325,0.002687751164,-0.02805967085,-0.03678530428
Concrete Strength,LAD,0.2,29,Age,0.3103701115,0.3116355468,-0.001265435361,0.2918563088,0.29304626
Concrete Strength,OLS,0.2,30,Intercept,156.4427173,56.988864,99.45385334,,
Concrete Strength,OLS,0.2,30,Cement,0.1014946302,0.09386837158,0.007626258573,0.6392689003,0.591234537
Concrete Strength,OLS,0.2,30,BlastFurnaceSlag,0.107134632,0.07002203066,0.03711260134,0.6956131494,0.4546451914
Concrete Strength,OLS,0.2,30,FlyAsh,0.05021026412,0.03678860477,0.01342165935,0.2659114274,0.1948308892
Concrete Strength,OLS,0.2,30,Water,-0.3407543116,-0.228883896,-0.1118704156,-0.4135047942,-0.2777502297
Concrete Strength,OLS,0.2,30,Superplasticizer,-1.09896038,0.4392444175,-1.538204797,-0.4999719524,0.1998342188
Concrete Strength,OLS,0.2,30,CoarseAggregate,-0.1273953877,-0.01059364737,-0.1168017403,-0.5499214212,-0.045729078
Concrete Strength,OLS,0.2,30,FineAggregate,0.01993910126,-0.02111570423,0.04105480549,0.06473117406,-0.06855094962
Concrete Strength,OLS,0.2,30,Age,0.4563189454,0.3179965973,0.1383223481,0.4290991887,0.2990278692
Concrete Strength,LAD,0.2,30,Intercept,28.49283528,34.84597323,-6.35313795,,
Concrete Strength,LAD,0.2,30,Cement,0.1174430852,0.1046292998,0.01281378543,0.7397210257,0.6590127704
Concrete Strength,LAD,0.2,30,BlastFurnaceSlag,0.08913090102,0.07282063074,0.01631027027,0.5787169434,0.4728161879
Concrete Strength,LAD,0.2,30,FlyAsh,0.05402113044,0.04138226326,0.01263886718,0.2860936137,0.2191587096
Concrete Strength,LAD,0.2,30,Water,-0.2152405465,-0.1976716548,-0.01756889169,-0.2611940476,-0.2398742266
Concrete Strength,LAD,0.2,30,Superplasticizer,0.2266141066,0.4402183842,-0.2136042776,0.1030980729,0.2002773249
Concrete Strength,LAD,0.2,30,CoarseAggregate,-0.005298746522,-0.004963797824,-0.0003349486983,-0.02287283921,-0.0214269826
Concrete Strength,LAD,0.2,30,FineAggregate,-0.00434547001,-0.01133095325,0.006985483237,-0.01410732469,-0.03678530428
Concrete Strength,LAD,0.2,30,Age,0.329825036,0.3116355468,0.01818948922,0.310150733,0.29304626
Hawkins-Bradu-Kass (HBK),OLS,0,1,Intercept,-0.01046439417,-0.01046439417,0,,
Hawkins-Bradu-Kass (HBK),OLS,0,1,X1,0.06237135536,0.06237135536,0,0.1247427107,0.1247427107
Hawkins-Bradu-Kass (HBK),OLS,0,1,X2,0.01193108058,0.01193108058,0,0.02386216117,0.02386216117
Hawkins-Bradu-Kass (HBK),OLS,0,1,X3,-0.1069759032,-0.1069759032,0,-0.2258380179,-0.2258380179
Hawkins-Bradu-Kass (HBK),LAD,0,1,Intercept,-0.1603092784,-0.1603092784,0,,
Hawkins-Bradu-Kass (HBK),LAD,0,1,X1,0.118556701,0.118556701,0,0.2371134021,0.2371134021
Hawkins-Bradu-Kass (HBK),LAD,0,1,X2,0.05670103093,0.05670103093,0,0.1134020619,0.1134020619
Hawkins-Bradu-Kass (HBK),LAD,0,1,X3,-0.1494845361,-0.1494845361,0,-0.3155784651,-0.3155784651
Hawkins-Bradu-Kass (HBK),OLS,0,2,Intercept,-0.01046439417,-0.01046439417,0,,
Hawkins-Bradu-Kass (HBK),OLS,0,2,X1,0.06237135536,0.06237135536,0,0.1247427107,0.1247427107
Hawkins-Bradu-Kass (HBK),OLS,0,2,X2,0.01193108058,0.01193108058,0,0.02386216117,0.02386216117
Hawkins-Bradu-Kass (HBK),OLS,0,2,X3,-0.1069759032,-0.1069759032,0,-0.2258380179,-0.2258380179
Hawkins-Bradu-Kass (HBK),LAD,0,2,Intercept,-0.1603092784,-0.1603092784,0,,
Hawkins-Bradu-Kass (HBK),LAD,0,2,X1,0.118556701,0.118556701,0,0.2371134021,0.2371134021
Hawkins-Bradu-Kass (HBK),LAD,0,2,X2,0.05670103093,0.05670103093,0,0.1134020619,0.1134020619
Hawkins-Bradu-Kass (HBK),LAD,0,2,X3,-0.1494845361,-0.1494845361,0,-0.3155784651,-0.3155784651
Hawkins-Bradu-Kass (HBK),OLS,0,3,Intercept,-0.01046439417,-0.01046439417,0,,
Hawkins-Bradu-Kass (HBK),OLS,0,3,X1,0.06237135536,0.06237135536,0,0.1247427107,0.1247427107
Hawkins-Bradu-Kass (HBK),OLS,0,3,X2,0.01193108058,0.01193108058,0,0.02386216117,0.02386216117
Hawkins-Bradu-Kass (HBK),OLS,0,3,X3,-0.1069759032,-0.1069759032,0,-0.2258380179,-0.2258380179
Hawkins-Bradu-Kass (HBK),LAD,0,3,Intercept,-0.1603092784,-0.1603092784,0,,
Hawkins-Bradu-Kass (HBK),LAD,0,3,X1,0.118556701,0.118556701,0,0.2371134021,0.2371134021
Hawkins-Bradu-Kass (HBK),LAD,0,3,X2,0.05670103093,0.05670103093,0,0.1134020619,0.1134020619
Hawkins-Bradu-Kass (HBK),LAD,0,3,X3,-0.1494845361,-0.1494845361,0,-0.3155784651,-0.3155784651
Hawkins-Bradu-Kass (HBK),OLS,0,4,Intercept,-0.01046439417,-0.01046439417,0,,
Hawkins-Bradu-Kass (HBK),OLS,0,4,X1,0.06237135536,0.06237135536,0,0.1247427107,0.1247427107
Hawkins-Bradu-Kass (HBK),OLS,0,4,X2,0.01193108058,0.01193108058,0,0.02386216117,0.02386216117
Hawkins-Bradu-Kass (HBK),OLS,0,4,X3,-0.1069759032,-0.1069759032,0,-0.2258380179,-0.2258380179
Hawkins-Bradu-Kass (HBK),LAD,0,4,Intercept,-0.1603092784,-0.1603092784,0,,
Hawkins-Bradu-Kass (HBK),LAD,0,4,X1,0.118556701,0.118556701,0,0.2371134021,0.2371134021
Hawkins-Bradu-Kass (HBK),LAD,0,4,X2,0.05670103093,0.05670103093,0,0.1134020619,0.1134020619
Hawkins-Bradu-Kass (HBK),LAD,0,4,X3,-0.1494845361,-0.1494845361,0,-0.3155784651,-0.3155784651
Hawkins-Bradu-Kass (HBK),OLS,0,5,Intercept,-0.01046439417,-0.01046439417,0,,
Hawkins-Bradu-Kass (HBK),OLS,0,5,X1,0.06237135536,0.06237135536,0,0.1247427107,0.1247427107
Hawkins-Bradu-Kass (HBK),OLS,0,5,X2,0.01193108058,0.01193108058,0,0.02386216117,0.02386216117
Hawkins-Bradu-Kass (HBK),OLS,0,5,X3,-0.1069759032,-0.1069759032,0,-0.2258380179,-0.2258380179
Hawkins-Bradu-Kass (HBK),LAD,0,5,Intercept,-0.1603092784,-0.1603092784,0,,
Hawkins-Bradu-Kass (HBK),LAD,0,5,X1,0.118556701,0.118556701,0,0.2371134021,0.2371134021
Hawkins-Bradu-Kass (HBK),LAD,0,5,X2,0.05670103093,0.05670103093,0,0.1134020619,0.1134020619
Hawkins-Bradu-Kass (HBK),LAD,0,5,X3,-0.1494845361,-0.1494845361,0,-0.3155784651,-0.3155784651
Hawkins-Bradu-Kass (HBK),OLS,0,6,Intercept,-0.01046439417,-0.01046439417,0,,
Hawkins-Bradu-Kass (HBK),OLS,0,6,X1,0.06237135536,0.06237135536,0,0.1247427107,0.1247427107
Hawkins-Bradu-Kass (HBK),OLS,0,6,X2,0.01193108058,0.01193108058,0,0.02386216117,0.02386216117
Hawkins-Bradu-Kass (HBK),OLS,0,6,X3,-0.1069759032,-0.1069759032,0,-0.2258380179,-0.2258380179
Hawkins-Bradu-Kass (HBK),LAD,0,6,Intercept,-0.1603092784,-0.1603092784,0,,
Hawkins-Bradu-Kass (HBK),LAD,0,6,X1,0.118556701,0.118556701,0,0.2371134021,0.2371134021
Hawkins-Bradu-Kass (HBK),LAD,0,6,X2,0.05670103093,0.05670103093,0,0.1134020619,0.1134020619
Hawkins-Bradu-Kass (HBK),LAD,0,6,X3,-0.1494845361,-0.1494845361,0,-0.3155784651,-0.3155784651
Hawkins-Bradu-Kass (HBK),OLS,0,7,Intercept,-0.01046439417,-0.01046439417,0,,
Hawkins-Bradu-Kass (HBK),OLS,0,7,X1,0.06237135536,0.06237135536,0,0.1247427107,0.1247427107
Hawkins-Bradu-Kass (HBK),OLS,0,7,X2,0.01193108058,0.01193108058,0,0.02386216117,0.02386216117
Hawkins-Bradu-Kass (HBK),OLS,0,7,X3,-0.1069759032,-0.1069759032,0,-0.2258380179,-0.2258380179
Hawkins-Bradu-Kass (HBK),LAD,0,7,Intercept,-0.1603092784,-0.1603092784,0,,
Hawkins-Bradu-Kass (HBK),LAD,0,7,X1,0.118556701,0.118556701,0,0.2371134021,0.2371134021
Hawkins-Bradu-Kass (HBK),LAD,0,7,X2,0.05670103093,0.05670103093,0,0.1134020619,0.1134020619
Hawkins-Bradu-Kass (HBK),LAD,0,7,X3,-0.1494845361,-0.1494845361,0,-0.3155784651,-0.3155784651
Hawkins-Bradu-Kass (HBK),OLS,0,8,Intercept,-0.01046439417,-0.01046439417,0,,
Hawkins-Bradu-Kass (HBK),OLS,0,8,X1,0.06237135536,0.06237135536,0,0.1247427107,0.1247427107
Hawkins-Bradu-Kass (HBK),OLS,0,8,X2,0.01193108058,0.01193108058,0,0.02386216117,0.02386216117
Hawkins-Bradu-Kass (HBK),OLS,0,8,X3,-0.1069759032,-0.1069759032,0,-0.2258380179,-0.2258380179
Hawkins-Bradu-Kass (HBK),LAD,0,8,Intercept,-0.1603092784,-0.1603092784,0,,
Hawkins-Bradu-Kass (HBK),LAD,0,8,X1,0.118556701,0.118556701,0,0.2371134021,0.2371134021
Hawkins-Bradu-Kass (HBK),LAD,0,8,X2,0.05670103093,0.05670103093,0,0.1134020619,0.1134020619
Hawkins-Bradu-Kass (HBK),LAD,0,8,X3,-0.1494845361,-0.1494845361,0,-0.3155784651,-0.3155784651
Hawkins-Bradu-Kass (HBK),OLS,0,9,Intercept,-0.01046439417,-0.01046439417,0,,
Hawkins-Bradu-Kass (HBK),OLS,0,9,X1,0.06237135536,0.06237135536,0,0.1247427107,0.1247427107
Hawkins-Bradu-Kass (HBK),OLS,0,9,X2,0.01193108058,0.01193108058,0,0.02386216117,0.02386216117
Hawkins-Bradu-Kass (HBK),OLS,0,9,X3,-0.1069759032,-0.1069759032,0,-0.2258380179,-0.2258380179
Hawkins-Bradu-Kass (HBK),LAD,0,9,Intercept,-0.1603092784,-0.1603092784,0,,
Hawkins-Bradu-Kass (HBK),LAD,0,9,X1,0.118556701,0.118556701,0,0.2371134021,0.2371134021
Hawkins-Bradu-Kass (HBK),LAD,0,9,X2,0.05670103093,0.05670103093,0,0.1134020619,0.1134020619
Hawkins-Bradu-Kass (HBK),LAD,0,9,X3,-0.1494845361,-0.1494845361,0,-0.3155784651,-0.3155784651
Hawkins-Bradu-Kass (HBK),OLS,0,10,Intercept,-0.01046439417,-0.01046439417,0,,
Hawkins-Bradu-Kass (HBK),OLS,0,10,X1,0.06237135536,0.06237135536,0,0.1247427107,0.1247427107
Hawkins-Bradu-Kass (HBK),OLS,0,10,X2,0.01193108058,0.01193108058,0,0.02386216117,0.02386216117
Hawkins-Bradu-Kass (HBK),OLS,0,10,X3,-0.1069759032,-0.1069759032,0,-0.2258380179,-0.2258380179
Hawkins-Bradu-Kass (HBK),LAD,0,10,Intercept,-0.1603092784,-0.1603092784,0,,
Hawkins-Bradu-Kass (HBK),LAD,0,10,X1,0.118556701,0.118556701,0,0.2371134021,0.2371134021
Hawkins-Bradu-Kass (HBK),LAD,0,10,X2,0.05670103093,0.05670103093,0,0.1134020619,0.1134020619
Hawkins-Bradu-Kass (HBK),LAD,0,10,X3,-0.1494845361,-0.1494845361,0,-0.3155784651,-0.3155784651
Hawkins-Bradu-Kass (HBK),OLS,0,11,Intercept,-0.01046439417,-0.01046439417,0,,
Hawkins-Bradu-Kass (HBK),OLS,0,11,X1,0.06237135536,0.06237135536,0,0.1247427107,0.1247427107
Hawkins-Bradu-Kass (HBK),OLS,0,11,X2,0.01193108058,0.01193108058,0,0.02386216117,0.02386216117
Hawkins-Bradu-Kass (HBK),OLS,0,11,X3,-0.1069759032,-0.1069759032,0,-0.2258380179,-0.2258380179
Hawkins-Bradu-Kass (HBK),LAD,0,11,Intercept,-0.1603092784,-0.1603092784,0,,
Hawkins-Bradu-Kass (HBK),LAD,0,11,X1,0.118556701,0.118556701,0,0.2371134021,0.2371134021
Hawkins-Bradu-Kass (HBK),LAD,0,11,X2,0.05670103093,0.05670103093,0,0.1134020619,0.1134020619
Hawkins-Bradu-Kass (HBK),LAD,0,11,X3,-0.1494845361,-0.1494845361,0,-0.3155784651,-0.3155784651
Hawkins-Bradu-Kass (HBK),OLS,0,12,Intercept,-0.01046439417,-0.01046439417,0,,
Hawkins-Bradu-Kass (HBK),OLS,0,12,X1,0.06237135536,0.06237135536,0,0.1247427107,0.1247427107
Hawkins-Bradu-Kass (HBK),OLS,0,12,X2,0.01193108058,0.01193108058,0,0.02386216117,0.02386216117
Hawkins-Bradu-Kass (HBK),OLS,0,12,X3,-0.1069759032,-0.1069759032,0,-0.2258380179,-0.2258380179
Hawkins-Bradu-Kass (HBK),LAD,0,12,Intercept,-0.1603092784,-0.1603092784,0,,
Hawkins-Bradu-Kass (HBK),LAD,0,12,X1,0.118556701,0.118556701,0,0.2371134021,0.2371134021
Hawkins-Bradu-Kass (HBK),LAD,0,12,X2,0.05670103093,0.05670103093,0,0.1134020619,0.1134020619
Hawkins-Bradu-Kass (HBK),LAD,0,12,X3,-0.1494845361,-0.1494845361,0,-0.3155784651,-0.3155784651
Hawkins-Bradu-Kass (HBK),OLS,0,13,Intercept,-0.01046439417,-0.01046439417,0,,
Hawkins-Bradu-Kass (HBK),OLS,0,13,X1,0.06237135536,0.06237135536,0,0.1247427107,0.1247427107
Hawkins-Bradu-Kass (HBK),OLS,0,13,X2,0.01193108058,0.01193108058,0,0.02386216117,0.02386216117
Hawkins-Bradu-Kass (HBK),OLS,0,13,X3,-0.1069759032,-0.1069759032,0,-0.2258380179,-0.2258380179
Hawkins-Bradu-Kass (HBK),LAD,0,13,Intercept,-0.1603092784,-0.1603092784,0,,
Hawkins-Bradu-Kass (HBK),LAD,0,13,X1,0.118556701,0.118556701,0,0.2371134021,0.2371134021
Hawkins-Bradu-Kass (HBK),LAD,0,13,X2,0.05670103093,0.05670103093,0,0.1134020619,0.1134020619
Hawkins-Bradu-Kass (HBK),LAD,0,13,X3,-0.1494845361,-0.1494845361,0,-0.3155784651,-0.3155784651
Hawkins-Bradu-Kass (HBK),OLS,0,14,Intercept,-0.01046439417,-0.01046439417,0,,
Hawkins-Bradu-Kass (HBK),OLS,0,14,X1,0.06237135536,0.06237135536,0,0.1247427107,0.1247427107
Hawkins-Bradu-Kass (HBK),OLS,0,14,X2,0.01193108058,0.01193108058,0,0.02386216117,0.02386216117
Hawkins-Bradu-Kass (HBK),OLS,0,14,X3,-0.1069759032,-0.1069759032,0,-0.2258380179,-0.2258380179
Hawkins-Bradu-Kass (HBK),LAD,0,14,Intercept,-0.1603092784,-0.1603092784,0,,
Hawkins-Bradu-Kass (HBK),LAD,0,14,X1,0.118556701,0.118556701,0,0.2371134021,0.2371134021
Hawkins-Bradu-Kass (HBK),LAD,0,14,X2,0.05670103093,0.05670103093,0,0.1134020619,0.1134020619
Hawkins-Bradu-Kass (HBK),LAD,0,14,X3,-0.1494845361,-0.1494845361,0,-0.3155784651,-0.3155784651
Hawkins-Bradu-Kass (HBK),OLS,0,15,Intercept,-0.01046439417,-0.01046439417,0,,
Hawkins-Bradu-Kass (HBK),OLS,0,15,X1,0.06237135536,0.06237135536,0,0.1247427107,0.1247427107
Hawkins-Bradu-Kass (HBK),OLS,0,15,X2,0.01193108058,0.01193108058,0,0.02386216117,0.02386216117
Hawkins-Bradu-Kass (HBK),OLS,0,15,X3,-0.1069759032,-0.1069759032,0,-0.2258380179,-0.2258380179
Hawkins-Bradu-Kass (HBK),LAD,0,15,Intercept,-0.1603092784,-0.1603092784,0,,
Hawkins-Bradu-Kass (HBK),LAD,0,15,X1,0.118556701,0.118556701,0,0.2371134021,0.2371134021
Hawkins-Bradu-Kass (HBK),LAD,0,15,X2,0.05670103093,0.05670103093,0,0.1134020619,0.1134020619
Hawkins-Bradu-Kass (HBK),LAD,0,15,X3,-0.1494845361,-0.1494845361,0,-0.3155784651,-0.3155784651
Hawkins-Bradu-Kass (HBK),OLS,0,16,Intercept,-0.01046439417,-0.01046439417,0,,
Hawkins-Bradu-Kass (HBK),OLS,0,16,X1,0.06237135536,0.06237135536,0,0.1247427107,0.1247427107
Hawkins-Bradu-Kass (HBK),OLS,0,16,X2,0.01193108058,0.01193108058,0,0.02386216117,0.02386216117
Hawkins-Bradu-Kass (HBK),OLS,0,16,X3,-0.1069759032,-0.1069759032,0,-0.2258380179,-0.2258380179
Hawkins-Bradu-Kass (HBK),LAD,0,16,Intercept,-0.1603092784,-0.1603092784,0,,
Hawkins-Bradu-Kass (HBK),LAD,0,16,X1,0.118556701,0.118556701,0,0.2371134021,0.2371134021
Hawkins-Bradu-Kass (HBK),LAD,0,16,X2,0.05670103093,0.05670103093,0,0.1134020619,0.1134020619
Hawkins-Bradu-Kass (HBK),LAD,0,16,X3,-0.1494845361,-0.1494845361,0,-0.3155784651,-0.3155784651
Hawkins-Bradu-Kass (HBK),OLS,0,17,Intercept,-0.01046439417,-0.01046439417,0,,
Hawkins-Bradu-Kass (HBK),OLS,0,17,X1,0.06237135536,0.06237135536,0,0.1247427107,0.1247427107
Hawkins-Bradu-Kass (HBK),OLS,0,17,X2,0.01193108058,0.01193108058,0,0.02386216117,0.02386216117
Hawkins-Bradu-Kass (HBK),OLS,0,17,X3,-0.1069759032,-0.1069759032,0,-0.2258380179,-0.2258380179
Hawkins-Bradu-Kass (HBK),LAD,0,17,Intercept,-0.1603092784,-0.1603092784,0,,
Hawkins-Bradu-Kass (HBK),LAD,0,17,X1,0.118556701,0.118556701,0,0.2371134021,0.2371134021
Hawkins-Bradu-Kass (HBK),LAD,0,17,X2,0.05670103093,0.05670103093,0,0.1134020619,0.1134020619
Hawkins-Bradu-Kass (HBK),LAD,0,17,X3,-0.1494845361,-0.1494845361,0,-0.3155784651,-0.3155784651
Hawkins-Bradu-Kass (HBK),OLS,0,18,Intercept,-0.01046439417,-0.01046439417,0,,
Hawkins-Bradu-Kass (HBK),OLS,0,18,X1,0.06237135536,0.06237135536,0,0.1247427107,0.1247427107
Hawkins-Bradu-Kass (HBK),OLS,0,18,X2,0.01193108058,0.01193108058,0,0.02386216117,0.02386216117
Hawkins-Bradu-Kass (HBK),OLS,0,18,X3,-0.1069759032,-0.1069759032,0,-0.2258380179,-0.2258380179
Hawkins-Bradu-Kass (HBK),LAD,0,18,Intercept,-0.1603092784,-0.1603092784,0,,
Hawkins-Bradu-Kass (HBK),LAD,0,18,X1,0.118556701,0.118556701,0,0.2371134021,0.2371134021
Hawkins-Bradu-Kass (HBK),LAD,0,18,X2,0.05670103093,0.05670103093,0,0.1134020619,0.1134020619
Hawkins-Bradu-Kass (HBK),LAD,0,18,X3,-0.1494845361,-0.1494845361,0,-0.3155784651,-0.3155784651
Hawkins-Bradu-Kass (HBK),OLS,0,19,Intercept,-0.01046439417,-0.01046439417,0,,
Hawkins-Bradu-Kass (HBK),OLS,0,19,X1,0.06237135536,0.06237135536,0,0.1247427107,0.1247427107
Hawkins-Bradu-Kass (HBK),OLS,0,19,X2,0.01193108058,0.01193108058,0,0.02386216117,0.02386216117
Hawkins-Bradu-Kass (HBK),OLS,0,19,X3,-0.1069759032,-0.1069759032,0,-0.2258380179,-0.2258380179
Hawkins-Bradu-Kass (HBK),LAD,0,19,Intercept,-0.1603092784,-0.1603092784,0,,
Hawkins-Bradu-Kass (HBK),LAD,0,19,X1,0.118556701,0.118556701,0,0.2371134021,0.2371134021
Hawkins-Bradu-Kass (HBK),LAD,0,19,X2,0.05670103093,0.05670103093,0,0.1134020619,0.1134020619
Hawkins-Bradu-Kass (HBK),LAD,0,19,X3,-0.1494845361,-0.1494845361,0,-0.3155784651,-0.3155784651
Hawkins-Bradu-Kass (HBK),OLS,0,20,Intercept,-0.01046439417,-0.01046439417,0,,
Hawkins-Bradu-Kass (HBK),OLS,0,20,X1,0.06237135536,0.06237135536,0,0.1247427107,0.1247427107
Hawkins-Bradu-Kass (HBK),OLS,0,20,X2,0.01193108058,0.01193108058,0,0.02386216117,0.02386216117
Hawkins-Bradu-Kass (HBK),OLS,0,20,X3,-0.1069759032,-0.1069759032,0,-0.2258380179,-0.2258380179
Hawkins-Bradu-Kass (HBK),LAD,0,20,Intercept,-0.1603092784,-0.1603092784,0,,
Hawkins-Bradu-Kass (HBK),LAD,0,20,X1,0.118556701,0.118556701,0,0.2371134021,0.2371134021
Hawkins-Bradu-Kass (HBK),LAD,0,20,X2,0.05670103093,0.05670103093,0,0.1134020619,0.1134020619
Hawkins-Bradu-Kass (HBK),LAD,0,20,X3,-0.1494845361,-0.1494845361,0,-0.3155784651,-0.3155784651
Hawkins-Bradu-Kass (HBK),OLS,0,21,Intercept,-0.01046439417,-0.01046439417,0,,
Hawkins-Bradu-Kass (HBK),OLS,0,21,X1,0.06237135536,0.06237135536,0,0.1247427107,0.1247427107
Hawkins-Bradu-Kass (HBK),OLS,0,21,X2,0.01193108058,0.01193108058,0,0.02386216117,0.02386216117
Hawkins-Bradu-Kass (HBK),OLS,0,21,X3,-0.1069759032,-0.1069759032,0,-0.2258380179,-0.2258380179
Hawkins-Bradu-Kass (HBK),LAD,0,21,Intercept,-0.1603092784,-0.1603092784,0,,
Hawkins-Bradu-Kass (HBK),LAD,0,21,X1,0.118556701,0.118556701,0,0.2371134021,0.2371134021
Hawkins-Bradu-Kass (HBK),LAD,0,21,X2,0.05670103093,0.05670103093,0,0.1134020619,0.1134020619
Hawkins-Bradu-Kass (HBK),LAD,0,21,X3,-0.1494845361,-0.1494845361,0,-0.3155784651,-0.3155784651
Hawkins-Bradu-Kass (HBK),OLS,0,22,Intercept,-0.01046439417,-0.01046439417,0,,
Hawkins-Bradu-Kass (HBK),OLS,0,22,X1,0.06237135536,0.06237135536,0,0.1247427107,0.1247427107
Hawkins-Bradu-Kass (HBK),OLS,0,22,X2,0.01193108058,0.01193108058,0,0.02386216117,0.02386216117
Hawkins-Bradu-Kass (HBK),OLS,0,22,X3,-0.1069759032,-0.1069759032,0,-0.2258380179,-0.2258380179
Hawkins-Bradu-Kass (HBK),LAD,0,22,Intercept,-0.1603092784,-0.1603092784,0,,
Hawkins-Bradu-Kass (HBK),LAD,0,22,X1,0.118556701,0.118556701,0,0.2371134021,0.2371134021
Hawkins-Bradu-Kass (HBK),LAD,0,22,X2,0.05670103093,0.05670103093,0,0.1134020619,0.1134020619
Hawkins-Bradu-Kass (HBK),LAD,0,22,X3,-0.1494845361,-0.1494845361,0,-0.3155784651,-0.3155784651
Hawkins-Bradu-Kass (HBK),OLS,0,23,Intercept,-0.01046439417,-0.01046439417,0,,
Hawkins-Bradu-Kass (HBK),OLS,0,23,X1,0.06237135536,0.06237135536,0,0.1247427107,0.1247427107
Hawkins-Bradu-Kass (HBK),OLS,0,23,X2,0.01193108058,0.01193108058,0,0.02386216117,0.02386216117
Hawkins-Bradu-Kass (HBK),OLS,0,23,X3,-0.1069759032,-0.1069759032,0,-0.2258380179,-0.2258380179
Hawkins-Bradu-Kass (HBK),LAD,0,23,Intercept,-0.1603092784,-0.1603092784,0,,
Hawkins-Bradu-Kass (HBK),LAD,0,23,X1,0.118556701,0.118556701,0,0.2371134021,0.2371134021
Hawkins-Bradu-Kass (HBK),LAD,0,23,X2,0.05670103093,0.05670103093,0,0.1134020619,0.1134020619
Hawkins-Bradu-Kass (HBK),LAD,0,23,X3,-0.1494845361,-0.1494845361,0,-0.3155784651,-0.3155784651
Hawkins-Bradu-Kass (HBK),OLS,0,24,Intercept,-0.01046439417,-0.01046439417,0,,
Hawkins-Bradu-Kass (HBK),OLS,0,24,X1,0.06237135536,0.06237135536,0,0.1247427107,0.1247427107
Hawkins-Bradu-Kass (HBK),OLS,0,24,X2,0.01193108058,0.01193108058,0,0.02386216117,0.02386216117
Hawkins-Bradu-Kass (HBK),OLS,0,24,X3,-0.1069759032,-0.1069759032,0,-0.2258380179,-0.2258380179
Hawkins-Bradu-Kass (HBK),LAD,0,24,Intercept,-0.1603092784,-0.1603092784,0,,
Hawkins-Bradu-Kass (HBK),LAD,0,24,X1,0.118556701,0.118556701,0,0.2371134021,0.2371134021
Hawkins-Bradu-Kass (HBK),LAD,0,24,X2,0.05670103093,0.05670103093,0,0.1134020619,0.1134020619
Hawkins-Bradu-Kass (HBK),LAD,0,24,X3,-0.1494845361,-0.1494845361,0,-0.3155784651,-0.3155784651
Hawkins-Bradu-Kass (HBK),OLS,0,25,Intercept,-0.01046439417,-0.01046439417,0,,
Hawkins-Bradu-Kass (HBK),OLS,0,25,X1,0.06237135536,0.06237135536,0,0.1247427107,0.1247427107
Hawkins-Bradu-Kass (HBK),OLS,0,25,X2,0.01193108058,0.01193108058,0,0.02386216117,0.02386216117
Hawkins-Bradu-Kass (HBK),OLS,0,25,X3,-0.1069759032,-0.1069759032,0,-0.2258380179,-0.2258380179
Hawkins-Bradu-Kass (HBK),LAD,0,25,Intercept,-0.1603092784,-0.1603092784,0,,
Hawkins-Bradu-Kass (HBK),LAD,0,25,X1,0.118556701,0.118556701,0,0.2371134021,0.2371134021
Hawkins-Bradu-Kass (HBK),LAD,0,25,X2,0.05670103093,0.05670103093,0,0.1134020619,0.1134020619
Hawkins-Bradu-Kass (HBK),LAD,0,25,X3,-0.1494845361,-0.1494845361,0,-0.3155784651,-0.3155784651
Hawkins-Bradu-Kass (HBK),OLS,0,26,Intercept,-0.01046439417,-0.01046439417,0,,
Hawkins-Bradu-Kass (HBK),OLS,0,26,X1,0.06237135536,0.06237135536,0,0.1247427107,0.1247427107
Hawkins-Bradu-Kass (HBK),OLS,0,26,X2,0.01193108058,0.01193108058,0,0.02386216117,0.02386216117
Hawkins-Bradu-Kass (HBK),OLS,0,26,X3,-0.1069759032,-0.1069759032,0,-0.2258380179,-0.2258380179
Hawkins-Bradu-Kass (HBK),LAD,0,26,Intercept,-0.1603092784,-0.1603092784,0,,
Hawkins-Bradu-Kass (HBK),LAD,0,26,X1,0.118556701,0.118556701,0,0.2371134021,0.2371134021
Hawkins-Bradu-Kass (HBK),LAD,0,26,X2,0.05670103093,0.05670103093,0,0.1134020619,0.1134020619
Hawkins-Bradu-Kass (HBK),LAD,0,26,X3,-0.1494845361,-0.1494845361,0,-0.3155784651,-0.3155784651
Hawkins-Bradu-Kass (HBK),OLS,0,27,Intercept,-0.01046439417,-0.01046439417,0,,
Hawkins-Bradu-Kass (HBK),OLS,0,27,X1,0.06237135536,0.06237135536,0,0.1247427107,0.1247427107
Hawkins-Bradu-Kass (HBK),OLS,0,27,X2,0.01193108058,0.01193108058,0,0.02386216117,0.02386216117
Hawkins-Bradu-Kass (HBK),OLS,0,27,X3,-0.1069759032,-0.1069759032,0,-0.2258380179,-0.2258380179
Hawkins-Bradu-Kass (HBK),LAD,0,27,Intercept,-0.1603092784,-0.1603092784,0,,
Hawkins-Bradu-Kass (HBK),LAD,0,27,X1,0.118556701,0.118556701,0,0.2371134021,0.2371134021
Hawkins-Bradu-Kass (HBK),LAD,0,27,X2,0.05670103093,0.05670103093,0,0.1134020619,0.1134020619
Hawkins-Bradu-Kass (HBK),LAD,0,27,X3,-0.1494845361,-0.1494845361,0,-0.3155784651,-0.3155784651
Hawkins-Bradu-Kass (HBK),OLS,0,28,Intercept,-0.01046439417,-0.01046439417,0,,
Hawkins-Bradu-Kass (HBK),OLS,0,28,X1,0.06237135536,0.06237135536,0,0.1247427107,0.1247427107
Hawkins-Bradu-Kass (HBK),OLS,0,28,X2,0.01193108058,0.01193108058,0,0.02386216117,0.02386216117
Hawkins-Bradu-Kass (HBK),OLS,0,28,X3,-0.1069759032,-0.1069759032,0,-0.2258380179,-0.2258380179
Hawkins-Bradu-Kass (HBK),LAD,0,28,Intercept,-0.1603092784,-0.1603092784,0,,
Hawkins-Bradu-Kass (HBK),LAD,0,28,X1,0.118556701,0.118556701,0,0.2371134021,0.2371134021
Hawkins-Bradu-Kass (HBK),LAD,0,28,X2,0.05670103093,0.05670103093,0,0.1134020619,0.1134020619
Hawkins-Bradu-Kass (HBK),LAD,0,28,X3,-0.1494845361,-0.1494845361,0,-0.3155784651,-0.3155784651
Hawkins-Bradu-Kass (HBK),OLS,0,29,Intercept,-0.01046439417,-0.01046439417,0,,
Hawkins-Bradu-Kass (HBK),OLS,0,29,X1,0.06237135536,0.06237135536,0,0.1247427107,0.1247427107
Hawkins-Bradu-Kass (HBK),OLS,0,29,X2,0.01193108058,0.01193108058,0,0.02386216117,0.02386216117
Hawkins-Bradu-Kass (HBK),OLS,0,29,X3,-0.1069759032,-0.1069759032,0,-0.2258380179,-0.2258380179
Hawkins-Bradu-Kass (HBK),LAD,0,29,Intercept,-0.1603092784,-0.1603092784,0,,
Hawkins-Bradu-Kass (HBK),LAD,0,29,X1,0.118556701,0.118556701,0,0.2371134021,0.2371134021
Hawkins-Bradu-Kass (HBK),LAD,0,29,X2,0.05670103093,0.05670103093,0,0.1134020619,0.1134020619
Hawkins-Bradu-Kass (HBK),LAD,0,29,X3,-0.1494845361,-0.1494845361,0,-0.3155784651,-0.3155784651
Hawkins-Bradu-Kass (HBK),OLS,0,30,Intercept,-0.01046439417,-0.01046439417,0,,
Hawkins-Bradu-Kass (HBK),OLS,0,30,X1,0.06237135536,0.06237135536,0,0.1247427107,0.1247427107
Hawkins-Bradu-Kass (HBK),OLS,0,30,X2,0.01193108058,0.01193108058,0,0.02386216117,0.02386216117
Hawkins-Bradu-Kass (HBK),OLS,0,30,X3,-0.1069759032,-0.1069759032,0,-0.2258380179,-0.2258380179
Hawkins-Bradu-Kass (HBK),LAD,0,30,Intercept,-0.1603092784,-0.1603092784,0,,
Hawkins-Bradu-Kass (HBK),LAD,0,30,X1,0.118556701,0.118556701,0,0.2371134021,0.2371134021
Hawkins-Bradu-Kass (HBK),LAD,0,30,X2,0.05670103093,0.05670103093,0,0.1134020619,0.1134020619
Hawkins-Bradu-Kass (HBK),LAD,0,30,X3,-0.1494845361,-0.1494845361,0,-0.3155784651,-0.3155784651
Hawkins-Bradu-Kass (HBK),OLS,0.05,1,Intercept,-0.6156593464,-0.01046439417,-0.6051949523,,
Hawkins-Bradu-Kass (HBK),OLS,0.05,1,X1,0.2518047095,0.06237135536,0.1894333542,0.5036094191,0.1247427107
Hawkins-Bradu-Kass (HBK),OLS,0.05,1,X2,0.05635386877,0.01193108058,0.04442278818,0.1127077375,0.02386216117
Hawkins-Bradu-Kass (HBK),OLS,0.05,1,X3,-0.03935176899,-0.1069759032,0.06762413422,-0.08307595676,-0.2258380179
Hawkins-Bradu-Kass (HBK),LAD,0.05,1,Intercept,-0.329860201,-0.1603092784,-0.1695509226,,
Hawkins-Bradu-Kass (HBK),LAD,0.05,1,X1,0.126529052,0.118556701,0.007972350957,0.253058104,0.2371134021
Hawkins-Bradu-Kass (HBK),LAD,0.05,1,X2,0.09556574924,0.05670103093,0.03886471831,0.1911314985,0.1134020619
Hawkins-Bradu-Kass (HBK),LAD,0.05,1,X3,-0.1152249891,-0.1494845361,0.034259547,-0.2432527547,-0.3155784651
Hawkins-Bradu-Kass (HBK),OLS,0.05,2,Intercept,0.3086056023,-0.01046439417,0.3190699965,,
Hawkins-Bradu-Kass (HBK),OLS,0.05,2,X1,-0.0317908245,0.06237135536,-0.09416217986,-0.06358164899,0.1247427107
Hawkins-Bradu-Kass (HBK),OLS,0.05,2,X2,-0.06313352766,0.01193108058,-0.07506460825,-0.1262670553,0.02386216117
Hawkins-Bradu-Kass (HBK),OLS,0.05,2,X3,-0.1742448279,-0.1069759032,-0.06726892468,-0.3678501922,-0.2258380179
Hawkins-Bradu-Kass (HBK),LAD,0.05,2,Intercept,-0.2018518519,-0.1603092784,-0.0415425735,,
Hawkins-Bradu-Kass (HBK),LAD,0.05,2,X1,0.103988604,0.118556701,-0.01456809704,0.207977208,0.2371134021
Hawkins-Bradu-Kass (HBK),LAD,0.05,2,X2,0.0754985755,0.05670103093,0.01879754457,0.150997151,0.1134020619
Hawkins-Bradu-Kass (HBK),LAD,0.05,2,X3,-0.141025641,-0.1494845361,0.008458895057,-0.2977207977,-0.3155784651
Hawkins-Bradu-Kass (HBK),OLS,0.05,3,Intercept,-0.26196001,-0.01046439417,-0.2514956158,,
Hawkins-Bradu-Kass (HBK),OLS,0.05,3,X1,0.01914463468,0.06237135536,-0.04322672069,0.03828926935,0.1247427107
Hawkins-Bradu-Kass (HBK),OLS,0.05,3,X2,0.1904533948,0.01193108058,0.1785223142,0.3809067896,0.02386216117
Hawkins-Bradu-Kass (HBK),OLS,0.05,3,X3,-0.2494771943,-0.1069759032,-0.1425012911,-0.5266740768,-0.2258380179
Hawkins-Bradu-Kass (HBK),LAD,0.05,3,Intercept,-0.02288135593,-0.1603092784,0.1374279224,,
Hawkins-Bradu-Kass (HBK),LAD,0.05,3,X1,0.1355932203,0.118556701,0.01703651931,0.2711864407,0.2371134021
Hawkins-Bradu-Kass (HBK),LAD,0.05,3,X2,0.01694915254,0.05670103093,-0.03975187839,0.03389830508,0.1134020619
Hawkins-Bradu-Kass (HBK),LAD,0.05,3,X3,-0.1949152542,-0.1494845361,-0.04543071815,-0.4114877589,-0.3155784651
Hawkins-Bradu-Kass (HBK),OLS,0.05,4,Intercept,-0.02459116756,-0.01046439417,-0.01412677339,,
Hawkins-Bradu-Kass (HBK),OLS,0.05,4,X1,0.4424237378,0.06237135536,0.3800523824,0.8848474755,0.1247427107
Hawkins-Bradu-Kass (HBK),OLS,0.05,4,X2,0.3254649673,0.01193108058,0.3135338867,0.6509299346,0.02386216117
Hawkins-Bradu-Kass (HBK),OLS,0.05,4,X3,-0.8041794101,-0.1069759032,-0.6972035069,-1.697712088,-0.2258380179
Hawkins-Bradu-Kass (HBK),LAD,0.05,4,Intercept,-0.1985687904,-0.1603092784,-0.03825951205,,
Hawkins-Bradu-Kass (HBK),LAD,0.05,4,X1,0.1241920591,0.118556701,0.005635358064,0.2483841182,0.2371134021
Hawkins-Bradu-Kass (HBK),LAD,0.05,4,X2,0.07802400739,0.05670103093,0.02132297646,0.1560480148,0.1134020619
Hawkins-Bradu-Kass (HBK),LAD,0.05,4,X3,-0.1546629732,-0.1494845361,-0.00517843714,-0.3265107212,-0.3155784651
Hawkins-Bradu-Kass (HBK),OLS,0.05,5,Intercept,1.406819398,-0.01046439417,1.417283793,,
Hawkins-Bradu-Kass (HBK),OLS,0.05,5,X1,-0.3841402903,0.06237135536,-0.4465116456,-0.7682805805,0.1247427107
Hawkins-Bradu-Kass (HBK),OLS,0.05,5,X2,-0.2842735272,0.01193108058,-0.2962046078,-0.5685470544,0.02386216117
Hawkins-Bradu-Kass (HBK),OLS,0.05,5,X3,-0.3000558646,-0.1069759032,-0.1930799613,-0.6334512696,-0.2258380179
Hawkins-Bradu-Kass (HBK),LAD,0.05,5,Intercept,0.2336117512,-0.1603092784,0.3939210295,,
Hawkins-Bradu-Kass (HBK),LAD,0.05,5,X1,0.01958525346,0.118556701,-0.09897144757,0.03917050691,0.2371134021
Hawkins-Bradu-Kass (HBK),LAD,0.05,5,X2,-0.04176267281,0.05670103093,-0.09846370374,-0.08352534562,0.1134020619
Hawkins-Bradu-Kass (HBK),LAD,0.05,5,X3,-0.1590821813,-0.1494845361,-0.009597645177,-0.3358401604,-0.3155784651
Hawkins-Bradu-Kass (HBK),OLS,0.05,6,Intercept,0.03223462929,-0.01046439417,0.04269902346,,
Hawkins-Bradu-Kass (HBK),OLS,0.05,6,X1,0.08675547267,0.06237135536,0.02438411731,0.1735109453,0.1247427107
Hawkins-Bradu-Kass (HBK),OLS,0.05,6,X2,-0.05632977489,0.01193108058,-0.06826085548,-0.1126595498,0.02386216117
Hawkins-Bradu-Kass (HBK),OLS,0.05,6,X3,-0.04265958986,-0.1069759032,0.06431631335,-0.09005913415,-0.2258380179
Hawkins-Bradu-Kass (HBK),LAD,0.05,6,Intercept,-0.1603092784,-0.1603092784,2.775557562e-17,,
Hawkins-Bradu-Kass (HBK),LAD,0.05,6,X1,0.118556701,0.118556701,-1.387778781e-17,0.2371134021,0.2371134021
Hawkins-Bradu-Kass (HBK),LAD,0.05,6,X2,0.05670103093,0.05670103093,1.040834086e-16,0.1134020619,0.1134020619
Hawkins-Bradu-Kass (HBK),LAD,0.05,6,X3,-0.1494845361,-0.1494845361,0,-0.3155784651,-0.3155784651
Hawkins-Bradu-Kass (HBK),OLS,0.05,7,Intercept,-0.06387142166,-0.01046439417,-0.05340702749,,
Hawkins-Bradu-Kass (HBK),OLS,0.05,7,X1,0.1009594332,0.06237135536,0.03858807786,0.2019188664,0.1247427107
Hawkins-Bradu-Kass (HBK),OLS,0.05,7,X2,-0.07798855132,0.01193108058,-0.08991963191,-0.1559771026,0.02386216117
Hawkins-Bradu-Kass (HBK),OLS,0.05,7,X3,0.05330914385,-0.1069759032,0.1602850471,0.1125415259,-0.2258380179
Hawkins-Bradu-Kass (HBK),LAD,0.05,7,Intercept,0.1088721996,-0.1603092784,0.2691814779,,
Hawkins-Bradu-Kass (HBK),LAD,0.05,7,X1,0.08426680244,0.118556701,-0.03428989859,0.1685336049,0.2371134021
Hawkins-Bradu-Kass (HBK),LAD,0.05,7,X2,-0.06020875764,0.05670103093,-0.1169097886,-0.1204175153,0.1134020619
Hawkins-Bradu-Kass (HBK),LAD,0.05,7,X3,-0.137601833,-0.1494845361,0.01188270309,-0.2904927585,-0.3155784651
Hawkins-Bradu-Kass (HBK),OLS,0.05,8,Intercept,0.1308746891,-0.01046439417,0.1413390833,,
Hawkins-Bradu-Kass (HBK),OLS,0.05,8,X1,0.07181023866,0.06237135536,0.009438883296,0.1436204773,0.1247427107
Hawkins-Bradu-Kass (HBK),OLS,0.05,8,X2,-0.02444510298,0.01193108058,-0.03637618357,-0.04889020597,0.02386216117
Hawkins-Bradu-Kass (HBK),OLS,0.05,8,X3,-0.1481481668,-0.1069759032,-0.04117226357,-0.312757241,-0.2258380179
Hawkins-Bradu-Kass (HBK),LAD,0.05,8,Intercept,0.1042091837,-0.1603092784,0.264518462,,
Hawkins-Bradu-Kass (HBK),LAD,0.05,8,X1,0.08673469388,0.118556701,-0.03182200715,0.1734693878,0.2371134021
Hawkins-Bradu-Kass (HBK),LAD,0.05,8,X2,-0.05994897959,0.05670103093,-0.1166500105,-0.1198979592,0.1134020619
Hawkins-Bradu-Kass (HBK),LAD,0.05,8,X3,-0.1390306122,-0.1494845361,0.01045392384,-0.2935090703,-0.3155784651
Hawkins-Bradu-Kass (HBK),OLS,0.05,9,Intercept,0.04967646608,-0.01046439417,0.06014086025,,
Hawkins-Bradu-Kass (HBK),OLS,0.05,9,X1,-0.1494621794,0.06237135536,-0.2118335348,-0.2989243589,0.1247427107
Hawkins-Bradu-Kass (HBK),OLS,0.05,9,X2,0.02495784009,0.01193108058,0.01302675951,0.04991568018,0.02386216117
Hawkins-Bradu-Kass (HBK),OLS,0.05,9,X3,-0.08451506189,-0.1069759032,0.02246084132,-0.1784206862,-0.2258380179
Hawkins-Bradu-Kass (HBK),LAD,0.05,9,Intercept,-0.2018518519,-0.1603092784,-0.0415425735,,
Hawkins-Bradu-Kass (HBK),LAD,0.05,9,X1,0.103988604,0.118556701,-0.01456809704,0.207977208,0.2371134021
Hawkins-Bradu-Kass (HBK),LAD,0.05,9,X2,0.0754985755,0.05670103093,0.01879754457,0.150997151,0.1134020619
Hawkins-Bradu-Kass (HBK),LAD,0.05,9,X3,-0.141025641,-0.1494845361,0.008458895057,-0.2977207977,-0.3155784651
Hawkins-Bradu-Kass (HBK),OLS,0.05,10,Intercept,0.01641998531,-0.01046439417,0.02688437948,,
Hawkins-Bradu-Kass (HBK),OLS,0.05,10,X1,0.09356321729,0.06237135536,0.03119186193,0.1871264346,0.1247427107
Hawkins-Bradu-Kass (HBK),OLS,0.05,10,X2,-0.0288928234,0.01193108058,-0.04082390399,-0.0577856468,0.02386216117
Hawkins-Bradu-Kass (HBK),OLS,0.05,10,X3,-0.193942317,-0.1069759032,-0.08696641381,-0.4094337804,-0.2258380179
Hawkins-Bradu-Kass (HBK),LAD,0.05,10,Intercept,-0.2402263617,-0.1603092784,-0.07991708336,,
Hawkins-Bradu-Kass (HBK),LAD,0.05,10,X1,0.08464984673,0.118556701,-0.0339068543,0.1692996935,0.2371134021
Hawkins-Bradu-Kass (HBK),LAD,0.05,10,X2,0.03383635935,0.05670103093,-0.02286467158,0.0676727187,0.1134020619
Hawkins-Bradu-Kass (HBK),LAD,0.05,10,X3,-0.06955906626,-0.1494845361,0.07992546982,-0.1468469177,-0.3155784651
Hawkins-Bradu-Kass (HBK),OLS,0.05,11,Intercept,0.9104285116,-0.01046439417,0.9208929057,,
Hawkins-Bradu-Kass (HBK),OLS,0.05,11,X1,0.2448769992,0.06237135536,0.1825056438,0.4897539984,0.1247427107
Hawkins-Bradu-Kass (HBK),OLS,0.05,11,X2,0.3808191561,0.01193108058,0.3688880756,0.7616383123,0.02386216117
Hawkins-Bradu-Kass (HBK),OLS,0.05,11,X3,-0.8913789765,-0.1069759032,-0.7844030733,-1.881800061,-0.2258380179
Hawkins-Bradu-Kass (HBK),LAD,0.05,11,Intercept,-0.1603092784,-0.1603092784,9.714451465e-16,,
Hawkins-Bradu-Kass (HBK),LAD,0.05,11,X1,0.118556701,0.118556701,-4.163336342e-17,0.2371134021,0.2371134021
Hawkins-Bradu-Kass (HBK),LAD,0.05,11,X2,0.05670103093,0.05670103093,-2.081668171e-16,0.1134020619,0.1134020619
Hawkins-Bradu-Kass (HBK),LAD,0.05,11,X3,-0.1494845361,-0.1494845361,-2.220446049e-16,-0.3155784651,-0.3155784651
Hawkins-Bradu-Kass (HBK),OLS,0.05,12,Intercept,-0.8459397021,-0.01046439417,-0.8354753079,,
Hawkins-Bradu-Kass (HBK),OLS,0.05,12,X1,0.4054079515,0.06237135536,0.3430365961,0.8108159029,0.1247427107
Hawkins-Bradu-Kass (HBK),OLS,0.05,12,X2,-0.04038407708,0.01193108058,-0.05231515766,-0.08076815415,0.02386216117
Hawkins-Bradu-Kass (HBK),OLS,0.05,12,X3,0.3961793122,-0.1069759032,0.5031552154,0.8363785481,-0.2258380179
Hawkins-Bradu-Kass (HBK),LAD,0.05,12,Intercept,-0.242433811,-0.1603092784,-0.08212453268,,
Hawkins-Bradu-Kass (HBK),LAD,0.05,12,X1,0.1662011173,0.118556701,0.04764441629,0.3324022346,0.2371134021
Hawkins-Bradu-Kass (HBK),LAD,0.05,12,X2,0.03692008744,0.05670103093,-0.01978094349,0.07384017488,0.1134020619
Hawkins-Bradu-Kass (HBK),LAD,0.05,12,X3,-0.0831916444,-0.1494845361,0.06629289168,-0.1756268048,-0.3155784651
Hawkins-Bradu-Kass (HBK),OLS,0.05,13,Intercept,-0.848775547,-0.01046439417,-0.8383111529,,
Hawkins-Bradu-Kass (HBK),OLS,0.05,13,X1,0.2127330298,0.06237135536,0.1503616745,0.4254660597,0.1247427107
Hawkins-Bradu-Kass (HBK),OLS,0.05,13,X2,-0.07809682558,0.01193108058,-0.09002790616,-0.1561936512,0.02386216117
Hawkins-Bradu-Kass (HBK),OLS,0.05,13,X3,0.2824588877,-0.1069759032,0.3894347909,0.5963020962,-0.2258380179
Hawkins-Bradu-Kass (HBK),LAD,0.05,13,Intercept,-0.2131089688,-0.1603092784,-0.05279969049,,
Hawkins-Bradu-Kass (HBK),LAD,0.05,13,X1,0.08022034774,0.118556701,-0.03833635329,0.1604406955,0.2371134021
Hawkins-Bradu-Kass (HBK),LAD,0.05,13,X2,0.01532105354,0.05670103093,-0.04137997739,0.03064210708,0.1134020619
Hawkins-Bradu-Kass (HBK),LAD,0.05,13,X3,-0.05702358409,-0.1494845361,0.09246095199,-0.120383122,-0.3155784651
Hawkins-Bradu-Kass (HBK),OLS,0.05,14,Intercept,-0.5590075649,-0.01046439417,-0.5485431707,,
Hawkins-Bradu-Kass (HBK),OLS,0.05,14,X1,0.2624042474,0.06237135536,0.200032892,0.5248084948,0.1247427107
Hawkins-Bradu-Kass (HBK),OLS,0.05,14,X2,-0.2839761692,0.01193108058,-0.2959072498,-0.5679523385,0.02386216117
Hawkins-Bradu-Kass (HBK),OLS,0.05,14,X3,0.2925496797,-0.1069759032,0.3995255829,0.6176048793,-0.2258380179
Hawkins-Bradu-Kass (HBK),LAD,0.05,14,Intercept,-0.1776531089,-0.1603092784,-0.01734383058,,
Hawkins-Bradu-Kass (HBK),LAD,0.05,14,X1,0.0804114072,0.118556701,-0.03814529383,0.1608228144,0.2371134021
Hawkins-Bradu-Kass (HBK),LAD,0.05,14,X2,-0.006077606358,0.05670103093,-0.06277863729,-0.01215521272,0.1134020619
Hawkins-Bradu-Kass (HBK),LAD,0.05,14,X3,-0.06311360449,-0.1494845361,0.08637093159,-0.1332398317,-0.3155784651
Hawkins-Bradu-Kass (HBK),OLS,0.05,15,Intercept,-0.02548152684,-0.01046439417,-0.01501713267,,
Hawkins-Bradu-Kass (HBK),OLS,0.05,15,X1,0.05198269417,0.06237135536,-0.01038866119,0.1039653883,0.1247427107
Hawkins-Bradu-Kass (HBK),OLS,0.05,15,X2,-0.2242209142,0.01193108058,-0.2361519948,-0.4484418284,0.02386216117
Hawkins-Bradu-Kass (HBK),OLS,0.05,15,X3,0.1590221534,-0.1069759032,0.2659980566,0.3357134349,-0.2258380179
Hawkins-Bradu-Kass (HBK),LAD,0.05,15,Intercept,0.065266061,-0.1603092784,0.2255753393,,
Hawkins-Bradu-Kass (HBK),LAD,0.05,15,X1,0.1069110967,0.118556701,-0.01164560434,0.2138221934,0.2371134021
Hawkins-Bradu-Kass (HBK),LAD,0.05,15,X2,-0.06602855289,0.05670103093,-0.1227295838,-0.1320571058,0.1134020619
Hawkins-Bradu-Kass (HBK),LAD,0.05,15,X3,-0.1315704088,-0.1494845361,0.01791412726,-0.277759752,-0.3155784651
Hawkins-Bradu-Kass (HBK),OLS,0.05,16,Intercept,-0.2734319881,-0.01046439417,-0.262967594,,
Hawkins-Bradu-Kass (HBK),OLS,0.05,16,X1,0.1071262339,0.06237135536,0.0447548785,0.2142524677,0.1247427107
Hawkins-Bradu-Kass (HBK),OLS,0.05,16,X2,0.02751871854,0.01193108058,0.01558763796,0.05503743709,0.02386216117
Hawkins-Bradu-Kass (HBK),OLS,0.05,16,X3,-0.02715727144,-0.1069759032,0.07981863177,-0.05733201748,-0.2258380179
Hawkins-Bradu-Kass (HBK),LAD,0.05,16,Intercept,-0.1615551734,-0.1603092784,-0.001245895,,
Hawkins-Bradu-Kass (HBK),LAD,0.05,16,X1,0.06906852539,0.118556701,-0.04948817564,0.1381370508,0.2371134021
Hawkins-Bradu-Kass (HBK),LAD,0.05,16,X2,0.0105005884,0.05670103093,-0.04620044253,0.02100117679,0.1134020619
Hawkins-Bradu-Kass (HBK),LAD,0.05,16,X3,-0.06725807912,-0.1494845361,0.08222645697,-0.1419892781,-0.3155784651
Hawkins-Bradu-Kass (HBK),OLS,0.05,17,Intercept,0.184632741,-0.01046439417,0.1950971351,,
Hawkins-Bradu-Kass (HBK),OLS,0.05,17,X1,-0.2704414255,0.06237135536,-0.3328127809,-0.540882851,0.1247427107
Hawkins-Bradu-Kass (HBK),OLS,0.05,17,X2,0.1527305247,0.01193108058,0.1407994441,0.3054610494,0.02386216117
Hawkins-Bradu-Kass (HBK),OLS,0.05,17,X3,-0.05054228885,-0.1069759032,0.05643361436,-0.1067003876,-0.2258380179
Hawkins-Bradu-Kass (HBK),LAD,0.05,17,Intercept,-0.04025288485,-0.1603092784,0.1200563935,,
Hawkins-Bradu-Kass (HBK),LAD,0.05,17,X1,0.03130370734,0.118556701,-0.08725299369,0.06260741468,0.2371134021
Hawkins-Bradu-Kass (HBK),LAD,0.05,17,X2,0.06641296342,0.05670103093,0.00971193249,0.1328259268,0.1134020619
Hawkins-Bradu-Kass (HBK),LAD,0.05,17,X3,-0.1497667567,-0.1494845361,-0.0002822206079,-0.3161742641,-0.3155784651
Hawkins-Bradu-Kass (HBK),OLS,0.05,18,Intercept,0.8742394774,-0.01046439417,0.8847038716,,
Hawkins-Bradu-Kass (HBK),OLS,0.05,18,X1,-0.2547284292,0.06237135536,-0.3170997846,-0.5094568585,0.1247427107
Hawkins-Bradu-Kass (HBK),OLS,0.05,18,X2,-0.3528931643,0.01193108058,-0.3648242449,-0.7057863287,0.02386216117
Hawkins-Bradu-Kass (HBK),OLS,0.05,18,X3,-0.1338471486,-0.1069759032,-0.02687124536,-0.2825662025,-0.2258380179
Hawkins-Bradu-Kass (HBK),LAD,0.05,18,Intercept,0.1042091837,-0.1603092784,0.264518462,,
Hawkins-Bradu-Kass (HBK),LAD,0.05,18,X1,0.08673469388,0.118556701,-0.03182200715,0.1734693878,0.2371134021
Hawkins-Bradu-Kass (HBK),LAD,0.05,18,X2,-0.05994897959,0.05670103093,-0.1166500105,-0.1198979592,0.1134020619
Hawkins-Bradu-Kass (HBK),LAD,0.05,18,X3,-0.1390306122,-0.1494845361,0.01045392384,-0.2935090703,-0.3155784651
Hawkins-Bradu-Kass (HBK),OLS,0.05,19,Intercept,0.6488090797,-0.01046439417,0.6592734738,,
Hawkins-Bradu-Kass (HBK),OLS,0.05,19,X1,-0.06022443803,0.06237135536,-0.1225957934,-0.1204488761,0.1247427107
Hawkins-Bradu-Kass (HBK),OLS,0.05,19,X2,0.06470462559,0.01193108058,0.052773545,0.1294092512,0.02386216117
Hawkins-Bradu-Kass (HBK),OLS,0.05,19,X3,-0.3546361973,-0.1069759032,-0.2476602941,-0.7486764166,-0.2258380179
Hawkins-Bradu-Kass (HBK),LAD,0.05,19,Intercept,0.0954705365,-0.1603092784,0.2557798149,,
Hawkins-Bradu-Kass (HBK),LAD,0.05,19,X1,0.07475813544,0.118556701,-0.04379856559,0.1495162709,0.2371134021
Hawkins-Bradu-Kass (HBK),LAD,0.05,19,X2,0.003518029903,0.05670103093,-0.05318300102,0.007036059807,0.1134020619
Hawkins-Bradu-Kass (HBK),LAD,0.05,19,X3,-0.1569920844,-0.1494845361,-0.00750754835,-0.3314277338,-0.3155784651
Hawkins-Bradu-Kass (HBK),OLS,0.05,20,Intercept,-0.664284737,-0.01046439417,-0.6538203428,,
Hawkins-Bradu-Kass (HBK),OLS,0.05,20,X1,-0.05979303249,0.06237135536,-0.1221643879,-0.119586065,0.1247427107
Hawkins-Bradu-Kass (HBK),OLS,0.05,20,X2,0.3600797736,0.01193108058,0.3481486931,0.7201595473,0.02386216117
Hawkins-Bradu-Kass (HBK),OLS,0.05,20,X3,-0.1828686038,-0.1069759032,-0.07589270055,-0.3860559413,-0.2258380179
Hawkins-Bradu-Kass (HBK),LAD,0.05,20,Intercept,-0.3472857224,-0.1603092784,-0.186976444,,
Hawkins-Bradu-Kass (HBK),LAD,0.05,20,X1,0.1186217551,0.118556701,6.505404505e-05,0.2372435102,0.2371134021
Hawkins-Bradu-Kass (HBK),LAD,0.05,20,X2,0.1072547968,0.05670103093,0.05055376592,0.2145095937,0.1134020619
Hawkins-Bradu-Kass (HBK),LAD,0.05,20,X3,-0.121609763,-0.1494845361,0.0278747731,-0.2567317219,-0.3155784651
Hawkins-Bradu-Kass (HBK),OLS,0.05,21,Intercept,0.4337972755,-0.01046439417,0.4442616696,,
Hawkins-Bradu-Kass (HBK),OLS,0.05,21,X1,-0.19271263,0.06237135536,-0.2550839853,-0.3854252599,0.1247427107
Hawkins-Bradu-Kass (HBK),OLS,0.05,21,X2,0.07746044147,0.01193108058,0.06552936088,0.1549208829,0.02386216117
Hawkins-Bradu-Kass (HBK),OLS,0.05,21,X3,-0.2305662919,-0.1069759032,-0.1235903887,-0.4867510607,-0.2258380179
Hawkins-Bradu-Kass (HBK),LAD,0.05,21,Intercept,0.2297262427,-0.1603092784,0.390035521,,
Hawkins-Bradu-Kass (HBK),LAD,0.05,21,X1,-0.01654335442,0.118556701,-0.1351000555,-0.03308670884,0.2371134021
Hawkins-Bradu-Kass (HBK),LAD,0.05,21,X2,-0.0152707887,0.05670103093,-0.07197181962,-0.03054157739,0.1134020619
Hawkins-Bradu-Kass (HBK),LAD,0.05,21,X3,-0.1570627398,-0.1494845361,-0.00757820369,-0.3315768951,-0.3155784651
Hawkins-Bradu-Kass (HBK),OLS,0.05,22,Intercept,0.119451775,-0.01046439417,0.1299161691,,
Hawkins-Bradu-Kass (HBK),OLS,0.05,22,X1,0.08485742652,0.06237135536,0.02248607116,0.169714853,0.1247427107
Hawkins-Bradu-Kass (HBK),OLS,0.05,22,X2,-0.04324014212,0.01193108058,-0.05517122271,-0.08648028425,0.02386216117
Hawkins-Bradu-Kass (HBK),OLS,0.05,22,X3,-0.1266269149,-0.1069759032,-0.01965101174,-0.2673234871,-0.2258380179
Hawkins-Bradu-Kass (HBK),LAD,0.05,22,Intercept,0.03828762046,-0.1603092784,0.1985968988,,
Hawkins-Bradu-Kass (HBK),LAD,0.05,22,X1,0.1041512231,0.118556701,-0.0144054779,0.2083024463,0.2371134021
Hawkins-Bradu-Kass (HBK),LAD,0.05,22,X2,0.0100074129,0.05670103093,-0.04669361803,0.0200148258,0.1134020619
Hawkins-Bradu-Kass (HBK),LAD,0.05,22,X3,-0.1753150482,-0.1494845361,-0.0258305121,-0.3701095462,-0.3155784651
Hawkins-Bradu-Kass (HBK),OLS,0.05,23,Intercept,-0.4247390731,-0.01046439417,-0.414274679,,
Hawkins-Bradu-Kass (HBK),OLS,0.05,23,X1,0.3815399906,0.06237135536,0.3191686352,0.7630799811,0.1247427107
Hawkins-Bradu-Kass (HBK),OLS,0.05,23,X2,0.0268210624,0.01193108058,0.01488998181,0.05364212479,0.02386216117
Hawkins-Bradu-Kass (HBK),OLS,0.05,23,X3,-0.1754891924,-0.1069759032,-0.06851328919,-0.3704771839,-0.2258380179
Hawkins-Bradu-Kass (HBK),LAD,0.05,23,Intercept,-0.1865079365,-0.1603092784,-0.02619865816,,
Hawkins-Bradu-Kass (HBK),LAD,0.05,23,X1,0.1984126984,0.118556701,0.07985599738,0.3968253968,0.2371134021
Hawkins-Bradu-Kass (HBK),LAD,0.05,23,X2,0.0873015873,0.05670103093,0.03060055637,0.1746031746,0.1134020619
Hawkins-Bradu-Kass (HBK),LAD,0.05,23,X3,-0.2047619048,-0.1494845361,-0.05527736868,-0.4322751323,-0.3155784651
Hawkins-Bradu-Kass (HBK),OLS,0.05,24,Intercept,1.070424359,-0.01046439417,1.080888753,,
Hawkins-Bradu-Kass (HBK),OLS,0.05,24,X1,0.02855073227,0.06237135536,-0.0338206231,0.05710146453,0.1247427107
Hawkins-Bradu-Kass (HBK),OLS,0.05,24,X2,-0.09548165168,0.01193108058,-0.1074127323,-0.1909633034,0.02386216117
Hawkins-Bradu-Kass (HBK),OLS,0.05,24,X3,-0.4565311517,-0.1069759032,-0.3495552485,-0.9637879869,-0.2258380179
Hawkins-Bradu-Kass (HBK),LAD,0.05,24,Intercept,-0.1603092784,-0.1603092784,7.938094626e-15,,
Hawkins-Bradu-Kass (HBK),LAD,0.05,24,X1,0.118556701,0.118556701,-4.024558464e-16,0.2371134021,0.2371134021
Hawkins-Bradu-Kass (HBK),LAD,0.05,24,X2,0.05670103093,0.05670103093,-2.2759572e-15,0.1134020619,0.1134020619
Hawkins-Bradu-Kass (HBK),LAD,0.05,24,X3,-0.1494845361,-0.1494845361,-1.082467449e-15,-0.3155784651,-0.3155784651
Hawkins-Bradu-Kass (HBK),OLS,0.05,25,Intercept,-1.366255185,-0.01046439417,-1.355790791,,
Hawkins-Bradu-Kass (HBK),OLS,0.05,25,X1,0.3656415336,0.06237135536,0.3032701782,0.7312830672,0.1247427107
Hawkins-Bradu-Kass (HBK),OLS,0.05,25,X2,0.3632305152,0.01193108058,0.3512994346,0.7264610303,0.02386216117
Hawkins-Bradu-Kass (HBK),OLS,0.05,25,X3,0.03316463524,-0.1069759032,0.1401405385,0.07001422996,-0.2258380179
Hawkins-Bradu-Kass (HBK),LAD,0.05,25,Intercept,-0.329860201,-0.1603092784,-0.1695509226,,
Hawkins-Bradu-Kass (HBK),LAD,0.05,25,X1,0.126529052,0.118556701,0.007972350957,0.253058104,0.2371134021
Hawkins-Bradu-Kass (HBK),LAD,0.05,25,X2,0.09556574924,0.05670103093,0.03886471831,0.1911314985,0.1134020619
Hawkins-Bradu-Kass (HBK),LAD,0.05,25,X3,-0.1152249891,-0.1494845361,0.034259547,-0.2432527547,-0.3155784651
Hawkins-Bradu-Kass (HBK),OLS,0.05,26,Intercept,1.382596467,-0.01046439417,1.393060861,,
Hawkins-Bradu-Kass (HBK),OLS,0.05,26,X1,-0.2075905776,0.06237135536,-0.269961933,-0.4151811552,0.1247427107
Hawkins-Bradu-Kass (HBK),OLS,0.05,26,X2,-0.3886950655,0.01193108058,-0.4006261461,-0.777390131,0.02386216117
Hawkins-Bradu-Kass (HBK),OLS,0.05,26,X3,-0.6410287167,-0.1069759032,-0.5340528135,-1.353282846,-0.2258380179
Hawkins-Bradu-Kass (HBK),LAD,0.05,26,Intercept,-0.1767545879,-0.1603092784,-0.01644530956,,
Hawkins-Bradu-Kass (HBK),LAD,0.05,26,X1,0.1710188779,0.118556701,0.05246217682,0.3420377557,0.2371134021
Hawkins-Bradu-Kass (HBK),LAD,0.05,26,X2,0.007761625995,0.05670103093,-0.04893940493,0.01552325199,0.1134020619
Hawkins-Bradu-Kass (HBK),LAD,0.05,26,X3,-0.1783200684,-0.1494845361,-0.02883553233,-0.3764534777,-0.3155784651
Hawkins-Bradu-Kass (HBK),OLS,0.05,27,Intercept,-0.2490392618,-0.01046439417,-0.2385748676,,
Hawkins-Bradu-Kass (HBK),OLS,0.05,27,X1,-0.03345779268,0.06237135536,-0.09582914805,-0.06691558537,0.1247427107
Hawkins-Bradu-Kass (HBK),OLS,0.05,27,X2,0.1062465918,0.01193108058,0.09431551126,0.2124931837,0.02386216117
Hawkins-Bradu-Kass (HBK),OLS,0.05,27,X3,-0.02445188125,-0.1069759032,0.08252402196,-0.0516206382,-0.2258380179
Hawkins-Bradu-Kass (HBK),LAD,0.05,27,Intercept,-0.3238795835,-0.1603092784,-0.1635703052,,
Hawkins-Bradu-Kass (HBK),LAD,0.05,27,X1,0.1177569036,0.118556701,-0.0007997974546,0.2355138072,0.2371134021
Hawkins-Bradu-Kass (HBK),LAD,0.05,27,X2,0.09133091897,0.05670103093,0.03462988804,0.1826618379,0.1134020619
Hawkins-Bradu-Kass (HBK),LAD,0.05,27,X3,-0.1112494341,-0.1494845361,0.03823510195,-0.2348599165,-0.3155784651
Hawkins-Bradu-Kass (HBK),OLS,0.05,28,Intercept,-0.3130536101,-0.01046439417,-0.3025892159,,
Hawkins-Bradu-Kass (HBK),OLS,0.05,28,X1,0.3192015711,0.06237135536,0.2568302157,0.6384031421,0.1247427107
Hawkins-Bradu-Kass (HBK),OLS,0.05,28,X2,0.353929649,0.01193108058,0.3419985685,0.7078592981,0.02386216117
Hawkins-Bradu-Kass (HBK),OLS,0.05,28,X3,-0.6094035984,-0.1069759032,-0.5024276952,-1.286518708,-0.2258380179
Hawkins-Bradu-Kass (HBK),LAD,0.05,28,Intercept,-0.1985687904,-0.1603092784,-0.03825951205,,
Hawkins-Bradu-Kass (HBK),LAD,0.05,28,X1,0.1241920591,0.118556701,0.005635358064,0.2483841182,0.2371134021
Hawkins-Bradu-Kass (HBK),LAD,0.05,28,X2,0.07802400739,0.05670103093,0.02132297646,0.1560480148,0.1134020619
Hawkins-Bradu-Kass (HBK),LAD,0.05,28,X3,-0.1546629732,-0.1494845361,-0.00517843714,-0.3265107212,-0.3155784651
Hawkins-Bradu-Kass (HBK),OLS,0.05,29,Intercept,0.09029463467,-0.01046439417,0.1007590288,,
Hawkins-Bradu-Kass (HBK),OLS,0.05,29,X1,0.06330417343,0.06237135536,0.0009328180698,0.1266083469,0.1247427107
Hawkins-Bradu-Kass (HBK),OLS,0.05,29,X2,0.01296958701,0.01193108058,0.001038506429,0.02593917403,0.02386216117
Hawkins-Bradu-Kass (HBK),OLS,0.05,29,X3,-0.08314195116,-0.1069759032,0.02383395205,-0.1755218969,-0.2258380179
Hawkins-Bradu-Kass (HBK),LAD,0.05,29,Intercept,-0.1603092784,-0.1603092784,5.273559367e-16,,
Hawkins-Bradu-Kass (HBK),LAD,0.05,29,X1,0.118556701,0.118556701,1.110223025e-16,0.2371134021,0.2371134021
Hawkins-Bradu-Kass (HBK),LAD,0.05,29,X2,0.05670103093,0.05670103093,-1.942890293e-16,0.1134020619,0.1134020619
Hawkins-Bradu-Kass (HBK),LAD,0.05,29,X3,-0.1494845361,-0.1494845361,-1.665334537e-16,-0.3155784651,-0.3155784651
Hawkins-Bradu-Kass (HBK),OLS,0.05,30,Intercept,-0.8545497956,-0.01046439417,-0.8440854014,,
Hawkins-Bradu-Kass (HBK),OLS,0.05,30,X1,0.5101206304,0.06237135536,0.4477492751,1.020241261,0.1247427107
Hawkins-Bradu-Kass (HBK),OLS,0.05,30,X2,0.1441934698,0.01193108058,0.1322623892,0.2883869396,0.02386216117
Hawkins-Bradu-Kass (HBK),OLS,0.05,30,X3,-0.05742616494,-0.1069759032,0.04954973827,-0.1212330149,-0.2258380179
Hawkins-Bradu-Kass (HBK),LAD,0.05,30,Intercept,-0.1976347719,-0.1603092784,-0.03732549357,,
Hawkins-Bradu-Kass (HBK),LAD,0.05,30,X1,0.2125633543,0.118556701,0.09400665329,0.4251267086,0.2371134021
Hawkins-Bradu-Kass (HBK),LAD,0.05,30,X2,0.01858393488,0.05670103093,-0.03811709605,0.03716786976,0.1134020619
Hawkins-Bradu-Kass (HBK),LAD,0.05,30,X3,-0.1604976194,-0.1494845361,-0.01101308333,-0.3388283077,-0.3155784651
Hawkins-Bradu-Kass (HBK),OLS,0.1,1,Intercept,2.786138221,-0.01046439417,2.796602615,,
Hawkins-Bradu-Kass (HBK),OLS,0.1,1,X1,-0.3373805009,0.06237135536,-0.3997518562,-0.6747610018,0.1247427107
Hawkins-Bradu-Kass (HBK),OLS,0.1,1,X2,0.3536787796,0.01193108058,0.341747699,0.7073575591,0.02386216117
Hawkins-Bradu-Kass (HBK),OLS,0.1,1,X3,-1.239106409,-0.1069759032,-1.132130506,-2.615891308,-0.2258380179
Hawkins-Bradu-Kass (HBK),LAD,0.1,1,Intercept,0.6545548773,-0.1603092784,0.8148641557,,
Hawkins-Bradu-Kass (HBK),LAD,0.1,1,X1,-0.09178855234,0.118556701,-0.2103452534,-0.1835771047,0.2371134021
Hawkins-Bradu-Kass (HBK),LAD,0.1,1,X2,-0.05228607624,0.05670103093,-0.1089871072,-0.1045721525,0.1134020619
Hawkins-Bradu-Kass (HBK),LAD,0.1,1,X3,-0.2466889324,-0.1494845361,-0.09720439631,-0.5207877462,-0.3155784651
Hawkins-Bradu-Kass (HBK),OLS,0.1,2,Intercept,0.4651722734,-0.01046439417,0.4756366675,,
Hawkins-Bradu-Kass (HBK),OLS,0.1,2,X1,-0.3183717505,0.06237135536,-0.3807431058,-0.6367435009,0.1247427107
Hawkins-Bradu-Kass (HBK),OLS,0.1,2,X2,-0.1434882685,0.01193108058,-0.1554193491,-0.2869765369,0.02386216117
Hawkins-Bradu-Kass (HBK),OLS,0.1,2,X3,0.339272457,-0.1069759032,0.4462483602,0.7162418536,-0.2258380179
Hawkins-Bradu-Kass (HBK),LAD,0.1,2,Intercept,0.0954705365,-0.1603092784,0.2557798149,,
Hawkins-Bradu-Kass (HBK),LAD,0.1,2,X1,0.07475813544,0.118556701,-0.04379856559,0.1495162709,0.2371134021
Hawkins-Bradu-Kass (HBK),LAD,0.1,2,X2,0.003518029903,0.05670103093,-0.05318300102,0.007036059807,0.1134020619
Hawkins-Bradu-Kass (HBK),LAD,0.1,2,X3,-0.1569920844,-0.1494845361,-0.00750754835,-0.3314277338,-0.3155784651
Hawkins-Bradu-Kass (HBK),OLS,0.1,3,Intercept,-0.8107029139,-0.01046439417,-0.8002385198,,
Hawkins-Bradu-Kass (HBK),OLS,0.1,3,X1,0.09118458597,0.06237135536,0.0288132306,0.1823691719,0.1247427107
Hawkins-Bradu-Kass (HBK),OLS,0.1,3,X2,-0.2595673298,0.01193108058,-0.2714984104,-0.5191346596,0.02386216117
Hawkins-Bradu-Kass (HBK),OLS,0.1,3,X3,0.5199979361,-0.1069759032,0.6269738393,1.097773421,-0.2258380179
Hawkins-Bradu-Kass (HBK),LAD,0.1,3,Intercept,-0.4632768934,-0.1603092784,-0.3029676151,,
Hawkins-Bradu-Kass (HBK),LAD,0.1,3,X1,0.167089121,0.118556701,0.04853241993,0.3341782419,0.2371134021
Hawkins-Bradu-Kass (HBK),LAD,0.1,3,X2,-0.00689445402,0.05670103093,-0.06359548495,-0.01378890804,0.1134020619
Hawkins-Bradu-Kass (HBK),LAD,0.1,3,X3,-0.009530568792,-0.1494845361,0.1399539673,-0.02012008967,-0.3155784651
Hawkins-Bradu-Kass (HBK),OLS,0.1,4,Intercept,1.886487482,-0.01046439417,1.896951877,,
Hawkins-Bradu-Kass (HBK),OLS,0.1,4,X1,-0.1909428569,0.06237135536,-0.2533142122,-0.3818857138,0.1247427107
Hawkins-Bradu-Kass (HBK),OLS,0.1,4,X2,-0.8556178545,0.01193108058,-0.8675489351,-1.711235709,0.02386216117
Hawkins-Bradu-Kass (HBK),OLS,0.1,4,X3,0.009173321785,-0.1069759032,0.116149225,0.01936590155,-0.2258380179
Hawkins-Bradu-Kass (HBK),LAD,0.1,4,Intercept,0.1030584657,-0.1603092784,0.263367744,,
Hawkins-Bradu-Kass (HBK),LAD,0.1,4,X1,0.09209192295,0.118556701,-0.02646477808,0.1841838459,0.2371134021
Hawkins-Bradu-Kass (HBK),LAD,0.1,4,X2,-0.07789793849,0.05670103093,-0.1345989694,-0.155795877,0.1134020619
Hawkins-Bradu-Kass (HBK),LAD,0.1,4,X3,-0.1350118283,-0.1494845361,0.01447270776,-0.2850249709,-0.3155784651
Hawkins-Bradu-Kass (HBK),OLS,0.1,5,Intercept,0.5658848308,-0.01046439417,0.5763492249,,
Hawkins-Bradu-Kass (HBK),OLS,0.1,5,X1,-0.05815530013,0.06237135536,-0.1205266555,-0.1163106003,0.1247427107
Hawkins-Bradu-Kass (HBK),OLS,0.1,5,X2,-0.0180720864,0.01193108058,-0.03000316698,-0.0361441728,0.02386216117
Hawkins-Bradu-Kass (HBK),OLS,0.1,5,X3,-0.4200070216,-0.1069759032,-0.3130311184,-0.8866814901,-0.2258380179
Hawkins-Bradu-Kass (HBK),LAD,0.1,5,Intercept,-0.453593914,-0.1603092784,-0.2932846356,,
Hawkins-Bradu-Kass (HBK),LAD,0.1,5,X1,0.1960912907,0.118556701,0.07753458963,0.3921825813,0.2371134021
Hawkins-Bradu-Kass (HBK),LAD,0.1,5,X2,0.1810073452,0.05670103093,0.1243063143,0.3620146905,0.1134020619
Hawkins-Bradu-Kass (HBK),LAD,0.1,5,X3,-0.180089192,-0.1494845361,-0.03060465594,-0.3801882943,-0.3155784651
Hawkins-Bradu-Kass (HBK),OLS,0.1,6,Intercept,0.4695746912,-0.01046439417,0.4800390854,,
Hawkins-Bradu-Kass (HBK),OLS,0.1,6,X1,-0.007182516621,0.06237135536,-0.06955387198,-0.01436503324,0.1247427107
Hawkins-Bradu-Kass (HBK),OLS,0.1,6,X2,-0.08556039009,0.01193108058,-0.09749147068,-0.1711207802,0.02386216117
Hawkins-Bradu-Kass (HBK),OLS,0.1,6,X3,-0.3319707181,-0.1069759032,-0.2249948149,-0.7008270716,-0.2258380179
Hawkins-Bradu-Kass (HBK),LAD,0.1,6,Intercept,-0.2515214385,-0.1603092784,-0.0912121601,,
Hawkins-Bradu-Kass (HBK),LAD,0.1,6,X1,0.1251728907,0.118556701,0.006616189702,0.2503457815,0.2371134021
Hawkins-Bradu-Kass (HBK),LAD,0.1,6,X2,0.07814661134,0.05670103093,0.02144558041,0.1562932227,0.1134020619
Hawkins-Bradu-Kass (HBK),LAD,0.1,6,X3,-0.1376210235,-0.1494845361,0.01186351257,-0.2905332719,-0.3155784651
Hawkins-Bradu-Kass (HBK),OLS,0.1,7,Intercept,0.5185587004,-0.01046439417,0.5290230946,,
Hawkins-Bradu-Kass (HBK),OLS,0.1,7,X1,0.3968302031,0.06237135536,0.3344588477,0.7936604062,0.1247427107
Hawkins-Bradu-Kass (HBK),OLS,0.1,7,X2,-0.251197341,0.01193108058,-0.2631284216,-0.5023946821,0.02386216117
Hawkins-Bradu-Kass (HBK),OLS,0.1,7,X3,-0.327907622,-0.1069759032,-0.2209317188,-0.6922494243,-0.2258380179
Hawkins-Bradu-Kass (HBK),LAD,0.1,7,Intercept,0.07722972973,-0.1603092784,0.2375390081,,
Hawkins-Bradu-Kass (HBK),LAD,0.1,7,X1,0.1010135135,0.118556701,-0.01754318752,0.202027027,0.2371134021
Hawkins-Bradu-Kass (HBK),LAD,0.1,7,X2,-0.05844594595,0.05670103093,-0.1151469769,-0.1168918919,0.1134020619
Hawkins-Bradu-Kass (HBK),LAD,0.1,7,X3,-0.1472972973,-0.1494845361,0.002187238785,-0.310960961,-0.3155784651
Hawkins-Bradu-Kass (HBK),OLS,0.1,8,Intercept,-0.4696296535,-0.01046439417,-0.4591652593,,
Hawkins-Bradu-Kass (HBK),OLS,0.1,8,X1,0.09527150873,0.06237135536,0.03290015336,0.1905430175,0.1247427107
Hawkins-Bradu-Kass (HBK),OLS,0.1,8,X2,0.4020425365,0.01193108058,0.3901114559,0.804085073,0.02386216117
Hawkins-Bradu-Kass (HBK),OLS,0.1,8,X3,-0.276794467,-0.1069759032,-0.1698185637,-0.5843438747,-0.2258380179
Hawkins-Bradu-Kass (HBK),LAD,0.1,8,Intercept,-0.2651192898,-0.1603092784,-0.1048100115,,
Hawkins-Bradu-Kass (HBK),LAD,0.1,8,X1,0.2032550398,0.118556701,0.08469833873,0.4065100795,0.2371134021
Hawkins-Bradu-Kass (HBK),LAD,0.1,8,X2,0.1326058813,0.05670103093,0.07590485034,0.2652117625,0.1134020619
Hawkins-Bradu-Kass (HBK),LAD,0.1,8,X3,-0.1890142408,-0.1494845361,-0.03952970472,-0.3990300639,-0.3155784651
Hawkins-Bradu-Kass (HBK),OLS,0.1,9,Intercept,-2.109522016,-0.01046439417,-2.099057622,,
Hawkins-Bradu-Kass (HBK),OLS,0.1,9,X1,0.628054776,0.06237135536,0.5656834206,1.256109552,0.1247427107
Hawkins-Bradu-Kass (HBK),OLS,0.1,9,X2,0.2167248476,0.01193108058,0.204793767,0.4334496952,0.02386216117
Hawkins-Bradu-Kass (HBK),OLS,0.1,9,X3,0.4398152748,-0.1069759032,0.546791178,0.9284989134,-0.2258380179
Hawkins-Bradu-Kass (HBK),LAD,0.1,9,Intercept,-0.4012935323,-0.1603092784,-0.240984254,,
Hawkins-Bradu-Kass (HBK),LAD,0.1,9,X1,0.2119402985,0.118556701,0.09338359748,0.423880597,0.2371134021
Hawkins-Bradu-Kass (HBK),LAD,0.1,9,X2,0.1457711443,0.05670103093,0.08907011335,0.2915422886,0.1134020619
Hawkins-Bradu-Kass (HBK),LAD,0.1,9,X3,-0.1597014925,-0.1494845361,-0.01021695645,-0.3371475954,-0.3155784651
Hawkins-Bradu-Kass (HBK),OLS,0.1,10,Intercept,-0.2743971291,-0.01046439417,-0.2639327349,,
Hawkins-Bradu-Kass (HBK),OLS,0.1,10,X1,0.3275919686,0.06237135536,0.2652206132,0.6551839372,0.1247427107
Hawkins-Bradu-Kass (HBK),OLS,0.1,10,X2,-0.2035440231,0.01193108058,-0.2154751036,-0.4070880461,0.02386216117
Hawkins-Bradu-Kass (HBK),OLS,0.1,10,X3,-0.3230551723,-0.1069759032,-0.2160792691,-0.6820053637,-0.2258380179
Hawkins-Bradu-Kass (HBK),LAD,0.1,10,Intercept,-0.3742964745,-0.1603092784,-0.2139871962,,
Hawkins-Bradu-Kass (HBK),LAD,0.1,10,X1,0.1099487394,0.118556701,-0.008607961623,0.2198974788,0.2371134021
Hawkins-Bradu-Kass (HBK),LAD,0.1,10,X2,0.0875614604,0.05670103093,0.03086042948,0.1751229208,0.1134020619
Hawkins-Bradu-Kass (HBK),LAD,0.1,10,X3,-0.0891306622,-0.1494845361,0.06035387388,-0.1881647313,-0.3155784651
Hawkins-Bradu-Kass (HBK),OLS,0.1,11,Intercept,2.747997377,-0.01046439417,2.758461771,,
Hawkins-Bradu-Kass (HBK),OLS,0.1,11,X1,-0.2346759317,0.06237135536,-0.2970472871,-0.4693518634,0.1247427107
Hawkins-Bradu-Kass (HBK),OLS,0.1,11,X2,-0.5392745636,0.01193108058,-0.5512056442,-1.078549127,0.02386216117
Hawkins-Bradu-Kass (HBK),OLS,0.1,11,X3,-0.5376812431,-0.1069759032,-0.4307053398,-1.135104846,-0.2258380179
Hawkins-Bradu-Kass (HBK),LAD,0.1,11,Intercept,0.0954705365,-0.1603092784,0.2557798149,,
Hawkins-Bradu-Kass (HBK),LAD,0.1,11,X1,0.07475813544,0.118556701,-0.04379856559,0.1495162709,0.2371134021
Hawkins-Bradu-Kass (HBK),LAD,0.1,11,X2,0.003518029903,0.05670103093,-0.05318300102,0.007036059807,0.1134020619
Hawkins-Bradu-Kass (HBK),LAD,0.1,11,X3,-0.1569920844,-0.1494845361,-0.00750754835,-0.3314277338,-0.3155784651
Hawkins-Bradu-Kass (HBK),OLS,0.1,12,Intercept,-0.5534080779,-0.01046439417,-0.5429436837,,
Hawkins-Bradu-Kass (HBK),OLS,0.1,12,X1,0.009435219506,0.06237135536,-0.05293613586,0.01887043901,0.1247427107
Hawkins-Bradu-Kass (HBK),OLS,0.1,12,X2,0.6554962031,0.01193108058,0.6435651225,1.310992406,0.02386216117
Hawkins-Bradu-Kass (HBK),OLS,0.1,12,X3,-0.4053008697,-0.1069759032,-0.2983249665,-0.8556351693,-0.2258380179
Hawkins-Bradu-Kass (HBK),LAD,0.1,12,Intercept,-0.3898151571,-0.1603092784,-0.2295058788,,
Hawkins-Bradu-Kass (HBK),LAD,0.1,12,X1,0.183271719,0.118556701,0.06471501801,0.3665434381,0.2371134021
Hawkins-Bradu-Kass (HBK),LAD,0.1,12,X2,0.2151571165,0.05670103093,0.1584560855,0.4303142329,0.1134020619
Hawkins-Bradu-Kass (HBK),LAD,0.1,12,X3,-0.2336414048,-0.1494845361,-0.08415686872,-0.4932429657,-0.3155784651
Hawkins-Bradu-Kass (HBK),OLS,0.1,13,Intercept,-0.239862155,-0.01046439417,-0.2293977609,,
Hawkins-Bradu-Kass (HBK),OLS,0.1,13,X1,0.2988838186,0.06237135536,0.2365124632,0.5977676372,0.1247427107
Hawkins-Bradu-Kass (HBK),OLS,0.1,13,X2,0.01347659105,0.01193108058,0.001545510462,0.02695318209,0.02386216117
Hawkins-Bradu-Kass (HBK),OLS,0.1,13,X3,-0.07924063714,-0.1069759032,0.02773526607,-0.1672857895,-0.2258380179
Hawkins-Bradu-Kass (HBK),LAD,0.1,13,Intercept,-0.1523788498,-0.1603092784,0.007930428588,,
Hawkins-Bradu-Kass (HBK),LAD,0.1,13,X1,0.2408654377,0.118556701,0.1223087367,0.4817308754,0.2371134021
Hawkins-Bradu-Kass (HBK),LAD,0.1,13,X2,-0.008279059499,0.05670103093,-0.06498009043,-0.016558119,0.1134020619
Hawkins-Bradu-Kass (HBK),LAD,0.1,13,X3,-0.1718732752,-0.1494845361,-0.02238873911,-0.362843581,-0.3155784651
Hawkins-Bradu-Kass (HBK),OLS,0.1,14,Intercept,-1.237446084,-0.01046439417,-1.22698169,,
Hawkins-Bradu-Kass (HBK),OLS,0.1,14,X1,0.5307833427,0.06237135536,0.4684119873,1.061566685,0.1247427107
Hawkins-Bradu-Kass (HBK),OLS,0.1,14,X2,0.1823704652,0.01193108058,0.1704393846,0.3647409304,0.02386216117
Hawkins-Bradu-Kass (HBK),OLS,0.1,14,X3,-0.2128185491,-0.1069759032,-0.1058426459,-0.4492836037,-0.2258380179
Hawkins-Bradu-Kass (HBK),LAD,0.1,14,Intercept,-0.3924810869,-0.1603092784,-0.2321718086,,
Hawkins-Bradu-Kass (HBK),LAD,0.1,14,X1,0.1239771499,0.118556701,0.005420448884,0.2479542998,0.2371134021
Hawkins-Bradu-Kass (HBK),LAD,0.1,14,X2,0.06206577119,0.05670103093,0.005364740263,0.1241315424,0.1134020619
Hawkins-Bradu-Kass (HBK),LAD,0.1,14,X3,-0.07874015748,-0.1494845361,0.0707443786,-0.1662292213,-0.3155784651
Hawkins-Bradu-Kass (HBK),OLS,0.1,15,Intercept,0.1174386787,-0.01046439417,0.1279030729,,
Hawkins-Bradu-Kass (HBK),OLS,0.1,15,X1,0.0733995098,0.06237135536,0.01102815444,0.1467990196,0.1247427107
Hawkins-Bradu-Kass (HBK),OLS,0.1,15,X2,0.1055515631,0.01193108058,0.09362048248,0.2111031261,0.02386216117
Hawkins-Bradu-Kass (HBK),OLS,0.1,15,X3,-0.1105981363,-0.1069759032,-0.003622233106,-0.2334849544,-0.2258380179
Hawkins-Bradu-Kass (HBK),LAD,0.1,15,Intercept,-0.1375737287,-0.1603092784,0.02273554967,,
Hawkins-Bradu-Kass (HBK),LAD,0.1,15,X1,0.1699346405,0.118556701,0.05137793949,0.339869281,0.2371134021
Hawkins-Bradu-Kass (HBK),LAD,0.1,15,X2,0.0991551092,0.05670103093,0.04245407827,0.1983102184,0.1134020619
Hawkins-Bradu-Kass (HBK),LAD,0.1,15,X3,-0.2059620596,-0.1494845361,-0.05647752354,-0.4348087925,-0.3155784651
Hawkins-Bradu-Kass (HBK),OLS,0.1,16,Intercept,-0.9628879208,-0.01046439417,-0.9524235266,,
Hawkins-Bradu-Kass (HBK),OLS,0.1,16,X1,0.3058236698,0.06237135536,0.2434523145,0.6116473397,0.1247427107
Hawkins-Bradu-Kass (HBK),OLS,0.1,16,X2,0.3163675338,0.01193108058,0.3044364532,0.6327350675,0.02386216117
Hawkins-Bradu-Kass (HBK),OLS,0.1,16,X3,-0.2547979484,-0.1069759032,-0.1478220452,-0.5379067799,-0.2258380179
Hawkins-Bradu-Kass (HBK),LAD,0.1,16,Intercept,-0.4024267535,-0.1603092784,-0.2421174751,,
Hawkins-Bradu-Kass (HBK),LAD,0.1,16,X1,0.1765315182,0.118556701,0.05797481717,0.3530630364,0.2371134021
Hawkins-Bradu-Kass (HBK),LAD,0.1,16,X2,0.1496744599,0.05670103093,0.09297342897,0.2993489198,0.1134020619
Hawkins-Bradu-Kass (HBK),LAD,0.1,16,X3,-0.1852619118,-0.1494845361,-0.03577737573,-0.3911084805,-0.3155784651
Hawkins-Bradu-Kass (HBK),OLS,0.1,17,Intercept,0.1963069643,-0.01046439417,0.2067713584,,
Hawkins-Bradu-Kass (HBK),OLS,0.1,17,X1,-0.1570516963,0.06237135536,-0.2194230516,-0.3141033925,0.1247427107
Hawkins-Bradu-Kass (HBK),OLS,0.1,17,X2,0.2630734074,0.01193108058,0.2511423269,0.5261468149,0.02386216117
Hawkins-Bradu-Kass (HBK),OLS,0.1,17,X3,-0.4136102839,-0.1069759032,-0.3066343807,-0.8731772661,-0.2258380179
Hawkins-Bradu-Kass (HBK),LAD,0.1,17,Intercept,0.3530816279,-0.1603092784,0.5133909062,,
Hawkins-Bradu-Kass (HBK),LAD,0.1,17,X1,-0.04575394025,0.118556701,-0.1643106413,-0.0915078805,0.2371134021
Hawkins-Bradu-Kass (HBK),LAD,0.1,17,X2,0.009997647612,0.05670103093,-0.04670338332,0.01999529522,0.1134020619
Hawkins-Bradu-Kass (HBK),LAD,0.1,17,X3,-0.2252411197,-0.1494845361,-0.07575658365,-0.4755090306,-0.3155784651
Hawkins-Bradu-Kass (HBK),OLS,0.1,18,Intercept,0.8566341591,-0.01046439417,0.8670985532,,
Hawkins-Bradu-Kass (HBK),OLS,0.1,18,X1,0.138327998,0.06237135536,0.07595664259,0.2766559959,0.1247427107
Hawkins-Bradu-Kass (HBK),OLS,0.1,18,X2,-0.3532287024,0.01193108058,-0.3651597829,-0.7064574047,0.02386216117
Hawkins-Bradu-Kass (HBK),OLS,0.1,18,X3,-0.1900119956,-0.1069759032,-0.08303609238,-0.4011364351,-0.2258380179
Hawkins-Bradu-Kass (HBK),LAD,0.1,18,Intercept,-0.02288135593,-0.1603092784,0.1374279224,,
Hawkins-Bradu-Kass (HBK),LAD,0.1,18,X1,0.1355932203,0.118556701,0.01703651931,0.2711864407,0.2371134021
Hawkins-Bradu-Kass (HBK),LAD,0.1,18,X2,0.01694915254,0.05670103093,-0.03975187839,0.03389830508,0.1134020619
Hawkins-Bradu-Kass (HBK),LAD,0.1,18,X3,-0.1949152542,-0.1494845361,-0.04543071815,-0.4114877589,-0.3155784651
Hawkins-Bradu-Kass (HBK),OLS,0.1,19,Intercept,0.1144124994,-0.01046439417,0.1248768936,,
Hawkins-Bradu-Kass (HBK),OLS,0.1,19,X1,0.2451288528,0.06237135536,0.1827574975,0.4902577057,0.1247427107
Hawkins-Bradu-Kass (HBK),OLS,0.1,19,X2,0.3338026156,0.01193108058,0.321871535,0.6676052312,0.02386216117
Hawkins-Bradu-Kass (HBK),OLS,0.1,19,X3,-0.3898982229,-0.1069759032,-0.2829223197,-0.8231184707,-0.2258380179
Hawkins-Bradu-Kass (HBK),LAD,0.1,19,Intercept,0.05374195733,-0.1603092784,0.2140512357,,
Hawkins-Bradu-Kass (HBK),LAD,0.1,19,X1,0.09177108026,0.118556701,-0.02678562077,0.1835421605,0.2371134021
Hawkins-Bradu-Kass (HBK),LAD,0.1,19,X2,0.006772773451,0.05670103093,-0.04992825748,0.0135455469,0.1134020619
Hawkins-Bradu-Kass (HBK),LAD,0.1,19,X3,-0.1378259397,-0.1494845361,0.01165859636,-0.2909658727,-0.3155784651
Hawkins-Bradu-Kass (HBK),OLS,0.1,20,Intercept,0.4544154166,-0.01046439417,0.4648798108,,
Hawkins-Bradu-Kass (HBK),OLS,0.1,20,X1,-0.003075652764,0.06237135536,-0.06544700813,-0.006151305528,0.1247427107
Hawkins-Bradu-Kass (HBK),OLS,0.1,20,X2,-0.5012601642,0.01193108058,-0.5131912448,-1.002520328,0.02386216117
Hawkins-Bradu-Kass (HBK),OLS,0.1,20,X3,-0.1351569335,-0.1069759032,-0.02818103029,-0.2853313041,-0.2258380179
Hawkins-Bradu-Kass (HBK),LAD,0.1,20,Intercept,-0.01519262694,-0.1603092784,0.1451166514,,
Hawkins-Bradu-Kass (HBK),LAD,0.1,20,X1,0.08128685099,0.118556701,-0.03726985004,0.162573702,0.2371134021
Hawkins-Bradu-Kass (HBK),LAD,0.1,20,X2,-0.1041273112,0.05670103093,-0.1608283422,-0.2082546225,0.1134020619
Hawkins-Bradu-Kass (HBK),LAD,0.1,20,X3,-0.09101837541,-0.1494845361,0.05846616067,-0.1921499036,-0.3155784651
Hawkins-Bradu-Kass (HBK),OLS,0.1,21,Intercept,0.1667999767,-0.01046439417,0.1772643708,,
Hawkins-Bradu-Kass (HBK),OLS,0.1,21,X1,0.06857660626,0.06237135536,0.0062052509,0.1371532125,0.1247427107
Hawkins-Bradu-Kass (HBK),OLS,0.1,21,X2,0.04687128078,0.01193108058,0.03494020019,0.09374256156,0.02386216117
Hawkins-Bradu-Kass (HBK),OLS,0.1,21,X3,-0.3570934553,-0.1069759032,-0.2501175521,-0.7538639612,-0.2258380179
Hawkins-Bradu-Kass (HBK),LAD,0.1,21,Intercept,-0.230952381,-0.1603092784,-0.0706431026,,
Hawkins-Bradu-Kass (HBK),LAD,0.1,21,X1,0.1011904762,0.118556701,-0.01736622484,0.2023809524,0.2371134021
Hawkins-Bradu-Kass (HBK),LAD,0.1,21,X2,0.08333333333,0.05670103093,0.02663230241,0.1666666667,0.1134020619
Hawkins-Bradu-Kass (HBK),LAD,0.1,21,X3,-0.130952381,-0.1494845361,0.01853215513,-0.2764550265,-0.3155784651
Hawkins-Bradu-Kass (HBK),OLS,0.1,22,Intercept,-0.8609699367,-0.01046439417,-0.8505055426,,
Hawkins-Bradu-Kass (HBK),OLS,0.1,22,X1,0.8765731841,0.06237135536,0.8142018287,1.753146368,0.1247427107
Hawkins-Bradu-Kass (HBK),OLS,0.1,22,X2,0.3373754331,0.01193108058,0.3254443525,0.6747508662,0.02386216117
Hawkins-Bradu-Kass (HBK),OLS,0.1,22,X3,-0.5440584237,-0.1069759032,-0.4370825205,-1.148567783,-0.2258380179
Hawkins-Bradu-Kass (HBK),LAD,0.1,22,Intercept,-0.1881268437,-0.1603092784,-0.02781756531,,
Hawkins-Bradu-Kass (HBK),LAD,0.1,22,X1,0.1983775811,0.118556701,0.07982088009,0.3967551622,0.2371134021
Hawkins-Bradu-Kass (HBK),LAD,0.1,22,X2,0.08775811209,0.05670103093,0.03105708117,0.1755162242,0.1134020619
Hawkins-Bradu-Kass (HBK),LAD,0.1,22,X3,-0.2042772861,-0.1494845361,-0.05479275005,-0.4312520485,-0.3155784651
Hawkins-Bradu-Kass (HBK),OLS,0.1,23,Intercept,0.3103370948,-0.01046439417,0.320801489,,
Hawkins-Bradu-Kass (HBK),OLS,0.1,23,X1,-0.5908325391,0.06237135536,-0.6532038944,-1.181665078,0.1247427107
Hawkins-Bradu-Kass (HBK),OLS,0.1,23,X2,0.2606618295,0.01193108058,0.2487307489,0.521323659,0.02386216117
Hawkins-Bradu-Kass (HBK),OLS,0.1,23,X3,0.0856750299,-0.1069759032,0.1926509331,0.1808695076,-0.2258380179
Hawkins-Bradu-Kass (HBK),LAD,0.1,23,Intercept,-0.1899228928,-0.1603092784,-0.0296136145,,
Hawkins-Bradu-Kass (HBK),LAD,0.1,23,X1,0.1348045733,0.118556701,0.01624787222,0.2696091465,0.2371134021
Hawkins-Bradu-Kass (HBK),LAD,0.1,23,X2,0.1244349907,0.05670103093,0.06773395977,0.2488699814,0.1134020619
Hawkins-Bradu-Kass (HBK),LAD,0.1,23,X3,-0.1956926349,-0.1494845361,-0.04620809886,-0.413128896,-0.3155784651
Hawkins-Bradu-Kass (HBK),OLS,0.1,24,Intercept,-0.9258957741,-0.01046439417,-0.91543138,,
Hawkins-Bradu-Kass (HBK),OLS,0.1,24,X1,0.5896574424,0.06237135536,0.5272860871,1.179314885,0.1247427107
Hawkins-Bradu-Kass (HBK),OLS,0.1,24,X2,-0.131109781,0.01193108058,-0.1430408616,-0.2622195621,0.02386216117
Hawkins-Bradu-Kass (HBK),OLS,0.1,24,X3,0.2969855981,-0.1069759032,0.4039615013,0.6269695961,-0.2258380179
Hawkins-Bradu-Kass (HBK),LAD,0.1,24,Intercept,-0.1853538027,-0.1603092784,-0.02504452437,,
Hawkins-Bradu-Kass (HBK),LAD,0.1,24,X1,0.2094582672,0.118556701,0.09090156613,0.4189165343,0.2371134021
Hawkins-Bradu-Kass (HBK),LAD,0.1,24,X2,0.0064407976,0.05670103093,-0.05026023333,0.0128815952,0.1134020619
Hawkins-Bradu-Kass (HBK),LAD,0.1,24,X3,-0.1247573672,-0.1494845361,0.02472716887,-0.2633766641,-0.3155784651
Hawkins-Bradu-Kass (HBK),OLS,0.1,25,Intercept,-1.504119901,-0.01046439417,-1.493655507,,
Hawkins-Bradu-Kass (HBK),OLS,0.1,25,X1,0.3530054544,0.06237135536,0.2906340991,0.7060109089,0.1247427107
Hawkins-Bradu-Kass (HBK),OLS,0.1,25,X2,0.2713616224,0.01193108058,0.2594305418,0.5427232448,0.02386216117
Hawkins-Bradu-Kass (HBK),OLS,0.1,25,X3,0.09074226654,-0.1069759032,0.1977181698,0.1915670071,-0.2258380179
Hawkins-Bradu-Kass (HBK),LAD,0.1,25,Intercept,-0.1856742212,-0.1603092784,-0.02536494283,,
Hawkins-Bradu-Kass (HBK),LAD,0.1,25,X1,0.08671265065,0.118556701,-0.03184405038,0.1734253013,0.2371134021
Hawkins-Bradu-Kass (HBK),LAD,0.1,25,X2,0.001743348746,0.05670103093,-0.05495768218,0.003486697491,0.1134020619
Hawkins-Bradu-Kass (HBK),LAD,0.1,25,X3,-0.08557568407,-0.1494845361,0.06390885201,-0.1806597775,-0.3155784651
Hawkins-Bradu-Kass (HBK),OLS,0.1,26,Intercept,-0.9007569231,-0.01046439417,-0.8902925289,,
Hawkins-Bradu-Kass (HBK),OLS,0.1,26,X1,0.7013128402,0.06237135536,0.6389414849,1.40262568,0.1247427107
Hawkins-Bradu-Kass (HBK),OLS,0.1,26,X2,-0.1243843803,0.01193108058,-0.1363154609,-0.2487687606,0.02386216117
Hawkins-Bradu-Kass (HBK),OLS,0.1,26,X3,-0.1325545028,-0.1069759032,-0.02557859962,-0.2798372837,-0.2258380179
Hawkins-Bradu-Kass (HBK),LAD,0.1,26,Intercept,0.1088721996,-0.1603092784,0.2691814779,,
Hawkins-Bradu-Kass (HBK),LAD,0.1,26,X1,0.08426680244,0.118556701,-0.03428989859,0.1685336049,0.2371134021
Hawkins-Bradu-Kass (HBK),LAD,0.1,26,X2,-0.06020875764,0.05670103093,-0.1169097886,-0.1204175153,0.1134020619
Hawkins-Bradu-Kass (HBK),LAD,0.1,26,X3,-0.137601833,-0.1494845361,0.01188270309,-0.2904927585,-0.3155784651
Hawkins-Bradu-Kass (HBK),OLS,0.1,27,Intercept,-1.056526751,-0.01046439417,-1.046062357,,
Hawkins-Bradu-Kass (HBK),OLS,0.1,27,X1,0.618671604,0.06237135536,0.5563002487,1.237343208,0.1247427107
Hawkins-Bradu-Kass (HBK),OLS,0.1,27,X2,0.4272157625,0.01193108058,0.4152846819,0.854431525,0.02386216117
Hawkins-Bradu-Kass (HBK),OLS,0.1,27,X3,-0.7280255114,-0.1069759032,-0.6210496082,-1.536942746,-0.2258380179
Hawkins-Bradu-Kass (HBK),LAD,0.1,27,Intercept,-0.07145472703,-0.1603092784,0.08885455132,,
Hawkins-Bradu-Kass (HBK),LAD,0.1,27,X1,0.1218375499,0.118556701,0.003280848902,0.2436750999,0.2371134021
Hawkins-Bradu-Kass (HBK),LAD,0.1,27,X2,0.07772969374,0.05670103093,0.02102866281,0.1554593875,0.1134020619
Hawkins-Bradu-Kass (HBK),LAD,0.1,27,X3,-0.1955725699,-0.1494845361,-0.04608803382,-0.4128754254,-0.3155784651
Hawkins-Bradu-Kass (HBK),OLS,0.1,28,Intercept,-0.4500196949,-0.01046439417,-0.4395553007,,
Hawkins-Bradu-Kass (HBK),OLS,0.1,28,X1,0.5421629593,0.06237135536,0.4797916039,1.084325919,0.1247427107
Hawkins-Bradu-Kass (HBK),OLS,0.1,28,X2,0.2579685708,0.01193108058,0.2460374902,0.5159371416,0.02386216117
Hawkins-Bradu-Kass (HBK),OLS,0.1,28,X3,-0.2587753474,-0.1069759032,-0.1517994442,-0.5463035111,-0.2258380179
Hawkins-Bradu-Kass (HBK),LAD,0.1,28,Intercept,-0.1881268437,-0.1603092784,-0.02781756531,,
Hawkins-Bradu-Kass (HBK),LAD,0.1,28,X1,0.1983775811,0.118556701,0.07982088009,0.3967551622,0.2371134021
Hawkins-Bradu-Kass (HBK),LAD,0.1,28,X2,0.08775811209,0.05670103093,0.03105708117,0.1755162242,0.1134020619
Hawkins-Bradu-Kass (HBK),LAD,0.1,28,X3,-0.2042772861,-0.1494845361,-0.05479275005,-0.4312520485,-0.3155784651
Hawkins-Bradu-Kass (HBK),OLS,0.1,29,Intercept,-0.6318067039,-0.01046439417,-0.6213423097,,
Hawkins-Bradu-Kass (HBK),OLS,0.1,29,X1,0.0452640328,0.06237135536,-0.01710732257,0.09052806559,0.1247427107
Hawkins-Bradu-Kass (HBK),OLS,0.1,29,X2,0.3558050387,0.01193108058,0.3438739581,0.7116100774,0.02386216117
Hawkins-Bradu-Kass (HBK),OLS,0.1,29,X3,0.02939952313,-0.1069759032,0.1363754263,0.06206565994,-0.2258380179
Hawkins-Bradu-Kass (HBK),LAD,0.1,29,Intercept,-0.2938412698,-0.1603092784,-0.1335319915,,
Hawkins-Bradu-Kass (HBK),LAD,0.1,29,X1,0.1173015873,0.118556701,-0.001255113729,0.2346031746,0.2371134021
Hawkins-Bradu-Kass (HBK),LAD,0.1,29,X2,0.09111111111,0.05670103093,0.03441008018,0.1822222222,0.1134020619
Hawkins-Bradu-Kass (HBK),LAD,0.1,29,X3,-0.120952381,-0.1494845361,0.02853215513,-0.2553439153,-0.3155784651
Hawkins-Bradu-Kass (HBK),OLS,0.1,30,Intercept,1.051793684,-0.01046439417,1.062258078,,
Hawkins-Bradu-Kass (HBK),OLS,0.1,30,X1,0.1056409434,0.06237135536,0.04326958799,0.2112818867,0.1247427107
Hawkins-Bradu-Kass (HBK),OLS,0.1,30,X2,-0.2505073436,0.01193108058,-0.2624384242,-0.5010146873,0.02386216117
Hawkins-Bradu-Kass (HBK),OLS,0.1,30,X3,-0.3352827593,-0.1069759032,-0.2283068561,-0.7078191585,-0.2258380179
Hawkins-Bradu-Kass (HBK),LAD,0.1,30,Intercept,-0.01834170854,-0.1603092784,0.1419675698,,
Hawkins-Bradu-Kass (HBK),LAD,0.1,30,X1,0.1683417085,0.118556701,0.04978500751,0.3366834171,0.2371134021
Hawkins-Bradu-Kass (HBK),LAD,0.1,30,X2,-0.007537688442,0.05670103093,-0.06423871937,-0.01507537688,0.1134020619
Hawkins-Bradu-Kass (HBK),LAD,0.1,30,X3,-0.1783919598,-0.1494845361,-0.02890742372,-0.3766052485,-0.3155784651
Hawkins-Bradu-Kass (HBK),OLS,0.2,1,Intercept,-0.9232024192,-0.01046439417,-0.912738025,,
Hawkins-Bradu-Kass (HBK),OLS,0.2,1,X1,-0.03761519577,0.06237135536,-0.09998655113,-0.07523039153,0.1247427107
Hawkins-Bradu-Kass (HBK),OLS,0.2,1,X2,-0.2606787877,0.01193108058,-0.2726098683,-0.5213575753,0.02386216117
Hawkins-Bradu-Kass (HBK),OLS,0.2,1,X3,0.5245893984,-0.1069759032,0.6315653016,1.107466508,-0.2258380179
Hawkins-Bradu-Kass (HBK),LAD,0.2,1,Intercept,-0.158614052,-0.1603092784,0.001695226377,,
Hawkins-Bradu-Kass (HBK),LAD,0.2,1,X1,0.1020211742,0.118556701,-0.01653552682,0.2040423484,0.2371134021
Hawkins-Bradu-Kass (HBK),LAD,0.2,1,X2,-0.01443695861,0.05670103093,-0.07113798954,-0.02887391723,0.1134020619
Hawkins-Bradu-Kass (HBK),LAD,0.2,1,X3,-0.09143407122,-0.1494845361,0.05805046486,-0.1930274837,-0.3155784651
Hawkins-Bradu-Kass (HBK),OLS,0.2,2,Intercept,-1.135229327,-0.01046439417,-1.124764933,,
Hawkins-Bradu-Kass (HBK),OLS,0.2,2,X1,0.9785458779,0.06237135536,0.9161745226,1.957091756,0.1247427107
Hawkins-Bradu-Kass (HBK),OLS,0.2,2,X2,0.3954303102,0.01193108058,0.3834992297,0.7908606205,0.02386216117
Hawkins-Bradu-Kass (HBK),OLS,0.2,2,X3,-0.4913873307,-0.1069759032,-0.3844114275,-1.037373254,-0.2258380179
Hawkins-Bradu-Kass (HBK),LAD,0.2,2,Intercept,-0.3778688525,-0.1603092784,-0.2175595741,,
Hawkins-Bradu-Kass (HBK),LAD,0.2,2,X1,0.2381288864,0.118556701,0.1195721853,0.4762577728,0.2371134021
Hawkins-Bradu-Kass (HBK),LAD,0.2,2,X2,0.13566987,0.05670103093,0.07896883906,0.27133974,0.1134020619
Hawkins-Bradu-Kass (HBK),LAD,0.2,2,X3,-0.1960146976,-0.1494845361,-0.04653016149,-0.413808806,-0.3155784651
Hawkins-Bradu-Kass (HBK),OLS,0.2,3,Intercept,0.0142211916,-0.01046439417,0.02468558577,,
Hawkins-Bradu-Kass (HBK),OLS,0.2,3,X1,-0.321318547,0.06237135536,-0.3836899023,-0.642637094,0.1247427107
Hawkins-Bradu-Kass (HBK),OLS,0.2,3,X2,-0.06225274823,0.01193108058,-0.07418382881,-0.1245054965,0.02386216117
Hawkins-Bradu-Kass (HBK),OLS,0.2,3,X3,0.2998346775,-0.1069759032,0.4068105807,0.6329843192,-0.2258380179
Hawkins-Bradu-Kass (HBK),LAD,0.2,3,Intercept,-0.3334185848,-0.1603092784,-0.1731093065,,
Hawkins-Bradu-Kass (HBK),LAD,0.2,3,X1,0.1952259165,0.118556701,0.07666921542,0.3904518329,0.2371134021
Hawkins-Bradu-Kass (HBK),LAD,0.2,3,X2,0.1287297528,0.05670103093,0.07202872184,0.2574595055,0.1134020619
Hawkins-Bradu-Kass (HBK),LAD,0.2,3,X3,-0.1607843137,-0.1494845361,-0.01129977764,-0.3394335512,-0.3155784651
Hawkins-Bradu-Kass (HBK),OLS,0.2,4,Intercept,2.721192128,-0.01046439417,2.731656522,,
Hawkins-Bradu-Kass (HBK),OLS,0.2,4,X1,0.2724990955,0.06237135536,0.2101277401,0.544998191,0.1247427107
Hawkins-Bradu-Kass (HBK),OLS,0.2,4,X2,-0.4815501278,0.01193108058,-0.4934812084,-0.9631002557,0.02386216117
Hawkins-Bradu-Kass (HBK),OLS,0.2,4,X3,-1.389257955,-0.1069759032,-1.282282051,-2.932877904,-0.2258380179
Hawkins-Bradu-Kass (HBK),LAD,0.2,4,Intercept,0.506957273,-0.1603092784,0.6672665513,,
Hawkins-Bradu-Kass (HBK),LAD,0.2,4,X1,0.1441587409,0.118556701,0.02560203987,0.2883174818,0.2371134021
Hawkins-Bradu-Kass (HBK),LAD,0.2,4,X2,-0.109257954,0.05670103093,-0.1659589849,-0.2185159079,0.1134020619
Hawkins-Bradu-Kass (HBK),LAD,0.2,4,X3,-0.3520195044,-0.1494845361,-0.2025349683,-0.743152287,-0.3155784651
Hawkins-Bradu-Kass (HBK),OLS,0.2,5,Intercept,0.6278674534,-0.01046439417,0.6383318476,,
Hawkins-Bradu-Kass (HBK),OLS,0.2,5,X1,0.02928065927,0.06237135536,-0.03309069609,0.05856131854,0.1247427107
Hawkins-Bradu-Kass (HBK),OLS,0.2,5,X2,0.3865037234,0.01193108058,0.3745726428,0.7730074467,0.02386216117
Hawkins-Bradu-Kass (HBK),OLS,0.2,5,X3,-1.022427761,-0.1069759032,-0.915451858,-2.158458607,-0.2258380179
Hawkins-Bradu-Kass (HBK),LAD,0.2,5,Intercept,0.1461729932,-0.1603092784,0.3064822715,,
Hawkins-Bradu-Kass (HBK),LAD,0.2,5,X1,0.05864965775,0.118556701,-0.05990704328,0.1172993155,0.2371134021
Hawkins-Bradu-Kass (HBK),LAD,0.2,5,X2,-0.004978220286,0.05670103093,-0.06167925121,-0.009956440572,0.1134020619
Hawkins-Bradu-Kass (HBK),LAD,0.2,5,X3,-0.1509023024,-0.1494845361,-0.001417766344,-0.3185715273,-0.3155784651
Hawkins-Bradu-Kass (HBK),OLS,0.2,6,Intercept,0.779426324,-0.01046439417,0.7898907182,,
Hawkins-Bradu-Kass (HBK),OLS,0.2,6,X1,-0.5127074367,0.06237135536,-0.5750787921,-1.025414873,0.1247427107
Hawkins-Bradu-Kass (HBK),OLS,0.2,6,X2,0.06982872863,0.01193108058,0.05789764805,0.1396574573,0.02386216117
Hawkins-Bradu-Kass (HBK),OLS,0.2,6,X3,0.0380920485,-0.1069759032,0.1450679517,0.08041654683,-0.2258380179
Hawkins-Bradu-Kass (HBK),LAD,0.2,6,Intercept,0.5840409956,-0.1603092784,0.744350274,,
Hawkins-Bradu-Kass (HBK),LAD,0.2,6,X1,-0.1039531479,0.118556701,-0.2225098489,-0.2079062958,0.2371134021
Hawkins-Bradu-Kass (HBK),LAD,0.2,6,X2,-0.03221083455,0.05670103093,-0.08891186548,-0.06442166911,0.1134020619
Hawkins-Bradu-Kass (HBK),LAD,0.2,6,X3,-0.2166910688,-0.1494845361,-0.06720653273,-0.4574589231,-0.3155784651
Hawkins-Bradu-Kass (HBK),OLS,0.2,7,Intercept,1.561963855,-0.01046439417,1.572428249,,
Hawkins-Bradu-Kass (HBK),OLS,0.2,7,X1,0.4852877322,0.06237135536,0.4229163769,0.9705754645,0.1247427107
Hawkins-Bradu-Kass (HBK),OLS,0.2,7,X2,-0.0580112024,0.01193108058,-0.06994228299,-0.1160224048,0.02386216117
Hawkins-Bradu-Kass (HBK),OLS,0.2,7,X3,-1.472206805,-0.1069759032,-1.365230902,-3.107992144,-0.2258380179
Hawkins-Bradu-Kass (HBK),LAD,0.2,7,Intercept,0.4734339336,-0.1603092784,0.6337432119,,
Hawkins-Bradu-Kass (HBK),LAD,0.2,7,X1,0.1320060867,0.118556701,0.01344938571,0.2640121735,0.2371134021
Hawkins-Bradu-Kass (HBK),LAD,0.2,7,X2,-0.1086735988,0.05670103093,-0.1653746297,-0.2173471976,0.1134020619
Hawkins-Bradu-Kass (HBK),LAD,0.2,7,X3,-0.2925437484,-0.1494845361,-0.1430592123,-0.6175923578,-0.3155784651
Hawkins-Bradu-Kass (HBK),OLS,0.2,8,Intercept,-1.287818524,-0.01046439417,-1.27735413,,
Hawkins-Bradu-Kass (HBK),OLS,0.2,8,X1,0.3878747923,0.06237135536,0.325503437,0.7757495847,0.1247427107
Hawkins-Bradu-Kass (HBK),OLS,0.2,8,X2,-0.2305979307,0.01193108058,-0.2425290113,-0.4611958614,0.02386216117
Hawkins-Bradu-Kass (HBK),OLS,0.2,8,X3,0.2994674509,-0.1069759032,0.4064433541,0.632209063,-0.2258380179
Hawkins-Bradu-Kass (HBK),LAD,0.2,8,Intercept,-0.114479638,-0.1603092784,0.04582964034,,
Hawkins-Bradu-Kass (HBK),LAD,0.2,8,X1,0.08075182736,0.118556701,-0.03780487367,0.1615036547,0.2371134021
Hawkins-Bradu-Kass (HBK),LAD,0.2,8,X2,-0.04420466411,0.05670103093,-0.100905695,-0.08840932823,0.1134020619
Hawkins-Bradu-Kass (HBK),LAD,0.2,8,X3,-0.07396449704,-0.1494845361,0.07552003904,-0.1561472715,-0.3155784651
Hawkins-Bradu-Kass (HBK),OLS,0.2,9,Intercept,-0.784308237,-0.01046439417,-0.7738438428,,
Hawkins-Bradu-Kass (HBK),OLS,0.2,9,X1,-0.6505603529,0.06237135536,-0.7129317083,-1.301120706,0.1247427107
Hawkins-Bradu-Kass (HBK),OLS,0.2,9,X2,0.7397462607,0.01193108058,0.7278151801,1.479492521,0.02386216117
Hawkins-Bradu-Kass (HBK),OLS,0.2,9,X3,-0.4814795123,-0.1069759032,-0.3745036091,-1.016456748,-0.2258380179
Hawkins-Bradu-Kass (HBK),LAD,0.2,9,Intercept,0.08494453754,-0.1603092784,0.2452538159,,
Hawkins-Bradu-Kass (HBK),LAD,0.2,9,X1,0.04165059602,0.118556701,-0.07690610501,0.08330119204,0.2371134021
Hawkins-Bradu-Kass (HBK),LAD,0.2,9,X2,0.07621527292,0.05670103093,0.019514242,0.1524305458,0.1134020619
Hawkins-Bradu-Kass (HBK),LAD,0.2,9,X3,-0.3207627673,-0.1494845361,-0.1712782312,-0.6771658421,-0.3155784651
Hawkins-Bradu-Kass (HBK),OLS,0.2,10,Intercept,-1.924610034,-0.01046439417,-1.91414564,,
Hawkins-Bradu-Kass (HBK),OLS,0.2,10,X1,0.8176149659,0.06237135536,0.7552436105,1.635229932,0.1247427107
Hawkins-Bradu-Kass (HBK),OLS,0.2,10,X2,0.5392403821,0.01193108058,0.5273093015,1.078480764,0.02386216117
Hawkins-Bradu-Kass (HBK),OLS,0.2,10,X3,0.1303136409,-0.1069759032,0.2372895441,0.2751065752,-0.2258380179
Hawkins-Bradu-Kass (HBK),LAD,0.2,10,Intercept,-0.227633017,-0.1603092784,-0.06732373862,,
Hawkins-Bradu-Kass (HBK),LAD,0.2,10,X1,0.205809606,0.118556701,0.08725290495,0.411619212,0.2371134021
Hawkins-Bradu-Kass (HBK),LAD,0.2,10,X2,0.1278113316,0.05670103093,0.07111030068,0.2556226632,0.1134020619
Hawkins-Bradu-Kass (HBK),LAD,0.2,10,X3,-0.2022433132,-0.1494845361,-0.05275877712,-0.4269581056,-0.3155784651
Hawkins-Bradu-Kass (HBK),OLS,0.2,11,Intercept,0.1328282041,-0.01046439417,0.1432925982,,
Hawkins-Bradu-Kass (HBK),OLS,0.2,11,X1,-0.1105072256,0.06237135536,-0.172878581,-0.2210144513,0.1247427107
Hawkins-Bradu-Kass (HBK),OLS,0.2,11,X2,0.2633198315,0.01193108058,0.2513887509,0.526639663,0.02386216117
Hawkins-Bradu-Kass (HBK),OLS,0.2,11,X3,-0.2148426495,-0.1069759032,-0.1078667463,-0.4535567044,-0.2258380179
Hawkins-Bradu-Kass (HBK),LAD,0.2,11,Intercept,0.16763046,-0.1603092784,0.3279397383,,
Hawkins-Bradu-Kass (HBK),LAD,0.2,11,X1,-7.730962505e-05,0.118556701,-0.1186340107,-0.0001546192501,0.2371134021
Hawkins-Bradu-Kass (HBK),LAD,0.2,11,X2,-0.01979126401,0.05670103093,-0.07649229494,-0.03958252802,0.1134020619
Hawkins-Bradu-Kass (HBK),LAD,0.2,11,X3,-0.1334364128,-0.1494845361,0.01604812325,-0.2816990938,-0.3155784651
Hawkins-Bradu-Kass (HBK),OLS,0.2,12,Intercept,-1.344818062,-0.01046439417,-1.334353668,,
Hawkins-Bradu-Kass (HBK),OLS,0.2,12,X1,0.3523933391,0.06237135536,0.2900219837,0.7047866781,0.1247427107
Hawkins-Bradu-Kass (HBK),OLS,0.2,12,X2,0.5405419601,0.01193108058,0.5286108795,1.08108392,0.02386216117
Hawkins-Bradu-Kass (HBK),OLS,0.2,12,X3,-0.2586125126,-0.1069759032,-0.1516366094,-0.5459597488,-0.2258380179
Hawkins-Bradu-Kass (HBK),LAD,0.2,12,Intercept,-0.2477465986,-0.1603092784,-0.08743732029,,
Hawkins-Bradu-Kass (HBK),LAD,0.2,12,X1,0.1166028912,0.118556701,-0.001953809874,0.2332057823,0.2371134021
Hawkins-Bradu-Kass (HBK),LAD,0.2,12,X2,0.09077380952,0.05670103093,0.0340727786,0.181547619,0.1134020619
Hawkins-Bradu-Kass (HBK),LAD,0.2,12,X3,-0.1358418367,-0.1494845361,0.01364269935,-0.2867772109,-0.3155784651
Hawkins-Bradu-Kass (HBK),OLS,0.2,13,Intercept,-0.1059147655,-0.01046439417,-0.0954503713,,
Hawkins-Bradu-Kass (HBK),OLS,0.2,13,X1,-0.1963599501,0.06237135536,-0.2587313054,-0.3927199001,0.1247427107
Hawkins-Bradu-Kass (HBK),OLS,0.2,13,X2,0.1847447463,0.01193108058,0.1728136657,0.3694894926,0.02386216117
Hawkins-Bradu-Kass (HBK),OLS,0.2,13,X3,-0.1348144857,-0.1069759032,-0.02783858247,-0.2846083587,-0.2258380179
Hawkins-Bradu-Kass (HBK),LAD,0.2,13,Intercept,-0.2938412698,-0.1603092784,-0.1335319915,,
Hawkins-Bradu-Kass (HBK),LAD,0.2,13,X1,0.1173015873,0.118556701,-0.001255113729,0.2346031746,0.2371134021
Hawkins-Bradu-Kass (HBK),LAD,0.2,13,X2,0.09111111111,0.05670103093,0.03441008018,0.1822222222,0.1134020619
Hawkins-Bradu-Kass (HBK),LAD,0.2,13,X3,-0.120952381,-0.1494845361,0.02853215513,-0.2553439153,-0.3155784651
Hawkins-Bradu-Kass (HBK),OLS,0.2,14,Intercept,-1.753796576,-0.01046439417,-1.743332182,,
Hawkins-Bradu-Kass (HBK),OLS,0.2,14,X1,0.3581003459,0.06237135536,0.2957289905,0.7162006918,0.1247427107
Hawkins-Bradu-Kass (HBK),OLS,0.2,14,X2,1.122282924,0.01193108058,1.110351843,2.244565847,0.02386216117
Hawkins-Bradu-Kass (HBK),OLS,0.2,14,X3,-0.1481950609,-0.1069759032,-0.04121915774,-0.3128562398,-0.2258380179
Hawkins-Bradu-Kass (HBK),LAD,0.2,14,Intercept,-0.4151436031,-0.1603092784,-0.2548343248,,
Hawkins-Bradu-Kass (HBK),LAD,0.2,14,X1,0.1932114883,0.118556701,0.07465478722,0.3864229765,0.2371134021
Hawkins-Bradu-Kass (HBK),LAD,0.2,14,X2,0.1514360313,0.05670103093,0.0947350004,0.3028720627,0.1134020619
Hawkins-Bradu-Kass (HBK),LAD,0.2,14,X3,-0.135770235,-0.1494845361,0.0137143011,-0.2866260516,-0.3155784651
Hawkins-Bradu-Kass (HBK),OLS,0.2,15,Intercept,1.208318594,-0.01046439417,1.218782988,,
Hawkins-Bradu-Kass (HBK),OLS,0.2,15,X1,0.9071588676,0.06237135536,0.8447875123,1.814317735,0.1247427107
Hawkins-Bradu-Kass (HBK),OLS,0.2,15,X2,-0.8749060319,0.01193108058,-0.8868371125,-1.749812064,0.02386216117
Hawkins-Bradu-Kass (HBK),OLS,0.2,15,X3,-0.7005807193,-0.1069759032,-0.5936048161,-1.479003741,-0.2258380179
Hawkins-Bradu-Kass (HBK),LAD,0.2,15,Intercept,-0.1401949756,-0.1603092784,0.02011430272,,
Hawkins-Bradu-Kass (HBK),LAD,0.2,15,X1,0.1874765654,0.118556701,0.0689198644,0.3749531309,0.2371134021
Hawkins-Bradu-Kass (HBK),LAD,0.2,15,X2,-0.001499812523,0.05670103093,-0.05820084345,-0.002999625047,0.1134020619
Hawkins-Bradu-Kass (HBK),LAD,0.2,15,X3,-0.1128608924,-0.1494845361,0.03662364369,-0.2382618839,-0.3155784651
Hawkins-Bradu-Kass (HBK),OLS,0.2,16,Intercept,1.041062435,-0.01046439417,1.051526829,,
Hawkins-Bradu-Kass (HBK),OLS,0.2,16,X1,0.1873675571,0.06237135536,0.1249962017,0.3747351142,0.1247427107
Hawkins-Bradu-Kass (HBK),OLS,0.2,16,X2,-0.6865107619,0.01193108058,-0.6984418424,-1.373021524,0.02386216117
Hawkins-Bradu-Kass (HBK),OLS,0.2,16,X3,0.01263267037,-0.1069759032,0.1196085736,0.02666897078,-0.2258380179
Hawkins-Bradu-Kass (HBK),LAD,0.2,16,Intercept,0.212900255,-0.1603092784,0.3732095334,,
Hawkins-Bradu-Kass (HBK),LAD,0.2,16,X1,0.06779540946,0.118556701,-0.05076129157,0.1355908189,0.2371134021
Hawkins-Bradu-Kass (HBK),LAD,0.2,16,X2,-0.2123831114,0.05670103093,-0.2690841423,-0.4247662227,0.1134020619
Hawkins-Bradu-Kass (HBK),LAD,0.2,16,X3,-0.0702040238,-0.1494845361,0.07928051228,-0.1482084947,-0.3155784651
Hawkins-Bradu-Kass (HBK),OLS,0.2,17,Intercept,-0.7224516964,-0.01046439417,-0.7119873022,,
Hawkins-Bradu-Kass (HBK),OLS,0.2,17,X1,0.558499637,0.06237135536,0.4961282816,1.116999274,0.1247427107
Hawkins-Bradu-Kass (HBK),OLS,0.2,17,X2,0.07458066415,0.01193108058,0.06264958356,0.1491613283,0.02386216117
Hawkins-Bradu-Kass (HBK),OLS,0.2,17,X3,-0.1637525851,-0.1069759032,-0.05677668187,-0.3456999018,-0.2258380179
Hawkins-Bradu-Kass (HBK),LAD,0.2,17,Intercept,-0.07322959374,-0.1603092784,0.08707968461,,
Hawkins-Bradu-Kass (HBK),LAD,0.2,17,X1,0.1788110324,0.118556701,0.0602543314,0.3576220649,0.2371134021
Hawkins-Bradu-Kass (HBK),LAD,0.2,17,X2,-0.08488632128,0.05670103093,-0.1415873522,-0.1697726426,0.1134020619
Hawkins-Bradu-Kass (HBK),LAD,0.2,17,X3,-0.1115355945,-0.1494845361,0.0379489416,-0.2354640328,-0.3155784651
Hawkins-Bradu-Kass (HBK),OLS,0.2,18,Intercept,1.043773048,-0.01046439417,1.054237442,,
Hawkins-Bradu-Kass (HBK),OLS,0.2,18,X1,-0.2532997432,0.06237135536,-0.3156710986,-0.5065994864,0.1247427107
Hawkins-Bradu-Kass (HBK),OLS,0.2,18,X2,0.1596678515,0.01193108058,0.1477367709,0.3193357029,0.02386216117
Hawkins-Bradu-Kass (HBK),OLS,0.2,18,X3,-0.2462442772,-0.1069759032,-0.139268374,-0.5198490297,-0.2258380179
Hawkins-Bradu-Kass (HBK),LAD,0.2,18,Intercept,0.06988959518,-0.1603092784,0.2301988735,,
Hawkins-Bradu-Kass (HBK),LAD,0.2,18,X1,0.08865841419,0.118556701,-0.02989828685,0.1773168284,0.2371134021
Hawkins-Bradu-Kass (HBK),LAD,0.2,18,X2,0.005352960856,0.05670103093,-0.05134807007,0.01070592171,0.1134020619
Hawkins-Bradu-Kass (HBK),LAD,0.2,18,X3,-0.1411843426,-0.1494845361,0.008300193493,-0.2980558344,-0.3155784651
Hawkins-Bradu-Kass (HBK),OLS,0.2,19,Intercept,-3.448740016,-0.01046439417,-3.438275622,,
Hawkins-Bradu-Kass (HBK),OLS,0.2,19,X1,0.152846628,0.06237135536,0.09047527261,0.305693256,0.1247427107
Hawkins-Bradu-Kass (HBK),OLS,0.2,19,X2,1.105019921,0.01193108058,1.093088841,2.210039843,0.02386216117
Hawkins-Bradu-Kass (HBK),OLS,0.2,19,X3,0.4887525496,-0.1069759032,0.5957284528,1.031810938,-0.2258380179
Hawkins-Bradu-Kass (HBK),LAD,0.2,19,Intercept,0.1203692674,-0.1603092784,0.2806785458,,
Hawkins-Bradu-Kass (HBK),LAD,0.2,19,X1,0.1435378201,0.118556701,0.0249811191,0.2870756403,0.2371134021
Hawkins-Bradu-Kass (HBK),LAD,0.2,19,X2,-0.08576533651,0.05670103093,-0.1424663674,-0.171530673,0.1134020619
Hawkins-Bradu-Kass (HBK),LAD,0.2,19,X3,-0.1566408577,-0.1494845361,-0.007156321571,-0.330686255,-0.3155784651
Hawkins-Bradu-Kass (HBK),OLS,0.2,20,Intercept,-0.004184742102,-0.01046439417,0.006279652068,,
Hawkins-Bradu-Kass (HBK),OLS,0.2,20,X1,0.0826219681,0.06237135536,0.02025061274,0.1652439362,0.1247427107
Hawkins-Bradu-Kass (HBK),OLS,0.2,20,X2,-0.2095817177,0.01193108058,-0.2215127983,-0.4191634354,0.02386216117
Hawkins-Bradu-Kass (HBK),OLS,0.2,20,X3,-0.006927403465,-0.1069759032,0.1000484997,-0.01462451843,-0.2258380179
Hawkins-Bradu-Kass (HBK),LAD,0.2,20,Intercept,-0.2984492072,-0.1603092784,-0.1381399288,,
Hawkins-Bradu-Kass (HBK),LAD,0.2,20,X1,0.02291339955,0.118556701,-0.09564330148,0.04582679909,0.2371134021
Hawkins-Bradu-Kass (HBK),LAD,0.2,20,X2,0.0691758146,0.05670103093,0.01247478367,0.1383516292,0.1134020619
Hawkins-Bradu-Kass (HBK),LAD,0.2,20,X3,-0.06116048092,-0.1494845361,0.08832405516,-0.1291165708,-0.3155784651
Hawkins-Bradu-Kass (HBK),OLS,0.2,21,Intercept,-0.895252972,-0.01046439417,-0.8847885778,,
Hawkins-Bradu-Kass (HBK),OLS,0.2,21,X1,0.8847255885,0.06237135536,0.8223542331,1.769451177,0.1247427107
Hawkins-Bradu-Kass (HBK),OLS,0.2,21,X2,-0.1399573208,0.01193108058,-0.1518884013,-0.2799146415,0.02386216117
Hawkins-Bradu-Kass (HBK),OLS,0.2,21,X3,-0.2168511144,-0.1069759032,-0.1098752112,-0.4577967971,-0.2258380179
Hawkins-Bradu-Kass (HBK),LAD,0.2,21,Intercept,-0.05432025367,-0.1603092784,0.1059890247,,
Hawkins-Bradu-Kass (HBK),LAD,0.2,21,X1,0.1464526358,0.118556701,0.02789593472,0.2929052715,0.2371134021
Hawkins-Bradu-Kass (HBK),LAD,0.2,21,X2,0.0406262386,0.05670103093,-0.01607479232,0.08125247721,0.1134020619
Hawkins-Bradu-Kass (HBK),LAD,0.2,21,X3,-0.2098692033,-0.1494845361,-0.06038466725,-0.443057207,-0.3155784651
Hawkins-Bradu-Kass (HBK),OLS,0.2,22,Intercept,0.9241580783,-0.01046439417,0.9346224725,,
Hawkins-Bradu-Kass (HBK),OLS,0.2,22,X1,0.08038881258,0.06237135536,0.01801745722,0.1607776252,0.1247427107
Hawkins-Bradu-Kass (HBK),OLS,0.2,22,X2,0.5411875621,0.01193108058,0.5292564815,1.082375124,0.02386216117
Hawkins-Bradu-Kass (HBK),OLS,0.2,22,X3,-1.040303963,-0.1069759032,-0.9333280596,-2.196197255,-0.2258380179
Hawkins-Bradu-Kass (HBK),LAD,0.2,22,Intercept,0.3922867514,-0.1603092784,0.5525960297,,
Hawkins-Bradu-Kass (HBK),LAD,0.2,22,X1,0.166061706,0.118556701,0.04750500496,0.332123412,0.2371134021
Hawkins-Bradu-Kass (HBK),LAD,0.2,22,X2,-0.1061705989,0.05670103093,-0.1628716298,-0.2123411978,0.1134020619
Hawkins-Bradu-Kass (HBK),LAD,0.2,22,X3,-0.2450090744,-0.1494845361,-0.09552453833,-0.5172413793,-0.3155784651
Hawkins-Bradu-Kass (HBK),OLS,0.2,23,Intercept,0.2765609894,-0.01046439417,0.2870253835,,
Hawkins-Bradu-Kass (HBK),OLS,0.2,23,X1,0.1733511954,0.06237135536,0.1109798401,0.3467023909,0.1247427107
Hawkins-Bradu-Kass (HBK),OLS,0.2,23,X2,-0.4180945284,0.01193108058,-0.430025609,-0.8361890568,0.02386216117
Hawkins-Bradu-Kass (HBK),OLS,0.2,23,X3,0.2505544574,-0.1069759032,0.3575303606,0.528948299,-0.2258380179
Hawkins-Bradu-Kass (HBK),LAD,0.2,23,Intercept,-0.03561114587,-0.1603092784,0.1246981325,,
Hawkins-Bradu-Kass (HBK),LAD,0.2,23,X1,0.1213533549,0.118556701,0.002796653916,0.2427067099,0.2371134021
Hawkins-Bradu-Kass (HBK),LAD,0.2,23,X2,0.09306713687,0.05670103093,0.03636610594,0.1861342737,0.1134020619
Hawkins-Bradu-Kass (HBK),LAD,0.2,23,X3,-0.2097861538,-0.1494845361,-0.06030161774,-0.4428818803,-0.3155784651
Hawkins-Bradu-Kass (HBK),OLS,0.2,24,Intercept,0.930942722,-0.01046439417,0.9414071162,,
Hawkins-Bradu-Kass (HBK),OLS,0.2,24,X1,-0.4360634623,0.06237135536,-0.4984348177,-0.8721269246,0.1247427107
Hawkins-Bradu-Kass (HBK),OLS,0.2,24,X2,-0.3669320257,0.01193108058,-0.3788631063,-0.7338640514,0.02386216117
Hawkins-Bradu-Kass (HBK),OLS,0.2,24,X3,0.5798994331,-0.1069759032,0.6868753363,1.224232137,-0.2258380179
Hawkins-Bradu-Kass (HBK),LAD,0.2,24,Intercept,0.05570599613,-0.1603092784,0.2160152745,,
Hawkins-Bradu-Kass (HBK),LAD,0.2,24,X1,0.08704061896,0.118556701,-0.03151608208,0.1740812379,0.2371134021
Hawkins-Bradu-Kass (HBK),LAD,0.2,24,X2,-0.0164410058,0.05670103093,-0.07314203673,-0.03288201161,0.1134020619
Hawkins-Bradu-Kass (HBK),LAD,0.2,24,X3,-0.06640876854,-0.1494845361,0.08307576755,-0.1401962891,-0.3155784651
Hawkins-Bradu-Kass (HBK),OLS,0.2,25,Intercept,0.2128758604,-0.01046439417,0.2233402545,,
Hawkins-Bradu-Kass (HBK),OLS,0.2,25,X1,0.2260124816,0.06237135536,0.1636411262,0.4520249632,0.1247427107
Hawkins-Bradu-Kass (HBK),OLS,0.2,25,X2,0.08102427442,0.01193108058,0.06909319383,0.1620485488,0.02386216117
Hawkins-Bradu-Kass (HBK),OLS,0.2,25,X3,-0.7043893818,-0.1069759032,-0.5974134786,-1.487044251,-0.2258380179
Hawkins-Bradu-Kass (HBK),LAD,0.2,25,Intercept,-0.2838849702,-0.1603092784,-0.1235756918,,
Hawkins-Bradu-Kass (HBK),LAD,0.2,25,X1,0.2495930548,0.118556701,0.1310363538,0.4991861096,0.2371134021
Hawkins-Bradu-Kass (HBK),LAD,0.2,25,X2,0.07840477482,0.05670103093,0.0217037439,0.1568095496,0.1134020619
Hawkins-Bradu-Kass (HBK),LAD,0.2,25,X3,-0.2078133478,-0.1494845361,-0.05832881172,-0.4387170676,-0.3155784651
Hawkins-Bradu-Kass (HBK),OLS,0.2,26,Intercept,0.2505035266,-0.01046439417,0.2609679208,,
Hawkins-Bradu-Kass (HBK),OLS,0.2,26,X1,0.2867663467,0.06237135536,0.2243949913,0.5735326934,0.1247427107
Hawkins-Bradu-Kass (HBK),OLS,0.2,26,X2,-0.334055579,0.01193108058,-0.3459866596,-0.6681111581,0.02386216117
Hawkins-Bradu-Kass (HBK),OLS,0.2,26,X3,-0.2868273443,-0.1069759032,-0.1798514411,-0.6055243935,-0.2258380179
Hawkins-Bradu-Kass (HBK),LAD,0.2,26,Intercept,-0.0327577701,-0.1603092784,0.1275515082,,
Hawkins-Bradu-Kass (HBK),LAD,0.2,26,X1,0.1746423286,0.118556701,0.05608562753,0.3492846571,0.2371134021
Hawkins-Bradu-Kass (HBK),LAD,0.2,26,X2,-0.08929452393,0.05670103093,-0.1459955549,-0.1785890479,0.1134020619
Hawkins-Bradu-Kass (HBK),LAD,0.2,26,X3,-0.1218549581,-0.1494845361,0.02762957802,-0.2572493559,-0.3155784651
Hawkins-Bradu-Kass (HBK),OLS,0.2,27,Intercept,-0.5458662489,-0.01046439417,-0.5354018547,,
Hawkins-Bradu-Kass (HBK),OLS,0.2,27,X1,-0.7426392009,0.06237135536,-0.8050105562,-1.485278402,0.1247427107
Hawkins-Bradu-Kass (HBK),OLS,0.2,27,X2,0.643868781,0.01193108058,0.6319377004,1.287737562,0.02386216117
Hawkins-Bradu-Kass (HBK),OLS,0.2,27,X3,0.02351273487,-0.1069759032,0.1304886381,0.04963799584,-0.2258380179
Hawkins-Bradu-Kass (HBK),LAD,0.2,27,Intercept,-0.2068627451,-0.1603092784,-0.04655346675,,
Hawkins-Bradu-Kass (HBK),LAD,0.2,27,X1,0.07315233786,0.118556701,-0.04540436317,0.1463046757,0.2371134021
Hawkins-Bradu-Kass (HBK),LAD,0.2,27,X2,0.07164404223,0.05670103093,0.0149430113,0.1432880845,0.1134020619
Hawkins-Bradu-Kass (HBK),LAD,0.2,27,X3,-0.1202111614,-0.1494845361,0.02927337469,-0.2537791185,-0.3155784651
Hawkins-Bradu-Kass (HBK),OLS,0.2,28,Intercept,-0.6994605964,-0.01046439417,-0.6889962023,,
Hawkins-Bradu-Kass (HBK),OLS,0.2,28,X1,0.422045772,0.06237135536,0.3596744166,0.844091544,0.1247427107
Hawkins-Bradu-Kass (HBK),OLS,0.2,28,X2,0.2209870466,0.01193108058,0.209055966,0.4419740932,0.02386216117
Hawkins-Bradu-Kass (HBK),OLS,0.2,28,X3,-0.1587140267,-0.1069759032,-0.05173812354,-0.3350629454,-0.2258380179
Hawkins-Bradu-Kass (HBK),LAD,0.2,28,Intercept,0.1009494297,-0.1603092784,0.261258708,,
Hawkins-Bradu-Kass (HBK),LAD,0.2,28,X1,0.06046020967,0.118556701,-0.05809649137,0.1209204193,0.2371134021
Hawkins-Bradu-Kass (HBK),LAD,0.2,28,X2,-0.002637304675,0.05670103093,-0.0593383356,-0.005274609349,0.1134020619
Hawkins-Bradu-Kass (HBK),LAD,0.2,28,X3,-0.1387222259,-0.1494845361,0.0107623102,-0.2928580324,-0.3155784651
Hawkins-Bradu-Kass (HBK),OLS,0.2,29,Intercept,0.8293359044,-0.01046439417,0.8398002986,,
Hawkins-Bradu-Kass (HBK),OLS,0.2,29,X1,0.1986947147,0.06237135536,0.1363233594,0.3973894294,0.1247427107
Hawkins-Bradu-Kass (HBK),OLS,0.2,29,X2,0.07629638234,0.01193108058,0.06436530175,0.1525927647,0.02386216117
Hawkins-Bradu-Kass (HBK),OLS,0.2,29,X3,-0.1321597213,-0.1069759032,-0.02518381812,-0.2790038561,-0.2258380179
Hawkins-Bradu-Kass (HBK),LAD,0.2,29,Intercept,0.4125626516,-0.1603092784,0.5728719299,,
Hawkins-Bradu-Kass (HBK),LAD,0.2,29,X1,0.070978173,0.118556701,-0.04757852803,0.141956346,0.2371134021
Hawkins-Bradu-Kass (HBK),LAD,0.2,29,X2,0.02231204527,0.05670103093,-0.03438898566,0.04462409054,0.1134020619
Hawkins-Bradu-Kass (HBK),LAD,0.2,29,X3,-0.2722716249,-0.1494845361,-0.1227870888,-0.5747956526,-0.3155784651
Hawkins-Bradu-Kass (HBK),OLS,0.2,30,Intercept,-2.190948535,-0.01046439417,-2.180484141,,
Hawkins-Bradu-Kass (HBK),OLS,0.2,30,X1,-0.8327380387,0.06237135536,-0.895109394,-1.665476077,0.1247427107
Hawkins-Bradu-Kass (HBK),OLS,0.2,30,X2,0.5686953782,0.01193108058,0.5567642977,1.137390756,0.02386216117
Hawkins-Bradu-Kass (HBK),OLS,0.2,30,X3,0.7222537197,-0.1069759032,0.8292296229,1.524757853,-0.2258380179
Hawkins-Bradu-Kass (HBK),LAD,0.2,30,Intercept,-0.2969879518,-0.1603092784,-0.1366786735,,
Hawkins-Bradu-Kass (HBK),LAD,0.2,30,X1,0.07831325301,0.118556701,-0.04024344802,0.156626506,0.2371134021
Hawkins-Bradu-Kass (HBK),LAD,0.2,30,X2,0.07228915663,0.05670103093,0.0155881257,0.1445783133,0.1134020619
Hawkins-Bradu-Kass (HBK),LAD,0.2,30,X3,-0.09337349398,-0.1494845361,0.05611104211,-0.1971218206,-0.3155784651
Synthetic OLS-LAD,OLS,0,1,Intercept,5.738223699,5.738223699,0,,
Synthetic OLS-LAD,OLS,0,1,X1,3.260888032,3.260888032,0,1.725363338,1.725363338
Synthetic OLS-LAD,OLS,0,1,X2,-2.479908369,-2.479908369,0,-0.8372929873,-0.8372929873
Synthetic OLS-LAD,OLS,0,1,X3,2.811407793,2.811407793,0,0.2567617647,0.2567617647
Synthetic OLS-LAD,LAD,0,1,Intercept,5.273086362,5.273086362,0,,
Synthetic OLS-LAD,LAD,0,1,X1,3.51439479,3.51439479,0,1.8594959,1.8594959
Synthetic OLS-LAD,LAD,0,1,X2,-2.8240163,-2.8240163,0,-0.9534743595,-0.9534743595
Synthetic OLS-LAD,LAD,0,1,X3,2.858173855,2.858173855,0,0.2610328408,0.2610328408
Synthetic OLS-LAD,OLS,0,2,Intercept,5.738223699,5.738223699,0,,
Synthetic OLS-LAD,OLS,0,2,X1,3.260888032,3.260888032,0,1.725363338,1.725363338
Synthetic OLS-LAD,OLS,0,2,X2,-2.479908369,-2.479908369,0,-0.8372929873,-0.8372929873
Synthetic OLS-LAD,OLS,0,2,X3,2.811407793,2.811407793,0,0.2567617647,0.2567617647
Synthetic OLS-LAD,LAD,0,2,Intercept,5.273086362,5.273086362,0,,
Synthetic OLS-LAD,LAD,0,2,X1,3.51439479,3.51439479,0,1.8594959,1.8594959
Synthetic OLS-LAD,LAD,0,2,X2,-2.8240163,-2.8240163,0,-0.9534743595,-0.9534743595
Synthetic OLS-LAD,LAD,0,2,X3,2.858173855,2.858173855,0,0.2610328408,0.2610328408
Synthetic OLS-LAD,OLS,0,3,Intercept,5.738223699,5.738223699,0,,
Synthetic OLS-LAD,OLS,0,3,X1,3.260888032,3.260888032,0,1.725363338,1.725363338
Synthetic OLS-LAD,OLS,0,3,X2,-2.479908369,-2.479908369,0,-0.8372929873,-0.8372929873
Synthetic OLS-LAD,OLS,0,3,X3,2.811407793,2.811407793,0,0.2567617647,0.2567617647
Synthetic OLS-LAD,LAD,0,3,Intercept,5.273086362,5.273086362,0,,
Synthetic OLS-LAD,LAD,0,3,X1,3.51439479,3.51439479,0,1.8594959,1.8594959
Synthetic OLS-LAD,LAD,0,3,X2,-2.8240163,-2.8240163,0,-0.9534743595,-0.9534743595
Synthetic OLS-LAD,LAD,0,3,X3,2.858173855,2.858173855,0,0.2610328408,0.2610328408
Synthetic OLS-LAD,OLS,0,4,Intercept,5.738223699,5.738223699,0,,
Synthetic OLS-LAD,OLS,0,4,X1,3.260888032,3.260888032,0,1.725363338,1.725363338
Synthetic OLS-LAD,OLS,0,4,X2,-2.479908369,-2.479908369,0,-0.8372929873,-0.8372929873
Synthetic OLS-LAD,OLS,0,4,X3,2.811407793,2.811407793,0,0.2567617647,0.2567617647
Synthetic OLS-LAD,LAD,0,4,Intercept,5.273086362,5.273086362,0,,
Synthetic OLS-LAD,LAD,0,4,X1,3.51439479,3.51439479,0,1.8594959,1.8594959
Synthetic OLS-LAD,LAD,0,4,X2,-2.8240163,-2.8240163,0,-0.9534743595,-0.9534743595
Synthetic OLS-LAD,LAD,0,4,X3,2.858173855,2.858173855,0,0.2610328408,0.2610328408
Synthetic OLS-LAD,OLS,0,5,Intercept,5.738223699,5.738223699,0,,
Synthetic OLS-LAD,OLS,0,5,X1,3.260888032,3.260888032,0,1.725363338,1.725363338
Synthetic OLS-LAD,OLS,0,5,X2,-2.479908369,-2.479908369,0,-0.8372929873,-0.8372929873
Synthetic OLS-LAD,OLS,0,5,X3,2.811407793,2.811407793,0,0.2567617647,0.2567617647
Synthetic OLS-LAD,LAD,0,5,Intercept,5.273086362,5.273086362,0,,
Synthetic OLS-LAD,LAD,0,5,X1,3.51439479,3.51439479,0,1.8594959,1.8594959
Synthetic OLS-LAD,LAD,0,5,X2,-2.8240163,-2.8240163,0,-0.9534743595,-0.9534743595
Synthetic OLS-LAD,LAD,0,5,X3,2.858173855,2.858173855,0,0.2610328408,0.2610328408
Synthetic OLS-LAD,OLS,0,6,Intercept,5.738223699,5.738223699,0,,
Synthetic OLS-LAD,OLS,0,6,X1,3.260888032,3.260888032,0,1.725363338,1.725363338
Synthetic OLS-LAD,OLS,0,6,X2,-2.479908369,-2.479908369,0,-0.8372929873,-0.8372929873
Synthetic OLS-LAD,OLS,0,6,X3,2.811407793,2.811407793,0,0.2567617647,0.2567617647
Synthetic OLS-LAD,LAD,0,6,Intercept,5.273086362,5.273086362,0,,
Synthetic OLS-LAD,LAD,0,6,X1,3.51439479,3.51439479,0,1.8594959,1.8594959
Synthetic OLS-LAD,LAD,0,6,X2,-2.8240163,-2.8240163,0,-0.9534743595,-0.9534743595
Synthetic OLS-LAD,LAD,0,6,X3,2.858173855,2.858173855,0,0.2610328408,0.2610328408
Synthetic OLS-LAD,OLS,0,7,Intercept,5.738223699,5.738223699,0,,
Synthetic OLS-LAD,OLS,0,7,X1,3.260888032,3.260888032,0,1.725363338,1.725363338
Synthetic OLS-LAD,OLS,0,7,X2,-2.479908369,-2.479908369,0,-0.8372929873,-0.8372929873
Synthetic OLS-LAD,OLS,0,7,X3,2.811407793,2.811407793,0,0.2567617647,0.2567617647
Synthetic OLS-LAD,LAD,0,7,Intercept,5.273086362,5.273086362,0,,
Synthetic OLS-LAD,LAD,0,7,X1,3.51439479,3.51439479,0,1.8594959,1.8594959
Synthetic OLS-LAD,LAD,0,7,X2,-2.8240163,-2.8240163,0,-0.9534743595,-0.9534743595
Synthetic OLS-LAD,LAD,0,7,X3,2.858173855,2.858173855,0,0.2610328408,0.2610328408
Synthetic OLS-LAD,OLS,0,8,Intercept,5.738223699,5.738223699,0,,
Synthetic OLS-LAD,OLS,0,8,X1,3.260888032,3.260888032,0,1.725363338,1.725363338
Synthetic OLS-LAD,OLS,0,8,X2,-2.479908369,-2.479908369,0,-0.8372929873,-0.8372929873
Synthetic OLS-LAD,OLS,0,8,X3,2.811407793,2.811407793,0,0.2567617647,0.2567617647
Synthetic OLS-LAD,LAD,0,8,Intercept,5.273086362,5.273086362,0,,
Synthetic OLS-LAD,LAD,0,8,X1,3.51439479,3.51439479,0,1.8594959,1.8594959
Synthetic OLS-LAD,LAD,0,8,X2,-2.8240163,-2.8240163,0,-0.9534743595,-0.9534743595
Synthetic OLS-LAD,LAD,0,8,X3,2.858173855,2.858173855,0,0.2610328408,0.2610328408
Synthetic OLS-LAD,OLS,0,9,Intercept,5.738223699,5.738223699,0,,
Synthetic OLS-LAD,OLS,0,9,X1,3.260888032,3.260888032,0,1.725363338,1.725363338
Synthetic OLS-LAD,OLS,0,9,X2,-2.479908369,-2.479908369,0,-0.8372929873,-0.8372929873
Synthetic OLS-LAD,OLS,0,9,X3,2.811407793,2.811407793,0,0.2567617647,0.2567617647
Synthetic OLS-LAD,LAD,0,9,Intercept,5.273086362,5.273086362,0,,
Synthetic OLS-LAD,LAD,0,9,X1,3.51439479,3.51439479,0,1.8594959,1.8594959
Synthetic OLS-LAD,LAD,0,9,X2,-2.8240163,-2.8240163,0,-0.9534743595,-0.9534743595
Synthetic OLS-LAD,LAD,0,9,X3,2.858173855,2.858173855,0,0.2610328408,0.2610328408
Synthetic OLS-LAD,OLS,0,10,Intercept,5.738223699,5.738223699,0,,
Synthetic OLS-LAD,OLS,0,10,X1,3.260888032,3.260888032,0,1.725363338,1.725363338
Synthetic OLS-LAD,OLS,0,10,X2,-2.479908369,-2.479908369,0,-0.8372929873,-0.8372929873
Synthetic OLS-LAD,OLS,0,10,X3,2.811407793,2.811407793,0,0.2567617647,0.2567617647
Synthetic OLS-LAD,LAD,0,10,Intercept,5.273086362,5.273086362,0,,
Synthetic OLS-LAD,LAD,0,10,X1,3.51439479,3.51439479,0,1.8594959,1.8594959
Synthetic OLS-LAD,LAD,0,10,X2,-2.8240163,-2.8240163,0,-0.9534743595,-0.9534743595
Synthetic OLS-LAD,LAD,0,10,X3,2.858173855,2.858173855,0,0.2610328408,0.2610328408
Synthetic OLS-LAD,OLS,0,11,Intercept,5.738223699,5.738223699,0,,
Synthetic OLS-LAD,OLS,0,11,X1,3.260888032,3.260888032,0,1.725363338,1.725363338
Synthetic OLS-LAD,OLS,0,11,X2,-2.479908369,-2.479908369,0,-0.8372929873,-0.8372929873
Synthetic OLS-LAD,OLS,0,11,X3,2.811407793,2.811407793,0,0.2567617647,0.2567617647
Synthetic OLS-LAD,LAD,0,11,Intercept,5.273086362,5.273086362,0,,
Synthetic OLS-LAD,LAD,0,11,X1,3.51439479,3.51439479,0,1.8594959,1.8594959
Synthetic OLS-LAD,LAD,0,11,X2,-2.8240163,-2.8240163,0,-0.9534743595,-0.9534743595
Synthetic OLS-LAD,LAD,0,11,X3,2.858173855,2.858173855,0,0.2610328408,0.2610328408
Synthetic OLS-LAD,OLS,0,12,Intercept,5.738223699,5.738223699,0,,
Synthetic OLS-LAD,OLS,0,12,X1,3.260888032,3.260888032,0,1.725363338,1.725363338
Synthetic OLS-LAD,OLS,0,12,X2,-2.479908369,-2.479908369,0,-0.8372929873,-0.8372929873
Synthetic OLS-LAD,OLS,0,12,X3,2.811407793,2.811407793,0,0.2567617647,0.2567617647
Synthetic OLS-LAD,LAD,0,12,Intercept,5.273086362,5.273086362,0,,
Synthetic OLS-LAD,LAD,0,12,X1,3.51439479,3.51439479,0,1.8594959,1.8594959
Synthetic OLS-LAD,LAD,0,12,X2,-2.8240163,-2.8240163,0,-0.9534743595,-0.9534743595
Synthetic OLS-LAD,LAD,0,12,X3,2.858173855,2.858173855,0,0.2610328408,0.2610328408
Synthetic OLS-LAD,OLS,0,13,Intercept,5.738223699,5.738223699,0,,
Synthetic OLS-LAD,OLS,0,13,X1,3.260888032,3.260888032,0,1.725363338,1.725363338
Synthetic OLS-LAD,OLS,0,13,X2,-2.479908369,-2.479908369,0,-0.8372929873,-0.8372929873
Synthetic OLS-LAD,OLS,0,13,X3,2.811407793,2.811407793,0,0.2567617647,0.2567617647
Synthetic OLS-LAD,LAD,0,13,Intercept,5.273086362,5.273086362,0,,
Synthetic OLS-LAD,LAD,0,13,X1,3.51439479,3.51439479,0,1.8594959,1.8594959
Synthetic OLS-LAD,LAD,0,13,X2,-2.8240163,-2.8240163,0,-0.9534743595,-0.9534743595
Synthetic OLS-LAD,LAD,0,13,X3,2.858173855,2.858173855,0,0.2610328408,0.2610328408
Synthetic OLS-LAD,OLS,0,14,Intercept,5.738223699,5.738223699,0,,
Synthetic OLS-LAD,OLS,0,14,X1,3.260888032,3.260888032,0,1.725363338,1.725363338
Synthetic OLS-LAD,OLS,0,14,X2,-2.479908369,-2.479908369,0,-0.8372929873,-0.8372929873
Synthetic OLS-LAD,OLS,0,14,X3,2.811407793,2.811407793,0,0.2567617647,0.2567617647
Synthetic OLS-LAD,LAD,0,14,Intercept,5.273086362,5.273086362,0,,
Synthetic OLS-LAD,LAD,0,14,X1,3.51439479,3.51439479,0,1.8594959,1.8594959
Synthetic OLS-LAD,LAD,0,14,X2,-2.8240163,-2.8240163,0,-0.9534743595,-0.9534743595
Synthetic OLS-LAD,LAD,0,14,X3,2.858173855,2.858173855,0,0.2610328408,0.2610328408
Synthetic OLS-LAD,OLS,0,15,Intercept,5.738223699,5.738223699,0,,
Synthetic OLS-LAD,OLS,0,15,X1,3.260888032,3.260888032,0,1.725363338,1.725363338
Synthetic OLS-LAD,OLS,0,15,X2,-2.479908369,-2.479908369,0,-0.8372929873,-0.8372929873
Synthetic OLS-LAD,OLS,0,15,X3,2.811407793,2.811407793,0,0.2567617647,0.2567617647
Synthetic OLS-LAD,LAD,0,15,Intercept,5.273086362,5.273086362,0,,
Synthetic OLS-LAD,LAD,0,15,X1,3.51439479,3.51439479,0,1.8594959,1.8594959
Synthetic OLS-LAD,LAD,0,15,X2,-2.8240163,-2.8240163,0,-0.9534743595,-0.9534743595
Synthetic OLS-LAD,LAD,0,15,X3,2.858173855,2.858173855,0,0.2610328408,0.2610328408
Synthetic OLS-LAD,OLS,0,16,Intercept,5.738223699,5.738223699,0,,
Synthetic OLS-LAD,OLS,0,16,X1,3.260888032,3.260888032,0,1.725363338,1.725363338
Synthetic OLS-LAD,OLS,0,16,X2,-2.479908369,-2.479908369,0,-0.8372929873,-0.8372929873
Synthetic OLS-LAD,OLS,0,16,X3,2.811407793,2.811407793,0,0.2567617647,0.2567617647
Synthetic OLS-LAD,LAD,0,16,Intercept,5.273086362,5.273086362,0,,
Synthetic OLS-LAD,LAD,0,16,X1,3.51439479,3.51439479,0,1.8594959,1.8594959
Synthetic OLS-LAD,LAD,0,16,X2,-2.8240163,-2.8240163,0,-0.9534743595,-0.9534743595
Synthetic OLS-LAD,LAD,0,16,X3,2.858173855,2.858173855,0,0.2610328408,0.2610328408
Synthetic OLS-LAD,OLS,0,17,Intercept,5.738223699,5.738223699,0,,
Synthetic OLS-LAD,OLS,0,17,X1,3.260888032,3.260888032,0,1.725363338,1.725363338
Synthetic OLS-LAD,OLS,0,17,X2,-2.479908369,-2.479908369,0,-0.8372929873,-0.8372929873
Synthetic OLS-LAD,OLS,0,17,X3,2.811407793,2.811407793,0,0.2567617647,0.2567617647
Synthetic OLS-LAD,LAD,0,17,Intercept,5.273086362,5.273086362,0,,
Synthetic OLS-LAD,LAD,0,17,X1,3.51439479,3.51439479,0,1.8594959,1.8594959
Synthetic OLS-LAD,LAD,0,17,X2,-2.8240163,-2.8240163,0,-0.9534743595,-0.9534743595
Synthetic OLS-LAD,LAD,0,17,X3,2.858173855,2.858173855,0,0.2610328408,0.2610328408
Synthetic OLS-LAD,OLS,0,18,Intercept,5.738223699,5.738223699,0,,
Synthetic OLS-LAD,OLS,0,18,X1,3.260888032,3.260888032,0,1.725363338,1.725363338
Synthetic OLS-LAD,OLS,0,18,X2,-2.479908369,-2.479908369,0,-0.8372929873,-0.8372929873
Synthetic OLS-LAD,OLS,0,18,X3,2.811407793,2.811407793,0,0.2567617647,0.2567617647
Synthetic OLS-LAD,LAD,0,18,Intercept,5.273086362,5.273086362,0,,
Synthetic OLS-LAD,LAD,0,18,X1,3.51439479,3.51439479,0,1.8594959,1.8594959
Synthetic OLS-LAD,LAD,0,18,X2,-2.8240163,-2.8240163,0,-0.9534743595,-0.9534743595
Synthetic OLS-LAD,LAD,0,18,X3,2.858173855,2.858173855,0,0.2610328408,0.2610328408
Synthetic OLS-LAD,OLS,0,19,Intercept,5.738223699,5.738223699,0,,
Synthetic OLS-LAD,OLS,0,19,X1,3.260888032,3.260888032,0,1.725363338,1.725363338
Synthetic OLS-LAD,OLS,0,19,X2,-2.479908369,-2.479908369,0,-0.8372929873,-0.8372929873
Synthetic OLS-LAD,OLS,0,19,X3,2.811407793,2.811407793,0,0.2567617647,0.2567617647
Synthetic OLS-LAD,LAD,0,19,Intercept,5.273086362,5.273086362,0,,
Synthetic OLS-LAD,LAD,0,19,X1,3.51439479,3.51439479,0,1.8594959,1.8594959
Synthetic OLS-LAD,LAD,0,19,X2,-2.8240163,-2.8240163,0,-0.9534743595,-0.9534743595
Synthetic OLS-LAD,LAD,0,19,X3,2.858173855,2.858173855,0,0.2610328408,0.2610328408
Synthetic OLS-LAD,OLS,0,20,Intercept,5.738223699,5.738223699,0,,
Synthetic OLS-LAD,OLS,0,20,X1,3.260888032,3.260888032,0,1.725363338,1.725363338
Synthetic OLS-LAD,OLS,0,20,X2,-2.479908369,-2.479908369,0,-0.8372929873,-0.8372929873
Synthetic OLS-LAD,OLS,0,20,X3,2.811407793,2.811407793,0,0.2567617647,0.2567617647
Synthetic OLS-LAD,LAD,0,20,Intercept,5.273086362,5.273086362,0,,
Synthetic OLS-LAD,LAD,0,20,X1,3.51439479,3.51439479,0,1.8594959,1.8594959
Synthetic OLS-LAD,LAD,0,20,X2,-2.8240163,-2.8240163,0,-0.9534743595,-0.9534743595
Synthetic OLS-LAD,LAD,0,20,X3,2.858173855,2.858173855,0,0.2610328408,0.2610328408
Synthetic OLS-LAD,OLS,0,21,Intercept,5.738223699,5.738223699,0,,
Synthetic OLS-LAD,OLS,0,21,X1,3.260888032,3.260888032,0,1.725363338,1.725363338
Synthetic OLS-LAD,OLS,0,21,X2,-2.479908369,-2.479908369,0,-0.8372929873,-0.8372929873
Synthetic OLS-LAD,OLS,0,21,X3,2.811407793,2.811407793,0,0.2567617647,0.2567617647
Synthetic OLS-LAD,LAD,0,21,Intercept,5.273086362,5.273086362,0,,
Synthetic OLS-LAD,LAD,0,21,X1,3.51439479,3.51439479,0,1.8594959,1.8594959
Synthetic OLS-LAD,LAD,0,21,X2,-2.8240163,-2.8240163,0,-0.9534743595,-0.9534743595
Synthetic OLS-LAD,LAD,0,21,X3,2.858173855,2.858173855,0,0.2610328408,0.2610328408
Synthetic OLS-LAD,OLS,0,22,Intercept,5.738223699,5.738223699,0,,
Synthetic OLS-LAD,OLS,0,22,X1,3.260888032,3.260888032,0,1.725363338,1.725363338
Synthetic OLS-LAD,OLS,0,22,X2,-2.479908369,-2.479908369,0,-0.8372929873,-0.8372929873
Synthetic OLS-LAD,OLS,0,22,X3,2.811407793,2.811407793,0,0.2567617647,0.2567617647
Synthetic OLS-LAD,LAD,0,22,Intercept,5.273086362,5.273086362,0,,
Synthetic OLS-LAD,LAD,0,22,X1,3.51439479,3.51439479,0,1.8594959,1.8594959
Synthetic OLS-LAD,LAD,0,22,X2,-2.8240163,-2.8240163,0,-0.9534743595,-0.9534743595
Synthetic OLS-LAD,LAD,0,22,X3,2.858173855,2.858173855,0,0.2610328408,0.2610328408
Synthetic OLS-LAD,OLS,0,23,Intercept,5.738223699,5.738223699,0,,
Synthetic OLS-LAD,OLS,0,23,X1,3.260888032,3.260888032,0,1.725363338,1.725363338
Synthetic OLS-LAD,OLS,0,23,X2,-2.479908369,-2.479908369,0,-0.8372929873,-0.8372929873
Synthetic OLS-LAD,OLS,0,23,X3,2.811407793,2.811407793,0,0.2567617647,0.2567617647
Synthetic OLS-LAD,LAD,0,23,Intercept,5.273086362,5.273086362,0,,
Synthetic OLS-LAD,LAD,0,23,X1,3.51439479,3.51439479,0,1.8594959,1.8594959
Synthetic OLS-LAD,LAD,0,23,X2,-2.8240163,-2.8240163,0,-0.9534743595,-0.9534743595
Synthetic OLS-LAD,LAD,0,23,X3,2.858173855,2.858173855,0,0.2610328408,0.2610328408
Synthetic OLS-LAD,OLS,0,24,Intercept,5.738223699,5.738223699,0,,
Synthetic OLS-LAD,OLS,0,24,X1,3.260888032,3.260888032,0,1.725363338,1.725363338
Synthetic OLS-LAD,OLS,0,24,X2,-2.479908369,-2.479908369,0,-0.8372929873,-0.8372929873
Synthetic OLS-LAD,OLS,0,24,X3,2.811407793,2.811407793,0,0.2567617647,0.2567617647
Synthetic OLS-LAD,LAD,0,24,Intercept,5.273086362,5.273086362,0,,
Synthetic OLS-LAD,LAD,0,24,X1,3.51439479,3.51439479,0,1.8594959,1.8594959
Synthetic OLS-LAD,LAD,0,24,X2,-2.8240163,-2.8240163,0,-0.9534743595,-0.9534743595
Synthetic OLS-LAD,LAD,0,24,X3,2.858173855,2.858173855,0,0.2610328408,0.2610328408
Synthetic OLS-LAD,OLS,0,25,Intercept,5.738223699,5.738223699,0,,
Synthetic OLS-LAD,OLS,0,25,X1,3.260888032,3.260888032,0,1.725363338,1.725363338
Synthetic OLS-LAD,OLS,0,25,X2,-2.479908369,-2.479908369,0,-0.8372929873,-0.8372929873
Synthetic OLS-LAD,OLS,0,25,X3,2.811407793,2.811407793,0,0.2567617647,0.2567617647
Synthetic OLS-LAD,LAD,0,25,Intercept,5.273086362,5.273086362,0,,
Synthetic OLS-LAD,LAD,0,25,X1,3.51439479,3.51439479,0,1.8594959,1.8594959
Synthetic OLS-LAD,LAD,0,25,X2,-2.8240163,-2.8240163,0,-0.9534743595,-0.9534743595
Synthetic OLS-LAD,LAD,0,25,X3,2.858173855,2.858173855,0,0.2610328408,0.2610328408
Synthetic OLS-LAD,OLS,0,26,Intercept,5.738223699,5.738223699,0,,
Synthetic OLS-LAD,OLS,0,26,X1,3.260888032,3.260888032,0,1.725363338,1.725363338
Synthetic OLS-LAD,OLS,0,26,X2,-2.479908369,-2.479908369,0,-0.8372929873,-0.8372929873
Synthetic OLS-LAD,OLS,0,26,X3,2.811407793,2.811407793,0,0.2567617647,0.2567617647
Synthetic OLS-LAD,LAD,0,26,Intercept,5.273086362,5.273086362,0,,
Synthetic OLS-LAD,LAD,0,26,X1,3.51439479,3.51439479,0,1.8594959,1.8594959
Synthetic OLS-LAD,LAD,0,26,X2,-2.8240163,-2.8240163,0,-0.9534743595,-0.9534743595
Synthetic OLS-LAD,LAD,0,26,X3,2.858173855,2.858173855,0,0.2610328408,0.2610328408
Synthetic OLS-LAD,OLS,0,27,Intercept,5.738223699,5.738223699,0,,
Synthetic OLS-LAD,OLS,0,27,X1,3.260888032,3.260888032,0,1.725363338,1.725363338
Synthetic OLS-LAD,OLS,0,27,X2,-2.479908369,-2.479908369,0,-0.8372929873,-0.8372929873
Synthetic OLS-LAD,OLS,0,27,X3,2.811407793,2.811407793,0,0.2567617647,0.2567617647
Synthetic OLS-LAD,LAD,0,27,Intercept,5.273086362,5.273086362,0,,
Synthetic OLS-LAD,LAD,0,27,X1,3.51439479,3.51439479,0,1.8594959,1.8594959
Synthetic OLS-LAD,LAD,0,27,X2,-2.8240163,-2.8240163,0,-0.9534743595,-0.9534743595
Synthetic OLS-LAD,LAD,0,27,X3,2.858173855,2.858173855,0,0.2610328408,0.2610328408
Synthetic OLS-LAD,OLS,0,28,Intercept,5.738223699,5.738223699,0,,
Synthetic OLS-LAD,OLS,0,28,X1,3.260888032,3.260888032,0,1.725363338,1.725363338
Synthetic OLS-LAD,OLS,0,28,X2,-2.479908369,-2.479908369,0,-0.8372929873,-0.8372929873
Synthetic OLS-LAD,OLS,0,28,X3,2.811407793,2.811407793,0,0.2567617647,0.2567617647
Synthetic OLS-LAD,LAD,0,28,Intercept,5.273086362,5.273086362,0,,
Synthetic OLS-LAD,LAD,0,28,X1,3.51439479,3.51439479,0,1.8594959,1.8594959
Synthetic OLS-LAD,LAD,0,28,X2,-2.8240163,-2.8240163,0,-0.9534743595,-0.9534743595
Synthetic OLS-LAD,LAD,0,28,X3,2.858173855,2.858173855,0,0.2610328408,0.2610328408
Synthetic OLS-LAD,OLS,0,29,Intercept,5.738223699,5.738223699,0,,
Synthetic OLS-LAD,OLS,0,29,X1,3.260888032,3.260888032,0,1.725363338,1.725363338
Synthetic OLS-LAD,OLS,0,29,X2,-2.479908369,-2.479908369,0,-0.8372929873,-0.8372929873
Synthetic OLS-LAD,OLS,0,29,X3,2.811407793,2.811407793,0,0.2567617647,0.2567617647
Synthetic OLS-LAD,LAD,0,29,Intercept,5.273086362,5.273086362,0,,
Synthetic OLS-LAD,LAD,0,29,X1,3.51439479,3.51439479,0,1.8594959,1.8594959
Synthetic OLS-LAD,LAD,0,29,X2,-2.8240163,-2.8240163,0,-0.9534743595,-0.9534743595
Synthetic OLS-LAD,LAD,0,29,X3,2.858173855,2.858173855,0,0.2610328408,0.2610328408
Synthetic OLS-LAD,OLS,0,30,Intercept,5.738223699,5.738223699,0,,
Synthetic OLS-LAD,OLS,0,30,X1,3.260888032,3.260888032,0,1.725363338,1.725363338
Synthetic OLS-LAD,OLS,0,30,X2,-2.479908369,-2.479908369,0,-0.8372929873,-0.8372929873
Synthetic OLS-LAD,OLS,0,30,X3,2.811407793,2.811407793,0,0.2567617647,0.2567617647
Synthetic OLS-LAD,LAD,0,30,Intercept,5.273086362,5.273086362,0,,
Synthetic OLS-LAD,LAD,0,30,X1,3.51439479,3.51439479,0,1.8594959,1.8594959
Synthetic OLS-LAD,LAD,0,30,X2,-2.8240163,-2.8240163,0,-0.9534743595,-0.9534743595
Synthetic OLS-LAD,LAD,0,30,X3,2.858173855,2.858173855,0,0.2610328408,0.2610328408
Synthetic OLS-LAD,OLS,0.05,1,Intercept,6.520230693,5.738223699,0.7820069944,,
Synthetic OLS-LAD,OLS,0.05,1,X1,13.72464417,3.260888032,10.46375613,7.261824888,1.725363338
Synthetic OLS-LAD,OLS,0.05,1,X2,-18.49905179,-2.479908369,-16.01914342,-6.245846228,-0.8372929873
Synthetic OLS-LAD,OLS,0.05,1,X3,12.91118809,2.811407793,10.0997803,1.179159938,0.2567617647
Synthetic OLS-LAD,LAD,0.05,1,Intercept,5.292824444,5.273086362,0.01973808209,,
Synthetic OLS-LAD,LAD,0.05,1,X1,3.507609776,3.51439479,-0.006785014019,1.855905892,1.8594959
Synthetic OLS-LAD,LAD,0.05,1,X2,-2.824880384,-2.8240163,-0.0008640836809,-0.9537661006,-0.9534743595
Synthetic OLS-LAD,LAD,0.05,1,X3,2.829460112,2.858173855,-0.02871374233,0.2584104567,0.2610328408
Synthetic OLS-LAD,OLS,0.05,2,Intercept,1.079802449,5.738223699,-4.65842125,,
Synthetic OLS-LAD,OLS,0.05,2,X1,2.7302243,3.260888032,-0.5306637314,1.444584685,1.725363338
Synthetic OLS-LAD,OLS,0.05,2,X2,-0.8736737977,-2.479908369,1.606234572,-0.2949790214,-0.8372929873
Synthetic OLS-LAD,OLS,0.05,2,X3,4.128111027,2.811407793,1.316703234,0.3770143467,0.2567617647
Synthetic OLS-LAD,LAD,0.05,2,Intercept,4.973544733,5.273086362,-0.299541629,,
Synthetic OLS-LAD,LAD,0.05,2,X1,3.42735976,3.51439479,-0.08703503056,1.813444932,1.8594959
Synthetic OLS-LAD,LAD,0.05,2,X2,-2.636600446,-2.8240163,0.1874158543,-0.8901970294,-0.9534743595
Synthetic OLS-LAD,LAD,0.05,2,X3,2.93076171,2.858173855,0.07258785527,0.2676621836,0.2610328408
Synthetic OLS-LAD,OLS,0.05,3,Intercept,8.772556754,5.738223699,3.034333055,,
Synthetic OLS-LAD,OLS,0.05,3,X1,0.7774583998,3.260888032,-2.483429632,0.4113597911,1.725363338
Synthetic OLS-LAD,OLS,0.05,3,X2,1.233424415,-2.479908369,3.713332785,0.4164418436,-0.8372929873
Synthetic OLS-LAD,OLS,0.05,3,X3,0.3025305061,2.811407793,-2.508877287,0.02762966896,0.2567617647
Synthetic OLS-LAD,LAD,0.05,3,Intercept,5.433209856,5.273086362,0.1601234941,,
Synthetic OLS-LAD,LAD,0.05,3,X1,3.384792908,3.51439479,-0.1296018824,1.790922452,1.8594959
Synthetic OLS-LAD,LAD,0.05,3,X2,-2.610200745,-2.8240163,0.2138155551,-0.8812836822,-0.9534743595
Synthetic OLS-LAD,LAD,0.05,3,X3,2.740274756,2.858173855,-0.1178990988,0.2502652885,0.2610328408
Synthetic OLS-LAD,OLS,0.05,4,Intercept,2.362396709,5.738223699,-3.37582699,,
Synthetic OLS-LAD,OLS,0.05,4,X1,2.733848611,3.260888032,-0.5270394202,1.446502339,1.725363338
Synthetic OLS-LAD,OLS,0.05,4,X2,-0.8884331024,-2.479908369,1.591475267,-0.2999622145,-0.8372929873
Synthetic OLS-LAD,OLS,0.05,4,X3,5.481233478,2.811407793,2.669825686,0.5005930426,0.2567617647
Synthetic OLS-LAD,LAD,0.05,4,Intercept,5.021139563,5.273086362,-0.2519467986,,
Synthetic OLS-LAD,LAD,0.05,4,X1,3.429917064,3.51439479,-0.08447772603,1.814798023,1.8594959
Synthetic OLS-LAD,LAD,0.05,4,X2,-2.647259574,-2.8240163,0.1767567263,-0.8937958773,-0.9534743595
Synthetic OLS-LAD,LAD,0.05,4,X3,2.956767596,2.858173855,0.09859374151,0.2700372632,0.2610328408
Synthetic OLS-LAD,OLS,0.05,5,Intercept,9.816293391,5.738223699,4.078069692,,
Synthetic OLS-LAD,OLS,0.05,5,X1,7.809032582,3.260888032,4.54814455,4.131824947,1.725363338
Synthetic OLS-LAD,OLS,0.05,5,X2,-9.358823667,-2.479908369,-6.878915297,-3.159825388,-0.8372929873
Synthetic OLS-LAD,OLS,0.05,5,X3,8.529265021,2.811407793,5.717857229,0.7789653086,0.2567617647
Synthetic OLS-LAD,LAD,0.05,5,Intercept,5.253071537,5.273086362,-0.0200148248,,
Synthetic OLS-LAD,LAD,0.05,5,X1,3.530156621,3.51439479,0.01576183038,1.867835617,1.8594959
Synthetic OLS-LAD,LAD,0.05,5,X2,-2.843628225,-2.8240163,-0.01961192509,-0.9600959458,-0.9534743595
Synthetic OLS-LAD,LAD,0.05,5,X3,2.84533137,2.858173855,-0.01284248486,0.2598599555,0.2610328408
Synthetic OLS-LAD,OLS,0.05,6,Intercept,-3.809897128,5.738223699,-9.548120826,,
Synthetic OLS-LAD,OLS,0.05,6,X1,9.186619121,3.260888032,5.92573109,4.860717594,1.725363338
Synthetic OLS-LAD,OLS,0.05,6,X2,-10.5304931,-2.479908369,-8.05058473,-3.555416859,-0.8372929873
Synthetic OLS-LAD,OLS,0.05,6,X3,7.754815084,2.811407793,4.943407291,0.7082359277,0.2567617647
Synthetic OLS-LAD,LAD,0.05,6,Intercept,5.169945475,5.273086362,-0.1031408868,,
Synthetic OLS-LAD,LAD,0.05,6,X1,3.608943053,3.51439479,0.09454826287,1.909522183,1.8594959
Synthetic OLS-LAD,LAD,0.05,6,X2,-2.973189126,-2.8240163,-0.1491728261,-1.003839672,-0.9534743595
Synthetic OLS-LAD,LAD,0.05,6,X3,2.908495779,2.858173855,0.05032192441,0.2656286686,0.2610328408
Synthetic OLS-LAD,OLS,0.05,7,Intercept,-4.262892859,5.738223699,-10.00111656,,
Synthetic OLS-LAD,OLS,0.05,7,X1,8.625173186,3.260888032,5.364285154,4.563651819,1.725363338
Synthetic OLS-LAD,OLS,0.05,7,X2,-8.986048191,-2.479908369,-6.506139821,-3.033964975,-0.8372929873
Synthetic OLS-LAD,OLS,0.05,7,X3,3.688070487,2.811407793,0.8766626942,0.3368260873,0.2567617647
Synthetic OLS-LAD,LAD,0.05,7,Intercept,5.232184784,5.273086362,-0.04090157741,,
Synthetic OLS-LAD,LAD,0.05,7,X1,3.547018699,3.51439479,0.03262390808,1.876757485,1.8594959
Synthetic OLS-LAD,LAD,0.05,7,X2,-2.870813756,-2.8240163,-0.04679745609,-0.9692746134,-0.9534743595
Synthetic OLS-LAD,LAD,0.05,7,X3,2.857977658,2.858173855,-0.0001961961591,0.2610149225,0.2610328408
Synthetic OLS-LAD,OLS,0.05,8,Intercept,8.423576837,5.738223699,2.685353138,,
Synthetic OLS-LAD,OLS,0.05,8,X1,4.47632268,3.260888032,1.215434648,2.368460053,1.725363338
Synthetic OLS-LAD,OLS,0.05,8,X2,-4.048886422,-2.479908369,-1.568978052,-1.367028012,-0.8372929873
Synthetic OLS-LAD,OLS,0.05,8,X3,6.004645227,2.811407793,3.193237435,0.5483954727,0.2567617647
Synthetic OLS-LAD,LAD,0.05,8,Intercept,5.356469922,5.273086362,0.08338356048,,
Synthetic OLS-LAD,LAD,0.05,8,X1,3.447304782,3.51439479,-0.06709000806,1.823998011,1.8594959
Synthetic OLS-LAD,LAD,0.05,8,X2,-2.719164127,-2.8240163,0.104852173,-0.9180730559,-0.9534743595
Synthetic OLS-LAD,LAD,0.05,8,X3,2.821942996,2.858173855,-0.03623085812,0.2577239295,0.2610328408
Synthetic OLS-LAD,OLS,0.05,9,Intercept,7.629725995,5.738223699,1.891502296,,
Synthetic OLS-LAD,OLS,0.05,9,X1,4.424739287,3.260888032,1.163851256,2.341166845,1.725363338
Synthetic OLS-LAD,OLS,0.05,9,X2,-3.920264071,-2.479908369,-1.440355701,-1.323601168,-0.8372929873
Synthetic OLS-LAD,OLS,0.05,9,X3,0.09119113241,2.811407793,-2.72021666,0.008328352845,0.2567617647
Synthetic OLS-LAD,LAD,0.05,9,Intercept,4.975817677,5.273086362,-0.2972686846,,
Synthetic OLS-LAD,LAD,0.05,9,X1,3.414392229,3.51439479,-0.100002561,1.806583702,1.8594959
Synthetic OLS-LAD,LAD,0.05,9,X2,-2.619201304,-2.8240163,0.2048149962,-0.8843225464,-0.9534743595
Synthetic OLS-LAD,LAD,0.05,9,X3,2.89644374,2.858173855,0.03826988548,0.2645279735,0.2610328408
Synthetic OLS-LAD,OLS,0.05,10,Intercept,14.61788747,5.738223699,8.879663769,,
Synthetic OLS-LAD,OLS,0.05,10,X1,0.4594483039,3.260888032,-2.801439728,0.2430979695,1.725363338
Synthetic OLS-LAD,OLS,0.05,10,X2,1.632040766,-2.479908369,4.111949136,0.5510269272,-0.8372929873
Synthetic OLS-LAD,OLS,0.05,10,X3,6.135207202,2.811407793,3.323799409,0.560319507,0.2567617647
Synthetic OLS-LAD,LAD,0.05,10,Intercept,5.002913745,5.273086362,-0.2701726171,,
Synthetic OLS-LAD,LAD,0.05,10,X1,3.42754519,3.51439479,-0.08684960048,1.813543045,1.8594959
Synthetic OLS-LAD,LAD,0.05,10,X2,-2.646708174,-2.8240163,0.1773081262,-0.8936097079,-0.9534743595
Synthetic OLS-LAD,LAD,0.05,10,X3,2.929266963,2.858173855,0.07109310888,0.2675256706,0.2610328408
Synthetic OLS-LAD,OLS,0.05,11,Intercept,-11.58288464,5.738223699,-17.32110834,,
Synthetic OLS-LAD,OLS,0.05,11,X1,4.111054788,3.260888032,0.850166757,2.175193733,1.725363338
Synthetic OLS-LAD,OLS,0.05,11,X2,-3.050304755,-2.479908369,-0.5703963857,-1.02987627,-0.8372929873
Synthetic OLS-LAD,OLS,0.05,11,X3,-1.879271337,2.811407793,-4.69067913,-0.1716311046,0.2567617647
Synthetic OLS-LAD,LAD,0.05,11,Intercept,5.27696213,5.273086362,0.003875767828,,
Synthetic OLS-LAD,LAD,0.05,11,X1,3.51660648,3.51439479,0.002211689856,1.860666124,1.8594959
Synthetic OLS-LAD,LAD,0.05,11,X2,-2.832361199,-2.8240163,-0.008344898933,-0.9562918529,-0.9534743595
Synthetic OLS-LAD,LAD,0.05,11,X3,2.835793105,2.858173855,-0.02238074952,0.2589888397,0.2610328408
Synthetic OLS-LAD,OLS,0.05,12,Intercept,14.81622266,5.738223699,9.077998957,,
Synthetic OLS-LAD,OLS,0.05,12,X1,2.815956825,3.260888032,-0.4449312066,1.489946487,1.725363338
Synthetic OLS-LAD,OLS,0.05,12,X2,-1.608044728,-2.479908369,0.8718636418,-0.5429251299,-0.8372929873
Synthetic OLS-LAD,OLS,0.05,12,X3,5.763909923,2.811407793,2.952502131,0.5264094692,0.2567617647
Synthetic OLS-LAD,LAD,0.05,12,Intercept,5.407543383,5.273086362,0.1344570214,,
Synthetic OLS-LAD,LAD,0.05,12,X1,3.395233572,3.51439479,-0.1191612189,1.796446695,1.8594959
Synthetic OLS-LAD,LAD,0.05,12,X2,-2.627716316,-2.8240163,0.1962999843,-0.8871974751,-0.9534743595
Synthetic OLS-LAD,LAD,0.05,12,X3,2.842377479,2.858173855,-0.01579637549,0.2595901809,0.2610328408
Synthetic OLS-LAD,OLS,0.05,13,Intercept,11.63143519,5.738223699,5.893211494,,
Synthetic OLS-LAD,OLS,0.05,13,X1,3.793114429,3.260888032,0.5322263976,2.00696881,1.725363338
Synthetic OLS-LAD,OLS,0.05,13,X2,-4.262183945,-2.479908369,-1.782275575,-1.439043785,-0.8372929873
Synthetic OLS-LAD,OLS,0.05,13,X3,7.769438978,2.811407793,4.958031186,0.7095715067,0.2567617647
Synthetic OLS-LAD,LAD,0.05,13,Intercept,5.30396404,5.273086362,0.03087767774,,
Synthetic OLS-LAD,LAD,0.05,13,X1,3.490078379,3.51439479,-0.02431641165,1.846629882,1.8594959
Synthetic OLS-LAD,LAD,0.05,13,X2,-2.793760192,-2.8240163,0.0302561081,-0.9432589711,-0.9534743595
Synthetic OLS-LAD,LAD,0.05,13,X3,2.877986474,2.858173855,0.01981261954,0.2628422984,0.2610328408
Synthetic OLS-LAD,OLS,0.05,14,Intercept,6.852702498,5.738223699,1.114478799,,
Synthetic OLS-LAD,OLS,0.05,14,X1,5.013841051,3.260888032,1.752953019,2.652865553,1.725363338
Synthetic OLS-LAD,OLS,0.05,14,X2,-6.258382367,-2.479908369,-3.778473998,-2.113021486,-0.8372929873
Synthetic OLS-LAD,OLS,0.05,14,X3,1.360664346,2.811407793,-1.450743447,0.1242674861,0.2567617647
Synthetic OLS-LAD,LAD,0.05,14,Intercept,5.741622146,5.273086362,0.4685357842,,
Synthetic OLS-LAD,LAD,0.05,14,X1,3.534513814,3.51439479,0.02011902396,1.870141045,1.8594959
Synthetic OLS-LAD,LAD,0.05,14,X2,-2.921920796,-2.8240163,-0.09790449606,-0.9865299147,-0.9534743595
Synthetic OLS-LAD,LAD,0.05,14,X3,2.921518528,2.858173855,0.06334467303,0.2668180172,0.2610328408
Synthetic OLS-LAD,OLS,0.05,15,Intercept,3.619366972,5.738223699,-2.118856727,,
Synthetic OLS-LAD,OLS,0.05,15,X1,2.933580035,3.260888032,-0.3273079965,1.552181918,1.725363338
Synthetic OLS-LAD,OLS,0.05,15,X2,-2.127275088,-2.479908369,0.3526332811,-0.7182331958,-0.8372929873
Synthetic OLS-LAD,OLS,0.05,15,X3,0.9279492761,2.811407793,-1.883458516,0.08474825116,0.2567617647
Synthetic OLS-LAD,LAD,0.05,15,Intercept,5.43839611,5.273086362,0.1653097476,,
Synthetic OLS-LAD,LAD,0.05,15,X1,3.425045206,3.51439479,-0.08934958471,1.812220282,1.8594959
Synthetic OLS-LAD,LAD,0.05,15,X2,-2.75622743,-2.8240163,0.06778887058,-0.9305867614,-0.9534743595
Synthetic OLS-LAD,LAD,0.05,15,X3,2.771340957,2.858173855,-0.08683289802,0.2531025192,0.2610328408
Synthetic OLS-LAD,OLS,0.05,16,Intercept,-1.190915104,5.738223699,-6.929138803,,
Synthetic OLS-LAD,OLS,0.05,16,X1,5.473431577,3.260888032,2.212543545,2.896038773,1.725363338
Synthetic OLS-LAD,OLS,0.05,16,X2,-4.634747122,-2.479908369,-2.154838752,-1.56483252,-0.8372929873
Synthetic OLS-LAD,OLS,0.05,16,X3,2.167292615,2.811407793,-0.6441151778,0.1979356669,0.2567617647
Synthetic OLS-LAD,LAD,0.05,16,Intercept,5.273086362,5.273086362,7.105427358e-15,,
Synthetic OLS-LAD,LAD,0.05,16,X1,3.51439479,3.51439479,-6.661338148e-15,1.8594959,1.8594959
Synthetic OLS-LAD,LAD,0.05,16,X2,-2.8240163,-2.8240163,1.154631946e-14,-0.9534743595,-0.9534743595
Synthetic OLS-LAD,LAD,0.05,16,X3,2.858173855,2.858173855,1.376676551e-14,0.2610328408,0.2610328408
Synthetic OLS-LAD,OLS,0.05,17,Intercept,-17.61408154,5.738223699,-23.35230524,,
Synthetic OLS-LAD,OLS,0.05,17,X1,6.502727591,3.260888032,3.241839559,3.440647968,1.725363338
Synthetic OLS-LAD,OLS,0.05,17,X2,-4.07739647,-2.479908369,-1.597488101,-1.376653877,-0.8372929873
Synthetic OLS-LAD,OLS,0.05,17,X3,3.51000464,2.811407793,0.6985968471,0.3205635938,0.2567617647
Synthetic OLS-LAD,LAD,0.05,17,Intercept,4.750451026,5.273086362,-0.5226353363,,
Synthetic OLS-LAD,LAD,0.05,17,X1,3.486288249,3.51439479,-0.02810654114,1.844624492,1.8594959
Synthetic OLS-LAD,LAD,0.05,17,X2,-2.698510476,-2.8240163,0.1255058245,-0.9110997508,-0.9534743595
Synthetic OLS-LAD,LAD,0.05,17,X3,2.829459208,2.858173855,-0.02871464627,0.2584103742,0.2610328408
Synthetic OLS-LAD,OLS,0.05,18,Intercept,0.4446033478,5.738223699,-5.293620351,,
Synthetic OLS-LAD,OLS,0.05,18,X1,5.731719782,3.260888032,2.47083175,3.032701239,1.725363338
Synthetic OLS-LAD,OLS,0.05,18,X2,-5.535599574,-2.479908369,-3.055691204,-1.868987887,-0.8372929873
Synthetic OLS-LAD,OLS,0.05,18,X3,2.885680255,2.811407793,0.0742724628,0.2635449602,0.2567617647
Synthetic OLS-LAD,LAD,0.05,18,Intercept,5.273086362,5.273086362,1.421085472e-14,,
Synthetic OLS-LAD,LAD,0.05,18,X1,3.51439479,3.51439479,-2.220446049e-15,1.8594959,1.8594959
Synthetic OLS-LAD,LAD,0.05,18,X2,-2.8240163,-2.8240163,5.329070518e-15,-0.9534743595,-0.9534743595
Synthetic OLS-LAD,LAD,0.05,18,X3,2.858173855,2.858173855,1.865174681e-14,0.2610328408,0.2610328408
Synthetic OLS-LAD,OLS,0.05,19,Intercept,0.8479368297,5.738223699,-4.890286869,,
Synthetic OLS-LAD,OLS,0.05,19,X1,2.854970108,3.260888032,-0.4059179238,1.510588743,1.725363338
Synthetic OLS-LAD,OLS,0.05,19,X2,-0.4720462761,-2.479908369,2.007862093,-0.1593772744,-0.8372929873
Synthetic OLS-LAD,OLS,0.05,19,X3,0.9458828944,2.811407793,-1.865524898,0.08638610231,0.2567617647
Synthetic OLS-LAD,LAD,0.05,19,Intercept,5.356469922,5.273086362,0.08338356048,,
Synthetic OLS-LAD,LAD,0.05,19,X1,3.447304782,3.51439479,-0.06709000806,1.823998011,1.8594959
Synthetic OLS-LAD,LAD,0.05,19,X2,-2.719164127,-2.8240163,0.104852173,-0.9180730559,-0.9534743595
Synthetic OLS-LAD,LAD,0.05,19,X3,2.821942996,2.858173855,-0.03623085812,0.2577239295,0.2610328408
Synthetic OLS-LAD,OLS,0.05,20,Intercept,28.78437475,5.738223699,23.04615105,,
Synthetic OLS-LAD,OLS,0.05,20,X1,-4.084692203,3.260888032,-7.345580235,-2.161245067,1.725363338
Synthetic OLS-LAD,OLS,0.05,20,X2,7.10803457,-2.479908369,9.587942939,2.399890081,-0.8372929873
Synthetic OLS-LAD,OLS,0.05,20,X3,2.828704637,2.811407793,0.01729684452,0.2583414603,0.2567617647
Synthetic OLS-LAD,LAD,0.05,20,Intercept,5.126519329,5.273086362,-0.1465670325,,
Synthetic OLS-LAD,LAD,0.05,20,X1,3.422790869,3.51439479,-0.09160392156,1.811027493,1.8594959
Synthetic OLS-LAD,LAD,0.05,20,X2,-2.651024322,-2.8240163,0.1729919783,-0.8950669715,-0.9534743595
Synthetic OLS-LAD,LAD,0.05,20,X3,2.985528359,2.858173855,0.1273545039,0.2726639415,0.2610328408
Synthetic OLS-LAD,OLS,0.05,21,Intercept,15.63074709,5.738223699,9.892523391,,
Synthetic OLS-LAD,OLS,0.05,21,X1,1.501477643,3.260888032,-1.759410388,0.7944444743,1.725363338
Synthetic OLS-LAD,OLS,0.05,21,X2,-0.9158488518,-2.479908369,1.564059518,-0.3092186109,-0.8372929873
Synthetic OLS-LAD,OLS,0.05,21,X3,0.05422861779,2.811407793,-2.757179175,0.004952620407,0.2567617647
Synthetic OLS-LAD,LAD,0.05,21,Intercept,5.960080993,5.273086362,0.6869946311,,
Synthetic OLS-LAD,LAD,0.05,21,X1,3.432565731,3.51439479,-0.08182905984,1.816199455,1.8594959
Synthetic OLS-LAD,LAD,0.05,21,X2,-2.789173497,-2.8240163,0.03484280288,-0.9417103625,-0.9534743595
Synthetic OLS-LAD,LAD,0.05,21,X3,2.937290836,2.858173855,0.07911698094,0.2682584791,0.2610328408
Synthetic OLS-LAD,OLS,0.05,22,Intercept,11.13382564,5.738223699,5.395601938,,
Synthetic OLS-LAD,OLS,0.05,22,X1,0.9370261255,3.260888032,-2.323861906,0.4957884195,1.725363338
Synthetic OLS-LAD,OLS,0.05,22,X2,0.5191681222,-2.479908369,2.999076492,0.1752870522,-0.8372929873
Synthetic OLS-LAD,OLS,0.05,22,X3,0.1944167607,2.811407793,-2.616991032,0.01775579861,0.2567617647
Synthetic OLS-LAD,LAD,0.05,22,Intercept,5.356538657,5.273086362,0.0834522956,,
Synthetic OLS-LAD,LAD,0.05,22,X1,3.447268259,3.51439479,-0.06712653124,1.823978687,1.8594959
Synthetic OLS-LAD,LAD,0.05,22,X2,-2.719124271,-2.8240163,0.1048920294,-0.9180595991,-0.9534743595
Synthetic OLS-LAD,LAD,0.05,22,X3,2.821840205,2.858173855,-0.03633364932,0.2577145417,0.2610328408
Synthetic OLS-LAD,OLS,0.05,23,Intercept,-9.364765552,5.738223699,-15.10298925,,
Synthetic OLS-LAD,OLS,0.05,23,X1,5.965362534,3.260888032,2.704474503,3.156323588,1.725363338
Synthetic OLS-LAD,OLS,0.05,23,X2,-5.225522626,-2.479908369,-2.745614257,-1.764296417,-0.8372929873
Synthetic OLS-LAD,OLS,0.05,23,X3,0.7776580724,2.811407793,-2.03374972,0.07102237518,0.2567617647
Synthetic OLS-LAD,LAD,0.05,23,Intercept,5.204613013,5.273086362,-0.06847334928,,
Synthetic OLS-LAD,LAD,0.05,23,X1,3.533570358,3.51439479,0.01917556724,1.869641854,1.8594959
Synthetic OLS-LAD,LAD,0.05,23,X2,-2.841368144,-2.8240163,-0.01735184358,-0.9593328731,-0.9534743595
Synthetic OLS-LAD,LAD,0.05,23,X3,2.835429045,2.858173855,-0.02274480988,0.2589555906,0.2610328408
Synthetic OLS-LAD,OLS,0.05,24,Intercept,-12.57169696,5.738223699,-18.30992066,,
Synthetic OLS-LAD,OLS,0.05,24,X1,6.651084467,3.260888032,3.390196436,3.519144842,1.725363338
Synthetic OLS-LAD,OLS,0.05,24,X2,-6.453190263,-2.479908369,-3.973281893,-2.178794595,-0.8372929873
Synthetic OLS-LAD,OLS,0.05,24,X3,-0.9579862758,2.811407793,-3.769394068,-0.08749148645,0.2567617647
Synthetic OLS-LAD,LAD,0.05,24,Intercept,5.006016948,5.273086362,-0.2670694139,,
Synthetic OLS-LAD,LAD,0.05,24,X1,3.456598703,3.51439479,-0.05779608767,1.828915503,1.8594959
Synthetic OLS-LAD,LAD,0.05,24,X2,-2.684460349,-2.8240163,0.1395559508,-0.906355998,-0.9534743595
Synthetic OLS-LAD,LAD,0.05,24,X3,2.932249348,2.858173855,0.07407549386,0.2677980474,0.2610328408
Synthetic OLS-LAD,OLS,0.05,25,Intercept,4.089881368,5.738223699,-1.648342331,,
Synthetic OLS-LAD,OLS,0.05,25,X1,3.878705725,3.260888032,0.6178176935,2.052255886,1.725363338
Synthetic OLS-LAD,OLS,0.05,25,X2,-4.144339645,-2.479908369,-1.664431275,-1.399255942,-0.8372929873
Synthetic OLS-LAD,OLS,0.05,25,X3,2.755085763,2.811407793,-0.05632202968,0.2516179561,0.2567617647
Synthetic OLS-LAD,LAD,0.05,25,Intercept,5.271760528,5.273086362,-0.00132583346,,
Synthetic OLS-LAD,LAD,0.05,25,X1,3.525963436,3.51439479,0.01156864552,1.865616968,1.8594959
Synthetic OLS-LAD,LAD,0.05,25,X2,-2.85695741,-2.8240163,-0.0329411097,-0.9645962866,-0.9534743595
Synthetic OLS-LAD,LAD,0.05,25,X3,2.843371773,2.858173855,-0.01480208175,0.2596809883,0.2610328408
Synthetic OLS-LAD,OLS,0.05,26,Intercept,7.513797424,5.738223699,1.775573725,,
Synthetic OLS-LAD,OLS,0.05,26,X1,4.856595647,3.260888032,1.595707616,2.569665684,1.725363338
Synthetic OLS-LAD,OLS,0.05,26,X2,-4.955421243,-2.479908369,-2.475512873,-1.67310192,-0.8372929873
Synthetic OLS-LAD,OLS,0.05,26,X3,-2.940408945,2.811407793,-5.751816738,-0.2685432515,0.2567617647
Synthetic OLS-LAD,LAD,0.05,26,Intercept,5.223450695,5.273086362,-0.04963566682,,
Synthetic OLS-LAD,LAD,0.05,26,X1,3.504112537,3.51439479,-0.01028225353,1.854055473,1.8594959
Synthetic OLS-LAD,LAD,0.05,26,X2,-2.811039797,-2.8240163,0.01297650328,-0.9490930947,-0.9534743595
Synthetic OLS-LAD,LAD,0.05,26,X3,2.805369964,2.858173855,-0.05280389094,0.2562103387,0.2610328408
Synthetic OLS-LAD,OLS,0.05,27,Intercept,8.265514688,5.738223699,2.527290989,,
Synthetic OLS-LAD,OLS,0.05,27,X1,3.662277768,3.260888032,0.4013897366,1.93774203,1.725363338
Synthetic OLS-LAD,OLS,0.05,27,X2,-2.838810635,-2.479908369,-0.3589022658,-0.9584693799,-0.8372929873
Synthetic OLS-LAD,OLS,0.05,27,X3,3.013918615,2.811407793,0.2025108222,0.2752567822,0.2567617647
Synthetic OLS-LAD,LAD,0.05,27,Intercept,5.273086362,5.273086362,7.105427358e-15,,
Synthetic OLS-LAD,LAD,0.05,27,X1,3.51439479,3.51439479,-1.021405183e-14,1.8594959,1.8594959
Synthetic OLS-LAD,LAD,0.05,27,X2,-2.8240163,-2.8240163,1.598721155e-14,-0.9534743595,-0.9534743595
Synthetic OLS-LAD,LAD,0.05,27,X3,2.858173855,2.858173855,1.154631946e-14,0.2610328408,0.2610328408
Synthetic OLS-LAD,OLS,0.05,28,Intercept,-17.107668,5.738223699,-22.84589169,,
Synthetic OLS-LAD,OLS,0.05,28,X1,9.605854063,3.260888032,6.344966032,5.082538335,1.725363338
Synthetic OLS-LAD,OLS,0.05,28,X2,-10.43994438,-2.479908369,-7.960036011,-3.524844839,-0.8372929873
Synthetic OLS-LAD,OLS,0.05,28,X3,2.008855305,2.811407793,-0.8025524876,0.183465819,0.2567617647
Synthetic OLS-LAD,LAD,0.05,28,Intercept,5.326984352,5.273086362,0.0538979903,,
Synthetic OLS-LAD,LAD,0.05,28,X1,3.524949716,3.51439479,0.01055492604,1.8650806,1.8594959
Synthetic OLS-LAD,LAD,0.05,28,X2,-2.847075482,-2.8240163,-0.02305918206,-0.9612598453,-0.9534743595
Synthetic OLS-LAD,LAD,0.05,28,X3,2.860435187,2.858173855,0.002261332821,0.2612393651,0.2610328408
Synthetic OLS-LAD,OLS,0.05,29,Intercept,17.27610307,5.738223699,11.53787938,,
Synthetic OLS-LAD,OLS,0.05,29,X1,8.595125659,3.260888032,5.334237628,4.547753419,1.725363338
Synthetic OLS-LAD,OLS,0.05,29,X2,-11.53227203,-2.479908369,-9.052363658,-3.893648094,-0.8372929873
Synthetic OLS-LAD,OLS,0.05,29,X3,7.57767659,2.811407793,4.766268798,0.692058128,0.2567617647
Synthetic OLS-LAD,LAD,0.05,29,Intercept,5.461956819,5.273086362,0.188870457,,
Synthetic OLS-LAD,LAD,0.05,29,X1,3.547461854,3.51439479,0.03306706389,1.876991962,1.8594959
Synthetic OLS-LAD,LAD,0.05,29,X2,-2.886778298,-2.8240163,-0.06276199795,-0.9746647314,-0.9534743595
Synthetic OLS-LAD,LAD,0.05,29,X3,2.926925688,2.858173855,0.06875183388,0.2673118453,0.2610328408
Synthetic OLS-LAD,OLS,0.05,30,Intercept,5.870737749,5.738223699,0.1325140498,,
Synthetic OLS-LAD,OLS,0.05,30,X1,2.435945464,3.260888032,-0.8249425679,1.288879273,1.725363338
Synthetic OLS-LAD,OLS,0.05,30,X2,-1.160091589,-2.479908369,1.31981678,-0.3916824364,-0.8372929873
Synthetic OLS-LAD,OLS,0.05,30,X3,3.073157032,2.811407793,0.2617492392,0.2806669402,0.2567617647
Synthetic OLS-LAD,LAD,0.05,30,Intercept,5.25837549,5.273086362,-0.01471087221,,
Synthetic OLS-LAD,LAD,0.05,30,X1,3.527215457,3.51439479,0.01282066618,1.866279423,1.8594959
Synthetic OLS-LAD,LAD,0.05,30,X2,-2.858506652,-2.8240163,-0.03449035143,-0.9651193581,-0.9534743595
Synthetic OLS-LAD,LAD,0.05,30,X3,2.92656118,2.858173855,0.06838732571,0.2672785553,0.2610328408
Synthetic OLS-LAD,OLS,0.1,1,Intercept,17.05865566,5.738223699,11.32043196,,
Synthetic OLS-LAD,OLS,0.1,1,X1,3.424962259,3.260888032,0.1640742276,1.812176394,1.725363338
Synthetic OLS-LAD,OLS,0.1,1,X2,-3.860950432,-2.479908369,-1.381042062,-1.303575068,-0.8372929873
Synthetic OLS-LAD,OLS,0.1,1,X3,4.459635789,2.811407793,1.648227997,0.4072920187,0.2567617647
Synthetic OLS-LAD,LAD,0.1,1,Intercept,5.259253015,5.273086362,-0.01383334716,,
Synthetic OLS-LAD,LAD,0.1,1,X1,3.506500852,3.51439479,-0.007893938686,1.855319151,1.8594959
Synthetic OLS-LAD,LAD,0.1,1,X2,-2.79423178,-2.8240163,0.02978451989,-0.9434181937,-0.9534743595
Synthetic OLS-LAD,LAD,0.1,1,X3,2.938054975,2.858173855,0.07988112074,0.2683282668,0.2610328408
Synthetic OLS-LAD,OLS,0.1,2,Intercept,8.437586597,5.738223699,2.699362898,,
Synthetic OLS-LAD,OLS,0.1,2,X1,7.982816363,3.260888032,4.721928332,4.223775411,1.725363338
Synthetic OLS-LAD,OLS,0.1,2,X2,-12.26017258,-2.479908369,-9.780264215,-4.139409606,-0.8372929873
Synthetic OLS-LAD,OLS,0.1,2,X3,5.30684911,2.811407793,2.495441317,0.4846667731,0.2567617647
Synthetic OLS-LAD,LAD,0.1,2,Intercept,5.458327688,5.273086362,0.1852413264,,
Synthetic OLS-LAD,LAD,0.1,2,X1,3.426527092,3.51439479,-0.08786769891,1.81300436,1.8594959
Synthetic OLS-LAD,LAD,0.1,2,X2,-2.760168061,-2.8240163,0.06384823916,-0.9319172393,-0.9534743595
Synthetic OLS-LAD,LAD,0.1,2,X3,2.778920793,2.858173855,-0.07925306186,0.2537947745,0.2610328408
Synthetic OLS-LAD,OLS,0.1,3,Intercept,24.99223443,5.738223699,19.25401073,,
Synthetic OLS-LAD,OLS,0.1,3,X1,1.740256103,3.260888032,-1.520631929,0.9207841694,1.725363338
Synthetic OLS-LAD,OLS,0.1,3,X2,-1.800232231,-2.479908369,0.6796761387,-0.6078135148,-0.8372929873
Synthetic OLS-LAD,OLS,0.1,3,X3,16.9492484,2.811407793,14.13784061,1.547950085,0.2567617647
Synthetic OLS-LAD,LAD,0.1,3,Intercept,5.424116729,5.273086362,0.1510303674,,
Synthetic OLS-LAD,LAD,0.1,3,X1,3.424128595,3.51439479,-0.09026619531,1.811735295,1.8594959
Synthetic OLS-LAD,LAD,0.1,3,X2,-2.684969087,-2.8240163,0.1390472137,-0.9065277632,-0.9534743595
Synthetic OLS-LAD,LAD,0.1,3,X3,3.088502132,2.858173855,0.2303282774,0.2820683858,0.2610328408
Synthetic OLS-LAD,OLS,0.1,4,Intercept,13.89226169,5.738223699,8.154037987,,
Synthetic OLS-LAD,OLS,0.1,4,X1,-2.023103566,3.260888032,-5.283991598,-1.070441146,1.725363338
Synthetic OLS-LAD,OLS,0.1,4,X2,4.213395083,-2.479908369,6.693303452,1.422571172,-0.8372929873
Synthetic OLS-LAD,OLS,0.1,4,X3,0.8730600925,2.811407793,-1.9383477,0.07973530225,0.2567617647
Synthetic OLS-LAD,LAD,0.1,4,Intercept,5.356469922,5.273086362,0.08338356048,,
Synthetic OLS-LAD,LAD,0.1,4,X1,3.447304782,3.51439479,-0.06709000806,1.823998011,1.8594959
Synthetic OLS-LAD,LAD,0.1,4,X2,-2.719164127,-2.8240163,0.104852173,-0.9180730559,-0.9534743595
Synthetic OLS-LAD,LAD,0.1,4,X3,2.821942996,2.858173855,-0.03623085812,0.2577239295,0.2610328408
Synthetic OLS-LAD,OLS,0.1,5,Intercept,7.051416444,5.738223699,1.313192746,,
Synthetic OLS-LAD,OLS,0.1,5,X1,2.067028245,3.260888032,-1.193859787,1.093682063,1.725363338
Synthetic OLS-LAD,OLS,0.1,5,X2,-1.208435895,-2.479908369,1.271472475,-0.408004954,-0.8372929873
Synthetic OLS-LAD,OLS,0.1,5,X3,-0.4135893415,2.811407793,-3.224997134,-0.03777251008,0.2567617647
Synthetic OLS-LAD,LAD,0.1,5,Intercept,5.356538657,5.273086362,0.0834522956,,
Synthetic OLS-LAD,LAD,0.1,5,X1,3.447268259,3.51439479,-0.06712653124,1.823978687,1.8594959
Synthetic OLS-LAD,LAD,0.1,5,X2,-2.719124271,-2.8240163,0.1048920294,-0.9180595991,-0.9534743595
Synthetic OLS-LAD,LAD,0.1,5,X3,2.821840205,2.858173855,-0.03633364932,0.2577145417,0.2610328408
Synthetic OLS-LAD,OLS,0.1,6,Intercept,21.58777456,5.738223699,15.84955087,,
Synthetic OLS-LAD,OLS,0.1,6,X1,0.6502417648,3.260888032,-2.610646267,0.3440483975,1.725363338
Synthetic OLS-LAD,OLS,0.1,6,X2,-0.3257849113,-2.479908369,2.154123458,-0.1099949599,-0.8372929873
Synthetic OLS-LAD,OLS,0.1,6,X3,0.25089031,2.811407793,-2.560517483,0.02291344533,0.2567617647
Synthetic OLS-LAD,LAD,0.1,6,Intercept,5.989896239,5.273086362,0.7168098767,,
Synthetic OLS-LAD,LAD,0.1,6,X1,3.433972722,3.51439479,-0.0804220689,1.816943906,1.8594959
Synthetic OLS-LAD,LAD,0.1,6,X2,-2.750481794,-2.8240163,0.07353450597,-0.928646859,-0.9534743595
Synthetic OLS-LAD,LAD,0.1,6,X3,2.828354957,2.858173855,-0.02981889748,0.2583095245,0.2610328408
Synthetic OLS-LAD,OLS,0.1,7,Intercept,39.9788113,5.738223699,34.2405876,,
Synthetic OLS-LAD,OLS,0.1,7,X1,-2.147122565,3.260888032,-5.408010597,-1.136060643,1.725363338
Synthetic OLS-LAD,OLS,0.1,7,X2,2.484376015,-2.479908369,4.964284384,0.8388014012,-0.8372929873
Synthetic OLS-LAD,OLS,0.1,7,X3,7.323542515,2.811407793,4.512134722,0.6688484343,0.2567617647
Synthetic OLS-LAD,LAD,0.1,7,Intercept,6.040601601,5.273086362,0.7675152392,,
Synthetic OLS-LAD,LAD,0.1,7,X1,3.364053049,3.51439479,-0.1503417414,1.779948818,1.8594959
Synthetic OLS-LAD,LAD,0.1,7,X2,-2.698322039,-2.8240163,0.1256942616,-0.9110361287,-0.9534743595
Synthetic OLS-LAD,LAD,0.1,7,X3,3.042753953,2.858173855,0.1845800982,0.2778902714,0.2610328408
Synthetic OLS-LAD,OLS,0.1,8,Intercept,2.818425774,5.738223699,-2.919797924,,
Synthetic OLS-LAD,OLS,0.1,8,X1,9.083635433,3.260888032,5.822747401,4.806228057,1.725363338
Synthetic OLS-LAD,OLS,0.1,8,X2,-11.39524601,-2.479908369,-8.915337637,-3.847383914,-0.8372929873
Synthetic OLS-LAD,OLS,0.1,8,X3,4.944014369,2.811407793,2.132606576,0.4515296065,0.2567617647
Synthetic OLS-LAD,LAD,0.1,8,Intercept,5.229657537,5.273086362,-0.04342882502,,
Synthetic OLS-LAD,LAD,0.1,8,X1,3.529825844,3.51439479,0.01543105394,1.867660601,1.8594959
Synthetic OLS-LAD,LAD,0.1,8,X2,-2.823273767,-2.8240163,0.0007425328746,-0.9532236577,-0.9534743595
Synthetic OLS-LAD,LAD,0.1,8,X3,2.918978514,2.858173855,0.06080465984,0.2665860416,0.2610328408
Synthetic OLS-LAD,OLS,0.1,9,Intercept,9.915041091,5.738223699,4.176817392,,
Synthetic OLS-LAD,OLS,0.1,9,X1,3.086915667,3.260888032,-0.173972365,1.633313093,1.725363338
Synthetic OLS-LAD,OLS,0.1,9,X2,-2.64095314,-2.479908369,-0.1610447703,-0.8916666321,-0.8372929873
Synthetic OLS-LAD,OLS,0.1,9,X3,2.604339327,2.811407793,-0.2070684652,0.2378505045,0.2567617647
Synthetic OLS-LAD,LAD,0.1,9,Intercept,4.98544003,5.273086362,-0.2876463324,,
Synthetic OLS-LAD,LAD,0.1,9,X1,3.392508029,3.51439479,-0.121886761,1.795004588,1.8594959
Synthetic OLS-LAD,LAD,0.1,9,X2,-2.590517343,-2.8240163,0.2334989568,-0.8746379632,-0.9534743595
Synthetic OLS-LAD,LAD,0.1,9,X3,2.814883403,2.858173855,-0.04329045146,0.2570791872,0.2610328408
Synthetic OLS-LAD,OLS,0.1,10,Intercept,27.27027541,5.738223699,21.53205171,,
Synthetic OLS-LAD,OLS,0.1,10,X1,0.2847002215,3.260888032,-2.97618781,0.1506372864,1.725363338
Synthetic OLS-LAD,OLS,0.1,10,X2,-1.095401251,-2.479908369,1.384507119,-0.3698409977,-0.8372929873
Synthetic OLS-LAD,OLS,0.1,10,X3,3.379624562,2.811407793,0.5682167691,0.3086561718,0.2567617647
Synthetic OLS-LAD,LAD,0.1,10,Intercept,5.874535943,5.273086362,0.6014495811,,
Synthetic OLS-LAD,LAD,0.1,10,X1,3.491713331,3.51439479,-0.02268145935,1.847494949,1.8594959
Synthetic OLS-LAD,LAD,0.1,10,X2,-2.86746049,-2.8240163,-0.04344419005,-0.9681424481,-0.9534743595
Synthetic OLS-LAD,LAD,0.1,10,X3,2.98039361,2.858173855,0.122219755,0.2721949924,0.2610328408
Synthetic OLS-LAD,OLS,0.1,11,Intercept,9.478665308,5.738223699,3.74044161,,
Synthetic OLS-LAD,OLS,0.1,11,X1,6.592556847,3.260888032,3.331668815,3.488177384,1.725363338
Synthetic OLS-LAD,OLS,0.1,11,X2,-8.387464617,-2.479908369,-5.907556247,-2.831864835,-0.8372929873
Synthetic OLS-LAD,OLS,0.1,11,X3,4.455407943,2.811407793,1.644000151,0.4069058958,0.2567617647
Synthetic OLS-LAD,LAD,0.1,11,Intercept,5.195474325,5.273086362,-0.07761203645,,
Synthetic OLS-LAD,LAD,0.1,11,X1,3.534214147,3.51439479,0.01981935641,1.869982489,1.8594959
Synthetic OLS-LAD,LAD,0.1,11,X2,-2.84094192,-2.8240163,-0.01692561975,-0.9591889669,-0.9534743595
Synthetic OLS-LAD,LAD,0.1,11,X3,2.833561587,2.858173855,-0.02461226771,0.2587850384,0.2610328408
Synthetic OLS-LAD,OLS,0.1,12,Intercept,-12.08801742,5.738223699,-17.82624112,,
Synthetic OLS-LAD,OLS,0.1,12,X1,6.694570957,3.260888032,3.433682925,3.54215391,1.725363338
Synthetic OLS-LAD,OLS,0.1,12,X2,-5.983281341,-2.479908369,-3.503372972,-2.020138957,-0.8372929873
Synthetic OLS-LAD,OLS,0.1,12,X3,0.05150521237,2.811407793,-2.75990258,0.004703895769,0.2567617647
Synthetic OLS-LAD,LAD,0.1,12,Intercept,5.529895951,5.273086362,0.2568095888,,
Synthetic OLS-LAD,LAD,0.1,12,X1,3.536402953,3.51439479,0.02200816224,1.871140604,1.8594959
Synthetic OLS-LAD,LAD,0.1,12,X2,-2.903648599,-2.8240163,-0.07963229868,-0.9803606615,-0.9534743595
Synthetic OLS-LAD,LAD,0.1,12,X3,2.930196235,2.858173855,0.0720223801,0.2676105395,0.2610328408
Synthetic OLS-LAD,OLS,0.1,13,Intercept,-15.83819326,5.738223699,-21.57641696,,
Synthetic OLS-LAD,OLS,0.1,13,X1,13.21333871,3.260888032,9.952450679,6.991288863,1.725363338
Synthetic OLS-LAD,OLS,0.1,13,X2,-16.8001773,-2.479908369,-14.32026894,-5.672254191,-0.8372929873
Synthetic OLS-LAD,OLS,0.1,13,X3,15.66049462,2.811407793,12.84908683,1.430250085,0.2567617647
Synthetic OLS-LAD,LAD,0.1,13,Intercept,5.060500766,5.273086362,-0.212585596,,
Synthetic OLS-LAD,LAD,0.1,13,X1,3.505499258,3.51439479,-0.008895532482,1.854789199,1.8594959
Synthetic OLS-LAD,LAD,0.1,13,X2,-2.798724073,-2.8240163,0.02529222682,-0.9449349294,-0.9534743595
Synthetic OLS-LAD,LAD,0.1,13,X3,3.071198358,2.858173855,0.2130245035,0.2804880574,0.2610328408
Synthetic OLS-LAD,OLS,0.1,14,Intercept,-27.43380832,5.738223699,-33.17203202,,
Synthetic OLS-LAD,OLS,0.1,14,X1,12.68837119,3.260888032,9.427483154,6.713524121,1.725363338
Synthetic OLS-LAD,OLS,0.1,14,X2,-11.11845513,-2.479908369,-8.638546758,-3.75393084,-0.8372929873
Synthetic OLS-LAD,OLS,0.1,14,X3,6.577017078,2.811407793,3.765609286,0.6006693573,0.2567617647
Synthetic OLS-LAD,LAD,0.1,14,Intercept,5.168057756,5.273086362,-0.1050286056,,
Synthetic OLS-LAD,LAD,0.1,14,X1,3.578374289,3.51439479,0.06397949889,1.893347992,1.8594959
Synthetic OLS-LAD,LAD,0.1,14,X2,-2.883721517,-2.8240163,-0.05970521648,-0.9736326684,-0.9534743595
Synthetic OLS-LAD,LAD,0.1,14,X3,2.879272928,2.858173855,0.02109907336,0.2629597884,0.2610328408
Synthetic OLS-LAD,OLS,0.1,15,Intercept,6.912744866,5.738223699,1.174521167,,
Synthetic OLS-LAD,OLS,0.1,15,X1,5.146326762,3.260888032,1.88543873,2.722964859,1.725363338
Synthetic OLS-LAD,OLS,0.1,15,X2,-4.895917181,-2.479908369,-2.416008812,-1.653011528,-0.8372929873
Synthetic OLS-LAD,OLS,0.1,15,X3,7.110271358,2.811407793,4.298863566,0.6493706913,0.2567617647
Synthetic OLS-LAD,LAD,0.1,15,Intercept,5.516161758,5.273086362,0.2430753961,,
Synthetic OLS-LAD,LAD,0.1,15,X1,3.511622817,3.51439479,-0.002771973404,1.858029226,1.8594959
Synthetic OLS-LAD,LAD,0.1,15,X2,-2.855898623,-2.8240163,-0.03188232229,-0.9642388076,-0.9534743595
Synthetic OLS-LAD,LAD,0.1,15,X3,2.899092909,2.858173855,0.04091905465,0.2647699183,0.2610328408
Synthetic OLS-LAD,OLS,0.1,16,Intercept,2.895149123,5.738223699,-2.843074576,,
Synthetic OLS-LAD,OLS,0.1,16,X1,6.923490271,3.260888032,3.662602239,3.663277048,1.725363338
Synthetic OLS-LAD,OLS,0.1,16,X2,-8.040780784,-2.479908369,-5.560872415,-2.714813759,-0.8372929873
Synthetic OLS-LAD,OLS,0.1,16,X3,3.987160913,2.811407793,1.17575312,0.3641415788,0.2567617647
Synthetic OLS-LAD,LAD,0.1,16,Intercept,5.32191587,5.273086362,0.04882950791,,
Synthetic OLS-LAD,LAD,0.1,16,X1,3.578316763,3.51439479,0.06392197267,1.893317555,1.8594959
Synthetic OLS-LAD,LAD,0.1,16,X2,-2.94382925,-2.8240163,-0.1198129499,-0.9939268794,-0.9534743595
Synthetic OLS-LAD,LAD,0.1,16,X3,2.917657669,2.858173855,0.05948381484,0.2664654107,0.2610328408
Synthetic OLS-LAD,OLS,0.1,17,Intercept,-24.90056206,5.738223699,-30.63878576,,
Synthetic OLS-LAD,OLS,0.1,17,X1,3.951420911,3.260888032,0.6905328798,2.090730104,1.725363338
Synthetic OLS-LAD,OLS,0.1,17,X2,0.7833932569,-2.479908369,3.263301626,0.2644975469,-0.8372929873
Synthetic OLS-LAD,OLS,0.1,17,X3,-11.98690051,2.811407793,-14.7983083,-1.094746104,0.2567617647
Synthetic OLS-LAD,LAD,0.1,17,Intercept,5.053738567,5.273086362,-0.2193477951,,
Synthetic OLS-LAD,LAD,0.1,17,X1,3.427350472,3.51439479,-0.08704431879,1.813440017,1.8594959
Synthetic OLS-LAD,LAD,0.1,17,X2,-2.649731523,-2.8240163,0.174284777,-0.8946304831,-0.9534743595
Synthetic OLS-LAD,LAD,0.1,17,X3,2.671869857,2.858173855,-0.1863039978,0.244017969,0.2610328408
Synthetic OLS-LAD,OLS,0.1,18,Intercept,13.83419082,5.738223699,8.095967121,,
Synthetic OLS-LAD,OLS,0.1,18,X1,-1.080081361,3.260888032,-4.340969393,-0.5714801503,1.725363338
Synthetic OLS-LAD,OLS,0.1,18,X2,5.185471919,-2.479908369,7.665380289,1.750774072,-0.8372929873
Synthetic OLS-LAD,OLS,0.1,18,X3,8.276649537,2.811407793,5.465241744,0.7558943056,0.2567617647
Synthetic OLS-LAD,LAD,0.1,18,Intercept,5.273086362,5.273086362,1.065814104e-14,,
Synthetic OLS-LAD,LAD,0.1,18,X1,3.51439479,3.51439479,-5.773159728e-15,1.8594959,1.8594959
Synthetic OLS-LAD,LAD,0.1,18,X2,-2.8240163,-2.8240163,1.199040867e-14,-0.9534743595,-0.9534743595
Synthetic OLS-LAD,LAD,0.1,18,X3,2.858173855,2.858173855,1.598721155e-14,0.2610328408,0.2610328408
Synthetic OLS-LAD,OLS,0.1,19,Intercept,3.526867881,5.738223699,-2.211355818,,
Synthetic OLS-LAD,OLS,0.1,19,X1,-0.6128925103,3.260888032,-3.873780542,-0.3242865922,1.725363338
Synthetic OLS-LAD,OLS,0.1,19,X2,5.814450645,-2.479908369,8.294359015,1.963136546,-0.8372929873
Synthetic OLS-LAD,OLS,0.1,19,X3,2.421879631,2.811407793,-0.3895281617,0.221186727,0.2567617647
Synthetic OLS-LAD,LAD,0.1,19,Intercept,4.85460774,5.273086362,-0.4184786216,,
Synthetic OLS-LAD,LAD,0.1,19,X1,3.360669813,3.51439479,-0.1537249775,1.778158719,1.8594959
Synthetic OLS-LAD,LAD,0.1,19,X2,-2.505817185,-2.8240163,0.3181991149,-0.8460405967,-0.9534743595
Synthetic OLS-LAD,LAD,0.1,19,X3,2.769772283,2.858173855,-0.08840157128,0.2529592545,0.2610328408
Synthetic OLS-LAD,OLS,0.1,20,Intercept,28.5250697,5.738223699,22.786846,,
Synthetic OLS-LAD,OLS,0.1,20,X1,4.460310775,3.260888032,1.199422744,2.359988019,1.725363338
Synthetic OLS-LAD,OLS,0.1,20,X2,-8.169957511,-2.479908369,-5.690049142,-2.758427777,-0.8372929873
Synthetic OLS-LAD,OLS,0.1,20,X3,4.704751404,2.811407793,1.893343611,0.4296780696,0.2567617647
Synthetic OLS-LAD,LAD,0.1,20,Intercept,6.126319014,5.273086362,0.8532326526,,
Synthetic OLS-LAD,LAD,0.1,20,X1,3.531081336,3.51439479,0.0166865456,1.868324892,1.8594959
Synthetic OLS-LAD,LAD,0.1,20,X2,-2.955120548,-2.8240163,-0.1311042477,-0.9977391672,-0.9534743595
Synthetic OLS-LAD,LAD,0.1,20,X3,2.905751528,2.858173855,0.04757767392,0.2653780403,0.2610328408
Synthetic OLS-LAD,OLS,0.1,21,Intercept,-1.203378662,5.738223699,-6.941602361,,
Synthetic OLS-LAD,OLS,0.1,21,X1,6.714500216,3.260888032,3.453612184,3.552698649,1.725363338
Synthetic OLS-LAD,OLS,0.1,21,X2,-6.256668029,-2.479908369,-3.77675966,-2.112442673,-0.8372929873
Synthetic OLS-LAD,OLS,0.1,21,X3,-0.8804599652,2.811407793,-3.691867758,-0.08041112181,0.2567617647
Synthetic OLS-LAD,LAD,0.1,21,Intercept,5.253071537,5.273086362,-0.0200148248,,
Synthetic OLS-LAD,LAD,0.1,21,X1,3.530156621,3.51439479,0.01576183038,1.867835617,1.8594959
Synthetic OLS-LAD,LAD,0.1,21,X2,-2.843628225,-2.8240163,-0.01961192509,-0.9600959458,-0.9534743595
Synthetic OLS-LAD,LAD,0.1,21,X3,2.84533137,2.858173855,-0.01284248486,0.2598599555,0.2610328408
Synthetic OLS-LAD,OLS,0.1,22,Intercept,27.0090162,5.738223699,21.2707925,,
Synthetic OLS-LAD,OLS,0.1,22,X1,3.796594452,3.260888032,0.5357064208,2.008810119,1.725363338
Synthetic OLS-LAD,OLS,0.1,22,X2,-5.792664655,-2.479908369,-3.312756286,-1.955780929,-0.8372929873
Synthetic OLS-LAD,OLS,0.1,22,X3,11.61266144,2.811407793,8.801253651,1.060567397,0.2567617647
Synthetic OLS-LAD,LAD,0.1,22,Intercept,5.346988974,5.273086362,0.07390261211,,
Synthetic OLS-LAD,LAD,0.1,22,X1,3.422366116,3.51439479,-0.09202867484,1.810802753,1.8594959
Synthetic OLS-LAD,LAD,0.1,22,X2,-2.673563351,-2.8240163,0.1504529492,-0.9026768378,-0.9534743595
Synthetic OLS-LAD,LAD,0.1,22,X3,3.065411907,2.858173855,0.2072380522,0.2799595893,0.2610328408
Synthetic OLS-LAD,OLS,0.1,23,Intercept,-5.600580106,5.738223699,-11.3388038,,
Synthetic OLS-LAD,OLS,0.1,23,X1,7.600421541,3.260888032,4.33953351,4.021447088,1.725363338
Synthetic OLS-LAD,OLS,0.1,23,X2,-9.537993666,-2.479908369,-7.058085296,-3.220318665,-0.8372929873
Synthetic OLS-LAD,OLS,0.1,23,X3,13.13026244,2.811407793,10.31885465,1.199167679,0.2567617647
Synthetic OLS-LAD,LAD,0.1,23,Intercept,5.326984352,5.273086362,0.0538979903,,
Synthetic OLS-LAD,LAD,0.1,23,X1,3.524949716,3.51439479,0.01055492604,1.8650806,1.8594959
Synthetic OLS-LAD,LAD,0.1,23,X2,-2.847075482,-2.8240163,-0.02305918206,-0.9612598453,-0.9534743595
Synthetic OLS-LAD,LAD,0.1,23,X3,2.860435187,2.858173855,0.002261332821,0.2612393651,0.2610328408
Synthetic OLS-LAD,OLS,0.1,24,Intercept,-5.776974948,5.738223699,-11.51519865,,
Synthetic OLS-LAD,OLS,0.1,24,X1,-0.3370768236,3.260888032,-3.597964855,-0.178350188,1.725363338
Synthetic OLS-LAD,OLS,0.1,24,X2,3.986994939,-2.479908369,6.466903308,1.346131552,-0.8372929873
Synthetic OLS-LAD,OLS,0.1,24,X3,-0.03304441893,2.811407793,-2.844452211,-0.003017898486,0.2567617647
Synthetic OLS-LAD,LAD,0.1,24,Intercept,4.952267082,5.273086362,-0.3208192802,,
Synthetic OLS-LAD,LAD,0.1,24,X1,3.387608775,3.51439479,-0.1267860154,1.792412351,1.8594959
Synthetic OLS-LAD,LAD,0.1,24,X2,-2.579015324,-2.8240163,0.2450009763,-0.8707545293,-0.9534743595
Synthetic OLS-LAD,LAD,0.1,24,X3,2.814252221,2.858173855,-0.04392163382,0.2570215422,0.2610328408
Synthetic OLS-LAD,OLS,0.1,25,Intercept,4.657247606,5.738223699,-1.080976093,,
Synthetic OLS-LAD,OLS,0.1,25,X1,-1.815019582,3.260888032,-5.075907614,-0.9603421565,1.725363338
Synthetic OLS-LAD,OLS,0.1,25,X2,5.874854627,-2.479908369,8.354762997,1.983530779,-0.8372929873
Synthetic OLS-LAD,OLS,0.1,25,X3,-9.448574375,2.811407793,-12.25998217,-0.8629244883,0.2567617647
Synthetic OLS-LAD,LAD,0.1,25,Intercept,4.973177066,5.273086362,-0.2999092959,,
Synthetic OLS-LAD,LAD,0.1,25,X1,3.394799997,3.51439479,-0.1195947939,1.796217287,1.8594959
Synthetic OLS-LAD,LAD,0.1,25,X2,-2.580754079,-2.8240163,0.2432622212,-0.8713415862,-0.9534743595
Synthetic OLS-LAD,LAD,0.1,25,X3,2.658371751,2.858173855,-0.1998021038,0.2427852067,0.2610328408
Synthetic OLS-LAD,OLS,0.1,26,Intercept,-6.379574472,5.738223699,-12.11779817,,
Synthetic OLS-LAD,OLS,0.1,26,X1,2.133620085,3.260888032,-1.127267947,1.128916367,1.725363338
Synthetic OLS-LAD,OLS,0.1,26,X2,-1.088050605,-2.479908369,1.391857765,-0.3673591946,-0.8372929873
Synthetic OLS-LAD,OLS,0.1,26,X3,-15.02875411,2.811407793,-17.84016191,-1.372554148,0.2567617647
Synthetic OLS-LAD,LAD,0.1,26,Intercept,5.223450695,5.273086362,-0.04963566682,,
Synthetic OLS-LAD,LAD,0.1,26,X1,3.504112537,3.51439479,-0.01028225353,1.854055473,1.8594959
Synthetic OLS-LAD,LAD,0.1,26,X2,-2.811039797,-2.8240163,0.01297650328,-0.9490930947,-0.9534743595
Synthetic OLS-LAD,LAD,0.1,26,X3,2.805369964,2.858173855,-0.05280389094,0.2562103387,0.2610328408
Synthetic OLS-LAD,OLS,0.1,27,Intercept,-2.464994258,5.738223699,-8.203217957,,
Synthetic OLS-LAD,OLS,0.1,27,X1,8.30803404,3.260888032,5.047146008,4.395850824,1.725363338
Synthetic OLS-LAD,OLS,0.1,27,X2,-9.118116634,-2.479908369,-6.638208265,-3.078555324,-0.8372929873
Synthetic OLS-LAD,OLS,0.1,27,X3,8.155025626,2.811407793,5.343617834,0.7447865716,0.2567617647
Synthetic OLS-LAD,LAD,0.1,27,Intercept,5.27696213,5.273086362,0.003875767828,,
Synthetic OLS-LAD,LAD,0.1,27,X1,3.51660648,3.51439479,0.002211689856,1.860666124,1.8594959
Synthetic OLS-LAD,LAD,0.1,27,X2,-2.832361199,-2.8240163,-0.008344898933,-0.9562918529,-0.9534743595
Synthetic OLS-LAD,LAD,0.1,27,X3,2.835793105,2.858173855,-0.02238074952,0.2589888397,0.2610328408
Synthetic OLS-LAD,OLS,0.1,28,Intercept,26.0841848,5.738223699,20.34596111,,
Synthetic OLS-LAD,OLS,0.1,28,X1,-2.240009324,3.260888032,-5.500897355,-1.18520781,1.725363338
Synthetic OLS-LAD,OLS,0.1,28,X2,4.375346817,-2.479908369,6.855255186,1.477251035,-0.8372929873
Synthetic OLS-LAD,OLS,0.1,28,X3,1.579930891,2.811407793,-1.231476901,0.1442927792,0.2567617647
Synthetic OLS-LAD,LAD,0.1,28,Intercept,5.326984352,5.273086362,0.0538979903,,
Synthetic OLS-LAD,LAD,0.1,28,X1,3.524949716,3.51439479,0.01055492604,1.8650806,1.8594959
Synthetic OLS-LAD,LAD,0.1,28,X2,-2.847075482,-2.8240163,-0.02305918206,-0.9612598453,-0.9534743595
Synthetic OLS-LAD,LAD,0.1,28,X3,2.860435187,2.858173855,0.002261332821,0.2612393651,0.2610328408
Synthetic OLS-LAD,OLS,0.1,29,Intercept,7.631233717,5.738223699,1.893010018,,
Synthetic OLS-LAD,OLS,0.1,29,X1,2.148413716,3.260888032,-1.112474315,1.136743802,1.725363338
Synthetic OLS-LAD,OLS,0.1,29,X2,-0.3187219708,-2.479908369,2.161186399,-0.1076102949,-0.8372929873
Synthetic OLS-LAD,OLS,0.1,29,X3,9.711978708,2.811407793,6.900570915,0.8869808211,0.2567617647
Synthetic OLS-LAD,LAD,0.1,29,Intercept,5.356625767,5.273086362,0.08353940556,,
Synthetic OLS-LAD,LAD,0.1,29,X1,3.44717939,3.51439479,-0.06721540026,1.823931665,1.8594959
Synthetic OLS-LAD,LAD,0.1,29,X2,-2.718968157,-2.8240163,0.1050481432,-0.9180068903,-0.9534743595
Synthetic OLS-LAD,LAD,0.1,29,X3,2.82187528,2.858173855,-0.03629857412,0.2577177451,0.2610328408
Synthetic OLS-LAD,OLS,0.1,30,Intercept,-5.653681482,5.738223699,-11.39190518,,
Synthetic OLS-LAD,OLS,0.1,30,X1,10.80310147,3.260888032,7.542213443,5.71601203,1.725363338
Synthetic OLS-LAD,OLS,0.1,30,X2,-12.99871479,-2.479908369,-10.51880642,-4.388764067,-0.8372929873
Synthetic OLS-LAD,OLS,0.1,30,X3,12.99835405,2.811407793,10.18694625,1.187120678,0.2567617647
Synthetic OLS-LAD,LAD,0.1,30,Intercept,5.744796931,5.273086362,0.4717105695,,
Synthetic OLS-LAD,LAD,0.1,30,X1,3.587596474,3.51439479,0.07320168396,1.898227528,1.8594959
Synthetic OLS-LAD,LAD,0.1,30,X2,-2.967459635,-2.8240163,-0.1434433346,-1.001905221,-0.9534743595
Synthetic OLS-LAD,LAD,0.1,30,X3,3.07895234,2.858173855,0.2207784853,0.2811962172,0.2610328408
Synthetic OLS-LAD,OLS,0.2,1,Intercept,4.525738259,5.738223699,-1.21248544,,
Synthetic OLS-LAD,OLS,0.2,1,X1,14.22779835,3.260888032,10.96691032,7.528048008,1.725363338
Synthetic OLS-LAD,OLS,0.2,1,X2,-19.93958437,-2.479908369,-17.459676,-6.73221413,-0.8372929873
Synthetic OLS-LAD,OLS,0.2,1,X3,12.40258218,2.811407793,9.591174387,1.132709704,0.2567617647
Synthetic OLS-LAD,LAD,0.2,1,Intercept,5.32191587,5.273086362,0.04882950791,,
Synthetic OLS-LAD,LAD,0.2,1,X1,3.578316763,3.51439479,0.06392197267,1.893317555,1.8594959
Synthetic OLS-LAD,LAD,0.2,1,X2,-2.94382925,-2.8240163,-0.1198129499,-0.9939268794,-0.9534743595
Synthetic OLS-LAD,LAD,0.2,1,X3,2.917657669,2.858173855,0.05948381484,0.2664654107,0.2610328408
Synthetic OLS-LAD,OLS,0.2,2,Intercept,18.56335601,5.738223699,12.82513231,,
Synthetic OLS-LAD,OLS,0.2,2,X1,8.509429651,3.260888032,5.24854162,4.502410939,1.725363338
Synthetic OLS-LAD,OLS,0.2,2,X2,-11.7820848,-2.479908369,-9.302176432,-3.977992534,-0.8372929873
Synthetic OLS-LAD,OLS,0.2,2,X3,13.59092885,2.811407793,10.77952106,1.241239668,0.2567617647
Synthetic OLS-LAD,LAD,0.2,2,Intercept,5.28213709,5.273086362,0.009050728233,,
Synthetic OLS-LAD,LAD,0.2,2,X1,3.468143916,3.51439479,-0.04625087446,1.835024173,1.8594959
Synthetic OLS-LAD,LAD,0.2,2,X2,-2.752911538,-2.8240163,0.07110476191,-0.929467215,-0.9534743595
Synthetic OLS-LAD,LAD,0.2,2,X3,3.184870167,2.858173855,0.3266963122,0.2908695376,0.2610328408
Synthetic OLS-LAD,OLS,0.2,3,Intercept,5.777136279,5.738223699,0.03891257974,,
Synthetic OLS-LAD,OLS,0.2,3,X1,6.736245026,3.260888032,3.475356994,3.564204011,1.725363338
Synthetic OLS-LAD,OLS,0.2,3,X2,-7.595017384,-2.479908369,-5.115109015,-2.564310388,-0.8372929873
Synthetic OLS-LAD,OLS,0.2,3,X3,1.004473277,2.811407793,-1.806934515,0.09173707636,0.2567617647
Synthetic OLS-LAD,LAD,0.2,3,Intercept,5.259253015,5.273086362,-0.01383334716,,
Synthetic OLS-LAD,LAD,0.2,3,X1,3.506500852,3.51439479,-0.007893938686,1.855319151,1.8594959
Synthetic OLS-LAD,LAD,0.2,3,X2,-2.79423178,-2.8240163,0.02978451989,-0.9434181937,-0.9534743595
Synthetic OLS-LAD,LAD,0.2,3,X3,2.938054975,2.858173855,0.07988112074,0.2683282668,0.2610328408
Synthetic OLS-LAD,OLS,0.2,4,Intercept,-16.26581621,5.738223699,-22.00403991,,
Synthetic OLS-LAD,OLS,0.2,4,X1,-4.591379463,3.260888032,-7.852267494,-2.429337566,1.725363338
Synthetic OLS-LAD,OLS,0.2,4,X2,15.00354431,-2.479908369,17.48345268,5.06565589,-0.8372929873
Synthetic OLS-LAD,OLS,0.2,4,X3,-4.212424641,2.811407793,-7.023832433,-0.3847145858,0.2567617647
Synthetic OLS-LAD,LAD,0.2,4,Intercept,4.589101896,5.273086362,-0.6839844657,,
Synthetic OLS-LAD,LAD,0.2,4,X1,3.237862174,3.51439479,-0.2765326167,1.713180162,1.8594959
Synthetic OLS-LAD,LAD,0.2,4,X2,-2.266211357,-2.8240163,0.557804943,-0.7651423337,-0.9534743595
Synthetic OLS-LAD,LAD,0.2,4,X3,2.898455896,2.858173855,0.04028204179,0.2647117408,0.2610328408
Synthetic OLS-LAD,OLS,0.2,5,Intercept,15.04373356,5.738223699,9.305509862,,
Synthetic OLS-LAD,OLS,0.2,5,X1,10.21184624,3.260888032,6.95095821,5.403173904,1.725363338
Synthetic OLS-LAD,OLS,0.2,5,X2,-15.24771261,-2.479908369,-12.76780424,-5.148094582,-0.8372929873
Synthetic OLS-LAD,OLS,0.2,5,X3,15.50137189,2.811407793,12.6899641,1.415717639,0.2567617647
Synthetic OLS-LAD,LAD,0.2,5,Intercept,5.27696213,5.273086362,0.003875767828,,
Synthetic OLS-LAD,LAD,0.2,5,X1,3.51660648,3.51439479,0.002211689856,1.860666124,1.8594959
Synthetic OLS-LAD,LAD,0.2,5,X2,-2.832361199,-2.8240163,-0.008344898933,-0.9562918529,-0.9534743595
Synthetic OLS-LAD,LAD,0.2,5,X3,2.835793105,2.858173855,-0.02238074952,0.2589888397,0.2610328408
Synthetic OLS-LAD,OLS,0.2,6,Intercept,-8.680367807,5.738223699,-14.41859151,,
Synthetic OLS-LAD,OLS,0.2,6,X1,15.28516924,3.260888032,12.02428121,8.087511857,1.725363338
Synthetic OLS-LAD,OLS,0.2,6,X2,-20.35059474,-2.479908369,-17.87068637,-6.870983811,-0.8372929873
Synthetic OLS-LAD,OLS,0.2,6,X3,8.916351562,2.811407793,6.104943769,0.8143173567,0.2567617647
Synthetic OLS-LAD,LAD,0.2,6,Intercept,5.303183066,5.273086362,0.0300967044,,
Synthetic OLS-LAD,LAD,0.2,6,X1,3.617409363,3.51439479,0.1030145722,1.914001778,1.8594959
Synthetic OLS-LAD,LAD,0.2,6,X2,-2.989425664,-2.8240163,-0.1654093641,-1.009321625,-0.9534743595
Synthetic OLS-LAD,LAD,0.2,6,X3,2.968961927,2.858173855,0.1107880726,0.2711509536,0.2610328408
Synthetic OLS-LAD,OLS,0.2,7,Intercept,-3.981323713,5.738223699,-9.719547412,,
Synthetic OLS-LAD,OLS,0.2,7,X1,-5.678253467,3.260888032,-8.939141498,-3.004411761,1.725363338
Synthetic OLS-LAD,OLS,0.2,7,X2,10.86563838,-2.479908369,13.34554675,3.668572166,-0.8372929873
Synthetic OLS-LAD,OLS,0.2,7,X3,-19.53990407,2.811407793,-22.35131186,-1.78455088,0.2567617647
Synthetic OLS-LAD,LAD,0.2,7,Intercept,4.902726083,5.273086362,-0.3703602785,,
Synthetic OLS-LAD,LAD,0.2,7,X1,3.139818904,3.51439479,-0.3745758866,1.661304642,1.8594959
Synthetic OLS-LAD,LAD,0.2,7,X2,-2.226477193,-2.8240163,0.5975391078,-0.7517268632,-0.9534743595
Synthetic OLS-LAD,LAD,0.2,7,X3,2.294218816,2.858173855,-0.5639550382,0.2095276514,0.2610328408
Synthetic OLS-LAD,OLS,0.2,8,Intercept,7.481492935,5.738223699,1.743269236,,
Synthetic OLS-LAD,OLS,0.2,8,X1,3.92924152,3.260888032,0.668353488,2.0789948,1.725363338
Synthetic OLS-LAD,OLS,0.2,8,X2,-4.974544347,-2.479908369,-2.494635978,-1.679558466,-0.8372929873
Synthetic OLS-LAD,OLS,0.2,8,X3,-4.084685814,2.811407793,-6.896093606,-0.3730483855,0.2567617647
Synthetic OLS-LAD,LAD,0.2,8,Intercept,5.022206341,5.273086362,-0.2508800204,,
Synthetic OLS-LAD,LAD,0.2,8,X1,3.687962358,3.51439479,0.1735675671,1.951331963,1.8594959
Synthetic OLS-LAD,LAD,0.2,8,X2,-3.0918344,-2.8240163,-0.2678180994,-1.043897949,-0.9534743595
Synthetic OLS-LAD,LAD,0.2,8,X3,2.953710253,2.858173855,0.09553639799,0.2697580404,0.2610328408
Synthetic OLS-LAD,OLS,0.2,9,Intercept,34.71378551,5.738223699,28.97556181,,
Synthetic OLS-LAD,OLS,0.2,9,X1,-6.345407694,3.260888032,-9.606295725,-3.357408685,1.725363338
Synthetic OLS-LAD,OLS,0.2,9,X2,7.400141781,-2.479908369,9.88005015,2.498514419,-0.8372929873
Synthetic OLS-LAD,OLS,0.2,9,X3,-13.36712031,2.811407793,-16.17852811,-1.220799562,0.2567617647
Synthetic OLS-LAD,LAD,0.2,9,Intercept,5.652828962,5.273086362,0.3797425997,,
Synthetic OLS-LAD,LAD,0.2,9,X1,3.325794757,3.51439479,-0.1886000334,1.759706033,1.8594959
Synthetic OLS-LAD,LAD,0.2,9,X2,-2.628473271,-2.8240163,0.1955430291,-0.8874530464,-0.9534743595
Synthetic OLS-LAD,LAD,0.2,9,X3,2.20007539,2.858173855,-0.6580984647,0.2009296699,0.2610328408
Synthetic OLS-LAD,OLS,0.2,10,Intercept,28.24682378,5.738223699,22.50860008,,
Synthetic OLS-LAD,OLS,0.2,10,X1,-2.643208472,3.260888032,-5.904096503,-1.398543877,1.725363338
Synthetic OLS-LAD,OLS,0.2,10,X2,2.737800231,-2.479908369,5.217708601,0.9243651751,-0.8372929873
Synthetic OLS-LAD,OLS,0.2,10,X3,2.241835178,2.811407793,-0.5695726149,0.2047435303,0.2567617647
Synthetic OLS-LAD,LAD,0.2,10,Intercept,5.728375274,5.273086362,0.4552889124,,
Synthetic OLS-LAD,LAD,0.2,10,X1,3.184634045,3.51439479,-0.3297607453,1.685016711,1.8594959
Synthetic OLS-LAD,LAD,0.2,10,X2,-2.413233871,-2.8240163,0.4107824296,-0.8147816353,-0.9534743595
Synthetic OLS-LAD,LAD,0.2,10,X3,2.555206968,2.858173855,-0.302966887,0.2333633178,0.2610328408
Synthetic OLS-LAD,OLS,0.2,11,Intercept,14.61800082,5.738223699,8.87977712,,
Synthetic OLS-LAD,OLS,0.2,11,X1,3.618206829,3.260888032,0.3573187974,1.914423725,1.725363338
Synthetic OLS-LAD,OLS,0.2,11,X2,-4.821129791,-2.479908369,-2.341221422,-1.627761015,-0.8372929873
Synthetic OLS-LAD,OLS,0.2,11,X3,-0.8241793528,2.811407793,-3.635587145,-0.07527109573,0.2567617647
Synthetic OLS-LAD,LAD,0.2,11,Intercept,5.711646744,5.273086362,0.4385603823,,
Synthetic OLS-LAD,LAD,0.2,11,X1,3.616931762,3.51439479,0.1025369711,1.913749076,1.8594959
Synthetic OLS-LAD,LAD,0.2,11,X2,-3.033363707,-2.8240163,-0.2093474068,-1.024156453,-0.9534743595
Synthetic OLS-LAD,LAD,0.2,11,X3,2.919226078,2.858173855,0.06105222362,0.2666086512,0.2610328408
Synthetic OLS-LAD,OLS,0.2,12,Intercept,17.47026141,5.738223699,11.73203771,,
Synthetic OLS-LAD,OLS,0.2,12,X1,-1.425595853,3.260888032,-4.686483885,-0.7542947798,1.725363338
Synthetic OLS-LAD,OLS,0.2,12,X2,3.807940485,-2.479908369,6.287848854,1.285677287,-0.8372929873
Synthetic OLS-LAD,OLS,0.2,12,X3,6.394299902,2.811407793,3.582892109,0.5839820646,0.2567617647
Synthetic OLS-LAD,LAD,0.2,12,Intercept,6.780091359,5.273086362,1.507004997,,
Synthetic OLS-LAD,LAD,0.2,12,X1,2.873692463,3.51439479,-0.6407023274,1.520494899,1.8594959
Synthetic OLS-LAD,LAD,0.2,12,X2,-1.946452211,-2.8240163,0.8775640897,-0.6571818564,-0.9534743595
Synthetic OLS-LAD,LAD,0.2,12,X3,2.827260639,2.858173855,-0.03091321603,0.258209582,0.2610328408
Synthetic OLS-LAD,OLS,0.2,13,Intercept,16.93802343,5.738223699,11.19979973,,
Synthetic OLS-LAD,OLS,0.2,13,X1,13.10453548,3.260888032,9.843647448,6.933720157,1.725363338
Synthetic OLS-LAD,OLS,0.2,13,X2,-20.55440711,-2.479908369,-18.07449874,-6.939797109,-0.8372929873
Synthetic OLS-LAD,OLS,0.2,13,X3,19.36849443,2.811407793,16.55708664,1.768896289,0.2567617647
Synthetic OLS-LAD,LAD,0.2,13,Intercept,5.945705967,5.273086362,0.6726196052,,
Synthetic OLS-LAD,LAD,0.2,13,X1,3.605696604,3.51439479,0.09130181324,1.907804459,1.8594959
Synthetic OLS-LAD,LAD,0.2,13,X2,-3.053922343,-2.8240163,-0.2299060422,-1.031097678,-0.9534743595
Synthetic OLS-LAD,LAD,0.2,13,X3,2.911043389,2.858173855,0.05286953474,0.2658613382,0.2610328408
Synthetic OLS-LAD,OLS,0.2,14,Intercept,-16.32885007,5.738223699,-22.06707377,,
Synthetic OLS-LAD,OLS,0.2,14,X1,19.49518987,3.260888032,16.23430184,10.31506925,1.725363338
Synthetic OLS-LAD,OLS,0.2,14,X2,-28.16092949,-2.479908369,-25.68102112,-9.507991936,-0.8372929873
Synthetic OLS-LAD,OLS,0.2,14,X3,27.59415689,2.811407793,24.78274909,2.520134019,0.2567617647
Synthetic OLS-LAD,LAD,0.2,14,Intercept,5.130542346,5.273086362,-0.1425440155,,
Synthetic OLS-LAD,LAD,0.2,14,X1,3.854655433,3.51439479,0.3402606427,2.039530674,1.8594959
Synthetic OLS-LAD,LAD,0.2,14,X2,-3.395897098,-2.8240163,-0.5718807979,-1.146558825,-0.9534743595
Synthetic OLS-LAD,LAD,0.2,14,X3,3.138316727,2.858173855,0.2801428727,0.28661788,0.2610328408
Synthetic OLS-LAD,OLS,0.2,15,Intercept,15.43311898,5.738223699,9.694895279,,
Synthetic OLS-LAD,OLS,0.2,15,X1,3.51079615,3.260888032,0.249908119,1.857591829,1.725363338
Synthetic OLS-LAD,OLS,0.2,15,X2,-3.812175581,-2.479908369,-1.332267211,-1.287107185,-0.8372929873
Synthetic OLS-LAD,OLS,0.2,15,X3,5.980009388,2.811407793,3.168601596,0.5461455175,0.2567617647
Synthetic OLS-LAD,LAD,0.2,15,Intercept,5.431954045,5.273086362,0.1588676829,,
Synthetic OLS-LAD,LAD,0.2,15,X1,3.38574304,3.51439479,-0.1286517508,1.791425175,1.8594959
Synthetic OLS-LAD,LAD,0.2,15,X2,-2.610800459,-2.8240163,0.2132158413,-0.8814861639,-0.9534743595
Synthetic OLS-LAD,LAD,0.2,15,X3,2.737023493,2.858173855,-0.121150362,0.2499683553,0.2610328408
Synthetic OLS-LAD,OLS,0.2,16,Intercept,-3.879642623,5.738223699,-9.617866322,,
Synthetic OLS-LAD,OLS,0.2,16,X1,14.21227013,3.260888032,10.9513821,7.519831894,1.725363338
Synthetic OLS-LAD,OLS,0.2,16,X2,-17.86251046,-2.479908369,-15.38260209,-6.030930386,-0.8372929873
Synthetic OLS-LAD,OLS,0.2,16,X3,10.82934333,2.811407793,8.01793554,0.9890280992,0.2567617647
Synthetic OLS-LAD,LAD,0.2,16,Intercept,4.712867508,5.273086362,-0.5602188538,,
Synthetic OLS-LAD,LAD,0.2,16,X1,3.402666218,3.51439479,-0.1117285727,1.800379371,1.8594959
Synthetic OLS-LAD,LAD,0.2,16,X2,-2.563599033,-2.8240163,0.2604172676,-0.8655495174,-0.9534743595
Synthetic OLS-LAD,LAD,0.2,16,X3,2.759294081,2.858173855,-0.09887977327,0.2520022957,0.2610328408
Synthetic OLS-LAD,OLS,0.2,17,Intercept,-36.82518151,5.738223699,-42.56340521,,
Synthetic OLS-LAD,OLS,0.2,17,X1,2.018910649,3.260888032,-1.241977383,1.068222638,1.725363338
Synthetic OLS-LAD,OLS,0.2,17,X2,4.862357598,-2.479908369,7.342265967,1.641680785,-0.8372929873
Synthetic OLS-LAD,OLS,0.2,17,X3,9.105840365,2.811407793,6.294432572,0.8316230921,0.2567617647
Synthetic OLS-LAD,LAD,0.2,17,Intercept,4.270681208,5.273086362,-1.002405154,,
Synthetic OLS-LAD,LAD,0.2,17,X1,3.466941971,3.51439479,-0.04745281955,1.834388213,1.8594959
Synthetic OLS-LAD,LAD,0.2,17,X2,-2.610700628,-2.8240163,0.2133156721,-0.881452458,-0.9534743595
Synthetic OLS-LAD,LAD,0.2,17,X3,3.492748905,2.858173855,0.6345750507,0.3189876528,0.2610328408
Synthetic OLS-LAD,OLS,0.2,18,Intercept,-10.58424057,5.738223699,-16.32246427,,
Synthetic OLS-LAD,OLS,0.2,18,X1,2.917697697,3.260888032,-0.3431903349,1.543778439,1.725363338
Synthetic OLS-LAD,OLS,0.2,18,X2,-2.656688099,-2.479908369,-0.1767797296,-0.896979236,-0.8372929873
Synthetic OLS-LAD,OLS,0.2,18,X3,1.927171766,2.811407793,-0.884236027,0.1760057807,0.2567617647
Synthetic OLS-LAD,LAD,0.2,18,Intercept,5.055806117,5.273086362,-0.2172802445,,
Synthetic OLS-LAD,LAD,0.2,18,X1,3.380256666,3.51439479,-0.1341381245,1.788522288,1.8594959
Synthetic OLS-LAD,LAD,0.2,18,X2,-2.663534777,-2.8240163,0.1604815232,-0.8992908842,-0.9534743595
Synthetic OLS-LAD,LAD,0.2,18,X3,2.605985104,2.858173855,-0.2521887506,0.2380008108,0.2610328408
Synthetic OLS-LAD,OLS,0.2,19,Intercept,-2.850499099,5.738223699,-8.588722798,,
Synthetic OLS-LAD,OLS,0.2,19,X1,9.623489717,3.260888032,6.362601686,5.091869508,1.725363338
Synthetic OLS-LAD,OLS,0.2,19,X2,-11.5782765,-2.479908369,-9.098368131,-3.909180613,-0.8372929873
Synthetic OLS-LAD,OLS,0.2,19,X3,14.3434276,2.811407793,11.53201981,1.30996428,0.2567617647
Synthetic OLS-LAD,LAD,0.2,19,Intercept,5.099048619,5.273086362,-0.1740377429,,
Synthetic OLS-LAD,LAD,0.2,19,X1,3.757761907,3.51439479,0.2433671163,1.988263492,1.8594959
Synthetic OLS-LAD,LAD,0.2,19,X2,-3.127330238,-2.8240163,-0.3033139374,-1.055882431,-0.9534743595
Synthetic OLS-LAD,LAD,0.2,19,X3,3.828433852,2.858173855,0.9702599978,0.3496452684,0.2610328408
Synthetic OLS-LAD,OLS,0.2,20,Intercept,0.8020177192,5.738223699,-4.93620598,,
Synthetic OLS-LAD,OLS,0.2,20,X1,-2.792586752,3.260888032,-6.053474783,-1.477581184,1.725363338
Synthetic OLS-LAD,OLS,0.2,20,X2,8.050112014,-2.479908369,10.53002038,2.717964268,-0.8372929873
Synthetic OLS-LAD,OLS,0.2,20,X3,-13.32694626,2.811407793,-16.13835406,-1.217130525,0.2567617647
Synthetic OLS-LAD,LAD,0.2,20,Intercept,4.686417276,5.273086362,-0.586669086,,
Synthetic OLS-LAD,LAD,0.2,20,X1,3.376958406,3.51439479,-0.1374363848,1.786777151,1.8594959
Synthetic OLS-LAD,LAD,0.2,20,X2,-2.518642789,-2.8240163,0.3053735116,-0.850370913,-0.9534743595
Synthetic OLS-LAD,LAD,0.2,20,X3,2.752447044,2.858173855,-0.1057268109,0.2513769657,0.2610328408
Synthetic OLS-LAD,OLS,0.2,21,Intercept,20.51026699,5.738223699,14.77204329,,
Synthetic OLS-LAD,OLS,0.2,21,X1,-0.4316965391,3.260888032,-3.692584571,-0.2284142768,1.725363338
Synthetic OLS-LAD,OLS,0.2,21,X2,1.997798142,-2.479908369,4.477706512,0.6745178148,-0.8372929873
Synthetic OLS-LAD,OLS,0.2,21,X3,14.20953982,2.811407793,11.39813202,1.297736504,0.2567617647
Synthetic OLS-LAD,LAD,0.2,21,Intercept,5.760078438,5.273086362,0.4869920759,,
Synthetic OLS-LAD,LAD,0.2,21,X1,3.518037,3.51439479,0.003642209173,1.861423024,1.8594959
Synthetic OLS-LAD,LAD,0.2,21,X2,-2.893570788,-2.8240163,-0.06955448783,-0.976958084,-0.9534743595
Synthetic OLS-LAD,LAD,0.2,21,X3,2.977362802,2.858173855,0.1191889478,0.2719181932,0.2610328408
Synthetic OLS-LAD,OLS,0.2,22,Intercept,-12.37467597,5.738223699,-18.11289967,,
Synthetic OLS-LAD,OLS,0.2,22,X1,7.818787525,3.260888032,4.557899493,4.13698637,1.725363338
Synthetic OLS-LAD,OLS,0.2,22,X2,-8.610672801,-2.479908369,-6.130764432,-2.907226751,-0.8372929873
Synthetic OLS-LAD,OLS,0.2,22,X3,6.420630136,2.811407793,3.609222344,0.5863867664,0.2567617647
Synthetic OLS-LAD,LAD,0.2,22,Intercept,4.925749896,5.273086362,-0.3473364659,,
Synthetic OLS-LAD,LAD,0.2,22,X1,3.769378415,3.51439479,0.2549836245,1.994409885,1.8594959
Synthetic OLS-LAD,LAD,0.2,22,X2,-3.248997455,-2.8240163,-0.4249811547,-1.096961008,-0.9534743595
Synthetic OLS-LAD,LAD,0.2,22,X3,2.866285788,2.858173855,0.008111933116,0.2617736918,0.2610328408
Synthetic OLS-LAD,OLS,0.2,23,Intercept,8.570315673,5.738223699,2.832091974,,
Synthetic OLS-LAD,OLS,0.2,23,X1,-0.6797698296,3.260888032,-3.940657861,-0.3596719454,1.725363338
Synthetic OLS-LAD,OLS,0.2,23,X2,0.4332394427,-2.479908369,2.913147812,0.1462748994,-0.8372929873
Synthetic OLS-LAD,OLS,0.2,23,X3,-6.071048755,2.811407793,-8.882456547,-0.5544600098,0.2567617647
Synthetic OLS-LAD,LAD,0.2,23,Intercept,5.126729058,5.273086362,-0.146357304,,
Synthetic OLS-LAD,LAD,0.2,23,X1,3.647278547,3.51439479,0.1328837564,1.929805815,1.8594959
Synthetic OLS-LAD,LAD,0.2,23,X2,-3.068671781,-2.8240163,-0.2446554804,-1.03607754,-0.9534743595
Synthetic OLS-LAD,LAD,0.2,23,X3,2.975261382,2.858173855,0.117087527,0.2717262735,0.2610328408
Synthetic OLS-LAD,OLS,0.2,24,Intercept,6.081550183,5.738223699,0.3433264847,,
Synthetic OLS-LAD,OLS,0.2,24,X1,0.4871855337,3.260888032,-2.773702498,0.2577739715,1.725363338
Synthetic OLS-LAD,OLS,0.2,24,X2,3.719876326,-2.479908369,6.199784696,1.255944131,-0.8372929873
Synthetic OLS-LAD,OLS,0.2,24,X3,-0.08172507171,2.811407793,-2.893132864,-0.007463831356,0.2567617647
Synthetic OLS-LAD,LAD,0.2,24,Intercept,4.836569419,5.273086362,-0.4365169433,,
Synthetic OLS-LAD,LAD,0.2,24,X1,3.329123241,3.51439479,-0.1852715492,1.761467162,1.8594959
Synthetic OLS-LAD,LAD,0.2,24,X2,-2.44331622,-2.8240163,0.3807000802,-0.8249383574,-0.9534743595
Synthetic OLS-LAD,LAD,0.2,24,X3,2.501038787,2.858173855,-0.357135068,0.228416217,0.2610328408
Synthetic OLS-LAD,OLS,0.2,25,Intercept,14.73564957,5.738223699,8.997425868,,
Synthetic OLS-LAD,OLS,0.2,25,X1,-3.758703199,3.260888032,-7.019591231,-1.988761538,1.725363338
Synthetic OLS-LAD,OLS,0.2,25,X2,7.295478116,-2.479908369,9.775386485,2.463176761,-0.8372929873
Synthetic OLS-LAD,OLS,0.2,25,X3,-3.054645868,2.811407793,-5.86605366,-0.2789763427,0.2567617647
Synthetic OLS-LAD,LAD,0.2,25,Intercept,6.154695016,5.273086362,0.8816086545,,
Synthetic OLS-LAD,LAD,0.2,25,X1,3.516255537,3.51439479,0.001860746667,1.860480437,1.8594959
Synthetic OLS-LAD,LAD,0.2,25,X2,-2.930320579,-2.8240163,-0.1063042787,-0.9893659385,-0.9534743595
Synthetic OLS-LAD,LAD,0.2,25,X3,2.886058001,2.858173855,0.02788414595,0.2635794591,0.2610328408
Synthetic OLS-LAD,OLS,0.2,26,Intercept,31.98428425,5.738223699,26.24606055,,
Synthetic OLS-LAD,OLS,0.2,26,X1,6.418606612,3.260888032,3.157718581,3.39613885,1.725363338
Synthetic OLS-LAD,OLS,0.2,26,X2,-11.81526003,-2.479908369,-9.335351663,-3.989193508,-0.8372929873
Synthetic OLS-LAD,OLS,0.2,26,X3,8.195049347,2.811407793,5.383641555,0.7484418796,0.2567617647
Synthetic OLS-LAD,LAD,0.2,26,Intercept,5.637730032,5.273086362,0.3646436704,,
Synthetic OLS-LAD,LAD,0.2,26,X1,3.357473715,3.51439479,-0.156921075,1.776467637,1.8594959
Synthetic OLS-LAD,LAD,0.2,26,X2,-2.670138316,-2.8240163,0.1538779842,-0.9015204411,-0.9534743595
Synthetic OLS-LAD,LAD,0.2,26,X3,2.932889826,2.858173855,0.07471597168,0.2678565413,0.2610328408
Synthetic OLS-LAD,OLS,0.2,27,Intercept,-27.24087831,5.738223699,-32.97910201,,
Synthetic OLS-LAD,OLS,0.2,27,X1,17.62912849,3.260888032,14.36824046,9.32772045,1.725363338
Synthetic OLS-LAD,OLS,0.2,27,X2,-19.79572621,-2.479908369,-17.31581784,-6.683643211,-0.8372929873
Synthetic OLS-LAD,OLS,0.2,27,X3,9.556185655,2.811407793,6.744777863,0.8727524692,0.2567617647
Synthetic OLS-LAD,LAD,0.2,27,Intercept,5.264590206,5.273086362,-0.008496155572,,
Synthetic OLS-LAD,LAD,0.2,27,X1,3.55832166,3.51439479,0.04392686939,1.882737977,1.8594959
Synthetic OLS-LAD,LAD,0.2,27,X2,-2.897182521,-2.8240163,-0.07316622081,-0.9781775156,-0.9534743595
Synthetic OLS-LAD,LAD,0.2,27,X3,2.879530456,2.858173855,0.02135660157,0.262983308,0.2610328408
Synthetic OLS-LAD,OLS,0.2,28,Intercept,19.10025379,5.738223699,13.3620301,,
Synthetic OLS-LAD,OLS,0.2,28,X1,9.049628372,3.260888032,5.78874034,4.788234634,1.725363338
Synthetic OLS-LAD,OLS,0.2,28,X2,-14.20458386,-2.479908369,-11.72467549,-4.795902382,-0.8372929873
Synthetic OLS-LAD,OLS,0.2,28,X3,12.73065151,2.811407793,9.919243715,1.162671796,0.2567617647
Synthetic OLS-LAD,LAD,0.2,28,Intercept,5.430116256,5.273086362,0.1570298937,,
Synthetic OLS-LAD,LAD,0.2,28,X1,3.390732526,3.51439479,-0.123662264,1.794065154,1.8594959
Synthetic OLS-LAD,LAD,0.2,28,X2,-2.670147428,-2.8240163,0.1538688718,-0.9015235177,-0.9534743595
Synthetic OLS-LAD,LAD,0.2,28,X3,2.95893187,2.858173855,0.1007580157,0.2702349232,0.2610328408
Synthetic OLS-LAD,OLS,0.2,29,Intercept,19.6657366,5.738223699,13.9275129,,
Synthetic OLS-LAD,OLS,0.2,29,X1,16.19733123,3.260888032,12.9364432,8.570144453,1.725363338
Synthetic OLS-LAD,OLS,0.2,29,X2,-26.12557835,-2.479908369,-23.64566998,-8.820795078,-0.8372929873
Synthetic OLS-LAD,OLS,0.2,29,X3,14.34477743,2.811407793,11.53336964,1.310087557,0.2567617647
Synthetic OLS-LAD,LAD,0.2,29,Intercept,5.585816182,5.273086362,0.3127298206,,
Synthetic OLS-LAD,LAD,0.2,29,X1,3.63729792,3.51439479,0.1229031294,1.924524982,1.8594959
Synthetic OLS-LAD,LAD,0.2,29,X2,-3.098067724,-2.8240163,-0.274051424,-1.04600251,-0.9534743595
Synthetic OLS-LAD,LAD,0.2,29,X3,3.056836744,2.858173855,0.1986628894,0.2791764322,0.2610328408
Synthetic OLS-LAD,OLS,0.2,30,Intercept,-6.076601888,5.738223699,-11.81482559,,
Synthetic OLS-LAD,OLS,0.2,30,X1,6.710407997,3.260888032,3.449519966,3.550533421,1.725363338
Synthetic OLS-LAD,OLS,0.2,30,X2,-5.982818999,-2.479908369,-3.50291063,-2.019982857,-0.8372929873
Synthetic OLS-LAD,OLS,0.2,30,X3,-6.806365776,2.811407793,-9.617773568,-0.6216154386,0.2567617647
Synthetic OLS-LAD,LAD,0.2,30,Intercept,5.284408032,5.273086362,0.01132167006,,
Synthetic OLS-LAD,LAD,0.2,30,X1,3.520855452,3.51439479,0.006460661199,1.86291429,1.8594959
Synthetic OLS-LAD,LAD,0.2,30,X2,-2.848392939,-2.8240163,-0.02437663879,-0.961704659,-0.9534743595
Synthetic OLS-LAD,LAD,0.2,30,X3,2.792796496,2.858173855,-0.06537735822,0.2550620223,0.2610328408
